method,horizon,fold_id,rows,events,onsets,transition_auc,transition_pr_auc,onset_auc,base_rate
adaptive_v2,1,1,188,86,11,0.6543547651618787,0.6228528189818879,0.38146167557932265,0.4574468085106383
adaptive_v2,1,2,1022,89,43,0.7612028372894011,0.28477194847681236,0.7187367581445201,0.08708414872798434
adaptive_v2,1,3,844,84,39,0.7888314536340852,0.4061171866766467,0.6893724696356275,0.0995260663507109
adaptive_v2,1,6,1212,62,31,0.7863394109396914,0.1685453643396813,0.7474894810659186,0.05115511551155116
adaptive_v2,1,7,951,110,51,0.781526321478759,0.3787433618678701,0.7035275465715418,0.1156677181913775
adaptive_v2,1,8,1144,48,17,0.8339606143552312,0.3309245704564002,0.6353048518677544,0.04195804195804196
adaptive_v2,1,9,1197,46,26,0.8532278170211158,0.24733453435826847,0.7872752790215866,0.03842940685045948
adaptive_v2,2,1,188,91,11,0.576753143763453,0.6028320480850166,0.5773195876288659,0.48404255319148937
adaptive_v2,2,2,1010,90,43,0.7589975845410628,0.3095672915623094,0.7046511627906977,0.0891089108910891
adaptive_v2,2,3,862,99,39,0.8162225134702199,0.4552781675954391,0.7285680680176093,0.1148491879350348
adaptive_v2,2,6,1209,61,31,0.79328268692523,0.1624485584025724,0.7905754748791728,0.050454921422663356
adaptive_v2,2,7,967,141,51,0.7146463345525733,0.38358767248835784,0.6305606988558136,0.14581178903826267
adaptive_v2,2,8,1129,48,17,0.7469164353993216,0.19403357652985312,0.5659792131468684,0.042515500442869794
adaptive_v2,2,9,1204,53,26,0.820697342753635,0.22414777616868686,0.7440352870413687,0.04401993355481727
adaptive_v2,3,1,198,103,11,0.6153295861011753,0.6483442406465828,0.4583732057416268,0.5202020202020202
adaptive_v2,3,2,1005,96,43,0.7078291162449578,0.2553315476225677,0.6178013150152225,0.0955223880597015
adaptive_v2,3,3,879,115,39,0.8097541543364444,0.44613746388687936,0.7066049134111961,0.13083048919226395
adaptive_v2,3,6,1208,68,31,0.7924664602683179,0.17686137958402653,0.7839275608375779,0.056291390728476824
adaptive_v2,3,7,984,166,51,0.6624443986213804,0.3478059832390376,0.6157773622896592,0.16869918699186992
adaptive_v2,3,8,1111,46,17,0.800081649316187,0.22005382440203117,0.7375310687655344,0.041404140414041404
adaptive_v2,3,9,1207,65,26,0.8108716152498989,0.24591906374536734,0.6787013336925771,0.053852526926263466
adaptive_v2,4,1,217,125,11,0.5943478260869566,0.6468812617953252,0.5622529644268774,0.576036866359447
adaptive_v2,4,2,994,119,43,0.7032797118847539,0.3019126445763104,0.6455016611295681,0.11971830985915492
adaptive_v2,4,3,896,136,39,0.8048181114551084,0.5329155397406703,0.7026315789473684,0.15178571428571427
adaptive_v2,4,6,1208,73,31,0.7890893730010259,0.24094754436166813,0.7831746482876226,0.060430463576158944
adaptive_v2,4,7,1001,199,51,0.647865261469442,0.3943385507558482,0.5896288690039607,0.19880119880119881
adaptive_v2,4,8,1096,43,17,0.7070496256542769,0.1346442907504223,0.6174794704206469,0.03923357664233577
adaptive_v2,4,9,1207,66,26,0.8266140812153082,0.2847315498089297,0.7590507651857346,0.05468102734051367
adaptive_v2,6,1,251,153,7,0.5669267707082833,0.6740457059630924,0.5116618075801749,0.6095617529880478
adaptive_v2,6,2,972,128,37,0.6077736226303317,0.24382490183004457,0.47287690534136034,0.13168724279835392
adaptive_v2,6,3,930,179,36,0.7814310900177789,0.5413386289784231,0.6450658381417369,0.1924731182795699
adaptive_v2,6,6,1210,84,29,0.7772350503256364,0.24282170292410277,0.7123476450052061,0.06942148760330578
adaptive_v2,6,7,1024,229,44,0.6736315948477108,0.43662702089507444,0.6352487135506003,0.2236328125
adaptive_v2,6,8,1071,56,17,0.7639162561576355,0.19175635611797417,0.6583598956824109,0.05228758169934641
adaptive_v2,6,9,1206,78,26,0.767605473722495,0.19077889006434665,0.7090834697217676,0.06467661691542288
adaptive_v2,8,1,291,196,9,0.5786788399570354,0.7191432525693664,0.5532163742690058,0.6735395189003437
adaptive_v2,8,2,941,133,36,0.56030856845083,0.18994586852576947,0.4886894939493949,0.14133900106269925
adaptive_v2,8,3,972,226,38,0.7804425965028826,0.5655975286654353,0.6811415267390998,0.23251028806584362
adaptive_v2,8,6,1215,94,26,0.7116935866532541,0.22290938880697225,0.628216564880258,0.07736625514403292
adaptive_v2,8,7,1026,248,45,0.7073347707106725,0.4641587653561825,0.6037989145958298,0.24171539961013644
adaptive_v2,8,8,1068,82,17,0.6694577746994509,0.17489390738004731,0.627132800381816,0.07677902621722846
adaptive_v2,8,9,1206,85,25,0.7580206748176523,0.18318419371178762,0.6516324710080286,0.07048092868988391
adaptive_v2,10,1,329,225,7,0.5583333333333333,0.7361610923972588,0.49107142857142855,0.6838905775075987
adaptive_v2,10,2,909,142,38,0.4892483978184623,0.16247139283976497,0.4665477252453167,0.1562156215621562
adaptive_v2,10,3,1011,265,36,0.7720471445191968,0.5512369943233177,0.689305927911826,0.26211671612265086
adaptive_v2,10,6,1218,104,31,0.702173387653639,0.2523220740931624,0.6850639949035733,0.08538587848932677
adaptive_v2,10,7,1031,267,44,0.6704340451399102,0.43449385743576385,0.5805717515468825,0.25897187196896215
adaptive_v2,10,8,1062,102,16,0.6126736111111111,0.14415657157776612,0.6393229166666666,0.096045197740113
adaptive_v2,10,9,1205,88,25,0.7115955888337268,0.16148220841281763,0.6406445837063564,0.07302904564315353
adaptive_v2,12,1,368,269,10,0.4994179715369306,0.7522773540542566,0.36666666666666664,0.7309782608695652
adaptive_v2,12,2,883,148,38,0.6003952932524361,0.2664209090981997,0.5789115646258504,0.16761041902604756
adaptive_v2,12,3,1047,298,38,0.7507594017974749,0.553076270373015,0.5978497645984119,0.28462273161413565
adaptive_v2,12,6,1217,108,28,0.6823715058611362,0.23582669406133355,0.7094712095839237,0.08874281018898932
adaptive_v2,12,7,1043,290,45,0.6278907359069469,0.42658535925844043,0.5414785303231519,0.27804410354745923
adaptive_v2,12,8,1056,114,17,0.6882705702685589,0.21400301840895622,0.5956662919945048,0.10795454545454546
adaptive_v2,12,9,1202,88,25,0.7118899951036396,0.16762721972563216,0.6725314183123878,0.07321131447587355
chronos2,1,1,188,86,11,0.7349521203830369,0.7036277541231106,0.43315508021390375,0.4574468085106383
chronos2,1,2,1022,89,43,0.8142153497838313,0.3598606883745396,0.7225254866771356,0.08708414872798434
chronos2,1,3,844,84,39,0.7798558897243107,0.3881060895719782,0.6881578947368421,0.0995260663507109
chronos2,1,6,1212,62,31,0.8023702664796634,0.2215972208252089,0.7493408134642356,0.05115511551155116
chronos2,1,7,951,110,51,0.769678953626635,0.3589426290497134,0.6884427968571495,0.1156677181913775
chronos2,1,8,1144,48,17,0.8470574817518248,0.2963420305841588,0.6517818806354658,0.04195804195804196
chronos2,1,9,1197,46,26,0.8562119895742832,0.21235716844048544,0.7884782463409744,0.03842940685045948
chronos2,2,1,188,91,11,0.6715758468335787,0.6592755809761338,0.4526710402999063,0.48404255319148937
chronos2,2,2,1010,90,43,0.7867753623188406,0.33537992751226986,0.6988624873609707,0.0891089108910891
chronos2,2,3,862,99,39,0.773647351629003,0.41069949568470754,0.6816547367006083,0.1148491879350348
chronos2,2,6,1209,61,31,0.802007768321243,0.19663643893379426,0.766662920085422,0.050454921422663356
chronos2,2,7,967,141,51,0.7204763622001271,0.39771681151352173,0.6173147224991692,0.14581178903826267
chronos2,2,8,1129,48,17,0.8268578476719087,0.240664326394046,0.6569080916362845,0.042515500442869794
chronos2,2,9,1204,53,26,0.8196154287494057,0.166905975161334,0.7505179442625142,0.04401993355481727
chronos2,3,1,198,103,11,0.6552887072049055,0.6858132050649152,0.44019138755980863,0.5202020202020202
chronos2,3,2,1005,96,43,0.7436972863953062,0.2969799779947026,0.6521093969862103,0.0955223880597015
chronos2,3,3,879,115,39,0.7517527885272024,0.3851022440698619,0.6442811115585985,0.13083048919226395
chronos2,3,6,1208,68,31,0.8039860681114551,0.20051528426993012,0.783955857385399,0.056291390728476824
chronos2,3,7,984,166,51,0.6871888532123605,0.3635767553644833,0.6009636128289947,0.16869918699186992
chronos2,3,8,1111,46,17,0.8241886099203919,0.2238471982092068,0.6710301021817178,0.041404140414041404
chronos2,3,9,1207,65,26,0.8158157079347973,0.17471262317756894,0.7188131483227805,0.053852526926263466
chronos2,4,1,217,125,11,0.5905217391304348,0.6832532150412501,0.5079051383399209,0.576036866359447
chronos2,4,2,994,119,43,0.7445378151260504,0.32341061124466747,0.6708571428571428,0.11971830985915492
chronos2,4,3,896,136,39,0.7321497678018576,0.3926730785561701,0.6279352226720648,0.15178571428571427
chronos2,4,6,1208,73,31,0.7948464184418562,0.2515577798082537,0.7605229501207901,0.060430463576158944
chronos2,4,7,1001,199,51,0.6800586473514706,0.41806970081036743,0.6020732482519192,0.19880119880119881
chronos2,4,8,1096,43,17,0.7603966518695201,0.17913595467096735,0.6069493324395285,0.03923357664233577
chronos2,4,9,1207,66,26,0.8131224603617242,0.18015943648759739,0.7320164498078608,0.05468102734051367
chronos2,6,1,251,153,7,0.5957716419901293,0.7116820142452961,0.5364431486880467,0.6095617529880478
chronos2,6,2,972,128,37,0.6629980005924171,0.3157152288486409,0.5476495452798771,0.13168724279835392
chronos2,6,3,930,179,36,0.7076523666768332,0.3992861383854744,0.5808181683681017,0.1924731182795699
chronos2,6,6,1210,84,29,0.7770553159096676,0.22769211310464377,0.69253383965211,0.06942148760330578
chronos2,6,7,1024,229,44,0.7159155200351542,0.5010270844839045,0.6355345911949686,0.2236328125
chronos2,6,8,1071,56,17,0.7477656579873329,0.18095812475036016,0.6034772529701535,0.05228758169934641
chronos2,6,9,1206,78,26,0.791371158392435,0.2009381060513893,0.692785051827605,0.06467661691542288
chronos2,8,1,291,196,9,0.6331364124597207,0.766576043000853,0.5953216374269006,0.6735395189003437
chronos2,8,2,941,133,36,0.6266284523189161,0.28259220029434046,0.5686537403740374,0.14133900106269925
chronos2,8,3,972,226,38,0.6866503357137773,0.4082703464056191,0.5802525751375759,0.23251028806584362
chronos2,8,6,1215,94,26,0.7197695826294912,0.20158051910154423,0.6241679818843066,0.07736625514403292
chronos2,8,7,1026,248,45,0.7198409901318518,0.49185140988336656,0.6129962867752071,0.24171539961013644
chronos2,8,8,1068,82,17,0.6375847227032108,0.1357280755144203,0.5942608280634769,0.07677902621722846
chronos2,8,9,1206,85,25,0.7724405730177888,0.18016871613074092,0.6764317573595005,0.07048092868988391
chronos2,10,1,329,225,7,0.6126923076923076,0.7592431413336433,0.39972527472527475,0.6838905775075987
chronos2,10,2,909,142,38,0.6119598949629983,0.2784997993370719,0.5780896177863172,0.1562156215621562
chronos2,10,3,1011,265,36,0.6699428397996864,0.42071096913235156,0.5682529043789097,0.26211671612265086
chronos2,10,6,1218,104,31,0.6704918174285319,0.1685461776437284,0.6287716453350322,0.08538587848932677
chronos2,10,7,1031,267,44,0.7247534168676589,0.46849352139397693,0.6214005235602095,0.25897187196896215
chronos2,10,8,1062,102,16,0.6237745098039216,0.14358981037886884,0.5444010416666667,0.096045197740113
chronos2,10,9,1205,88,25,0.76544315129812,0.16754928471043962,0.6731960608773501,0.07302904564315353
chronos2,12,1,368,269,10,0.618639930907589,0.7985606445781436,0.4222222222222222,0.7309782608695652
chronos2,12,2,883,148,38,0.6171355028497886,0.2637181070604614,0.6067311134980308,0.16761041902604756
chronos2,12,3,1047,298,38,0.6569340776516339,0.42703468583053583,0.5273346918698616,0.28462273161413565
chronos2,12,6,1217,108,28,0.6468456734462145,0.17363877969703892,0.6342264588432307,0.08874281018898932
chronos2,12,7,1043,290,45,0.7413426752759079,0.5196984516980167,0.6515862476021839,0.27804410354745923
chronos2,12,8,1056,114,17,0.5751387492084776,0.1444158999646893,0.5367178718621206,0.10795454545454546
chronos2,12,9,1202,88,25,0.7632711767586094,0.1551950189803874,0.6980610412926391,0.07321131447587355
chronos2_climate,1,1,188,86,11,0.7404240766073872,0.7239134826011043,0.47771836007130125,0.4574468085106383
chronos2_climate,1,2,1022,89,43,0.813239881016896,0.39734512496139707,0.7128791844263317,0.08708414872798434
chronos2_climate,1,3,844,84,39,0.7977130325814537,0.37778205616832244,0.7098178137651822,0.0995260663507109
chronos2_climate,1,6,1212,62,31,0.8036465638148668,0.20489420281972998,0.751164095371669,0.05115511551155116
chronos2_climate,1,7,951,110,51,0.7692789968652037,0.3623268785863649,0.6718192627824019,0.1156677181913775
chronos2_climate,1,8,1144,48,17,0.8434458637469586,0.3139685568940478,0.650279089738085,0.04195804195804196
chronos2_climate,1,9,1197,46,26,0.8599327616817134,0.22992898420211727,0.7986032212791553,0.03842940685045948
chronos2_climate,2,1,188,91,11,0.6975189758694913,0.6787532201637612,0.5014058106841612,0.48404255319148937
chronos2_climate,2,2,1010,90,43,0.7889734299516908,0.36046760726969895,0.6998988877654196,0.0891089108910891
chronos2_climate,2,3,862,99,39,0.8004554059599931,0.4315380680960101,0.71310952044897,0.1148491879350348
chronos2_climate,2,6,1209,61,31,0.8070628891300623,0.20349830673277863,0.7658761380240531,0.050454921422663356
chronos2_climate,2,7,967,141,51,0.7165095392646781,0.39430212279976246,0.6027156625362009,0.14581178903826267
chronos2_climate,2,8,1129,48,17,0.8167206290471786,0.2352830918235869,0.6630570822223432,0.042515500442869794
chronos2_climate,2,9,1204,53,26,0.8328934642558563,0.20397625060670013,0.7703334892735414,0.04401993355481727
chronos2_climate,3,1,198,103,11,0.7029126213592233,0.7241723791015683,0.5033492822966508,0.5202020202020202
chronos2_climate,3,2,1005,96,43,0.755214063072974,0.33239663847022083,0.6695576534397626,0.0955223880597015
chronos2_climate,3,3,879,115,39,0.782620077395857,0.3981401266010941,0.6781782789636193,0.13083048919226395
chronos2_climate,3,6,1208,68,31,0.8069272445820433,0.22073184507272145,0.7868138087153367,0.056291390728476824
chronos2_climate,3,7,984,166,51,0.6815182490352608,0.3648971108887915,0.598806270674529,0.16869918699186992
chronos2_climate,3,8,1111,46,17,0.8277811798326189,0.2033641239055849,0.7068765534382767,0.041404140414041404
chronos2_climate,3,9,1207,65,26,0.8327899770982082,0.23798732418824492,0.7355853428532938,0.053852526926263466
chronos2_climate,4,1,217,125,11,0.6369565217391304,0.709781885822496,0.5365612648221344,0.576036866359447
chronos2_climate,4,2,994,119,43,0.7736950780312125,0.40704990112447476,0.7042126245847176,0.11971830985915492
chronos2_climate,4,3,896,136,39,0.7761029411764706,0.4450992343736034,0.6686572199730094,0.15178571428571427
chronos2_climate,4,6,1208,73,31,0.7876169211272706,0.24716234267747716,0.7582776751456587,0.060430463576158944
chronos2_climate,4,7,1001,199,51,0.681618817278412,0.39501315305063656,0.6115593369517383,0.19880119880119881
chronos2_climate,4,8,1096,43,17,0.789505068574836,0.22287976149872396,0.6673370202781967,0.03923357664233577
chronos2_climate,4,9,1207,66,26,0.8247417204472419,0.23349711754545227,0.7355895638104227,0.05468102734051367
chronos2_climate,6,1,251,153,7,0.6246498599439776,0.712759058108487,0.5626822157434402,0.6095617529880478
chronos2_climate,6,2,972,128,37,0.7022271178909952,0.3606842761678936,0.6009670808249007,0.13168724279835392
chronos2_climate,6,3,930,179,36,0.7517946276473082,0.45554043455800164,0.6118138777925729,0.1924731182795699
chronos2_climate,6,6,1210,84,29,0.77468705066396,0.2229012260431581,0.7097752189624549,0.06942148760330578
chronos2_climate,6,7,1024,229,44,0.715684820521271,0.4682274655531092,0.6502858776443682,0.2236328125
chronos2_climate,6,8,1071,56,17,0.7646375791695988,0.18402018338524428,0.6730223123732252,0.05228758169934641
chronos2_climate,6,9,1206,78,26,0.7990998363338789,0.22657240003800777,0.6873977086743044,0.06467661691542288
chronos2_climate,8,1,291,196,9,0.6571965628356605,0.7838090189926578,0.5824561403508772,0.6735395189003437
chronos2_climate,8,2,941,133,36,0.6662882453658899,0.3241485217921696,0.6166460396039604,0.14133900106269925
chronos2_climate,8,3,972,226,38,0.7343086431469311,0.46326748844016485,0.6302384647946945,0.23251028806584362
chronos2_climate,8,6,1215,94,26,0.7319642416535388,0.20167387921815239,0.6470527688190489,0.07736625514403292
chronos2_climate,8,7,1026,248,45,0.7304036404345302,0.4618760937092945,0.629934304484433,0.24171539961013644
chronos2_climate,8,8,1068,82,17,0.6685301538613764,0.16084836387995946,0.6489679035914568,0.07677902621722846
chronos2_climate,8,9,1206,85,25,0.7891693341029543,0.18432088594635834,0.6815700267618198,0.07048092868988391
chronos2_climate,10,1,329,225,7,0.6208547008547008,0.7795598171234691,0.375,0.6838905775075987
chronos2_climate,10,2,909,142,38,0.6434618139082212,0.3221249656696898,0.6004254443148288,0.1562156215621562
chronos2_climate,10,3,1011,265,36,0.7174920329809298,0.46750483168835816,0.6169943401846887,0.26211671612265086
chronos2_climate,10,6,1218,104,31,0.6926097914652672,0.17441758121073803,0.6515607806799096,0.08538587848932677
chronos2_climate,10,7,1031,267,44,0.7442300527482009,0.4630484233251649,0.6592099000475964,0.25897187196896215
chronos2_climate,10,8,1062,102,16,0.663827614379085,0.1744829971570355,0.6088541666666667,0.096045197740113
chronos2_climate,10,9,1205,88,25,0.7721931716448278,0.16446105293957153,0.6616293643688451,0.07302904564315353
chronos2_climate,12,1,368,269,10,0.618189328226503,0.8080808040479337,0.4080808080808081,0.7309782608695652
chronos2_climate,12,2,883,148,38,0.640062511491083,0.30415298635230836,0.6242391693519513,0.16761041902604756
chronos2_climate,12,3,1047,298,38,0.7004238313276763,0.45350691464370635,0.5783852153748859,0.28462273161413565
chronos2_climate,12,6,1217,108,28,0.6764352269311692,0.2169474097203027,0.6645626690712354,0.08874281018898932
chronos2_climate,12,7,1043,290,45,0.7526858084901772,0.5282551469852589,0.6638040430869117,0.27804410354745923
chronos2_climate,12,8,1056,114,17,0.6370730435430402,0.17884992385259424,0.5926689146996378,0.10795454545454546
chronos2_climate,12,9,1202,88,25,0.7539884935531255,0.14917416074005568,0.6689048473967684,0.07321131447587355
chronos2_ft,1,1,188,86,11,0.7222982216142271,0.7028345383982683,0.47771836007130125,0.4574468085106383
chronos2_ft,1,2,1022,89,43,0.7995712754555199,0.31194788856055633,0.7179142052394127,0.08708414872798434
chronos2_ft,1,3,844,84,39,0.7766447368421052,0.36124682517032053,0.6795209176788124,0.0995260663507109
chronos2_ft,1,6,1212,62,31,0.8116129032258065,0.21689343972644978,0.763562412342216,0.05115511551155116
chronos2_ft,1,7,951,110,51,0.7750837747270566,0.339711313746958,0.6917768296379194,0.1156677181913775
chronos2_ft,1,8,1144,48,17,0.837496198296837,0.27897957399365575,0.6531773293258909,0.04195804195804196
chronos2_ft,1,9,1197,46,26,0.8485815736788426,0.23548894993762595,0.7779856980552028,0.03842940685045948
chronos2_ft,2,1,188,91,11,0.6604735470714852,0.6559679685589532,0.4620431115276476,0.48404255319148937
chronos2_ft,2,2,1010,90,43,0.7710265700483092,0.3403580000314536,0.6895348837209302,0.0891089108910891
chronos2_ft,2,3,862,99,39,0.7820935435614335,0.4220964286864826,0.6879389723426421,0.1148491879350348
chronos2_ft,2,6,1209,61,31,0.8200719712115154,0.2011655371735522,0.7868944588063392,0.050454921422663356
chronos2_ft,2,7,967,141,51,0.7317843834252057,0.4074276433253377,0.6218724778046812,0.14581178903826267
chronos2_ft,2,8,1129,48,17,0.8036154794942955,0.2525413474681919,0.6159329596778582,0.042515500442869794
chronos2_ft,2,9,1204,53,26,0.8336475255315312,0.18431114706489252,0.7676268128049188,0.04401993355481727
chronos2_ft,3,1,198,103,11,0.6699029126213593,0.7009514650914772,0.43157894736842106,0.5202020202020202
chronos2_ft,3,2,1005,96,43,0.738689493949395,0.29267533823305214,0.6590426484508916,0.0955223880597015
chronos2_ft,3,3,879,115,39,0.7586501251991805,0.3918894978553821,0.6440126191435092,0.13083048919226395
chronos2_ft,3,6,1208,68,31,0.8068240454076367,0.2135365474913853,0.7877475947934351,0.056291390728476824
chronos2_ft,3,7,984,166,51,0.6931540342298288,0.3753806785080764,0.5996212665995494,0.16869918699186992
chronos2_ft,3,8,1111,46,17,0.8207593386405388,0.21820997491523272,0.6947804473902237,0.041404140414041404
chronos2_ft,3,9,1207,65,26,0.8376397682877543,0.2040577232322877,0.7449144550720733,0.053852526926263466
chronos2_ft,4,1,217,125,11,0.598,0.6678726671070008,0.5069169960474308,0.576036866359447
chronos2_ft,4,2,994,119,43,0.7483793517406963,0.34369512884967235,0.6829501661129568,0.11971830985915492
chronos2_ft,4,3,896,136,39,0.7459655572755418,0.41475380082566865,0.6339743589743589,0.15178571428571427
chronos2_ft,4,6,1208,73,31,0.8192263593023957,0.26680107373635464,0.7890294159442944,0.060430463576158944
chronos2_ft,4,7,1001,199,51,0.6993320718304741,0.43014407739865523,0.6254950858148746,0.19880119880119881
chronos2_ft,4,8,1096,43,17,0.7889971068265642,0.2649071688195198,0.6594603653427182,0.03923357664233577
chronos2_ft,4,9,1207,66,26,0.8277560884922848,0.20608208027339772,0.7358255241690824,0.05468102734051367
chronos2_ft,6,1,251,153,7,0.6099773242630385,0.7228652003689884,0.5510204081632653,0.6095617529880478
chronos2_ft,6,2,972,128,37,0.6784656398104265,0.33830565363525905,0.5889906494171897,0.13168724279835392
chronos2_ft,6,3,930,179,36,0.7143622283882198,0.4253083260943549,0.5668368101790205,0.1924731182795699
chronos2_ft,6,6,1210,84,29,0.8084136851898841,0.2884721383986279,0.718441844796962,0.06942148760330578
chronos2_ft,6,7,1024,229,44,0.741440773392656,0.5044686219765038,0.6615494568324757,0.2236328125
chronos2_ft,6,8,1071,56,17,0.7702674173117523,0.19436905555862696,0.6583598956824109,0.05228758169934641
chronos2_ft,6,9,1206,78,26,0.804237134024368,0.2147952604215373,0.7025027277686852,0.06467661691542288
chronos2_ft,8,1,291,196,9,0.6392051557465092,0.784697461906944,0.6491228070175439,0.6735395189003437
chronos2_ft,8,2,941,133,36,0.6606119258542396,0.3211528078563146,0.6178149064906491,0.14133900106269925
chronos2_ft,8,3,972,226,38,0.6993226411065506,0.4266807781169988,0.5851559192888387,0.23251028806584362
chronos2_ft,8,6,1215,94,26,0.7624556342171693,0.26670172974615153,0.6613600494064366,0.07736625514403292
chronos2_ft,8,7,1026,248,45,0.7527624595737623,0.5095784535314672,0.6349328763210511,0.24171539961013644
chronos2_ft,8,8,1068,82,17,0.6579181714738039,0.15237938063483686,0.6444338384440997,0.07677902621722846
chronos2_ft,8,9,1206,85,25,0.7935036994280317,0.19700331183106784,0.6949866190900982,0.07048092868988391
chronos2_ft,10,1,329,225,7,0.6233333333333333,0.7679241630386939,0.41483516483516486,0.6838905775075987
chronos2_ft,10,2,909,142,38,0.6278531685550067,0.29595794315857815,0.6186783778219996,0.1562156215621562
chronos2_ft,10,3,1011,265,36,0.6849815367494562,0.4539986940052126,0.5812481382186476,0.26211671612265086
chronos2_ft,10,6,1218,104,31,0.7303031349261152,0.21969652901154468,0.6714831760004634,0.08538587848932677
chronos2_ft,10,7,1031,267,44,0.7575641704413986,0.4989604494032362,0.6358876725368872,0.25897187196896215
chronos2_ft,10,8,1062,102,16,0.6568116830065359,0.16729889515720572,0.6388671875,0.096045197740113
chronos2_ft,10,9,1205,88,25,0.7939590624236998,0.1913076221566972,0.707430617726052,0.07302904564315353
chronos2_ft,12,1,368,269,10,0.6196537869400323,0.8108685069340866,0.47373737373737373,0.7309782608695652
chronos2_ft,12,2,883,148,38,0.6300330943188086,0.2905281780124708,0.6389545291800931,0.16761041902604756
chronos2_ft,12,3,1047,298,38,0.6700880816480139,0.4517747786343101,0.5365048134354578,0.28462273161413565
chronos2_ft,12,6,1217,108,28,0.7211451758340848,0.22064630841320332,0.6706170294989051,0.08874281018898932
chronos2_ft,12,7,1043,290,45,0.7591610569217383,0.5340962620599248,0.6447690718607053,0.27804410354745923
chronos2_ft,12,8,1056,114,17,0.6254143852199501,0.15352376464046977,0.6431872111902086,0.10795454545454546
chronos2_ft,12,9,1202,88,25,0.7804900440672433,0.17607304446159378,0.6926032315978456,0.07321131447587355
chronos2_joint,1,1,188,86,11,0.7729138166894665,0.7480287253205808,0.44385026737967914,0.4574468085106383
chronos2_joint,1,2,1022,89,43,0.8196827920083818,0.38326277557015087,0.727510655798998,0.08708414872798434
chronos2_joint,1,3,844,84,39,0.8020050125313283,0.4305169247874901,0.7023954116059379,0.0995260663507109
chronos2_joint,1,6,1212,62,31,0.8087237026647967,0.22237904750463494,0.7522300140252455,0.05115511551155116
chronos2_joint,1,7,951,110,51,0.7956004756242568,0.4058105454846617,0.7151383740178592,0.1156677181913775
chronos2_joint,1,8,1144,48,17,0.8496426399026764,0.3932952882482968,0.6346071275225419,0.04195804195804196
chronos2_joint,1,9,1197,46,26,0.8548710006421637,0.19221529295988857,0.7882777517877431,0.03842940685045948
chronos2_joint,2,1,188,91,11,0.6972923983233261,0.6923255433850041,0.4442361761949391,0.48404255319148937
chronos2_joint,2,2,1010,90,43,0.787596618357488,0.3441785494632199,0.6978766430738119,0.0891089108910891
chronos2_joint,2,3,862,99,39,0.8008525623204522,0.46141094039583797,0.7026581980710421,0.1148491879350348
chronos2_joint,2,6,1209,61,31,0.8205146512823442,0.20407421435810288,0.7832696414521749,0.050454921422663356
chronos2_joint,2,7,967,141,51,0.7403619940583518,0.4010919927163463,0.6392963965247116,0.14581178903826267
chronos2_joint,2,8,1129,48,17,0.8127505396238052,0.26683430320376406,0.6271970397779834,0.042515500442869794
chronos2_joint,2,9,1204,53,26,0.825156139861974,0.17062567114876595,0.7611775713426452,0.04401993355481727
chronos2_joint,3,1,198,103,11,0.684925907000511,0.7014366725848991,0.4411483253588517,0.5202020202020202
chronos2_joint,3,2,1005,96,43,0.7381852768610194,0.29066862458859605,0.6501650165016502,0.0955223880597015
chronos2_joint,3,3,879,115,39,0.7837923969952196,0.43662804761552126,0.6631762652705061,0.13083048919226395
chronos2_joint,3,6,1208,68,31,0.8129901960784314,0.20936442022383306,0.7912846632710809,0.056291390728476824
chronos2_joint,3,7,984,166,51,0.7050696674227472,0.3672119900250167,0.6256052543266696,0.16869918699186992
chronos2_joint,3,8,1111,46,17,0.80614411104307,0.3282759620391282,0.6308754487710577,0.041404140414041404
chronos2_joint,3,9,1207,65,26,0.8231712245722753,0.21614817115199123,0.736292604068436,0.053852526926263466
chronos2_joint,4,1,217,125,11,0.6099130434782609,0.6955727991108892,0.5108695652173914,0.576036866359447
chronos2_joint,4,2,994,119,43,0.7463817527010804,0.32553071800971356,0.6746312292358804,0.11971830985915492
chronos2_joint,4,3,896,136,39,0.7738825464396285,0.43953320574978455,0.6538967611336033,0.15178571428571427
chronos2_joint,4,6,1208,73,31,0.8085812564118038,0.2621871529651245,0.7778883046752878,0.060430463576158944
chronos2_joint,4,7,1001,199,51,0.7083234125740924,0.4207136635841918,0.6434648672436556,0.19880119880119881
chronos2_joint,4,8,1096,43,17,0.7588285960378983,0.2447742649692303,0.5982905982905983,0.03923357664233577
chronos2_joint,4,9,1207,66,26,0.8091387140466895,0.22679550247585886,0.7245668441987461,0.05468102734051367
chronos2_joint,6,1,251,153,7,0.6107776443910897,0.7326804747346941,0.5495626822157434,0.6095617529880478
chronos2_joint,6,2,972,128,37,0.6668301984597157,0.2976219895936159,0.5849558088894582,0.13168724279835392
chronos2_joint,6,3,930,179,36,0.7391708634297659,0.4460997908659497,0.56998076638556,0.1924731182795699
chronos2_joint,6,6,1210,84,29,0.7932525585722744,0.2552197655295222,0.7207080296441477,0.06942148760330578
chronos2_joint,6,7,1024,229,44,0.754085303891681,0.48451858276468907,0.715494568324757,0.2236328125
chronos2_joint,6,8,1071,56,17,0.7557178043631245,0.20739425111074075,0.5703853955375253,0.05228758169934641
chronos2_joint,6,9,1206,78,26,0.8061806692125841,0.2539577387381744,0.7266093835242772,0.06467661691542288
chronos2_joint,8,1,291,196,9,0.6247583243823845,0.781342559347209,0.5649122807017544,0.6735395189003437
chronos2_joint,8,2,941,133,36,0.6365480533015707,0.2659665788824804,0.579723597359736,0.14133900106269925
chronos2_joint,8,3,972,226,38,0.7041507509074948,0.4266076685058938,0.5603569916748977,0.23251028806584362
chronos2_joint,8,6,1215,94,26,0.7285003890902879,0.21771901811006505,0.6334659987648391,0.07736625514403292
chronos2_joint,8,7,1026,248,45,0.7708039638444315,0.4816426329611065,0.6950299914310197,0.24171539961013644
chronos2_joint,8,8,1068,82,17,0.6607257705437095,0.14827126315155897,0.5407469275742751,0.07677902621722846
chronos2_joint,8,9,1206,85,25,0.8116492627381015,0.21841275759813705,0.7262444246208742,0.07048092868988391
chronos2_joint,10,1,329,225,7,0.5943589743589743,0.766422043498991,0.35027472527472525,0.6838905775075987
chronos2_joint,10,2,909,142,38,0.6126944194502084,0.2756518363023288,0.5939065394908393,0.1562156215621562
chronos2_joint,10,3,1011,265,36,0.6694420557438414,0.4221384922028198,0.5494489127196902,0.26211671612265086
chronos2_joint,10,6,1218,104,31,0.6763827510012429,0.1744386736434096,0.6366768981293798,0.08538587848932677
chronos2_joint,10,7,1031,267,44,0.7800311783046061,0.5017565928612497,0.6874405045216564,0.25897187196896215
chronos2_joint,10,8,1062,102,16,0.6235396241830066,0.1326049056635968,0.4661458333333333,0.096045197740113
chronos2_joint,10,9,1205,88,25,0.7981097908358428,0.18748998947164275,0.7049597135183527,0.07302904564315353
chronos2_joint,12,1,368,269,10,0.5802260523450115,0.7895400994119834,0.41919191919191917,0.7309782608695652
chronos2_joint,12,2,883,148,38,0.6137341423055709,0.26490978486875677,0.6217687074829932,0.16761041902604756
chronos2_joint,12,3,1047,298,38,0.6331170867644555,0.40733857015088515,0.5163375729042232,0.28462273161413565
chronos2_joint,12,6,1217,108,28,0.6627007981832148,0.2010110446228911,0.6666237279402293,0.08874281018898932
chronos2_joint,12,7,1043,290,45,0.7758208545129825,0.5424354225621679,0.658049284344105,0.27804410354745923
chronos2_joint,12,8,1056,114,17,0.5965191641524192,0.13250549152799637,0.4940676907705758,0.10795454545454546
chronos2_joint,12,9,1202,88,25,0.7867839072955769,0.18785853458200907,0.7212567324955117,0.07321131447587355
chronos2_joint_ft,1,1,188,86,11,0.7547879616963065,0.7102601312483621,0.48663101604278075,0.4574468085106383
chronos2_joint_ft,1,2,1022,89,43,0.8172140130303359,0.3795699520475087,0.7224507091403076,0.08708414872798434
chronos2_joint_ft,1,3,844,84,39,0.7984649122807017,0.396932124851071,0.6981781376518219,0.0995260663507109
chronos2_joint_ft,1,6,1212,62,31,0.7967321178120617,0.2543406523902025,0.7415147265077139,0.05115511551155116
chronos2_joint_ft,1,7,951,110,51,0.7954275213490434,0.399838295216765,0.713296495768343,0.1156677181913775
chronos2_joint_ft,1,8,1144,48,17,0.8653626824817519,0.41821909606001045,0.6719622155431516,0.04195804195804196
chronos2_joint_ft,1,9,1197,46,26,0.8531711555169418,0.18561354616595793,0.7858049856312237,0.03842940685045948
chronos2_joint_ft,2,1,188,91,11,0.6684037611872663,0.6650586351423742,0.42736644798500467,0.48404255319148937
chronos2_joint_ft,2,2,1010,90,43,0.808659420289855,0.36686800480834414,0.7378918099089989,0.0891089108910891
chronos2_joint_ft,2,3,862,99,39,0.8023617564901968,0.4321911389139359,0.7068588903451288,0.1148491879350348
chronos2_joint_ft,2,6,1209,61,31,0.8137316501970641,0.20626082403347065,0.7899572889738113,0.050454921422663356
chronos2_joint_ft,2,7,967,141,51,0.7383614101969673,0.39553088799380753,0.6378483596828562,0.14581178903826267
chronos2_joint_ft,2,8,1129,48,17,0.8233310206598828,0.30762481246031403,0.633672525439408,0.042515500442869794
chronos2_joint_ft,2,9,1204,53,26,0.8262052685933479,0.15969863419724692,0.7677270600815345,0.04401993355481727
chronos2_joint_ft,3,1,198,103,11,0.6789984670413899,0.7002556136527012,0.45933014354066987,0.5202020202020202
chronos2_joint_ft,3,2,1005,96,43,0.7603249908324166,0.3407316373821196,0.6903062399263182,0.0955223880597015
chronos2_joint_ft,3,3,879,115,39,0.7892556339631231,0.4124493242577102,0.6669015975298698,0.13083048919226395
chronos2_joint_ft,3,6,1208,68,31,0.8106295149638802,0.22029495684436068,0.7910865874363328,0.056291390728476824
chronos2_joint_ft,3,7,984,166,51,0.7122941644327923,0.37420898394639707,0.6399875353564408,0.16869918699186992
chronos2_joint_ft,3,8,1111,46,17,0.8259644825474587,0.3537235970483648,0.6706987020160177,0.041404140414041404
chronos2_joint_ft,3,9,1207,65,26,0.825865553010912,0.21723926951515338,0.7372692981274417,0.053852526926263466
chronos2_joint_ft,4,1,217,125,11,0.5947826086956521,0.6765392575388137,0.5177865612648221,0.576036866359447
chronos2_joint_ft,4,2,994,119,43,0.7745210084033614,0.37676567881524103,0.720265780730897,0.11971830985915492
chronos2_joint_ft,4,3,896,136,39,0.7739454334365325,0.4392026430608665,0.6563090418353577,0.15178571428571427
chronos2_joint_ft,4,6,1208,73,31,0.8113089131615473,0.2814134137240617,0.7844536023873809,0.060430463576158944
chronos2_joint_ft,4,7,1001,199,51,0.7140753643529367,0.40904465590995487,0.6582074226199208,0.19880119880119881
chronos2_joint_ft,4,8,1096,43,17,0.7692086839373661,0.2524119215591929,0.6190715602480308,0.03923357664233577
chronos2_joint_ft,4,9,1207,66,26,0.815101054364858,0.22606666059789698,0.7386233398503337,0.05468102734051367
chronos2_joint_ft,6,1,251,153,7,0.5971722022142191,0.722092962805484,0.543731778425656,0.6095617529880478
chronos2_joint_ft,6,2,972,128,37,0.6935445053317536,0.33292716142975187,0.6265530933777379,0.13168724279835392
chronos2_joint_ft,6,3,930,179,36,0.7458881640122295,0.4518681821097319,0.5882157123834887,0.1924731182795699
chronos2_joint_ft,6,6,1210,84,29,0.7953247906622685,0.27182233975053594,0.7221473632633062,0.06942148760330578
chronos2_joint_ft,6,7,1024,229,44,0.775161352338579,0.5047395162043972,0.7352201257861635,0.2236328125
chronos2_joint_ft,6,8,1071,56,17,0.7760028149190711,0.24299452347336323,0.5964647928136771,0.05228758169934641
chronos2_joint_ft,6,9,1206,78,26,0.8047599563557011,0.2573353526498937,0.72006273867976,0.06467661691542288
chronos2_joint_ft,8,1,291,196,9,0.6229860365198711,0.776173164329262,0.5684210526315789,0.6735395189003437
chronos2_joint_ft,8,2,941,133,36,0.6676096181046676,0.2782725555200529,0.6113861386138614,0.14133900106269925
chronos2_joint_ft,8,3,972,226,38,0.7192756649030819,0.44345770131376505,0.5735501622689432,0.23251028806584362
chronos2_joint_ft,8,6,1215,94,26,0.7398409474823011,0.22642185649285546,0.6566595759280862,0.07736625514403292
chronos2_joint_ft,8,7,1026,248,45,0.7848183929015673,0.500089934955375,0.6919165952584976,0.24171539961013644
chronos2_joint_ft,8,8,1068,82,17,0.7021966061445605,0.17980188040570894,0.5906216441952035,0.07677902621722846
chronos2_joint_ft,8,9,1206,85,25,0.8215353938185443,0.22833586891009727,0.7455842997323818,0.07048092868988391
chronos2_joint_ft,10,1,329,225,7,0.5930769230769231,0.7665312977229499,0.3516483516483517,0.6838905775075987
chronos2_joint_ft,10,2,909,142,38,0.6518170299502359,0.3142879259687585,0.6390928429287037,0.1562156215621562
chronos2_joint_ft,10,3,1011,265,36,0.6912944509079872,0.4612649692843234,0.5426720285969616,0.26211671612265086
chronos2_joint_ft,10,6,1218,104,31,0.7098639690650462,0.19252738108772952,0.6676608559680315,0.08538587848932677
chronos2_joint_ft,10,7,1031,267,44,0.7915416593132929,0.5319962100711352,0.7005890052356021,0.25897187196896215
chronos2_joint_ft,10,8,1062,102,16,0.6768688725490196,0.1722632621182991,0.5296223958333334,0.096045197740113
chronos2_joint_ft,10,9,1205,88,25,0.7994933669732237,0.19237896158875212,0.7077887197851388,0.07302904564315353
chronos2_joint_ft,12,1,368,269,10,0.5718148022980737,0.789037706599393,0.42323232323232324,0.7309782608695652
chronos2_joint_ft,12,2,883,148,38,0.6349328920757492,0.2873478501820019,0.6399212316505549,0.16761041902604756
chronos2_joint_ft,12,3,1047,298,38,0.6583453553283573,0.44684548420451686,0.5117700794041178,0.28462273161413565
chronos2_joint_ft,12,6,1217,108,28,0.697057743045119,0.20949012083092158,0.6854952982094551,0.08874281018898932
chronos2_joint_ft,12,7,1043,290,45,0.7821083482163301,0.562563046788811,0.6642172052530618,0.27804410354745923
chronos2_joint_ft,12,8,1056,114,17,0.6414124483182478,0.15500811404604092,0.5671287623329586,0.10795454545454546
chronos2_joint_ft,12,9,1202,88,25,0.7950057124204342,0.19322056351519834,0.7429084380610413,0.07321131447587355
chronos_bolt,1,1,188,86,11,0.7168262653898769,0.6839297925472354,0.48128342245989303,0.4574468085106383
chronos_bolt,1,2,1022,89,43,0.7812902681936967,0.34908697359522894,0.6795533288466811,0.08708414872798434
chronos_bolt,1,3,844,84,39,0.7476817042606516,0.33226770399733924,0.6664304993252361,0.0995260663507109
chronos_bolt,1,6,1212,62,31,0.743225806451613,0.14960546234858238,0.7259186535764376,0.05115511551155116
chronos_bolt,1,7,951,110,51,0.7504594097935359,0.3283679993724117,0.6650113077335572,0.1156677181913775
chronos_bolt,1,8,1144,48,17,0.815845498783455,0.30042688060380696,0.5661227994847574,0.04195804195804196
chronos_bolt,1,9,1197,46,26,0.8429909719336682,0.23245991523358203,0.7766156519414555,0.03842940685045948
chronos_bolt,2,1,188,91,11,0.6651183867678713,0.6655745076964944,0.49765698219306465,0.48404255319148937
chronos_bolt,2,2,1010,90,43,0.7392753623188406,0.2882548528592325,0.6297269969666329,0.0891089108910891
chronos_bolt,2,3,862,99,39,0.7401405933516025,0.31323267909411306,0.6494270255738146,0.1148491879350348
chronos_bolt,2,6,1209,61,31,0.7539127206260353,0.13482257428915556,0.7388164549848264,0.050454921422663356
chronos_bolt,2,7,967,141,51,0.6952587021104871,0.32395766386364583,0.6093861273322888,0.14581178903826267
chronos_bolt,2,8,1129,48,17,0.7609081097748998,0.1904122709971753,0.551831093214344,0.042515500442869794
chronos_bolt,2,9,1204,53,26,0.8080258347950101,0.1761241163890144,0.7294326004143554,0.04401993355481727
chronos_bolt,3,1,198,103,11,0.6395503321410322,0.6551096176594176,0.4478468899521531,0.5202020202020202
chronos_bolt,3,2,1005,96,43,0.6883365419875321,0.25892948062414606,0.5852841098063295,0.0955223880597015
chronos_bolt,3,3,879,115,39,0.721682221716367,0.29385719334674554,0.6192777554034099,0.13083048919226395
chronos_bolt,3,6,1208,68,31,0.7592879256965944,0.17513766639541786,0.7525183927560838,0.056291390728476824
chronos_bolt,3,7,984,166,51,0.6570757357056588,0.34418150388088714,0.5922143918692171,0.16869918699186992
chronos_bolt,3,8,1111,46,17,0.755705245968565,0.15434184531953224,0.5712786523059928,0.041404140414041404
chronos_bolt,3,9,1207,65,26,0.7853967398625893,0.16888212528920057,0.6832143338272936,0.053852526926263466
chronos_bolt,4,1,217,125,11,0.6136521739130435,0.6724337420486174,0.5345849802371542,0.576036866359447
chronos_bolt,4,2,994,119,43,0.6694789915966387,0.27924509614972026,0.5607707641196014,0.11971830985915492
chronos_bolt,4,3,896,136,39,0.7063854489164086,0.3135000750332932,0.6000674763832659,0.15178571428571427
chronos_bolt,4,6,1208,73,31,0.7402148331422365,0.17163058500770842,0.7288759414523235,0.060430463576158944
chronos_bolt,4,7,1001,199,51,0.6506848456747578,0.3898117758113027,0.5976969341352502,0.19880119880119881
chronos_bolt,4,8,1096,43,17,0.6903200159014112,0.1268334444682957,0.5761130663091447,0.03923357664233577
chronos_bolt,4,9,1207,66,26,0.7668578864897884,0.14176734589566536,0.6843524573585923,0.05468102734051367
chronos_bolt,6,1,251,153,7,0.5942376950780313,0.6999442978525343,0.5714285714285714,0.6095617529880478
chronos_bolt,6,2,972,128,37,0.5864928909952607,0.25856193612056555,0.46983476367362625,0.13168724279835392
chronos_bolt,6,3,930,179,36,0.6806790201519017,0.32823001568643984,0.5465305518567836,0.1924731182795699
chronos_bolt,6,6,1210,84,29,0.7157658800642814,0.21241817483268746,0.6731181478532492,0.06942148760330578
chronos_bolt,6,7,1024,229,44,0.6737579302957898,0.45450679493560164,0.6125786163522012,0.2236328125
chronos_bolt,6,8,1071,56,17,0.6208479943701618,0.09902734955996151,0.561344537815126,0.05228758169934641
chronos_bolt,6,9,1206,78,26,0.7400550100018185,0.15699951058675726,0.6391162029459901,0.06467661691542288
chronos_bolt,8,1,291,196,9,0.6062835660580022,0.7534222420892871,0.5847953216374269,0.6735395189003437
chronos_bolt,8,2,941,133,36,0.5479881634780019,0.23711063992931403,0.49284928492849284,0.14133900106269925
chronos_bolt,8,3,972,226,38,0.6580998362950485,0.3483935412954705,0.5440948215041626,0.23251028806584362
chronos_bolt,8,6,1215,94,26,0.6425588854935753,0.17210005645156773,0.6242709119604749,0.07736625514403292
chronos_bolt,8,7,1026,248,45,0.6828198855626503,0.4280453119639539,0.5888603256212511,0.24171539961013644
chronos_bolt,8,8,1068,82,17,0.5018057685647851,0.08930081521472773,0.5350793461400788,0.07677902621722846
chronos_bolt,8,9,1206,85,25,0.7100173164716377,0.12420950200271903,0.6259768064228367,0.07048092868988391
chronos_bolt,10,1,329,225,7,0.5816666666666667,0.7458515152345563,0.46703296703296704,0.6838905775075987
chronos_bolt,10,2,909,142,38,0.5250840112382247,0.22413877925986087,0.4846634186509298,0.1562156215621562
chronos_bolt,10,3,1011,265,36,0.646916890080429,0.379046660260151,0.5342195412570747,0.26211671612265086
chronos_bolt,10,6,1218,104,31,0.6047593564424804,0.14157674742718654,0.6322754386980947,0.08538587848932677
chronos_bolt,10,7,1031,267,44,0.692947624370061,0.43215738825682337,0.6138148500713946,0.25897187196896215
chronos_bolt,10,8,1062,102,16,0.4834660947712418,0.09454590676283069,0.49850260416666664,0.096045197740113
chronos_bolt,10,9,1205,88,25,0.6945348742573452,0.12412419801480393,0.6234914950760967,0.07302904564315353
chronos_bolt,12,1,368,269,10,0.5850324809432617,0.7896375162048085,0.5080808080808081,0.7309782608695652
chronos_bolt,12,2,883,148,38,0.5278727707299136,0.21546242606362276,0.5100608664518439,0.16761041902604756
chronos_bolt,12,3,1047,298,38,0.6485739375095205,0.406902720739934,0.5196050874850678,0.28462273161413565
chronos_bolt,12,6,1217,108,28,0.5927428781351234,0.1649576947176905,0.6351281720984155,0.08874281018898932
chronos_bolt,12,7,1043,290,45,0.7117232220543115,0.4681043537666777,0.616821602478973,0.27804410354745923
chronos_bolt,12,8,1056,114,17,0.4631429954929787,0.09946444022906734,0.5152991132758836,0.10795454545454546
chronos_bolt,12,9,1202,88,25,0.698374000326424,0.12331050300562543,0.6806104129263914,0.07321131447587355
gcn_v2,1,1,188,86,11,0.6151390788873689,0.5725055358239807,0.3841354723707665,0.4574468085106383
gcn_v2,1,2,1022,89,43,0.762551633609114,0.2924234054330399,0.7190607941374411,0.08708414872798434
gcn_v2,1,3,844,84,39,0.743546365914787,0.2917900012588862,0.6952935222672065,0.0995260663507109
gcn_v2,1,6,1212,62,31,0.7100841514726508,0.13806993493731773,0.7421318373071529,0.05115511551155116
gcn_v2,1,7,951,110,51,0.7379526537671603,0.28049605765355046,0.7058823529411765,0.1156677181913775
gcn_v2,1,8,1144,48,17,0.801779197080292,0.23933502030386114,0.6164662945470158,0.04195804195804196
gcn_v2,1,9,1197,46,26,0.8520568126015186,0.233758112699266,0.8036824166276816,0.03842940685045948
gcn_v2,2,1,188,91,11,0.6131188399229637,0.6172032398143485,0.5613870665417057,0.48404255319148937
gcn_v2,2,2,1010,90,43,0.7596497584541063,0.29860920821565423,0.7039180990899899,0.0891089108910891
gcn_v2,2,3,862,99,39,0.7992639368786157,0.36442373634416486,0.7432872937460093,0.1148491879350348
gcn_v2,2,6,1209,61,31,0.7640658022505283,0.16918061055302192,0.7787175452399685,0.050454921422663356
gcn_v2,2,7,967,141,51,0.6956279085741761,0.358967556405136,0.6404120970422067,0.14581178903826267
gcn_v2,2,8,1129,48,17,0.7751310514955289,0.19437858415837175,0.6030908200467976,0.042515500442869794
gcn_v2,2,9,1204,53,26,0.8093044604363719,0.15699961138734048,0.7224821225690036,0.04401993355481727
gcn_v2,3,1,198,103,11,0.6370975983648441,0.6906101329674484,0.4421052631578947,0.5202020202020202
gcn_v2,3,2,1005,96,43,0.7050215438210488,0.24998908815915363,0.6152685035945455,0.0955223880597015
gcn_v2,3,3,879,115,39,0.776075574778056,0.3334603756960534,0.6840851120955833,0.13083048919226395
gcn_v2,3,6,1208,68,31,0.7633707430340557,0.1640858357116037,0.7739247311827957,0.056291390728476824
gcn_v2,3,7,984,166,51,0.6501163578519457,0.3216545437960399,0.6054460904166067,0.16869918699186992
gcn_v2,3,8,1111,46,17,0.7883853847724025,0.16220514661666052,0.7523336095001381,0.041404140414041404
gcn_v2,3,9,1207,65,26,0.7929139162063855,0.16953160814921905,0.6683955274147919,0.053852526926263466
gcn_v2,4,1,217,125,11,0.6375217391304348,0.6967605522869263,0.5800395256916996,0.576036866359447
gcn_v2,4,2,994,119,43,0.7040288115246098,0.3003504804766318,0.6461129568106312,0.11971830985915492
gcn_v2,4,3,896,136,39,0.7809936145510836,0.42268930973599683,0.6845479082321188,0.15178571428571427
gcn_v2,4,6,1208,73,31,0.7785408243316637,0.19250683214027406,0.7511155321870115,0.060430463576158944
gcn_v2,4,7,1001,199,51,0.63493276858106,0.35221644389301443,0.5858637719426922,0.19880119880119881
gcn_v2,4,8,1096,43,17,0.7517171315620929,0.1309197315170177,0.6790682084799732,0.03923357664233577
gcn_v2,4,9,1207,66,26,0.8176639311608637,0.23872053226324982,0.7547697701071934,0.05468102734051367
gcn_v2,6,1,251,153,7,0.577297585700947,0.6810958774552893,0.46355685131195334,0.6095617529880478
gcn_v2,6,2,972,128,37,0.6064406842417062,0.25039768480924113,0.4739976943768413,0.13168724279835392
gcn_v2,6,3,930,179,36,0.7649242350980815,0.45384736288453154,0.6297159343098091,0.1924731182795699
gcn_v2,6,6,1210,84,29,0.7709972088302461,0.21882415005319947,0.7021804373124273,0.06942148760330578
gcn_v2,6,7,1024,229,44,0.6520062618439483,0.40822411890306654,0.6153516295025729,0.2236328125
gcn_v2,6,8,1071,56,17,0.8015130190007037,0.2600514481283747,0.6896551724137931,0.05228758169934641
gcn_v2,6,9,1206,78,26,0.7869385342789598,0.1967428715943217,0.7034574468085106,0.06467661691542288
gcn_v2,8,1,291,196,9,0.6125671321160043,0.7410891068800088,0.5052631578947369,0.6735395189003437
gcn_v2,8,2,941,133,36,0.5960972976996948,0.22391058963735144,0.530459295929593,0.14133900106269925
gcn_v2,8,3,972,226,38,0.7591906095043773,0.5446552851216345,0.6563425991251587,0.23251028806584362
gcn_v2,8,6,1215,94,26,0.7202915330157345,0.21116678496953456,0.6353530501612571,0.07736625514403292
gcn_v2,8,7,1026,248,45,0.6901613939796003,0.47097039538361024,0.5812482147957726,0.24171539961013644
gcn_v2,8,8,1068,82,17,0.6999826844110226,0.22516405245309618,0.6722348168476315,0.07677902621722846
gcn_v2,8,9,1206,85,25,0.7526578160256074,0.19008876111519624,0.6391079393398751,0.07048092868988391
gcn_v2,10,1,329,225,7,0.5518376068376069,0.7186831694300433,0.43543956043956045,0.6838905775075987
gcn_v2,10,2,909,142,38,0.6058541601630645,0.23870755338153543,0.5683112605503328,0.1562156215621562
gcn_v2,10,3,1011,265,36,0.7297688299863423,0.5232578141939035,0.6573949955317248,0.26211671612265086
gcn_v2,10,6,1218,104,31,0.7065495097362243,0.1968133598912753,0.7083743557074188,0.08538587848932677
gcn_v2,10,7,1031,267,44,0.6916632350922604,0.5025285028326965,0.5973940980485483,0.25897187196896215
gcn_v2,10,8,1062,102,16,0.6721609477124183,0.19068932227990185,0.6954427083333333,0.096045197740113
gcn_v2,10,9,1205,88,25,0.7377207617807439,0.1719454585539014,0.6422918531781557,0.07302904564315353
gcn_v2,12,1,368,269,10,0.5173294281100973,0.7457855933023327,0.37373737373737376,0.7309782608695652
gcn_v2,12,2,883,148,38,0.626594962309248,0.25400859758011196,0.6058002148227712,0.16761041902604756
gcn_v2,12,3,1047,298,38,0.7191333410990941,0.5327630246564817,0.5527018480781393,0.28462273161413565
gcn_v2,12,6,1217,108,28,0.6974752028854824,0.20126584232192246,0.694834471209584,0.08874281018898932
gcn_v2,12,7,1043,290,45,0.7064752484315611,0.5289966644112523,0.6178545078943485,0.27804410354745923
gcn_v2,12,8,1056,114,17,0.694099899430104,0.23021770232707348,0.6518046709129511,0.10795454545454546
gcn_v2,12,9,1202,88,25,0.7223559653990533,0.17482288324892875,0.6817594254937164,0.07321131447587355
gru_v1,1,1,188,86,11,0.7579799361605107,0.7127731271858772,0.41354723707664887,0.4574468085106383
gru_v1,1,2,1022,89,43,0.8288594241121428,0.37232997602809953,0.7488471796405693,0.08708414872798434
gru_v1,1,3,844,84,39,0.7984179197994987,0.4007486971025517,0.6961875843454791,0.0995260663507109
gru_v1,1,6,1212,62,31,0.761234221598878,0.15610518889204725,0.7411500701262272,0.05115511551155116
gru_v1,1,7,951,110,51,0.7795157280294023,0.35071236375813203,0.6993541768669418,0.1156677181913775
gru_v1,1,8,1144,48,17,0.8520947384428224,0.35827419794312076,0.6635358522971232,0.04195804195804196
gru_v1,1,9,1197,46,26,0.8450685604200506,0.23777466756258542,0.7752121900688365,0.03842940685045948
gru_v1,2,1,188,91,11,0.704203013481364,0.6846100258701024,0.4320524835988753,0.48404255319148937
gru_v1,2,2,1010,90,43,0.7831038647342995,0.32104571758962785,0.7106167846309404,0.0891089108910891
gru_v1,2,3,862,99,39,0.8084647258959186,0.46757198334816363,0.7184191954834157,0.1148491879350348
gru_v1,2,6,1209,61,31,0.8123607699777232,0.17160310676122367,0.7958300550747442,0.050454921422663356
gru_v1,2,7,967,141,51,0.7317242800473958,0.4083290544795429,0.6343113516593077,0.14581178903826267
gru_v1,2,8,1129,48,17,0.8527790625963614,0.2671269016278773,0.7438101975295206,0.042515500442869794
gru_v1,2,9,1204,53,26,0.8302542497909939,0.20072071677987538,0.7493483927019983,0.04401993355481727
gru_v1,3,1,198,103,11,0.7180378129790496,0.730498429297401,0.4354066985645933,0.5202020202020202
gru_v1,3,2,1005,96,43,0.7464017235056839,0.3135705852879762,0.6440760355105278,0.0955223880597015
gru_v1,3,3,879,115,39,0.817209196448896,0.48007861498557686,0.7006645187273459,0.13083048919226395
gru_v1,3,6,1208,68,31,0.7887383900928793,0.17308344015784535,0.7795132993774759,0.056291390728476824
gru_v1,3,7,984,166,51,0.7029634430141102,0.41832352519099486,0.6336353612349586,0.16869918699186992
gru_v1,3,8,1111,46,17,0.8470504184527454,0.23842651952788768,0.7794531897265948,0.041404140414041404
gru_v1,3,9,1207,65,26,0.8256500067358211,0.2211549501432,0.7138623198167857,0.053852526926263466
gru_v1,4,1,217,125,11,0.652,0.7361134684745267,0.4851778656126482,0.576036866359447
gru_v1,4,2,994,119,43,0.7532100840336134,0.3504398314774246,0.68621926910299,0.11971830985915492
gru_v1,4,3,896,136,39,0.8090073529411764,0.5452489315298065,0.7110323886639676,0.15178571428571427
gru_v1,4,6,1208,73,31,0.8018345302033674,0.1914211965356265,0.7810146369191416,0.060430463576158944
gru_v1,4,7,1001,199,51,0.6875023496535044,0.4274104845045994,0.636154711261063,0.19880119880119881
gru_v1,4,8,1096,43,17,0.8028445857903223,0.1738952814994183,0.7105189654209262,0.03923357664233577
gru_v1,4,9,1207,66,26,0.8263883355907896,0.23205001059428923,0.7270275736533405,0.05468102734051367
gru_v1,6,1,251,153,7,0.5543550753634787,0.6654703255266315,0.41836734693877553,0.6095617529880478
gru_v1,6,2,972,128,37,0.6844638625592417,0.3112746243607303,0.5415012168566671,0.13168724279835392
gru_v1,6,3,930,179,36,0.7664194481845436,0.5332643421536496,0.6031587512945702,0.1924731182795699
gru_v1,6,6,1210,84,29,0.7986657362767488,0.2062987030418201,0.7474735101365836,0.06942148760330578
gru_v1,6,7,1024,229,44,0.6758671829941502,0.4291964664726091,0.6406518010291595,0.2236328125
gru_v1,6,8,1071,56,17,0.810819845179451,0.19991660348484114,0.7475514343668502,0.05228758169934641
gru_v1,6,9,1206,78,26,0.7887911438443354,0.21225997552392828,0.6810215493726132,0.06467661691542288
gru_v1,8,1,291,196,9,0.538829215896885,0.7004080756506645,0.4409356725146199,0.6735395189003437
gru_v1,8,2,941,133,36,0.5913329114866374,0.21173262008194915,0.5160547304730473,0.14133900106269925
gru_v1,8,3,972,226,38,0.7378288927376687,0.47875389766430587,0.6217722590658953,0.23251028806584362
gru_v1,8,6,1215,94,26,0.7434471501508911,0.19025346978118063,0.6859260275852604,0.07736625514403292
gru_v1,8,7,1026,248,45,0.7208723774774027,0.48688259233985187,0.6289060268494716,0.24171539961013644
gru_v1,8,8,1068,82,17,0.7361846336516104,0.21205830093005223,0.7286719961818399,0.07677902621722846
gru_v1,8,9,1206,85,25,0.773500550978643,0.19401562763263197,0.6819625334522748,0.07048092868988391
gru_v1,10,1,329,225,7,0.5152564102564102,0.6986275131110277,0.41346153846153844,0.6838905775075987
gru_v1,10,2,909,142,38,0.540830379932791,0.18765558670813107,0.49938241954299045,0.1562156215621562
gru_v1,10,3,1011,265,36,0.7283929384389701,0.5041986581292122,0.6099195710455764,0.26211671612265086
gru_v1,10,6,1218,104,31,0.7044175528241956,0.1814315989253769,0.6883071755371518,0.08538587848932677
gru_v1,10,7,1031,267,44,0.7405043433927486,0.5062930178913021,0.6393979057591623,0.25897187196896215
gru_v1,10,8,1062,102,16,0.7388480392156863,0.18629589843873093,0.7189453125,0.096045197740113
gru_v1,10,9,1205,88,25,0.7451981769349719,0.16677805626379763,0.6487735004476276,0.07302904564315353
gru_v1,12,1,368,269,10,0.4815816154106117,0.7148951696134183,0.3303030303030303,0.7309782608695652
gru_v1,12,2,883,148,38,0.5379757308328736,0.20771419448688963,0.5404582885785894,0.16761041902604756
gru_v1,12,3,1047,298,38,0.7086361233322283,0.48055502273483586,0.5936336167521608,0.28462273161413565
gru_v1,12,6,1217,108,28,0.7035367197675584,0.18305436224842242,0.712868736313281,0.08874281018898932
gru_v1,12,7,1043,290,45,0.7536978522690846,0.5316174725886447,0.6590231665928877,0.27804410354745923
gru_v1,12,8,1056,114,17,0.732176779528439,0.237346483555189,0.6809666541775946,0.10795454545454546
gru_v1,12,9,1202,88,25,0.7466847559980414,0.16381196825016922,0.6873249551166966,0.07321131447587355
gru_v2,1,1,188,86,11,0.7040583675330597,0.6768151833025606,0.35650623885918004,0.4574468085106383
gru_v2,1,2,1022,89,43,0.8248612064501367,0.3859254785974121,0.7316234203245345,0.08708414872798434
gru_v2,1,3,844,84,39,0.7858239348370928,0.39914086147494804,0.6867408906882592,0.0995260663507109
gru_v2,1,6,1212,62,31,0.788765778401122,0.17268667306040747,0.7498176718092566,0.05115511551155116
gru_v2,1,7,951,110,51,0.7852772673224516,0.39150477353153984,0.7040404746916602,0.1156677181913775
gru_v2,1,8,1144,48,17,0.8696205900243309,0.4136928279032713,0.6958458565908116,0.04195804195804196
gru_v2,1,9,1197,46,26,0.8535488988781023,0.23087324145689364,0.7843012764819889,0.03842940685045948
gru_v2,2,1,188,91,11,0.6637589214908802,0.6398420383481207,0.43580131208997186,0.48404255319148937
gru_v2,2,2,1010,90,43,0.8099637681159421,0.3491495632775165,0.7327350859453994,0.0891089108910891
gru_v2,2,3,862,99,39,0.8192938559911037,0.5008538939888046,0.7233928151359345,0.1148491879350348
gru_v2,2,6,1209,61,31,0.815373850459816,0.1602728445479063,0.7956052602000674,0.050454921422663356
gru_v2,2,7,967,141,51,0.7353133103223258,0.42914170089227266,0.6301334092959218,0.14581178903826267
gru_v2,2,8,1129,48,17,0.8557084489670058,0.25137836543918096,0.7461500789029766,0.042515500442869794
gru_v2,2,9,1204,53,26,0.8215333672114487,0.17870939021578783,0.7406937111541803,0.04401993355481727
gru_v2,3,1,198,103,11,0.6965763924374042,0.7128753704330832,0.4449760765550239,0.5202020202020202
gru_v2,3,2,1005,96,43,0.7435941510817748,0.3022362087391632,0.643129429221992,0.0955223880597015
gru_v2,3,3,879,115,39,0.8051786933758251,0.48043024551338775,0.6832460732984293,0.13083048919226395
gru_v2,3,6,1208,68,31,0.8110423116615068,0.18630515099510342,0.800848896434635,0.056291390728476824
gru_v2,3,7,984,166,51,0.7027646036468613,0.40557649628406334,0.6369432858718059,0.16869918699186992
gru_v2,3,8,1111,46,17,0.8753623188405797,0.3022393772224332,0.7864678265672466,0.041404140414041404
gru_v2,3,9,1207,65,26,0.8246396335713323,0.23341787781740037,0.7049373568638017,0.053852526926263466
gru_v2,4,1,217,125,11,0.6249565217391304,0.7207240054032109,0.5335968379446641,0.576036866359447
gru_v2,4,2,994,119,43,0.7524609843937575,0.3048263435422585,0.6847840531561462,0.11971830985915492
gru_v2,4,3,896,136,39,0.7925986842105263,0.5209149222106171,0.684885290148448,0.15178571428571427
gru_v2,4,6,1208,73,31,0.8164866332749985,0.20460037459894304,0.7948273411965326,0.060430463576158944
gru_v2,4,7,1001,199,51,0.6923207057732553,0.424208798099294,0.6387951689403941,0.19880119880119881
gru_v2,4,8,1096,43,17,0.8273592614677886,0.2378207606412402,0.7280040221216691,0.03923357664233577
gru_v2,4,9,1207,66,26,0.8323373967545746,0.22620425972460054,0.7358929414144139,0.05468102734051367
gru_v2,6,1,251,153,7,0.5318794184340403,0.6551175277942916,0.45335276967930027,0.6095617529880478
gru_v2,6,2,972,128,37,0.6677280805687204,0.29284962766699363,0.5235365697451005,0.13168724279835392
gru_v2,6,3,930,179,36,0.7760230307448541,0.5378419166143704,0.6193593726882675,0.1924731182795699
gru_v2,6,6,1210,84,29,0.8091220502410555,0.21203500518994164,0.7591719238071906,0.06942148760330578
gru_v2,6,7,1024,229,44,0.6896926752904342,0.4417235414071605,0.6485991995425958,0.2236328125
gru_v2,6,8,1071,56,17,0.8216220971147079,0.2261404310617662,0.744943494639235,0.05228758169934641
gru_v2,6,9,1206,78,26,0.8047940534642662,0.22223853850458844,0.6981382978723404,0.06467661691542288
gru_v2,8,1,291,196,9,0.5159505907626208,0.7221464617241377,0.41754385964912283,0.6735395189003437
gru_v2,8,2,941,133,36,0.6834660909699992,0.28426429083926313,0.650508800880088,0.14133900106269925
gru_v2,8,3,972,226,38,0.7554390376995895,0.5316370120948032,0.6607873571327784,0.23251028806584362
gru_v2,8,6,1215,94,26,0.7456298517660903,0.2094750310260143,0.689905990530433,0.07736625514403292
gru_v2,8,7,1026,248,45,0.7336999336595075,0.4838603124310349,0.6476720936875179,0.24171539961013644
gru_v2,8,8,1068,82,17,0.742504823628358,0.19717013744275907,0.7119675456389453,0.07677902621722846
gru_v2,8,9,1206,85,25,0.7737944062549195,0.17631604646308782,0.6738983050847458,0.07048092868988391
gru_v2,10,1,329,225,7,0.47534188034188035,0.697614336603001,0.4217032967032967,0.6838905775075987
gru_v2,10,2,909,142,38,0.551306535431625,0.19969416577944205,0.5115967885816235,0.1562156215621562
gru_v2,10,3,1011,265,36,0.7182356214274874,0.5159247003876462,0.6311066428358654,0.26211671612265086
gru_v2,10,6,1218,104,31,0.7169158265432951,0.23058217691540278,0.6779695372676203,0.08538587848932677
gru_v2,10,7,1031,267,44,0.7394797733199993,0.48855866829130234,0.6172953355544979,0.25897187196896215
gru_v2,10,8,1062,102,16,0.7543709150326797,0.19893244483884762,0.7368489583333333,0.096045197740113
gru_v2,10,9,1205,88,25,0.7394502319524701,0.1593861503534853,0.6554341987466428,0.07302904564315353
gru_v2,12,1,368,269,10,0.47564868010964667,0.7282431660669565,0.32323232323232326,0.7309782608695652
gru_v2,12,2,883,148,38,0.588996138996139,0.2327580959396921,0.5864303616183315,0.16761041902604756
gru_v2,12,3,1047,298,38,0.6520730100984758,0.450036408967033,0.529513034923758,0.28462273161413565
gru_v2,12,6,1217,108,28,0.7056657649534115,0.2086333279280934,0.7336081411825325,0.08874281018898932
gru_v2,12,7,1043,290,45,0.7342492100563264,0.4976679876833328,0.6200383650582854,0.27804410354745923
gru_v2,12,8,1056,114,17,0.7449901292509405,0.23399858869133364,0.6829024603471961,0.10795454545454546
gru_v2,12,9,1202,88,25,0.7398502529786192,0.16616600561250805,0.6818312387791742,0.07321131447587355
gru_v2_lw,1,1,188,86,11,0.6917464660282717,0.6755324920370421,0.3538324420677362,0.4574468085106383
gru_v2_lw,1,2,1022,89,43,0.7991497766056096,0.3514875362879243,0.7140506991699693,0.08708414872798434
gru_v2_lw,1,3,844,84,39,0.7791510025062657,0.38570294629873564,0.6867408906882592,0.0995260663507109
gru_v2_lw,1,6,1212,62,31,0.7816690042075737,0.1842178799854428,0.7500981767180925,0.05115511551155116
gru_v2_lw,1,7,951,110,51,0.7881742514322776,0.42131720175021364,0.7151150591033084,0.1156677181913775
gru_v2_lw,1,8,1144,48,17,0.8539765815085159,0.3705580238477831,0.6619257191927866,0.04195804195804196
gru_v2_lw,1,9,1197,46,26,0.854266611264307,0.20503533809953825,0.7868074583973802,0.03842940685045948
gru_v2_lw,2,1,188,91,11,0.6501642687209698,0.6566699143695484,0.45173383317713217,0.48404255319148937
gru_v2_lw,2,2,1010,90,43,0.8000724637681159,0.3191560791252047,0.7254550050556118,0.0891089108910891
gru_v2_lw,2,3,862,99,39,0.8161695592888254,0.4623184901107592,0.7284336458648385,0.1148491879350348
gru_v2_lw,2,6,1209,61,31,0.8057776889244302,0.1638981703392298,0.7966449364954479,0.050454921422663356
gru_v2_lw,2,7,967,141,51,0.7245462194975357,0.42755506095134876,0.6260978967858329,0.14581178903826267
gru_v2_lw,2,8,1129,48,17,0.8383055812519272,0.23199111225757488,0.7158404527398379,0.042515500442869794
gru_v2_lw,2,9,1204,53,26,0.8071242397914856,0.16453480178580696,0.7129252155316447,0.04401993355481727
gru_v2_lw,3,1,198,103,11,0.6452733776188043,0.6979289783105774,0.3923444976076555,0.5202020202020202
gru_v2_lw,3,2,1005,96,43,0.7553515768243491,0.29905908854685714,0.6574820272724947,0.0955223880597015
gru_v2_lw,3,3,879,115,39,0.8038128841338493,0.4515874403900229,0.6993220566518996,0.13083048919226395
gru_v2_lw,3,6,1208,68,31,0.7983617131062951,0.18873452531009338,0.7911997736276174,0.056291390728476824
gru_v2_lw,3,7,984,166,51,0.6850973576457419,0.41131168510143684,0.635385205426914,0.16869918699186992
gru_v2_lw,3,8,1111,46,17,0.8456827924066136,0.31730789728826264,0.7423363711681856,0.041404140414041404
gru_v2_lw,3,9,1207,65,26,0.8140913377340698,0.2160632726682409,0.6901859086622659,0.053852526926263466
gru_v2_lw,4,1,217,125,11,0.611304347826087,0.6799784648026809,0.5474308300395256,0.576036866359447
gru_v2_lw,4,2,994,119,43,0.7494261704681873,0.3414762602154909,0.6919335548172757,0.11971830985915492
gru_v2_lw,4,3,896,136,39,0.7918246904024768,0.5317964955451637,0.6869095816464238,0.15178571428571427
gru_v2_lw,4,6,1208,73,31,0.8140969162995595,0.20623838853121534,0.7971863009805314,0.060430463576158944
gru_v2_lw,4,7,1001,199,51,0.6574831764809083,0.40677459663117554,0.6083810082636546,0.19880119880119881
gru_v2_lw,4,8,1096,43,17,0.7958214624881291,0.22198801074630764,0.69348081112787,0.03923357664233577
gru_v2_lw,4,9,1207,66,26,0.8180357474836002,0.23137656657109484,0.7312074428638846,0.05468102734051367
gru_v2_lw,6,1,251,153,7,0.5573562758436708,0.6712427746337492,0.5422740524781341,0.6095617529880478
gru_v2_lw,6,2,972,128,37,0.7197034212085308,0.35443367264366055,0.6009350582810299,0.13168724279835392
gru_v2_lw,6,3,930,179,36,0.7577308467666947,0.5192763467752158,0.6057848794200326,0.1924731182795699
gru_v2_lw,6,6,1210,84,29,0.8007062505286306,0.20716766610978904,0.7498315673424389,0.06942148760330578
gru_v2_lw,6,7,1024,229,44,0.6569608085468677,0.4186600305318101,0.6166380789022299,0.2236328125
gru_v2_lw,6,8,1071,56,17,0.8131773399014778,0.2401594007412802,0.7064039408866996,0.05228758169934641
gru_v2_lw,6,9,1206,78,26,0.7916439352609566,0.2616390562300976,0.690841516639389,0.06467661691542288
gru_v2_lw,8,1,291,196,9,0.5755102040816327,0.7215046500393849,0.4935672514619883,0.6735395189003437
gru_v2_lw,8,2,941,133,36,0.710312290627559,0.2945888475461923,0.6733704620462047,0.14133900106269925
gru_v2_lw,8,3,972,226,38,0.740180668580512,0.5415555306224918,0.6541907718357556,0.23251028806584362
gru_v2_lw,8,6,1215,94,26,0.7398219674682559,0.20418428323940574,0.6714815068963151,0.07736625514403292
gru_v2_lw,8,7,1026,248,45,0.6970623600630235,0.4511053532237811,0.599685804055984,0.24171539961013644
gru_v2_lw,8,8,1068,82,17,0.6981645475683966,0.16704939872695068,0.6719961818398759,0.07677902621722846
gru_v2_lw,8,9,1206,85,25,0.7705724930471742,0.18685455524541078,0.6670829616413916,0.07048092868988391
gru_v2_lw,10,1,329,225,7,0.5362820512820513,0.7143094336011079,0.39697802197802196,0.6838905775075987
gru_v2_lw,10,2,909,142,38,0.6358135776851461,0.24267340079521194,0.5894119261648254,0.1562156215621562
gru_v2_lw,10,3,1011,265,36,0.6852901006626536,0.4864838741114714,0.6213509085493,0.26211671612265086
gru_v2_lw,10,6,1218,104,31,0.7138862035630438,0.23150880502426685,0.6831528348873573,0.08538587848932677
gru_v2_lw,10,7,1031,267,44,0.7175716218601094,0.476540188099119,0.6240183246073299,0.25897187196896215
gru_v2_lw,10,8,1062,102,16,0.6859170751633987,0.18019545523721714,0.6995442708333334,0.096045197740113
gru_v2_lw,10,9,1205,88,25,0.7380768291690405,0.1620238478016814,0.6519606087735005,0.07302904564315353
gru_v2_lw,12,1,368,269,10,0.5059892606361008,0.7349080975123357,0.3393939393939394,0.7309782608695652
gru_v2_lw,12,2,883,148,38,0.5855947784519213,0.22127779202684666,0.5781596849266022,0.16761041902604756
gru_v2_lw,12,3,1047,298,38,0.6580944615191621,0.4657120480456147,0.5383318108355,0.28462273161413565
gru_v2_lw,12,6,1217,108,28,0.7009902147413419,0.2192605181518908,0.7267808836789901,0.08874281018898932
gru_v2_lw,12,7,1043,290,45,0.728749370334753,0.5094533869270277,0.6171462298952339,0.27804410354745923
gru_v2_lw,12,8,1056,114,17,0.7071646738927999,0.24809515054148812,0.6492444111402523,0.10795454545454546
gru_v2_lw,12,9,1202,88,25,0.7528664109678472,0.1580321593128961,0.6797127468581687,0.07321131447587355
gru_v2_quantile,1,1,188,86,11,0.7268581851345189,0.7043324626144876,0.35472370766488415,0.4574468085106383
gru_v2_quantile,1,2,1022,89,43,0.8279441694666233,0.3954701654608374,0.7310501258755203,0.08708414872798434
gru_v2_quantile,1,3,844,84,39,0.7801535087719298,0.3859926653026439,0.691025641025641,0.0995260663507109
gru_v2_quantile,1,6,1212,62,31,0.7732117812061711,0.16912031861412027,0.7438990182328191,0.05115511551155116
gru_v2_quantile,1,7,951,110,51,0.7795697762404065,0.38538895312719446,0.7070014688396167,0.1156677181913775
gru_v2_quantile,1,8,1144,48,17,0.8618651155717761,0.37668195017242917,0.6830721339630743,0.04195804195804196
gru_v2_quantile,1,9,1197,46,26,0.8561175537339931,0.2232842588143941,0.7884114148232306,0.03842940685045948
gru_v2_quantile,2,1,188,91,11,0.6612665684830633,0.6344966021324856,0.4245548266166823,0.48404255319148937
gru_v2_quantile,2,2,1010,90,43,0.7904468599033816,0.3255311289235644,0.7163549039433772,0.0891089108910891
gru_v2_quantile,2,3,862,99,39,0.8040298132041251,0.4505763633834879,0.7226534932956952,0.1148491879350348
gru_v2_quantile,2,6,1209,61,31,0.8176300908208145,0.16403023412043732,0.7998763628189277,0.050454921422663356
gru_v2_quantile,2,7,967,141,51,0.7176085724589151,0.40650517637641864,0.6230831315577078,0.14581178903826267
gru_v2_quantile,2,8,1129,48,17,0.842622571692877,0.24455010943672706,0.7267236219187028,0.042515500442869794
gru_v2_quantile,2,9,1204,53,26,0.8184679441994656,0.17926859293419656,0.735313773975807,0.04401993355481727
gru_v2_quantile,3,1,198,103,11,0.6819621870209505,0.6887830701333345,0.4325358851674641,0.5202020202020202
gru_v2_quantile,3,2,1005,96,43,0.7221534653465347,0.23820209244211726,0.6246833985724154,0.0955223880597015
gru_v2_quantile,3,3,879,115,39,0.799146369223765,0.42091614163771407,0.6909987917841321,0.13083048919226395
gru_v2_quantile,3,6,1208,68,31,0.8007094943240454,0.18520054826323507,0.7944821731748727,0.056291390728476824
gru_v2_quantile,3,7,984,166,51,0.6709282116240021,0.38868049107850505,0.6110072390814516,0.16869918699186992
gru_v2_quantile,3,8,1111,46,17,0.8501735047968974,0.2628999835671531,0.75984534658934,0.041404140414041404
gru_v2_quantile,3,9,1207,65,26,0.8236292604068436,0.22820870750329836,0.7111006331671831,0.053852526926263466
gru_v2_quantile,4,1,217,125,11,0.6343478260869565,0.7080904125952716,0.5424901185770751,0.576036866359447
gru_v2_quantile,4,2,994,119,43,0.7035294117647058,0.2642844207316856,0.6431627906976745,0.11971830985915492
gru_v2_quantile,4,3,896,136,39,0.788796439628483,0.4857113133668296,0.6945344129554656,0.15178571428571427
gru_v2_quantile,4,6,1208,73,31,0.8133727596403355,0.20599380250441315,0.7940031263322439,0.060430463576158944
gru_v2_quantile,4,7,1001,199,51,0.6664055940550634,0.39799725101924965,0.6029778494939123,0.19880119880119881
gru_v2_quantile,4,8,1096,43,17,0.8072616444709468,0.2171678119893295,0.7110217306295737,0.03923357664233577
gru_v2_quantile,4,9,1207,66,26,0.824980745226144,0.23081159518538247,0.7324883705251803,0.05468102734051367
gru_v2_quantile,6,1,251,153,7,0.553421368547419,0.6779102377516006,0.5131195335276968,0.6095617529880478
gru_v2_quantile,6,2,972,128,37,0.6495853080568721,0.2682481083415271,0.4972460612271039,0.13168724279835392
gru_v2_quantile,6,3,930,179,36,0.7807839082340864,0.5369401208405735,0.6485796715490457,0.1924731182795699
gru_v2_quantile,6,6,1210,84,29,0.8010234289097522,0.2085547898088332,0.7414099344643842,0.06942148760330578
gru_v2_quantile,6,7,1024,229,44,0.6976518085194034,0.4482757971251095,0.6514865637507147,0.2236328125
gru_v2_quantile,6,8,1071,56,17,0.8189479239971851,0.23783747446070277,0.7354969574036511,0.05228758169934641
gru_v2_quantile,6,9,1206,78,26,0.791553009638116,0.22744930997291943,0.6905687397708674,0.06467661691542288
gru_v2_quantile,8,1,291,196,9,0.5505907626208378,0.7374827951994192,0.4502923976608187,0.6735395189003437
gru_v2_quantile,8,2,941,133,36,0.6668651827588774,0.26867079874734,0.6446300880088008,0.14133900106269925
gru_v2_quantile,8,3,972,226,38,0.7577463285012693,0.5263562212740166,0.6450190489628898,0.23251028806584362
gru_v2_quantile,8,6,1215,94,26,0.7495397346594036,0.2092099835875324,0.6788924723804296,0.07736625514403292
gru_v2_quantile,8,7,1026,248,45,0.7207168919479228,0.4769029354317571,0.6242787774921451,0.24171539961013644
gru_v2_quantile,8,8,1068,82,17,0.721701380299807,0.1733637792352844,0.704868154158215,0.07677902621722846
gru_v2_quantile,8,9,1206,85,25,0.7601511255706564,0.1785878733853672,0.6703657448706513,0.07048092868988391
gru_v2_quantile,10,1,329,225,7,0.48636752136752137,0.7003045859566951,0.38873626373626374,0.6838905775075987
gru_v2_quantile,10,2,909,142,38,0.5972694052187965,0.22517057562190806,0.5584642832635696,0.1562156215621562
gru_v2_quantile,10,3,1011,265,36,0.7097627598765744,0.5025099813677637,0.622281799225499,0.26211671612265086
gru_v2_quantile,10,6,1218,104,31,0.7063337246236707,0.19662260201131793,0.6807204494121735,0.08538587848932677
gru_v2_quantile,10,7,1031,267,44,0.7425142655450321,0.4950457883069536,0.6311875297477392,0.25897187196896215
gru_v2_quantile,10,8,1062,102,16,0.7150428921568628,0.17146737593271436,0.7118489583333333,0.096045197740113
gru_v2_quantile,10,9,1205,88,25,0.7174249206478391,0.1619970499737767,0.6469829901521934,0.07302904564315353
gru_v2_quantile,12,1,368,269,10,0.44147797679396195,0.7138548381332992,0.3686868686868687,0.7309782608695652
gru_v2_quantile,12,2,883,148,38,0.5749402463688178,0.22310368315779033,0.587468671679198,0.16761041902604756
gru_v2_quantile,12,3,1047,298,38,0.6732645764822895,0.4759502944386321,0.5597287611552245,0.28462273161413565
gru_v2_quantile,12,6,1217,108,28,0.6952125705507131,0.19088372149378052,0.7238181115548112,0.08874281018898932
gru_v2_quantile,12,7,1043,290,45,0.7251774511150799,0.5255339629583355,0.6166740445624908,0.27804410354745923
gru_v2_quantile,12,8,1056,114,17,0.7212537713711029,0.21827254720573738,0.6855876108405146,0.10795454545454546
gru_v2_quantile,12,9,1202,88,25,0.7395340297045863,0.16125058526026986,0.6729982046678635,0.07321131447587355
gru_v2_quantile_lw,1,1,188,86,11,0.700296397628819,0.6779916712265117,0.37433155080213903,0.4574468085106383
gru_v2_quantile_lw,1,2,1022,89,43,0.8110601298216458,0.3659290227412436,0.7166928388045565,0.08708414872798434
gru_v2_quantile_lw,1,3,844,84,39,0.7814536340852131,0.3760451733397288,0.6991565452091768,0.0995260663507109
gru_v2_quantile_lw,1,6,1212,62,31,0.7760589060308556,0.18632807912383556,0.7487798036465638,0.05115511551155116
gru_v2_quantile_lw,1,7,951,110,51,0.7780780456166901,0.3965665821298761,0.7087734023454804,0.1156677181913775
gru_v2_quantile_lw,1,8,1144,48,17,0.8520377128953771,0.36043249551087725,0.6617647058823529,0.04195804195804196
gru_v2_quantile_lw,1,9,1197,46,26,0.8531144940127677,0.21340919926453672,0.7855376595602486,0.03842940685045948
gru_v2_quantile_lw,2,1,188,91,11,0.666024696952532,0.6660375451355506,0.4329896907216495,0.48404255319148937
gru_v2_quantile_lw,2,2,1010,90,43,0.8181521739130435,0.36153870523738507,0.7399393326592518,0.0891089108910891
gru_v2_quantile_lw,2,3,862,99,39,0.8153487694772098,0.44674278258652134,0.7309204556910979,0.1148491879350348
gru_v2_quantile_lw,2,6,1209,61,31,0.8047780887644942,0.16447886318753846,0.7907440710351804,0.050454921422663356
gru_v2_quantile_lw,2,7,967,141,51,0.7185959850943623,0.4242199422891672,0.6288752789251294,0.14581178903826267
gru_v2_quantile_lw,2,8,1129,48,17,0.8325431699044095,0.2630091883768342,0.6966860749850357,0.042515500442869794
gru_v2_quantile_lw,2,9,1204,53,26,0.8088782518892513,0.17651898929840945,0.7182049054334024,0.04401993355481727
gru_v2_quantile_lw,3,1,198,103,11,0.6362800204394481,0.6656692596803259,0.3712918660287081,0.5202020202020202
gru_v2_quantile_lw,3,2,1005,96,43,0.7621928859552622,0.3001147137113892,0.6714508660168342,0.0955223880597015
gru_v2_quantile_lw,3,3,879,115,39,0.8071477350330071,0.43748023990455015,0.6934823466237079,0.13083048919226395
gru_v2_quantile_lw,3,6,1208,68,31,0.793201754385965,0.18680249227341458,0.7902659875495189,0.056291390728476824
gru_v2_quantile_lw,3,7,984,166,51,0.6700444811028957,0.40076088399845977,0.6159211850999569,0.16869918699186992
gru_v2_quantile_lw,3,8,1111,46,17,0.8375382731169626,0.27917404908413934,0.740182270091135,0.041404140414041404
gru_v2_quantile_lw,3,9,1207,65,26,0.8175939647042975,0.2286810677280971,0.69581031927792,0.053852526926263466
gru_v2_quantile_lw,4,1,217,125,11,0.6261739130434782,0.6925288707017596,0.558300395256917,0.576036866359447
gru_v2_quantile_lw,4,2,994,119,43,0.7790924369747899,0.3609310467158894,0.7070564784053156,0.11971830985915492
gru_v2_quantile_lw,4,3,896,136,39,0.7904605263157894,0.49980409064887965,0.6858974358974359,0.15178571428571427
gru_v2_quantile_lw,4,6,1208,73,31,0.8095588679017561,0.19530397652231898,0.792809435839136,0.060430463576158944
gru_v2_quantile_lw,4,7,1001,199,51,0.6493565082269201,0.4026134133618915,0.5949342330448388,0.19880119880119881
gru_v2_quantile_lw,4,8,1096,43,17,0.7904326508977672,0.21003077125114564,0.7008547008547008,0.03923357664233577
gru_v2_quantile_lw,4,9,1207,66,26,0.8250869784612116,0.24509592008926462,0.7429043349288748,0.05468102734051367
gru_v2_quantile_lw,6,1,251,153,7,0.5578231292517006,0.6757390225981486,0.5524781341107872,0.6095617529880478
gru_v2_quantile_lw,6,2,972,128,37,0.7049115077014217,0.33215465682483425,0.5772383758165749,0.13168724279835392
gru_v2_quantile_lw,6,3,930,179,36,0.7577606022510024,0.5063922154268313,0.6108152093504956,0.1924731182795699
gru_v2_quantile_lw,6,6,1210,84,29,0.8051467478643323,0.20679672174143698,0.7509952838855883,0.06942148760330578
gru_v2_quantile_lw,6,7,1024,229,44,0.602768394166598,0.3765059205824972,0.5518010291595197,0.2236328125
gru_v2_quantile_lw,6,8,1071,56,17,0.8186136523574947,0.26534014876484774,0.7144016227180527,0.05228758169934641
gru_v2_quantile_lw,6,9,1206,78,26,0.7942921440261865,0.24682055782214635,0.6842607746863066,0.06467661691542288
gru_v2_quantile_lw,8,1,291,196,9,0.5635338345864662,0.7298663333999571,0.4666666666666667,0.6735395189003437
gru_v2_quantile_lw,8,2,941,133,36,0.7063295615275813,0.28935056446749385,0.6788710121012101,0.14133900106269925
gru_v2_quantile_lw,8,3,972,226,38,0.7275825049230112,0.5036017688941317,0.6486524622548328,0.23251028806584362
gru_v2_quantile_lw,8,6,1215,94,26,0.7272571981703266,0.2033451386837032,0.6444108968640637,0.07736625514403292
gru_v2_quantile_lw,8,7,1026,248,45,0.6675823036736048,0.4402468361505226,0.5715795487003713,0.24171539961013644
gru_v2_quantile_lw,8,8,1068,82,17,0.6999208430218177,0.19044945422690288,0.6669251879250686,0.07677902621722846
gru_v2_quantile_lw,8,9,1206,85,25,0.770121215301464,0.18242884265803563,0.6768956289027653,0.07048092868988391
gru_v2_quantile_lw,10,1,329,225,7,0.5161111111111111,0.7178645474987096,0.33516483516483514,0.6838905775075987
gru_v2_quantile_lw,10,2,909,142,38,0.6280827074572598,0.23044812447548862,0.5840938722294654,0.1562156215621562
gru_v2_quantile_lw,10,3,1011,265,36,0.6980676817239112,0.501682861049295,0.6350908549299971,0.26211671612265086
gru_v2_quantile_lw,10,6,1218,104,31,0.697262118491921,0.21785632958005627,0.6791857300052122,0.08538587848932677
gru_v2_quantile_lw,10,7,1031,267,44,0.6709218189305253,0.47261662874511057,0.5908495954307472,0.25897187196896215
gru_v2_quantile_lw,10,8,1062,102,16,0.6685559640522876,0.15871855341036564,0.7129557291666667,0.096045197740113
gru_v2_quantile_lw,10,9,1205,88,25,0.7572739480752014,0.17386575856981878,0.6646016114592659,0.07302904564315353
gru_v2_quantile_lw,12,1,368,269,10,0.48428523149712743,0.727282982823876,0.3393939393939394,0.7309782608695652
gru_v2_quantile_lw,12,2,883,148,38,0.6068670711527855,0.23065195393664814,0.6010025062656642,0.16761041902604756
gru_v2_quantile_lw,12,3,1047,298,38,0.6769652601679197,0.4899457008665493,0.5536153467781604,0.28462273161413565
gru_v2_quantile_lw,12,6,1217,108,28,0.667459840363357,0.1846025241395803,0.6844003606853021,0.08874281018898932
gru_v2_quantile_lw,12,7,1043,290,45,0.6944955808948116,0.48918473024276055,0.6034528552456839,0.27804410354745923
gru_v2_quantile_lw,12,8,1056,114,17,0.6854955860990055,0.20974912816632013,0.6577994255026851,0.10795454545454546
gru_v2_quantile_lw,12,9,1202,88,25,0.7795311734943692,0.1725315436292943,0.7023698384201077,0.07321131447587355
gru_v2_shuffled,1,1,188,86,11,0.710328317373461,0.6977499987151969,0.410873440285205,0.4574468085106383
gru_v2_shuffled,1,2,1022,89,43,0.8031359514433325,0.3400375218825813,0.6996934120990055,0.08708414872798434
gru_v2_shuffled,1,3,844,84,39,0.774639724310777,0.3606292686853631,0.6786774628879892,0.0995260663507109
gru_v2_shuffled,1,6,1212,62,31,0.7714025245441796,0.1590490452533078,0.7276297335203366,0.05115511551155116
gru_v2_shuffled,1,7,951,110,51,0.774910820451843,0.36702027684326094,0.6892821337809797,0.1156677181913775
gru_v2_shuffled,1,8,1144,48,17,0.8467343369829684,0.3977893374102368,0.6279519106912839,0.04195804195804196
gru_v2_shuffled,1,9,1197,46,26,0.8634268877724474,0.23820616008222617,0.7955958029806857,0.03842940685045948
gru_v2_shuffled,2,1,188,91,11,0.66024696952532,0.6496563642015614,0.41705716963448924,0.48404255319148937
gru_v2_shuffled,2,2,1010,90,43,0.7766183574879227,0.28983008734483695,0.6910768452982811,0.0891089108910891
gru_v2_shuffled,2,3,862,99,39,0.7863960707997405,0.36151469379634504,0.7006418657794805,0.1148491879350348
gru_v2_shuffled,2,6,1209,61,31,0.8135317301650768,0.16142834006896625,0.7929077217039452,0.050454921422663356
gru_v2_shuffled,2,7,967,141,51,0.716526711658338,0.3867940647263029,0.6030954754783269,0.14581178903826267
gru_v2_shuffled,2,8,1129,48,17,0.8421600370027752,0.3002280538812926,0.682320291668934,0.042515500442869794
gru_v2_shuffled,2,9,1204,53,26,0.8219431831221415,0.18579771745296683,0.7439350397647531,0.04401993355481727
gru_v2_shuffled,3,1,198,103,11,0.6407766990291263,0.6799831832142587,0.40574162679425835,0.5202020202020202
gru_v2_shuffled,3,2,1005,96,43,0.6967363403006968,0.2264181612112076,0.6020415995087881,0.0955223880597015
gru_v2_shuffled,3,3,879,115,39,0.7478033234691555,0.3228108644891064,0.6407235870586656,0.13083048919226395
gru_v2_shuffled,3,6,1208,68,31,0.8197884416924665,0.22238007309591473,0.8022920203735144,0.056291390728476824
gru_v2_shuffled,3,7,984,166,51,0.6851120864877603,0.3893292930704908,0.6061891749364783,0.16869918699186992
gru_v2_shuffled,3,8,1111,46,17,0.8667891406409471,0.3932197932631969,0.7453189726594863,0.041404140414041404
gru_v2_shuffled,3,9,1207,65,26,0.8326148457496969,0.21612567298682897,0.7233935066684629,0.053852526926263466
gru_v2_shuffled,4,1,217,125,11,0.579391304347826,0.6558882184148009,0.4901185770750988,0.576036866359447
gru_v2_shuffled,4,2,994,119,43,0.6767635054021609,0.22283333783018652,0.6127840531561461,0.11971830985915492
gru_v2_shuffled,4,3,896,136,39,0.7294407894736842,0.4023100834478095,0.6249662618083671,0.15178571428571427
gru_v2_shuffled,4,6,1208,73,31,0.8154848832297387,0.21825405624832966,0.7977547250248685,0.060430463576158944
gru_v2_shuffled,4,7,1001,199,51,0.6682351909171794,0.4049630402632126,0.5791403843332844,0.19880119880119881
gru_v2_shuffled,4,8,1096,43,17,0.8237593586430796,0.2707005472037494,0.6980615608066588,0.03923357664233577
gru_v2_shuffled,4,9,1207,66,26,0.8204127161182376,0.21355135607636505,0.7273646598799973,0.05468102734051367
gru_v2_shuffled,6,1,251,153,7,0.5367480325463518,0.6661457732696914,0.4358600583090379,0.6095617529880478
gru_v2_shuffled,6,2,972,128,37,0.5680168838862559,0.17168960356417606,0.43928525682080183,0.13168724279835392
gru_v2_shuffled,6,3,930,179,36,0.7058521598762172,0.3991520062887834,0.5682053558218672,0.1924731182795699
gru_v2_shuffled,6,6,1210,84,29,0.8156664975048634,0.22931953222734852,0.7619587186868377,0.06942148760330578
gru_v2_shuffled,6,7,1024,229,44,0.703150146933619,0.45709809969878307,0.6265294453973699,0.2236328125
gru_v2_shuffled,6,8,1071,56,17,0.8246481351161155,0.2682657377839285,0.6955665024630542,0.05228758169934641
gru_v2_shuffled,6,9,1206,78,26,0.7964402618657938,0.21922110817845372,0.7063897981451173,0.06467661691542288
gru_v2_shuffled,8,1,291,196,9,0.5609559613319012,0.750188111421485,0.512280701754386,0.6735395189003437
gru_v2_shuffled,8,2,941,133,36,0.5136417777116058,0.13866446012723674,0.4471603410341034,0.14133900106269925
gru_v2_shuffled,8,3,972,226,38,0.6854077202306105,0.4189671378674298,0.5523140962325385,0.23251028806584362
gru_v2_shuffled,8,6,1215,94,26,0.7319073016114032,0.18785531578165043,0.6534687435668702,0.07736625514403292
gru_v2_shuffled,8,7,1026,248,45,0.7094079111037399,0.4875888686762172,0.581348186232505,0.24171539961013644
gru_v2_shuffled,8,8,1068,82,17,0.6987953297382873,0.2188726482271074,0.6677007517002744,0.07677902621722846
gru_v2_shuffled,8,9,1206,85,25,0.7701317101327596,0.16363677926576067,0.6859946476360392,0.07048092868988391
gru_v2_shuffled,10,1,329,225,7,0.507991452991453,0.7161928361600717,0.43131868131868134,0.6838905775075987
gru_v2_shuffled,10,2,909,142,38,0.44319371247038947,0.13464889531013954,0.42938996774857613,0.1562156215621562
gru_v2_shuffled,10,3,1011,265,36,0.6427892154383125,0.4250997901711936,0.5560768543342269,0.26211671612265086
gru_v2_shuffled,10,6,1218,104,31,0.6800856235326612,0.17596616607245366,0.6580471419470667,0.08538587848932677
gru_v2_shuffled,10,7,1031,267,44,0.7270525717199051,0.4798876273763673,0.5745180866254165,0.25897187196896215
gru_v2_shuffled,10,8,1062,102,16,0.7132863562091504,0.22334232756857586,0.6708333333333333,0.096045197740113
gru_v2_shuffled,10,9,1205,88,25,0.7433669732237324,0.15089631617792598,0.6535720680393913,0.07302904564315353
gru_v2_shuffled,12,1,368,269,10,0.4875896511584244,0.7392851118407394,0.2878787878787879,0.7309782608695652
gru_v2_shuffled,12,2,883,148,38,0.4408714837286266,0.1478468583641114,0.4683136412459721,0.16761041902604756
gru_v2_shuffled,12,3,1047,298,38,0.6206440802501769,0.418166218545831,0.5105403696156279,0.28462273161413565
gru_v2_shuffled,12,6,1217,108,28,0.6259977290184684,0.13892795982194842,0.6518098673193353,0.08874281018898932
gru_v2_shuffled,12,7,1043,290,45,0.7201263909877731,0.48357541491044115,0.5811420982735723,0.27804410354745923
gru_v2_shuffled,12,8,1056,114,17,0.7007207509218907,0.22986231710712463,0.6685400274759585,0.10795454545454546
gru_v2_shuffled,12,9,1202,88,25,0.7283846091072302,0.14551443846537054,0.6857450628366247,0.07321131447587355
lgbm_v2,1,1,188,86,11,0.7461240310077519,0.7201442285358585,0.40819964349376114,0.4574468085106383
lgbm_v2,1,2,1022,89,43,0.8004022303310573,0.2997495390316267,0.726388992746579,0.08708414872798434
lgbm_v2,1,3,844,84,39,0.8037907268170426,0.394528077471003,0.7087719298245614,0.0995260663507109
lgbm_v2,1,6,1212,62,31,0.8069565217391305,0.20305918265348455,0.7509396914446003,0.05115511551155116
lgbm_v2,1,7,951,110,51,0.7846394984326018,0.3811114209891574,0.7086335128581753,0.1156677181913775
lgbm_v2,1,8,1144,48,17,0.866959397810219,0.395280553712722,0.6926792614856161,0.04195804195804196
lgbm_v2,1,9,1197,46,26,0.8298266157972274,0.16166569594923746,0.7619795495555705,0.03842940685045948
lgbm_v2,2,1,188,91,11,0.7296929874249461,0.7283279091699137,0.4076850984067479,0.48404255319148937
lgbm_v2,2,2,1010,90,43,0.7678381642512078,0.28134710281792535,0.6824317492416583,0.0891089108910891
lgbm_v2,2,3,862,99,39,0.8380925903861683,0.47668833566520963,0.7518903115233391,0.1148491879350348
lgbm_v2,2,6,1209,61,31,0.8099902895984463,0.1780788165241973,0.7825390581094751,0.050454921422663356
lgbm_v2,2,7,967,141,51,0.7174110899318256,0.3876405179558622,0.6102169681431895,0.14581178903826267
lgbm_v2,2,8,1129,48,17,0.8301341350601296,0.304211861706151,0.6750285683190945,0.042515500442869794
lgbm_v2,2,9,1204,53,26,0.7887972722652984,0.13107202325937878,0.7077123571476308,0.04401993355481727
lgbm_v2,3,1,198,103,11,0.6756259580991313,0.7162159671454502,0.4047846889952153,0.5202020202020202
lgbm_v2,3,2,1005,96,43,0.7108658782544921,0.2305434589092782,0.6079259088699568,0.0955223880597015
lgbm_v2,3,3,879,115,39,0.8134304575460961,0.44918335799039877,0.6702913142703718,0.13083048919226395
lgbm_v2,3,6,1208,68,31,0.7960139318885449,0.1880298914368084,0.7666666666666667,0.056291390728476824
lgbm_v2,3,7,984,166,51,0.6675258491177424,0.34180580524589604,0.6004122920561867,0.16869918699186992
lgbm_v2,3,8,1111,46,17,0.8524596856501326,0.3866613428271697,0.7474178403755869,0.041404140414041404
lgbm_v2,3,9,1207,65,26,0.8243028425165028,0.18081831400199808,0.7208338946517581,0.053852526926263466
lgbm_v2,4,1,217,125,11,0.5980869565217392,0.6814190071549364,0.44565217391304346,0.576036866359447
lgbm_v2,4,2,994,119,43,0.706093637454982,0.26738552000098254,0.6396279069767442,0.11971830985915492
lgbm_v2,4,3,896,136,39,0.8111745356037152,0.5624076564768314,0.6774291497975709,0.15178571428571427
lgbm_v2,4,6,1208,73,31,0.8078088226419649,0.26978088390607113,0.7707830041210744,0.060430463576158944
lgbm_v2,4,7,1001,199,51,0.6466685046178523,0.36779815908361074,0.5932472739719329,0.19880119880119881
lgbm_v2,4,8,1096,43,17,0.8266746173722918,0.22573551333249153,0.7182280319535221,0.03923357664233577
lgbm_v2,4,9,1207,66,26,0.8106790959551696,0.20109538116010012,0.7237915458774354,0.05468102734051367
lgbm_v2,6,1,251,153,7,0.5849673202614379,0.7090354196310933,0.4314868804664723,0.6095617529880478
lgbm_v2,6,2,972,128,37,0.6172569238744076,0.23865463066248438,0.4769277571410273,0.13168724279835392
lgbm_v2,6,3,930,179,36,0.7657871441430049,0.5370600433696618,0.5825935789317946,0.1924731182795699
lgbm_v2,6,6,1210,84,29,0.7986974541148608,0.2561791634300814,0.7466160347889998,0.06942148760330578
lgbm_v2,6,7,1024,229,44,0.6774051797533712,0.415489900491943,0.6259576901086336,0.2236328125
lgbm_v2,6,8,1071,56,17,0.8222026741731175,0.26459240491517594,0.7443639524775427,0.05228758169934641
lgbm_v2,6,9,1206,78,26,0.7835856519367158,0.2067986991186666,0.6921713038734315,0.06467661691542288
lgbm_v2,8,1,291,196,9,0.527389903329753,0.7178967394238429,0.45146198830409356,0.6735395189003437
lgbm_v2,8,2,941,133,36,0.5496771011687634,0.1781180706291175,0.4747318481848185,0.14133900106269925
lgbm_v2,8,3,972,226,38,0.7128520249590737,0.5128211121692832,0.5650134048257373,0.23251028806584362
lgbm_v2,8,6,1215,94,26,0.7352382940763376,0.2675487996737415,0.6750497495368146,0.07736625514403292
lgbm_v2,8,7,1026,248,45,0.7110249606103325,0.42943908615183357,0.6266495287060839,0.24171539961013644
lgbm_v2,8,8,1068,82,17,0.6904220056399347,0.1604615388771695,0.6805273833671399,0.07677902621722846
lgbm_v2,8,9,1206,85,25,0.7652621084116072,0.19325318517804724,0.6602676181980375,0.07048092868988391
lgbm_v2,10,1,329,225,7,0.505042735042735,0.7037174536023498,0.3804945054945055,0.6838905775075987
lgbm_v2,10,2,909,142,38,0.4910571643682171,0.16019309424090383,0.45923968983737046,0.1562156215621562
lgbm_v2,10,3,1011,265,36,0.6549142596995295,0.49266052311009195,0.511058981233244,0.26211671612265086
lgbm_v2,10,6,1218,104,31,0.6974606407954702,0.24019436109706668,0.6475357618578792,0.08538587848932677
lgbm_v2,10,7,1031,267,44,0.7300870639449379,0.4615268723200203,0.6481437410756783,0.25897187196896215
lgbm_v2,10,8,1062,102,16,0.7173611111111111,0.20793543261067987,0.7391276041666667,0.096045197740113
lgbm_v2,10,9,1205,88,25,0.7600716204118174,0.16025727353879737,0.6527126230975828,0.07302904564315353
lgbm_v2,12,1,368,269,10,0.45976493560136683,0.7398325999561193,0.3414141414141414,0.7309782608695652
lgbm_v2,12,2,883,148,38,0.4586826622540908,0.1533749448354988,0.47554600787683493,0.16761041902604756
lgbm_v2,12,3,1047,298,38,0.6273330884131862,0.4567284746920851,0.4969784273768533,0.28462273161413565
lgbm_v2,12,6,1217,108,28,0.7155178171859867,0.2120804532258348,0.7011142599510498,0.08874281018898932
lgbm_v2,12,7,1043,290,45,0.715634015661492,0.46608084749765416,0.5998524420835177,0.27804410354745923
lgbm_v2,12,8,1056,114,17,0.7239263232390957,0.28487116268920665,0.6888347695766205,0.10795454545454546
lgbm_v2,12,9,1202,88,25,0.7450526358740003,0.13784081167756151,0.666032315978456,0.07321131447587355
lgbm_v2_noclimate,1,1,188,86,11,0.7534199726402189,0.7277080648360285,0.4447415329768271,0.4574468085106383
lgbm_v2_noclimate,1,2,1022,89,43,0.7959343425220082,0.29260998124109994,0.7201575313442509,0.08708414872798434
lgbm_v2_noclimate,1,3,844,84,39,0.7995614035087719,0.36937770956858607,0.7012483130904184,0.0995260663507109
lgbm_v2_noclimate,1,6,1212,62,31,0.8061150070126227,0.2119780695081643,0.7524544179523142,0.05115511551155116
lgbm_v2_noclimate,1,7,951,110,51,0.7703923900118906,0.3646075702467208,0.6873003660441585,0.1156677181913775
lgbm_v2_noclimate,1,8,1144,48,17,0.8543187347931873,0.3966890617907079,0.6556462000858738,0.04195804195804196
lgbm_v2_noclimate,1,9,1197,46,26,0.8206663392890869,0.18288012264925232,0.7538261043908308,0.03842940685045948
lgbm_v2_noclimate,2,1,188,91,11,0.6842641894188286,0.6866479901339125,0.338331771321462,0.48404255319148937
lgbm_v2_noclimate,2,2,1010,90,43,0.7616062801932367,0.26240863292874245,0.6769969666329626,0.0891089108910891
lgbm_v2_noclimate,2,3,862,99,39,0.827965103194461,0.4318158989980108,0.7355916254998823,0.1148491879350348
lgbm_v2_noclimate,2,6,1209,61,31,0.8062917690066831,0.17473877025952547,0.7791952343486569,0.050454921422663356
lgbm_v2_noclimate,2,7,967,141,51,0.7048323115759105,0.3612063692387073,0.5920809001566728,0.14581178903826267
lgbm_v2_noclimate,2,8,1129,48,17,0.8142923219241444,0.29773550221734546,0.6352505849703434,0.042515500442869794
lgbm_v2_noclimate,2,9,1204,53,26,0.7927151123715227,0.141049503105805,0.7180378266390429,0.04401993355481727
lgbm_v2_noclimate,3,1,198,103,11,0.6413898824731732,0.689649102189584,0.4,0.5202020202020202
lgbm_v2_noclimate,3,2,1005,96,43,0.7062018701870187,0.2183845754259705,0.605060506050605,0.0955223880597015
lgbm_v2_noclimate,3,3,879,115,39,0.778317778283633,0.3357615999151738,0.6384414015304067,0.13083048919226395
lgbm_v2_noclimate,3,6,1208,68,31,0.7987874097007224,0.19626939405075294,0.7715902659875495,0.056291390728476824
lgbm_v2_noclimate,3,7,984,166,51,0.657782720122544,0.31634872560806365,0.600819790018697,0.16869918699186992
lgbm_v2_noclimate,3,8,1111,46,17,0.8497040212288222,0.3760967452969407,0.7295774647887324,0.041404140414041404
lgbm_v2_noclimate,3,9,1207,65,26,0.8215950424356729,0.19573855191154063,0.7206991782298262,0.053852526926263466
lgbm_v2_noclimate,4,1,217,125,11,0.5646086956521739,0.6544335913343005,0.45948616600790515,0.576036866359447
lgbm_v2_noclimate,4,2,994,119,43,0.7015414165666266,0.256163535018551,0.6339933554817275,0.11971830985915492
lgbm_v2_noclimate,4,3,896,136,39,0.7675793343653251,0.45336074806432725,0.6464237516869096,0.15178571428571427
lgbm_v2_noclimate,4,6,1208,73,31,0.8112606360509323,0.29165551218707436,0.7882052010800057,0.060430463576158944
lgbm_v2_noclimate,4,7,1001,199,51,0.6448201105277008,0.3502517871898205,0.5985770866950272,0.19880119880119881
lgbm_v2_noclimate,4,8,1096,43,17,0.8111707414032996,0.22247475641607545,0.6802413273001509,0.03923357664233577
lgbm_v2_noclimate,4,9,1207,66,26,0.8092847847449074,0.22354183260954155,0.720690352592193,0.05468102734051367
lgbm_v2_noclimate,6,1,251,153,7,0.5556889422435641,0.705246170805162,0.43440233236151604,0.6095617529880478
lgbm_v2_noclimate,6,2,972,128,37,0.6029833752962085,0.21027491620722333,0.46626425003202254,0.13168724279835392
lgbm_v2_noclimate,6,3,930,179,36,0.7142134509666813,0.430885765604429,0.5427208166888593,0.1924731182795699
lgbm_v2_noclimate,6,6,1210,84,29,0.8117229129662522,0.28738458175806614,0.749402829668647,0.06942148760330578
lgbm_v2_noclimate,6,7,1024,229,44,0.6695559034357749,0.40574442617917317,0.6084905660377359,0.2236328125
lgbm_v2_noclimate,6,8,1071,56,17,0.8010555946516538,0.23664684795847885,0.6698348304839177,0.05228758169934641
lgbm_v2_noclimate,6,9,1206,78,26,0.7722995090016367,0.21393284789781208,0.6823172394980905,0.06467661691542288
lgbm_v2_noclimate,8,1,291,196,9,0.5229323308270677,0.7329228394424095,0.47251461988304094,0.6735395189003437
lgbm_v2_noclimate,8,2,941,133,36,0.5411393582967319,0.16842080741426843,0.4685437293729373,0.14133900106269925
lgbm_v2_noclimate,8,3,972,226,38,0.6635151486393509,0.43075467183946403,0.539650063496543,0.23251028806584362
lgbm_v2_noclimate,8,6,1215,94,26,0.7471008028545941,0.29560983178525174,0.6860632676868181,0.07736625514403292
lgbm_v2_noclimate,8,7,1026,248,45,0.688484741686707,0.41884343106608135,0.5884604398743216,0.24171539961013644
lgbm_v2_noclimate,8,8,1068,82,17,0.6721169544352644,0.17355233190435476,0.6484309748240067,0.07677902621722846
lgbm_v2_noclimate,8,9,1206,85,25,0.7588287768274125,0.17605554055270184,0.6426404995539696,0.07048092868988391
lgbm_v2_noclimate,10,1,329,225,7,0.49444444444444446,0.6942303975612596,0.385989010989011,0.6838905775075987
lgbm_v2_noclimate,10,2,909,142,38,0.47818921350790533,0.15032642960453665,0.4495985727029438,0.1562156215621562
lgbm_v2_noclimate,10,3,1011,265,36,0.6078911426981638,0.3781371971159295,0.5049895740244266,0.26211671612265086
lgbm_v2_noclimate,10,6,1218,104,31,0.7155348018229526,0.24716415570184805,0.6573811316383854,0.08538587848932677
lgbm_v2_noclimate,10,7,1031,267,44,0.6860746710590819,0.4154779430681101,0.5776713469776297,0.25897187196896215
lgbm_v2_noclimate,10,8,1062,102,16,0.6783803104575163,0.18443401035446885,0.6610677083333333,0.096045197740113
lgbm_v2_noclimate,10,9,1205,88,25,0.7594205257589322,0.16165482104813342,0.6589794091316025,0.07302904564315353
lgbm_v2_noclimate,12,1,368,269,10,0.4798167549096917,0.7516263484182519,0.35353535353535354,0.7309782608695652
lgbm_v2_noclimate,12,2,883,148,38,0.4592342342342342,0.1523109502815512,0.4779627640529896,0.16761041902604756
lgbm_v2_noclimate,12,3,1047,298,38,0.5499502692628202,0.34669253548444945,0.4823975827419015,0.28462273161413565
lgbm_v2_noclimate,12,6,1217,108,28,0.7321661156196774,0.22622966032943165,0.7159281205719439,0.08874281018898932
lgbm_v2_noclimate,12,7,1043,290,45,0.6641800613637404,0.42060772221997433,0.5673897004574295,0.27804410354745923
lgbm_v2_noclimate,12,8,1056,114,17,0.6649160055127202,0.22621202956243958,0.6281378793555639,0.10795454545454546
lgbm_v2_noclimate,12,9,1202,88,25,0.7422270279092541,0.145896380867689,0.651705565529623,0.07321131447587355
onset_lgbm,1,1,188,86,11,0.6644436844505244,0.5835950799004304,0.4919786096256685,0.4574468085106383
onset_lgbm,1,2,1022,89,43,0.816660043113311,0.27034486215058573,0.7834691791919041,0.08708414872798434
onset_lgbm,1,3,844,84,39,0.7702850877192983,0.23698861028257368,0.7024797570850202,0.0995260663507109
onset_lgbm,1,6,1212,62,31,0.7616339410939691,0.17933972991809263,0.7676998597475456,0.05115511551155116
onset_lgbm,1,7,951,110,51,0.7265052426764674,0.25678726917336164,0.6708050639994404,0.1156677181913775
onset_lgbm,1,8,1144,48,17,0.8389598540145985,0.26476373866616604,0.760492700729927,0.04195804195804196
onset_lgbm,1,9,1197,46,26,0.8086824311562725,0.15734675367127277,0.7383211922742765,0.03842940685045948
onset_lgbm,2,1,188,91,11,0.6783731732185341,0.6446279919330572,0.4873477038425492,0.48404255319148937
onset_lgbm,2,2,1010,90,43,0.8145289855072464,0.2829028440818926,0.7740394337714863,0.0891089108910891
onset_lgbm,2,3,862,99,39,0.8434939168884124,0.4135100353859635,0.7845044863393488,0.1148491879350348
onset_lgbm,2,6,1209,61,31,0.780794824927172,0.12487893274331797,0.7703439361582556,0.050454921422663356
onset_lgbm,2,7,967,141,51,0.7004705235862827,0.2949313693758965,0.6119854721549637,0.14581178903826267
onset_lgbm,2,8,1129,48,17,0.835395467160037,0.23430990191690756,0.7170103934265658,0.042515500442869794
onset_lgbm,2,9,1204,53,26,0.7516679507565202,0.11478381961836645,0.6634698924012564,0.04401993355481727
onset_lgbm,3,1,198,103,11,0.5912110373019929,0.6178373426719569,0.3751196172248804,0.5202020202020202
onset_lgbm,3,2,1005,96,43,0.7999862486248625,0.2714055028838399,0.7478701358507944,0.0955223880597015
onset_lgbm,3,3,879,115,39,0.7850443888003642,0.2902085264389252,0.6965532286212914,0.13083048919226395
onset_lgbm,3,6,1208,68,31,0.7677760577915377,0.15151200601103235,0.7657328805885681,0.056291390728476824
onset_lgbm,3,7,984,166,51,0.6394489940200901,0.29446614221999373,0.5975358358502325,0.16869918699186992
onset_lgbm,3,8,1111,46,17,0.8563584404980609,0.2685175941730638,0.8323667495167081,0.041404140414041404
onset_lgbm,3,9,1207,65,26,0.6633638690556379,0.08935364054938044,0.5919439579684763,0.053852526926263466
onset_lgbm,4,1,217,125,11,0.5761739130434783,0.6337005065796881,0.5148221343873518,0.576036866359447
onset_lgbm,4,2,994,119,43,0.8022376950780312,0.3217838800397909,0.7830431893687707,0.11971830985915492
onset_lgbm,4,3,896,136,39,0.7837412925696594,0.4276547802302642,0.6724021592442645,0.15178571428571427
onset_lgbm,4,6,1208,73,31,0.7003379397743045,0.11172492513785776,0.712150063947705,0.060430463576158944
onset_lgbm,4,7,1001,199,51,0.5677890700384717,0.2529763120647553,0.5199501246882793,0.19880119880119881
onset_lgbm,4,8,1096,43,17,0.8141522560127211,0.20647676250442423,0.7515781241271438,0.03923357664233577
onset_lgbm,4,9,1207,66,26,0.7285740844023053,0.1389861187146828,0.6338906492280726,0.05468102734051367
onset_lgbm,6,1,251,153,7,0.5248766173135921,0.634095647981732,0.5524781341107872,0.6095617529880478
onset_lgbm,6,2,972,128,37,0.7614225414691943,0.30589867252574954,0.7102280005123607,0.13168724279835392
onset_lgbm,6,3,930,179,36,0.7147713662974507,0.41567428111683535,0.5843135079153721,0.1924731182795699
onset_lgbm,6,6,1210,84,29,0.7842869829992388,0.170355153534285,0.7321767624180805,0.06942148760330578
onset_lgbm,6,7,1024,229,44,0.5851088956633984,0.274396814541255,0.568767867352773,0.2236328125
onset_lgbm,6,8,1071,56,17,0.7915288529204786,0.3034896692160761,0.7491741524195885,0.05228758169934641
onset_lgbm,6,9,1206,78,26,0.6767025822876886,0.11955585552512554,0.6351268412438625,0.06467661691542288
onset_lgbm,8,1,291,196,9,0.47024704618689583,0.6565882498218905,0.4023391812865497,0.6735395189003437
onset_lgbm,8,2,941,133,36,0.7578724037817316,0.3290932175404476,0.7339796479647965,0.14133900106269925
onset_lgbm,8,3,972,226,38,0.6941060286127785,0.48815807076802964,0.5870960914350218,0.23251028806584362
onset_lgbm,8,6,1215,94,26,0.716552470248828,0.1548751432860424,0.6651169971865779,0.07736625514403292
onset_lgbm,8,7,1026,248,45,0.6072668753627996,0.3024473953613313,0.5278063410454156,0.24171539961013644
onset_lgbm,8,8,1068,82,17,0.6938170979072874,0.30771860861360784,0.7119675456389453,0.07677902621722846
onset_lgbm,8,9,1206,85,25,0.6721362229102167,0.1297854154913,0.6288314005352365,0.07048092868988391
onset_lgbm,10,1,329,225,7,0.5462179487179487,0.7079906528127654,0.5068681318681318,0.6838905775075987
onset_lgbm,10,2,909,142,38,0.7450832767137374,0.3412198485360831,0.7155698895217183,0.1562156215621562
onset_lgbm,10,3,1011,265,36,0.5128458697961454,0.34634025040435235,0.4748473339291034,0.26211671612265086
onset_lgbm,10,6,1218,104,31,0.6571476660682226,0.14461153675185295,0.5837146001042451,0.08538587848932677
onset_lgbm,10,7,1031,267,44,0.6123080769457027,0.3183999215015474,0.5543193717277487,0.25897187196896215
onset_lgbm,10,8,1062,102,16,0.6236468545751634,0.2883371322137384,0.6923828125,0.096045197740113
onset_lgbm,10,9,1205,88,25,0.6154472206397005,0.09904774557261371,0.5263742166517458,0.07302904564315353
onset_lgbm,12,1,368,269,10,0.5237129660921482,0.7496437865586323,0.3696969696969697,0.7309782608695652
onset_lgbm,12,2,883,148,38,0.7414414414414414,0.2952617394665863,0.731829573934837,0.16761041902604756
onset_lgbm,12,3,1047,298,38,0.47273769948297956,0.29567536051026255,0.5206239898812451,0.28462273161413565
onset_lgbm,12,6,1217,108,28,0.6282895835420632,0.12431946828964867,0.6223431663016875,0.08874281018898932
onset_lgbm,12,7,1043,290,45,0.5620895727435087,0.29387663283703813,0.5043824701195219,0.27804410354745923
onset_lgbm,12,8,1056,114,17,0.6023671173687936,0.2699108851877881,0.6735356563007369,0.10795454545454546
onset_lgbm,12,9,1202,88,25,0.47564570752407376,0.0726559251204576,0.4733393177737881,0.07321131447587355
onset_lgbm_noclimate,1,1,188,86,11,0.6255699954400364,0.5821635048337664,0.37967914438502676,0.4574468085106383
onset_lgbm_noclimate,1,2,1022,89,43,0.8072004046388959,0.22950431896800375,0.7711184226924899,0.08708414872798434
onset_lgbm_noclimate,1,3,844,84,39,0.7479558270676692,0.24443944991628905,0.6785087719298246,0.0995260663507109
onset_lgbm_noclimate,1,6,1212,62,31,0.7492706872370266,0.1303652199743021,0.7486115007012623,0.05115511551155116
onset_lgbm_noclimate,1,7,951,110,51,0.7094476272835369,0.2448341837929,0.6418246252127486,0.1156677181913775
onset_lgbm_noclimate,1,8,1144,48,17,0.8373346259124088,0.17811275151567252,0.6890832975525977,0.04195804195804196
onset_lgbm_noclimate,1,9,1197,46,26,0.8141124919729535,0.12610568275926298,0.7859553565461471,0.03842940685045948
onset_lgbm_noclimate,2,1,188,91,11,0.5928967939277218,0.5981665447840072,0.36785379568884724,0.48404255319148937
onset_lgbm_noclimate,2,2,1010,90,43,0.7955615942028985,0.2759141386125413,0.743680485338726,0.0891089108910891
onset_lgbm_noclimate,2,3,862,99,39,0.7946569230972901,0.2794733464198864,0.7305844003091709,0.1148491879350348
onset_lgbm_noclimate,2,6,1209,61,31,0.7806591649054664,0.12601880099151136,0.7857002360346184,0.050454921422663356
onset_lgbm_noclimate,2,7,967,141,51,0.6140075215084231,0.23740503365862214,0.5038693443479086,0.14581178903826267
onset_lgbm_noclimate,2,8,1129,48,17,0.8283129047178538,0.1767658867335099,0.7058551450182293,0.042515500442869794
onset_lgbm_noclimate,2,9,1204,53,26,0.7850515548415652,0.13893099859623437,0.7264920136336296,0.04401993355481727
onset_lgbm_noclimate,3,1,198,103,11,0.5974961676034747,0.5812637554784952,0.4444976076555024,0.5202020202020202
onset_lgbm_noclimate,3,2,1005,96,43,0.7705984140080675,0.24574714225649413,0.7053112287972984,0.0955223880597015
onset_lgbm_noclimate,3,3,879,115,39,0.7505463236967903,0.2548952863965167,0.6519667069405289,0.13083048919226395
onset_lgbm_noclimate,3,6,1208,68,31,0.71890479876161,0.12355304286599574,0.7459960384833051,0.056291390728476824
onset_lgbm_noclimate,3,7,984,166,51,0.58996008483813,0.24925894748406827,0.5643846780766096,0.16869918699186992
onset_lgbm_noclimate,3,8,1111,46,17,0.8509083486425801,0.1953561053544313,0.7740679370339685,0.041404140414041404
onset_lgbm_noclimate,3,9,1207,65,26,0.7167250437828371,0.10248834714174147,0.6355247204634245,0.053852526926263466
onset_lgbm_noclimate,4,1,217,125,11,0.5283913043478261,0.6093289909310544,0.48320158102766797,0.576036866359447
onset_lgbm_noclimate,4,2,994,119,43,0.7633709483793517,0.2556508081472646,0.7312292358803987,0.11971830985915492
onset_lgbm_noclimate,4,3,896,136,39,0.7034394349845201,0.24081104408529186,0.6040148448043184,0.15178571428571427
onset_lgbm_noclimate,4,6,1208,73,31,0.7309818357371312,0.12489759633482149,0.7326701719482734,0.060430463576158944
onset_lgbm_noclimate,4,7,1001,199,51,0.5288819408764521,0.2505343526609094,0.4476064740110508,0.19880119880119881
onset_lgbm_noclimate,4,8,1096,43,17,0.7737472117317079,0.20031733520998574,0.6751298810122339,0.03923357664233577
onset_lgbm_noclimate,4,9,1207,66,26,0.7230300374472154,0.13844929391765226,0.6631665880132138,0.05468102734051367
onset_lgbm_noclimate,6,1,251,153,7,0.5213085234093637,0.650464801461091,0.5196793002915452,0.6095617529880478
onset_lgbm_noclimate,6,2,972,128,37,0.7486300355450237,0.2764600955985414,0.6654284616369924,0.13168724279835392
onset_lgbm_noclimate,6,3,930,179,36,0.6172552053500361,0.24018305811563392,0.5121689599053114,0.1924731182795699
onset_lgbm_noclimate,6,6,1210,84,29,0.758648397191914,0.191611441071377,0.7299565137502296,0.06942148760330578
onset_lgbm_noclimate,6,7,1024,229,44,0.5496360989810771,0.28430568847467874,0.4897941680960549,0.2236328125
onset_lgbm_noclimate,6,8,1071,56,17,0.7742434904996481,0.2629063795473419,0.6469139379889887,0.05228758169934641
onset_lgbm_noclimate,6,9,1206,78,26,0.7295644662665939,0.13497180150431418,0.6914211674849973,0.06467661691542288
onset_lgbm_noclimate,8,1,291,196,9,0.5028732545649839,0.6850375586062989,0.4233918128654971,0.6735395189003437
onset_lgbm_noclimate,8,2,941,133,36,0.7570814412268294,0.29604189048546736,0.7102585258525853,0.14133900106269925
onset_lgbm_noclimate,8,3,972,226,38,0.5711997912168735,0.2618674267766158,0.4980245519966135,0.23251028806584362
onset_lgbm_noclimate,8,6,1215,94,26,0.687935354072162,0.1577769303585505,0.6610512591779318,0.07736625514403292
onset_lgbm_noclimate,8,7,1026,248,45,0.642473982088067,0.33750151133636846,0.5754070265638389,0.24171539961013644
onset_lgbm_noclimate,8,8,1068,82,17,0.666223470044031,0.22237817650727398,0.6237322515212982,0.07677902621722846
onset_lgbm_noclimate,8,9,1206,85,25,0.7273337881093561,0.16370707745785096,0.6709366636931311,0.07048092868988391
onset_lgbm_noclimate,10,1,329,225,7,0.5390384615384616,0.7347540818980682,0.5590659340659341,0.6838905775075987
onset_lgbm_noclimate,10,2,909,142,38,0.7478652882090456,0.3605420902263146,0.7117271666781033,0.1562156215621562
onset_lgbm_noclimate,10,3,1011,265,36,0.49849258940765845,0.260140151776874,0.49519660411081323,0.26211671612265086
onset_lgbm_noclimate,10,6,1218,104,31,0.6731114486949317,0.16094511763167454,0.5908235362251694,0.08538587848932677
onset_lgbm_noclimate,10,7,1031,267,44,0.6001112810557484,0.30090698618628586,0.5547507139457402,0.25897187196896215
onset_lgbm_noclimate,10,8,1062,102,16,0.6634548611111111,0.29012090136062585,0.5892578125,0.096045197740113
onset_lgbm_noclimate,10,9,1205,88,25,0.6835679986978107,0.14336046134999283,0.6190868397493285,0.07302904564315353
onset_lgbm_noclimate,12,1,368,269,10,0.5456986219068003,0.7675960452560036,0.33636363636363636,0.7309782608695652
onset_lgbm_noclimate,12,2,883,148,38,0.7391799963228535,0.30539473606955103,0.7150375939849624,0.16761041902604756
onset_lgbm_noclimate,12,3,1047,298,38,0.49692879096065445,0.2660187710965403,0.5827594687653713,0.28462273161413565
onset_lgbm_noclimate,12,6,1217,108,28,0.6417276158033597,0.1609275665819837,0.6705687234316631,0.08874281018898932
onset_lgbm_noclimate,12,7,1043,290,45,0.49240738196638734,0.271289898550734,0.40510550391028477,0.27804410354745923
onset_lgbm_noclimate,12,8,1056,114,17,0.6125358513055462,0.20476588592221565,0.5737791932059448,0.10795454545454546
onset_lgbm_noclimate,12,9,1202,88,25,0.6020585115064468,0.11818323381901077,0.6079712746858169,0.07321131447587355
persistence,1,1,188,86,11,0.6202690378476973,0.5553038106245909,0.5227272727272727,0.4574468085106383
persistence,1,2,1022,89,43,0.7563977504004239,0.26429357594751146,0.7103242852513771,0.08708414872798434
persistence,1,3,844,84,39,0.7166901629072682,0.23311833519218,0.6685728744939271,0.0995260663507109
persistence,1,6,1212,62,31,0.6799579242636746,0.11908009657336843,0.7058345021037868,0.05115511551155116
persistence,1,7,951,110,51,0.7421684142254892,0.2999727806056301,0.7202559977617682,0.1156677181913775
persistence,1,8,1144,48,17,0.7796627889294404,0.24772491205771727,0.5931462000858738,0.04195804195804196
persistence,1,9,1197,46,26,0.8468722849695917,0.2132635036234267,0.8043173160462475,0.03842940685045948
persistence,2,1,188,91,11,0.6473886937804464,0.6424126512532972,0.598875351452671,0.48404255319148937
persistence,2,2,1010,90,43,0.7438466183574879,0.2578214770572885,0.6857178968655208,0.0891089108910891
persistence,2,3,862,99,39,0.7693315858453473,0.286392368592401,0.7197466142420271,0.1148491879350348
persistence,2,6,1209,61,31,0.7389044382247101,0.15143418291558788,0.7472041137462065,0.050454921422663356
persistence,2,7,967,141,51,0.6697491113286281,0.2943850756085671,0.5860276313915397,0.14581178903826267
persistence,2,8,1129,48,17,0.7406433086648165,0.17349113296160718,0.5379550525112913,0.042515500442869794
persistence,2,9,1204,53,26,0.7896251004048981,0.16698629360670567,0.7176535454120163,0.04401993355481727
persistence,3,1,198,103,11,0.6027082268778743,0.6226882856328566,0.4368421052631579,0.5202020202020202
persistence,3,2,1005,96,43,0.6822171800513385,0.2100149781867194,0.591999897664185,0.0955223880597015
persistence,3,3,879,115,39,0.7108752560892329,0.2578614252882988,0.6005336286749899,0.13083048919226395
persistence,3,6,1208,68,31,0.7251676986584107,0.15923400705043436,0.7256649688737974,0.056291390728476824
persistence,3,7,984,166,51,0.603919344861107,0.264224201707561,0.5430150055132077,0.16869918699186992
persistence,3,8,1111,46,17,0.7649316186976934,0.18182387817866247,0.676083954708644,0.041404140414041404
persistence,3,9,1207,65,26,0.7542031523642732,0.14929854937132697,0.650410885086892,0.053852526926263466
persistence,4,1,217,125,11,0.6178260869565217,0.6706346906837448,0.583498023715415,0.576036866359447
persistence,4,2,994,119,43,0.671078031212485,0.2300297336503856,0.6135548172757475,0.11971830985915492
persistence,4,3,896,136,39,0.6795085139318885,0.26935073203036003,0.5790485829959514,0.15178571428571427
persistence,4,6,1208,73,31,0.7100175004525979,0.14638205976832142,0.7020747477618303,0.060430463576158944
persistence,4,7,1001,199,51,0.554678003483753,0.2637492028894314,0.4938389320815608,0.19880119880119881
persistence,4,8,1096,43,17,0.6852072704785883,0.15210095459991438,0.5480140774258422,0.03923357664233577
persistence,4,9,1207,66,26,0.7662669641197248,0.15058914710996602,0.717774556731612,0.05468102734051367
persistence,6,1,251,153,7,0.6030745631585968,0.6894711253009066,0.5153061224489796,0.6095617529880478
persistence,6,2,972,128,37,0.5751999407582938,0.17373427230634114,0.44793134366594084,0.13168724279835392
persistence,6,3,930,179,36,0.6464713715046605,0.29569735206573755,0.4947292498890368,0.1924731182795699
persistence,6,6,1210,84,29,0.7140795483379853,0.16888109941969393,0.6536718319348319,0.06942148760330578
persistence,6,7,1024,229,44,0.5333003762599214,0.26947696317054987,0.4985991995425958,0.2236328125
persistence,6,8,1071,56,17,0.7194229415904293,0.1344310034490229,0.5528542451463344,0.05228758169934641
persistence,6,9,1206,78,26,0.7120726495726496,0.14366273730441229,0.6367805510092744,0.06467661691542288
persistence,8,1,291,196,9,0.6403061224489796,0.7723732070921777,0.6128654970760234,0.6735395189003437
persistence,8,2,941,133,36,0.5174570088587807,0.15103935768113438,0.45281559405940597,0.14133900106269925
persistence,8,3,972,226,38,0.5995693848015374,0.30671356228039753,0.4997707069281784,0.23251028806584362
persistence,8,6,1215,94,26,0.6273321692258053,0.14662391845062592,0.5127118644067796,0.07736625514403292
persistence,8,7,1026,248,45,0.5397602413135417,0.2860713996509703,0.4413310482719223,0.24171539961013644
persistence,8,8,1068,82,17,0.5662383119774402,0.13800191096161257,0.5598675575706956,0.07677902621722846
persistence,8,9,1206,85,25,0.6863094925749068,0.1183038740662068,0.5706333630686887,0.07048092868988391
persistence,10,1,329,225,7,0.6322435897435897,0.7737716800190813,0.5721153846153846,0.6838905775075987
persistence,10,2,909,142,38,0.4507868593569238,0.13442116316038855,0.43414190626501065,0.1562156215621562
persistence,10,3,1011,265,36,0.5802114421569123,0.32078227029595485,0.4957737563300566,0.26211671612265086
persistence,10,6,1218,104,31,0.5843072434746582,0.1240592067672519,0.5517171483176,0.08538587848932677
persistence,10,7,1031,267,44,0.5378747769476636,0.2907922822716115,0.48429319371727747,0.25897187196896215
persistence,10,8,1062,102,16,0.4946537990196078,0.12023536840451254,0.5326822916666667,0.096045197740113
persistence,10,9,1205,88,25,0.64816472694718,0.10966562587766557,0.5477529095792301,0.07302904564315353
persistence,12,1,368,269,10,0.632702489579813,0.8116402162741527,0.44646464646464645,0.7309782608695652
persistence,12,2,883,148,38,0.44635502849788566,0.14399013197938298,0.4646795560329395,0.16761041902604756
persistence,12,3,1047,298,38,0.555586419476528,0.32422760956387753,0.43674021502354016,0.28462273161413565
persistence,12,6,1217,108,28,0.547210533346692,0.10628155011682466,0.5542477135128172,0.08874281018898932
persistence,12,7,1043,290,45,0.5661400375509457,0.32397688796083923,0.5096060203629925,0.27804410354745923
persistence,12,8,1056,114,17,0.49255969009572764,0.136332183585133,0.5013425752466592,0.10795454545454546
persistence,12,9,1202,88,25,0.643055328872205,0.10398059632018039,0.5822980251346499,0.07321131447587355
ridge_v2,1,1,188,86,11,0.7445280437756497,0.7052522962505278,0.3493761140819964,0.4574468085106383
ridge_v2,1,2,1022,89,43,0.8211761022194926,0.35276444584133243,0.7268625838131558,0.08708414872798434
ridge_v2,1,3,844,84,39,0.8148966165413534,0.44639731061320076,0.7132591093117409,0.0995260663507109
ridge_v2,1,6,1212,62,31,0.8015427769985974,0.20033336937880325,0.7515287517531557,0.05115511551155116
ridge_v2,1,7,951,110,51,0.7663387741865745,0.376283248659695,0.662283462731109,0.1156677181913775
ridge_v2,1,8,1144,48,17,0.859355991484185,0.4884541228777707,0.6501180764276514,0.04195804195804196
ridge_v2,1,9,1197,46,26,0.8349639255090092,0.20218885294175215,0.7463409744035288,0.03842940685045948
ridge_v2,2,1,188,91,11,0.6937804463577659,0.6793219515121816,0.4020618556701031,0.48404255319148937
ridge_v2,2,2,1010,90,43,0.8028985507246377,0.3018623733041853,0.7178463094034379,0.0891089108910891
ridge_v2,2,3,862,99,39,0.8198763519864437,0.4580400409796248,0.7177470847195618,0.1148491879350348
ridge_v2,2,6,1209,61,31,0.8162020905923345,0.18266724431758904,0.8044846577498033,0.050454921422663356
ridge_v2,2,7,967,141,51,0.6939965311764806,0.3729800988537466,0.5830128661634145,0.14581178903826267
ridge_v2,2,8,1129,48,17,0.8405026210299106,0.33920349085356777,0.6874897970288948,0.042515500442869794
ridge_v2,2,9,1204,53,26,0.8070586692457749,0.1545252705014388,0.7132593731203636,0.04401993355481727
ridge_v2,3,1,198,103,11,0.6772611139499234,0.6906417189050444,0.38181818181818183,0.5202020202020202
ridge_v2,3,2,1005,96,43,0.7496562156215621,0.2651439088652402,0.6667434185278993,0.0955223880597015
ridge_v2,3,3,879,115,39,0.8096061916685636,0.4702893513557712,0.6719693918646799,0.13083048919226395
ridge_v2,3,6,1208,68,31,0.7829076367389061,0.1599688077447406,0.7702320316921336,0.056291390728476824
ridge_v2,3,7,984,166,51,0.6650440392376351,0.3625960813899066,0.6081068124071144,0.16869918699186992
ridge_v2,3,8,1111,46,17,0.8605429679526434,0.42691473482384296,0.7353769676884838,0.041404140414041404
ridge_v2,3,9,1207,65,26,0.7944496834164084,0.21704847211777958,0.6690017513134852,0.053852526926263466
ridge_v2,4,1,217,125,11,0.6437391304347826,0.716470721126079,0.5049407114624506,0.576036866359447
ridge_v2,4,2,994,119,43,0.76862424969988,0.3207357048146029,0.7136744186046512,0.11971830985915492
ridge_v2,4,3,896,136,39,0.79156346749226,0.5148917586183962,0.6672064777327935,0.15178571428571427
ridge_v2,4,6,1208,73,31,0.7927342948524531,0.18358924775805674,0.7782009378996732,0.060430463576158944
ridge_v2,4,7,1001,199,51,0.6530219676938307,0.37599927728506727,0.6011441983277102,0.19880119880119881
ridge_v2,4,8,1096,43,17,0.8153669471498929,0.30195415294240696,0.6804647785039942,0.03923357664233577
ridge_v2,4,9,1207,66,26,0.7844129285847077,0.21548919821476498,0.6929144475156745,0.05468102734051367
ridge_v2,6,1,251,153,7,0.5848339335734294,0.6814855508941321,0.4650145772594752,0.6095617529880478
ridge_v2,6,2,972,128,37,0.6804002517772512,0.2683229040165318,0.5806647880107596,0.13168724279835392
ridge_v2,6,3,930,179,36,0.7576267025716177,0.5246867450886945,0.5881047492232578,0.1924731182795699
ridge_v2,6,6,1210,84,29,0.7712403789224394,0.19409797502951318,0.7228823421326637,0.06942148760330578
ridge_v2,6,7,1024,229,44,0.6675510148032188,0.4101727282428992,0.6132075471698113,0.2236328125
ridge_v2,6,8,1071,56,17,0.8163089373680507,0.27854446069514177,0.7063459866705303,0.05228758169934641
ridge_v2,6,9,1206,78,26,0.747363156937625,0.19738315842579918,0.6509478996181124,0.06467661691542288
ridge_v2,8,1,291,196,9,0.600859291084855,0.7563072699337596,0.5239766081871345,0.6735395189003437
ridge_v2,8,2,941,133,36,0.6655065882528103,0.2894655845744968,0.6550123762376238,0.14133900106269925
ridge_v2,8,3,972,226,38,0.7248333293791075,0.48972583109334566,0.6193735007760689,0.23251028806584362
ridge_v2,8,6,1215,94,26,0.7043435762142464,0.17274483484818295,0.6497461058121183,0.07736625514403292
ridge_v2,8,7,1026,248,45,0.6931389418691434,0.4449970981120409,0.5910882604970008,0.24171539961013644
ridge_v2,8,8,1068,82,17,0.7192029881759264,0.2461646036654796,0.6544565087698365,0.07677902621722846
ridge_v2,8,9,1206,85,25,0.7255706564516975,0.1935460748244166,0.6458519179304193,0.07048092868988391
ridge_v2,10,1,329,225,7,0.6000854700854701,0.7496801043808519,0.4725274725274725,0.6838905775075987
ridge_v2,10,2,909,142,38,0.6287896872761995,0.2691677477034991,0.6085912303575105,0.1562156215621562
ridge_v2,10,3,1011,265,36,0.6666143962769994,0.44541072409700877,0.5556300268096515,0.26211671612265086
ridge_v2,10,6,1218,104,31,0.6409767297334622,0.16677100039981602,0.6437134418254474,0.08538587848932677
ridge_v2,10,7,1031,267,44,0.6845794850677491,0.43719991008554443,0.5838588767253688,0.25897187196896215
ridge_v2,10,8,1062,102,16,0.7342933006535948,0.23869792070489448,0.688671875,0.096045197740113
ridge_v2,10,9,1205,88,25,0.7020835028892325,0.16501823073668506,0.6045837063563115,0.07302904564315353
ridge_v2,12,1,368,269,10,0.5952461417145432,0.7896257155303872,0.3686868686868687,0.7309782608695652
ridge_v2,12,2,883,148,38,0.6153980511123368,0.2614791671865444,0.6118868600071607,0.16761041902604756
ridge_v2,12,3,1047,298,38,0.6158367756561322,0.39459509561942113,0.4991919049961352,0.28462273161413565
ridge_v2,12,6,1217,108,28,0.6163627559028821,0.1662402392531442,0.6565438619090558,0.08874281018898932
ridge_v2,12,7,1043,290,45,0.669794385675688,0.4603517819068017,0.5544341153902906,0.27804410354745923
ridge_v2,12,8,1056,114,17,0.7282657280143032,0.26948202330171594,0.620269763956538,0.10795454545454546
ridge_v2,12,9,1202,88,25,0.675718132854578,0.1312458325428054,0.6403231597845601,0.07321131447587355
