arm,fold_id,horizon,feature,gain,best_iteration
lgbm_v2,0,1,cases_log1p,3072.3537996411324,360
lgbm_v2,0,1,rainfall_daily_mean_mm,622.7002611756325,360
lgbm_v2,0,1,rainy_days_frac,115.53036057949066,360
lgbm_v2,0,1,temperature_mean_c,325.0628821849823,360
lgbm_v2,0,1,diurnal_range_c,437.0888977050781,360
lgbm_v2,0,1,dewpoint_mean_c,507.98314625024796,360
lgbm_v2,0,1,relative_humidity_mean,492.5375081896782,360
lgbm_v2,0,1,wind_speed_mean,537.2192741036415,360
lgbm_v2,0,1,doy_sin,1889.3017768263817,360
lgbm_v2,0,1,doy_cos,703.0415315628052,360
lgbm_v2,0,1,weather_observed,0.0,360
lgbm_v2,0,1,case_observed,0.0,360
lgbm_v2,0,1,centroid_lat,235.80694127082825,360
lgbm_v2,0,1,centroid_lon,159.39259898662567,360
lgbm_v2,0,1,rainfall_daily_mean_mm_roll4,411.37878316640854,360
lgbm_v2,0,1,rainfall_daily_mean_mm_roll8,496.7916472554207,360
lgbm_v2,0,1,rainfall_daily_mean_mm_roll12,383.76786386966705,360
lgbm_v2,0,1,temperature_mean_c_roll4,288.23623782396317,360
lgbm_v2,0,1,temperature_mean_c_roll8,242.83394414186478,360
lgbm_v2,0,1,temperature_mean_c_roll12,222.5429208278656,360
lgbm_v2,0,1,relative_humidity_mean_roll4,486.5898495912552,360
lgbm_v2,0,1,relative_humidity_mean_roll8,343.3071194291115,360
lgbm_v2,0,1,relative_humidity_mean_roll12,302.74937665462494,360
lgbm_v2,0,1,national_wave_rank,1605.9269545078278,360
lgbm_v2,0,1,trailing_52_cumulative_cases,824.2947818040848,360
lgbm_v2,0,1,cases_lag1,642.0628499984741,360
lgbm_v2,0,1,cases_lag2,1285.920067191124,360
lgbm_v2,0,1,cases_lag3,711.5533071756363,360
lgbm_v2,0,1,cases_lag4,525.2392678260803,360
lgbm_v2,0,1,cases_lag5,247.80195927619934,360
lgbm_v2,0,1,cases_lag6,358.7876555919647,360
lgbm_v2,0,1,cases_lag7,269.7520411014557,360
lgbm_v2,0,1,cases_lag8,478.6328013539314,360
lgbm_v2,0,1,cases_lag9,260.9422199726105,360
lgbm_v2,0,1,cases_lag10,257.7402198314667,360
lgbm_v2,0,1,cases_lag11,303.2356433868408,360
lgbm_v2,0,1,cases_lag12,231.74344438314438,360
lgbm_v2,0,1,cases_mean4,634.9690072536469,360
lgbm_v2,0,1,cases_mean8,523.7985315322876,360
lgbm_v2,0,1,cases_mean12,433.0876088142395,360
lgbm_v2,0,1,cases_max12,268.6847639679909,360
lgbm_v2,0,1,cases_diff1,12919.968275547028,360
lgbm_v2,0,1,cases_diff4,5567.033289849758,360
lgbm_v2,0,1,rain_roll4_lag4,603.446679353714,360
lgbm_v2,0,1,rain_roll4_lag8,391.5542833805084,360
lgbm_v2,0,1,humid_roll4_lag4,384.8092250227928,360
lgbm_v2,0,1,humid_roll4_lag8,494.3869595527649,360
lgbm_v2,0,1,temp_roll4_lag4,305.38914954662323,360
lgbm_v2,0,1,temp_roll4_lag8,311.8228187561035,360
lgbm_v2,0,1,rain_roll12_lag12,448.0364292860031,360
lgbm_v2,0,1,neighbour_cases,1181.0800446271896,360
lgbm_v2,0,1,neighbour_diff4,774.9177644848824,360
lgbm_v2,0,1,national_cases,1242.1594012379646,360
lgbm_v2,0,1,national_diff4,1962.0237674117088,360
lgbm_v2,0,1,district,3710.932086825371,360
lgbm_v2,0,1,target_doy_sin,1362.6416437029839,360
lgbm_v2,0,1,target_doy_cos,603.9758411645889,360
lgbm_v2_noclimate,0,1,cases_log1p,2986.2793905735016,269
lgbm_v2_noclimate,0,1,doy_sin,2295.177957355976,269
lgbm_v2_noclimate,0,1,doy_cos,993.6710759401321,269
lgbm_v2_noclimate,0,1,weather_observed,0.0,269
lgbm_v2_noclimate,0,1,case_observed,0.0,269
lgbm_v2_noclimate,0,1,centroid_lat,334.8706513643265,269
lgbm_v2_noclimate,0,1,centroid_lon,214.84334087371826,269
lgbm_v2_noclimate,0,1,national_wave_rank,1480.1837010383606,269
lgbm_v2_noclimate,0,1,trailing_52_cumulative_cases,912.6522307395935,269
lgbm_v2_noclimate,0,1,cases_lag1,703.1695549488068,269
lgbm_v2_noclimate,0,1,cases_lag2,1252.2174196243286,269
lgbm_v2_noclimate,0,1,cases_lag3,795.4897185564041,269
lgbm_v2_noclimate,0,1,cases_lag4,535.5326385498047,269
lgbm_v2_noclimate,0,1,cases_lag5,271.1551992893219,269
lgbm_v2_noclimate,0,1,cases_lag6,321.41701287031174,269
lgbm_v2_noclimate,0,1,cases_lag7,357.9998044371605,269
lgbm_v2_noclimate,0,1,cases_lag8,489.78969955444336,269
lgbm_v2_noclimate,0,1,cases_lag9,308.6884500980377,269
lgbm_v2_noclimate,0,1,cases_lag10,245.58063971996307,269
lgbm_v2_noclimate,0,1,cases_lag11,384.1540107727051,269
lgbm_v2_noclimate,0,1,cases_lag12,284.47113835811615,269
lgbm_v2_noclimate,0,1,cases_mean4,689.2324569225311,269
lgbm_v2_noclimate,0,1,cases_mean8,568.3548986911774,269
lgbm_v2_noclimate,0,1,cases_mean12,550.5923207998276,269
lgbm_v2_noclimate,0,1,cases_max12,346.5364797115326,269
lgbm_v2_noclimate,0,1,cases_diff1,13366.409726023674,269
lgbm_v2_noclimate,0,1,cases_diff4,5221.132574379444,269
lgbm_v2_noclimate,0,1,neighbour_cases,1330.1249371170998,269
lgbm_v2_noclimate,0,1,neighbour_diff4,968.4564772844315,269
lgbm_v2_noclimate,0,1,national_cases,1576.8514873981476,269
lgbm_v2_noclimate,0,1,national_diff4,1917.2532120347023,269
lgbm_v2_noclimate,0,1,district,3621.9420147538185,269
lgbm_v2_noclimate,0,1,target_doy_sin,1565.588041305542,269
lgbm_v2_noclimate,0,1,target_doy_cos,821.2373777627945,269
lgbm_v2_climatology,0,1,cases_log1p,3117.818727016449,347
lgbm_v2_climatology,0,1,rainfall_daily_mean_mm,415.77465867996216,347
lgbm_v2_climatology,0,1,rainy_days_frac,468.73385524749756,347
lgbm_v2_climatology,0,1,temperature_mean_c,343.86996126174927,347
lgbm_v2_climatology,0,1,diurnal_range_c,445.5170428752899,347
lgbm_v2_climatology,0,1,dewpoint_mean_c,412.8020172715187,347
lgbm_v2_climatology,0,1,relative_humidity_mean,256.9644545316696,347
lgbm_v2_climatology,0,1,wind_speed_mean,411.6612849831581,347
lgbm_v2_climatology,0,1,doy_sin,1952.6254403591156,347
lgbm_v2_climatology,0,1,doy_cos,671.1263280510902,347
lgbm_v2_climatology,0,1,weather_observed,0.0,347
lgbm_v2_climatology,0,1,case_observed,0.0,347
lgbm_v2_climatology,0,1,centroid_lat,234.10901927947998,347
lgbm_v2_climatology,0,1,centroid_lon,156.07431656122208,347
lgbm_v2_climatology,0,1,rainfall_daily_mean_mm_roll4,314.99562162160873,347
lgbm_v2_climatology,0,1,rainfall_daily_mean_mm_roll8,260.17369866371155,347
lgbm_v2_climatology,0,1,rainfall_daily_mean_mm_roll12,319.12416100502014,347
lgbm_v2_climatology,0,1,temperature_mean_c_roll4,214.26102888584137,347
lgbm_v2_climatology,0,1,temperature_mean_c_roll8,179.52267813682556,347
lgbm_v2_climatology,0,1,temperature_mean_c_roll12,202.26880955696106,347
lgbm_v2_climatology,0,1,relative_humidity_mean_roll4,421.81599575281143,347
lgbm_v2_climatology,0,1,relative_humidity_mean_roll8,216.63069540262222,347
lgbm_v2_climatology,0,1,relative_humidity_mean_roll12,227.46586751937866,347
lgbm_v2_climatology,0,1,national_wave_rank,1648.3370606899261,347
lgbm_v2_climatology,0,1,trailing_52_cumulative_cases,805.0439668297768,347
lgbm_v2_climatology,0,1,cases_lag1,672.0940744280815,347
lgbm_v2_climatology,0,1,cases_lag2,1355.8050096035004,347
lgbm_v2_climatology,0,1,cases_lag3,693.5406054854393,347
lgbm_v2_climatology,0,1,cases_lag4,576.5096611976624,347
lgbm_v2_climatology,0,1,cases_lag5,344.8561210036278,347
lgbm_v2_climatology,0,1,cases_lag6,437.8951733112335,347
lgbm_v2_climatology,0,1,cases_lag7,287.2985187768936,347
lgbm_v2_climatology,0,1,cases_lag8,535.1837614774704,347
lgbm_v2_climatology,0,1,cases_lag9,287.2081324458122,347
lgbm_v2_climatology,0,1,cases_lag10,225.2893501520157,347
lgbm_v2_climatology,0,1,cases_lag11,343.7166886329651,347
lgbm_v2_climatology,0,1,cases_lag12,254.27948355674744,347
lgbm_v2_climatology,0,1,cases_mean4,650.4898662567139,347
lgbm_v2_climatology,0,1,cases_mean8,519.3616935014725,347
lgbm_v2_climatology,0,1,cases_mean12,515.8444485664368,347
lgbm_v2_climatology,0,1,cases_max12,304.0565629005432,347
lgbm_v2_climatology,0,1,cases_diff1,12914.065991520882,347
lgbm_v2_climatology,0,1,cases_diff4,5702.601192295551,347
lgbm_v2_climatology,0,1,rain_roll4_lag4,287.3952008485794,347
lgbm_v2_climatology,0,1,rain_roll4_lag8,176.94195103645325,347
lgbm_v2_climatology,0,1,humid_roll4_lag4,373.7757799625397,347
lgbm_v2_climatology,0,1,humid_roll4_lag8,306.4901205301285,347
lgbm_v2_climatology,0,1,temp_roll4_lag4,223.39550018310547,347
lgbm_v2_climatology,0,1,temp_roll4_lag8,339.8831602334976,347
lgbm_v2_climatology,0,1,rain_roll12_lag12,245.0911806821823,347
lgbm_v2_climatology,0,1,neighbour_cases,1066.220429778099,347
lgbm_v2_climatology,0,1,neighbour_diff4,848.7609794139862,347
lgbm_v2_climatology,0,1,national_cases,1494.2907254099846,347
lgbm_v2_climatology,0,1,national_diff4,2000.5189398527145,347
lgbm_v2_climatology,0,1,district,3522.7811329364777,347
lgbm_v2_climatology,0,1,target_doy_sin,1232.877638220787,347
lgbm_v2_climatology,0,1,target_doy_cos,667.0676859617233,347
lgbm_v2,0,2,cases_log1p,4164.617110490799,125
lgbm_v2,0,2,rainfall_daily_mean_mm,272.1503703594208,125
lgbm_v2,0,2,rainy_days_frac,12.825330018997192,125
lgbm_v2,0,2,temperature_mean_c,288.4230191707611,125
lgbm_v2,0,2,diurnal_range_c,217.01845002174377,125
lgbm_v2,0,2,dewpoint_mean_c,234.36487078666687,125
lgbm_v2,0,2,relative_humidity_mean,296.3438503742218,125
lgbm_v2,0,2,wind_speed_mean,205.01884984970093,125
lgbm_v2,0,2,doy_sin,1694.170390367508,125
lgbm_v2,0,2,doy_cos,456.61924147605896,125
lgbm_v2,0,2,weather_observed,0.0,125
lgbm_v2,0,2,case_observed,0.0,125
lgbm_v2,0,2,centroid_lat,221.90843772888184,125
lgbm_v2,0,2,centroid_lon,123.23045921325684,125
lgbm_v2,0,2,rainfall_daily_mean_mm_roll4,432.1850793361664,125
lgbm_v2,0,2,rainfall_daily_mean_mm_roll8,558.5045914649963,125
lgbm_v2,0,2,rainfall_daily_mean_mm_roll12,178.7826406955719,125
lgbm_v2,0,2,temperature_mean_c_roll4,123.85862898826599,125
lgbm_v2,0,2,temperature_mean_c_roll8,124.5815498828888,125
lgbm_v2,0,2,temperature_mean_c_roll12,125.89288973808289,125
lgbm_v2,0,2,relative_humidity_mean_roll4,417.2793507575989,125
lgbm_v2,0,2,relative_humidity_mean_roll8,285.9531283378601,125
lgbm_v2,0,2,relative_humidity_mean_roll12,118.79790091514587,125
lgbm_v2,0,2,national_wave_rank,1160.3414380550385,125
lgbm_v2,0,2,trailing_52_cumulative_cases,776.0152390003204,125
lgbm_v2,0,2,cases_lag1,269.11695075035095,125
lgbm_v2,0,2,cases_lag2,672.4960095882416,125
lgbm_v2,0,2,cases_lag3,421.1983308792114,125
lgbm_v2,0,2,cases_lag4,177.93197965621948,125
lgbm_v2,0,2,cases_lag5,86.84507942199707,125
lgbm_v2,0,2,cases_lag6,130.3281192779541,125
lgbm_v2,0,2,cases_lag7,134.77833890914917,125
lgbm_v2,0,2,cases_lag8,123.69875025749207,125
lgbm_v2,0,2,cases_lag9,98.79163002967834,125
lgbm_v2,0,2,cases_lag10,40.05687975883484,125
lgbm_v2,0,2,cases_lag11,91.6601095199585,125
lgbm_v2,0,2,cases_lag12,96.56151175498962,125
lgbm_v2,0,2,cases_mean4,422.0275413990021,125
lgbm_v2,0,2,cases_mean8,331.1407537460327,125
lgbm_v2,0,2,cases_mean12,346.33988332748413,125
lgbm_v2,0,2,cases_max12,351.3465619087219,125
lgbm_v2,0,2,cases_diff1,13391.824260473251,125
lgbm_v2,0,2,cases_diff4,4186.113110780716,125
lgbm_v2,0,2,rain_roll4_lag4,363.3868103027344,125
lgbm_v2,0,2,rain_roll4_lag8,265.02312111854553,125
lgbm_v2,0,2,humid_roll4_lag4,187.43518018722534,125
lgbm_v2,0,2,humid_roll4_lag8,459.7204999923706,125
lgbm_v2,0,2,temp_roll4_lag4,117.69831013679504,125
lgbm_v2,0,2,temp_roll4_lag8,205.65743207931519,125
lgbm_v2,0,2,rain_roll12_lag12,306.23195910453796,125
lgbm_v2,0,2,neighbour_cases,613.6459624767303,125
lgbm_v2,0,2,neighbour_diff4,280.955491065979,125
lgbm_v2,0,2,national_cases,1071.833702325821,125
lgbm_v2,0,2,national_diff4,1828.9281022548676,125
lgbm_v2,0,2,district,3000.435807466507,125
lgbm_v2,0,2,target_doy_sin,1199.1419911384583,125
lgbm_v2,0,2,target_doy_cos,936.8294703960419,125
lgbm_v2_noclimate,0,2,cases_log1p,4220.4275941848755,134
lgbm_v2_noclimate,0,2,doy_sin,2025.5718023777008,134
lgbm_v2_noclimate,0,2,doy_cos,672.0038006305695,134
lgbm_v2_noclimate,0,2,weather_observed,0.0,134
lgbm_v2_noclimate,0,2,case_observed,0.0,134
lgbm_v2_noclimate,0,2,centroid_lat,345.35571098327637,134
lgbm_v2_noclimate,0,2,centroid_lon,143.10969924926758,134
lgbm_v2_noclimate,0,2,national_wave_rank,1298.2496888637543,134
lgbm_v2_noclimate,0,2,trailing_52_cumulative_cases,980.5348806381226,134
lgbm_v2_noclimate,0,2,cases_lag1,420.6684377193451,134
lgbm_v2_noclimate,0,2,cases_lag2,719.2151899337769,134
lgbm_v2_noclimate,0,2,cases_lag3,579.0584998130798,134
lgbm_v2_noclimate,0,2,cases_lag4,262.2121708393097,134
lgbm_v2_noclimate,0,2,cases_lag5,139.08721113204956,134
lgbm_v2_noclimate,0,2,cases_lag6,184.98545932769775,134
lgbm_v2_noclimate,0,2,cases_lag7,245.29526925086975,134
lgbm_v2_noclimate,0,2,cases_lag8,187.32302045822144,134
lgbm_v2_noclimate,0,2,cases_lag9,131.82634043693542,134
lgbm_v2_noclimate,0,2,cases_lag10,116.80662989616394,134
lgbm_v2_noclimate,0,2,cases_lag11,144.7856514453888,134
lgbm_v2_noclimate,0,2,cases_lag12,106.74158024787903,134
lgbm_v2_noclimate,0,2,cases_mean4,633.3464024066925,134
lgbm_v2_noclimate,0,2,cases_mean8,391.8488006591797,134
lgbm_v2_noclimate,0,2,cases_mean12,439.688857793808,134
lgbm_v2_noclimate,0,2,cases_max12,286.85981154441833,134
lgbm_v2_noclimate,0,2,cases_diff1,13733.863062858582,134
lgbm_v2_noclimate,0,2,cases_diff4,3962.702128171921,134
lgbm_v2_noclimate,0,2,neighbour_cases,963.0995402336121,134
lgbm_v2_noclimate,0,2,neighbour_diff4,643.908519744873,134
lgbm_v2_noclimate,0,2,national_cases,1703.7992379665375,134
lgbm_v2_noclimate,0,2,national_diff4,2057.1033787727356,134
lgbm_v2_noclimate,0,2,district,3500.3501427173615,134
lgbm_v2_noclimate,0,2,target_doy_sin,1670.0021302700043,134
lgbm_v2_noclimate,0,2,target_doy_cos,1319.2358002662659,134
lgbm_v2_climatology,0,2,cases_log1p,4135.0562698841095,129
lgbm_v2_climatology,0,2,rainfall_daily_mean_mm,292.0768496990204,129
lgbm_v2_climatology,0,2,rainy_days_frac,340.81164741516113,129
lgbm_v2_climatology,0,2,temperature_mean_c,140.3135187625885,129
lgbm_v2_climatology,0,2,diurnal_range_c,212.86730980873108,129
lgbm_v2_climatology,0,2,dewpoint_mean_c,241.0288918018341,129
lgbm_v2_climatology,0,2,relative_humidity_mean,184.33082938194275,129
lgbm_v2_climatology,0,2,wind_speed_mean,129.76455998420715,129
lgbm_v2_climatology,0,2,doy_sin,1793.1820290088654,129
lgbm_v2_climatology,0,2,doy_cos,479.03454852104187,129
lgbm_v2_climatology,0,2,weather_observed,0.0,129
lgbm_v2_climatology,0,2,case_observed,0.0,129
lgbm_v2_climatology,0,2,centroid_lat,239.29574918746948,129
lgbm_v2_climatology,0,2,centroid_lon,108.01323938369751,129
lgbm_v2_climatology,0,2,rainfall_daily_mean_mm_roll4,365.4384009838104,129
lgbm_v2_climatology,0,2,rainfall_daily_mean_mm_roll8,158.03840970993042,129
lgbm_v2_climatology,0,2,rainfall_daily_mean_mm_roll12,158.15316891670227,129
lgbm_v2_climatology,0,2,temperature_mean_c_roll4,220.68289875984192,129
lgbm_v2_climatology,0,2,temperature_mean_c_roll8,161.36995100975037,129
lgbm_v2_climatology,0,2,temperature_mean_c_roll12,95.00210070610046,129
lgbm_v2_climatology,0,2,relative_humidity_mean_roll4,294.47213983535767,129
lgbm_v2_climatology,0,2,relative_humidity_mean_roll8,180.13229966163635,129
lgbm_v2_climatology,0,2,relative_humidity_mean_roll12,74.20799016952515,129
lgbm_v2_climatology,0,2,national_wave_rank,1278.9130127429962,129
lgbm_v2_climatology,0,2,trailing_52_cumulative_cases,723.1467607021332,129
lgbm_v2_climatology,0,2,cases_lag1,291.72378969192505,129
lgbm_v2_climatology,0,2,cases_lag2,719.959680557251,129
lgbm_v2_climatology,0,2,cases_lag3,435.3632810115814,129
lgbm_v2_climatology,0,2,cases_lag4,201.50750017166138,129
lgbm_v2_climatology,0,2,cases_lag5,143.434730052948,129
lgbm_v2_climatology,0,2,cases_lag6,109.33953094482422,129
lgbm_v2_climatology,0,2,cases_lag7,191.72890877723694,129
lgbm_v2_climatology,0,2,cases_lag8,165.01500058174133,129
lgbm_v2_climatology,0,2,cases_lag9,119.52852940559387,129
lgbm_v2_climatology,0,2,cases_lag10,98.44048929214478,129
lgbm_v2_climatology,0,2,cases_lag11,111.54653906822205,129
lgbm_v2_climatology,0,2,cases_lag12,85.95716094970703,129
lgbm_v2_climatology,0,2,cases_mean4,435.22502040863037,129
lgbm_v2_climatology,0,2,cases_mean8,385.8636553287506,129
lgbm_v2_climatology,0,2,cases_mean12,356.560063123703,129
lgbm_v2_climatology,0,2,cases_max12,342.2835409641266,129
lgbm_v2_climatology,0,2,cases_diff1,13387.062425136566,129
lgbm_v2_climatology,0,2,cases_diff4,4190.132833957672,129
lgbm_v2_climatology,0,2,rain_roll4_lag4,216.21306037902832,129
lgbm_v2_climatology,0,2,rain_roll4_lag8,63.435269832611084,129
lgbm_v2_climatology,0,2,humid_roll4_lag4,177.4497890472412,129
lgbm_v2_climatology,0,2,humid_roll4_lag8,215.29927968978882,129
lgbm_v2_climatology,0,2,temp_roll4_lag4,121.59745979309082,129
lgbm_v2_climatology,0,2,temp_roll4_lag8,238.73181891441345,129
lgbm_v2_climatology,0,2,rain_roll12_lag12,117.83545064926147,129
lgbm_v2_climatology,0,2,neighbour_cases,726.4085700511932,129
lgbm_v2_climatology,0,2,neighbour_diff4,388.92119789123535,129
lgbm_v2_climatology,0,2,national_cases,1368.2972230911255,129
lgbm_v2_climatology,0,2,national_diff4,1971.0913307666779,129
lgbm_v2_climatology,0,2,district,3015.786463022232,129
lgbm_v2_climatology,0,2,target_doy_sin,1231.939133644104,129
lgbm_v2_climatology,0,2,target_doy_cos,938.5659325122833,129
lgbm_v2,0,3,cases_log1p,5744.203766345978,149
lgbm_v2,0,3,rainfall_daily_mean_mm,330.90629863739014,149
lgbm_v2,0,3,rainy_days_frac,62.03133940696716,149
lgbm_v2,0,3,temperature_mean_c,351.34153056144714,149
lgbm_v2,0,3,diurnal_range_c,184.93967843055725,149
lgbm_v2,0,3,dewpoint_mean_c,424.23756098747253,149
lgbm_v2,0,3,relative_humidity_mean,382.9423768520355,149
lgbm_v2,0,3,wind_speed_mean,235.8507809638977,149
lgbm_v2,0,3,doy_sin,1656.9277896881104,149
lgbm_v2,0,3,doy_cos,472.4931080341339,149
lgbm_v2,0,3,weather_observed,0.0,149
lgbm_v2,0,3,case_observed,0.0,149
lgbm_v2,0,3,centroid_lat,386.0276381969452,149
lgbm_v2,0,3,centroid_lon,111.91192984580994,149
lgbm_v2,0,3,rainfall_daily_mean_mm_roll4,894.9726305007935,149
lgbm_v2,0,3,rainfall_daily_mean_mm_roll8,447.93027567863464,149
lgbm_v2,0,3,rainfall_daily_mean_mm_roll12,253.6381812095642,149
lgbm_v2,0,3,temperature_mean_c_roll4,219.12863779067993,149
lgbm_v2,0,3,temperature_mean_c_roll8,201.72199082374573,149
lgbm_v2,0,3,temperature_mean_c_roll12,119.44065880775452,149
lgbm_v2,0,3,relative_humidity_mean_roll4,811.68345952034,149
lgbm_v2,0,3,relative_humidity_mean_roll8,504.1482081413269,149
lgbm_v2,0,3,relative_humidity_mean_roll12,147.30534076690674,149
lgbm_v2,0,3,national_wave_rank,1285.7631621360779,149
lgbm_v2,0,3,trailing_52_cumulative_cases,1105.8290722370148,149
lgbm_v2,0,3,cases_lag1,283.03699922561646,149
lgbm_v2,0,3,cases_lag2,971.8397715091705,149
lgbm_v2,0,3,cases_lag3,213.59168004989624,149
lgbm_v2,0,3,cases_lag4,147.03866028785706,149
lgbm_v2,0,3,cases_lag5,140.1428611278534,149
lgbm_v2,0,3,cases_lag6,287.33876037597656,149
lgbm_v2,0,3,cases_lag7,83.42633986473083,149
lgbm_v2,0,3,cases_lag8,140.47179889678955,149
lgbm_v2,0,3,cases_lag9,127.0891010761261,149
lgbm_v2,0,3,cases_lag10,123.57502102851868,149
lgbm_v2,0,3,cases_lag11,121.47242975234985,149
lgbm_v2,0,3,cases_lag12,222.5998499393463,149
lgbm_v2,0,3,cases_mean4,307.6767318248749,149
lgbm_v2,0,3,cases_mean8,580.7055530548096,149
lgbm_v2,0,3,cases_mean12,270.5782392024994,149
lgbm_v2,0,3,cases_max12,278.48120760917664,149
lgbm_v2,0,3,cases_diff1,13132.405489444733,149
lgbm_v2,0,3,cases_diff4,3779.680037021637,149
lgbm_v2,0,3,rain_roll4_lag4,349.29155111312866,149
lgbm_v2,0,3,rain_roll4_lag8,454.86497950553894,149
lgbm_v2,0,3,humid_roll4_lag4,197.5699999332428,149
lgbm_v2,0,3,humid_roll4_lag8,801.6055274009705,149
lgbm_v2,0,3,temp_roll4_lag4,310.4971504211426,149
lgbm_v2,0,3,temp_roll4_lag8,243.21034002304077,149
lgbm_v2,0,3,rain_roll12_lag12,409.3274495601654,149
lgbm_v2,0,3,neighbour_cases,975.9728894233704,149
lgbm_v2,0,3,neighbour_diff4,516.327641248703,149
lgbm_v2,0,3,national_cases,1987.7991721630096,149
lgbm_v2,0,3,national_diff4,3493.7258100509644,149
lgbm_v2,0,3,district,4358.164663076401,149
lgbm_v2,0,3,target_doy_sin,1853.6358759403229,149
lgbm_v2,0,3,target_doy_cos,1181.6882350444794,149
lgbm_v2_noclimate,0,3,cases_log1p,5618.7184445858,149
lgbm_v2_noclimate,0,3,doy_sin,2369.884007692337,149
lgbm_v2_noclimate,0,3,doy_cos,900.8046369552612,149
lgbm_v2_noclimate,0,3,weather_observed,0.0,149
lgbm_v2_noclimate,0,3,case_observed,0.0,149
lgbm_v2_noclimate,0,3,centroid_lat,546.1528697013855,149
lgbm_v2_noclimate,0,3,centroid_lon,291.7044291496277,149
lgbm_v2_noclimate,0,3,national_wave_rank,1484.5270280838013,149
lgbm_v2_noclimate,0,3,trailing_52_cumulative_cases,1336.0111720561981,149
lgbm_v2_noclimate,0,3,cases_lag1,345.3234210014343,149
lgbm_v2_noclimate,0,3,cases_lag2,958.7821574211121,149
lgbm_v2_noclimate,0,3,cases_lag3,309.743111371994,149
lgbm_v2_noclimate,0,3,cases_lag4,145.04107022285461,149
lgbm_v2_noclimate,0,3,cases_lag5,223.94707989692688,149
lgbm_v2_noclimate,0,3,cases_lag6,412.9123101234436,149
lgbm_v2_noclimate,0,3,cases_lag7,130.16859936714172,149
lgbm_v2_noclimate,0,3,cases_lag8,287.3760690689087,149
lgbm_v2_noclimate,0,3,cases_lag9,148.96622109413147,149
lgbm_v2_noclimate,0,3,cases_lag10,177.66238927841187,149
lgbm_v2_noclimate,0,3,cases_lag11,180.47413039207458,149
lgbm_v2_noclimate,0,3,cases_lag12,222.77713990211487,149
lgbm_v2_noclimate,0,3,cases_mean4,483.0983383655548,149
lgbm_v2_noclimate,0,3,cases_mean8,404.39006900787354,149
lgbm_v2_noclimate,0,3,cases_mean12,371.6666088104248,149
lgbm_v2_noclimate,0,3,cases_max12,467.71970772743225,149
lgbm_v2_noclimate,0,3,cases_diff1,13617.9336373806,149
lgbm_v2_noclimate,0,3,cases_diff4,3621.5789880752563,149
lgbm_v2_noclimate,0,3,neighbour_cases,1342.6593415737152,149
lgbm_v2_noclimate,0,3,neighbour_diff4,752.2454097270966,149
lgbm_v2_noclimate,0,3,national_cases,2913.1373114585876,149
lgbm_v2_noclimate,0,3,national_diff4,3829.6261842250824,149
lgbm_v2_noclimate,0,3,district,4600.655432701111,149
lgbm_v2_noclimate,0,3,target_doy_sin,2216.2880322933197,149
lgbm_v2_noclimate,0,3,target_doy_cos,1872.393658876419,149
lgbm_v2_climatology,0,3,cases_log1p,5602.67729973793,135
lgbm_v2_climatology,0,3,rainfall_daily_mean_mm,171.03815746307373,135
lgbm_v2_climatology,0,3,rainy_days_frac,270.84929156303406,135
lgbm_v2_climatology,0,3,temperature_mean_c,217.71546077728271,135
lgbm_v2_climatology,0,3,diurnal_range_c,226.8376910686493,135
lgbm_v2_climatology,0,3,dewpoint_mean_c,216.7270791530609,135
lgbm_v2_climatology,0,3,relative_humidity_mean,471.9064373970032,135
lgbm_v2_climatology,0,3,wind_speed_mean,153.28210997581482,135
lgbm_v2_climatology,0,3,doy_sin,1801.8942511081696,135
lgbm_v2_climatology,0,3,doy_cos,574.9796504974365,135
lgbm_v2_climatology,0,3,weather_observed,0.0,135
lgbm_v2_climatology,0,3,case_observed,0.0,135
lgbm_v2_climatology,0,3,centroid_lat,307.82893323898315,135
lgbm_v2_climatology,0,3,centroid_lon,55.31174945831299,135
lgbm_v2_climatology,0,3,rainfall_daily_mean_mm_roll4,509.4486999511719,135
lgbm_v2_climatology,0,3,rainfall_daily_mean_mm_roll8,187.37602972984314,135
lgbm_v2_climatology,0,3,rainfall_daily_mean_mm_roll12,255.61531138420105,135
lgbm_v2_climatology,0,3,temperature_mean_c_roll4,288.8772826194763,135
lgbm_v2_climatology,0,3,temperature_mean_c_roll8,167.2790699005127,135
lgbm_v2_climatology,0,3,temperature_mean_c_roll12,181.1865005493164,135
lgbm_v2_climatology,0,3,relative_humidity_mean_roll4,327.4756107330322,135
lgbm_v2_climatology,0,3,relative_humidity_mean_roll8,164.18654990196228,135
lgbm_v2_climatology,0,3,relative_humidity_mean_roll12,241.78421068191528,135
lgbm_v2_climatology,0,3,national_wave_rank,1409.7580115795135,135
lgbm_v2_climatology,0,3,trailing_52_cumulative_cases,1105.6932082176208,135
lgbm_v2_climatology,0,3,cases_lag1,259.4467809200287,135
lgbm_v2_climatology,0,3,cases_lag2,892.367817401886,135
lgbm_v2_climatology,0,3,cases_lag3,198.9607801437378,135
lgbm_v2_climatology,0,3,cases_lag4,197.45656156539917,135
lgbm_v2_climatology,0,3,cases_lag5,106.0902099609375,135
lgbm_v2_climatology,0,3,cases_lag6,367.1510615348816,135
lgbm_v2_climatology,0,3,cases_lag7,150.76539874076843,135
lgbm_v2_climatology,0,3,cases_lag8,206.74325919151306,135
lgbm_v2_climatology,0,3,cases_lag9,106.83532929420471,135
lgbm_v2_climatology,0,3,cases_lag10,103.89637064933777,135
lgbm_v2_climatology,0,3,cases_lag11,160.91714000701904,135
lgbm_v2_climatology,0,3,cases_lag12,180.22544956207275,135
lgbm_v2_climatology,0,3,cases_mean4,340.11517906188965,135
lgbm_v2_climatology,0,3,cases_mean8,437.67429757118225,135
lgbm_v2_climatology,0,3,cases_mean12,346.8015880584717,135
lgbm_v2_climatology,0,3,cases_max12,309.51475071907043,135
lgbm_v2_climatology,0,3,cases_diff1,13269.661303520203,135
lgbm_v2_climatology,0,3,cases_diff4,3679.500417947769,135
lgbm_v2_climatology,0,3,rain_roll4_lag4,232.9086012840271,135
lgbm_v2_climatology,0,3,rain_roll4_lag8,122.24479150772095,135
lgbm_v2_climatology,0,3,humid_roll4_lag4,216.19540071487427,135
lgbm_v2_climatology,0,3,humid_roll4_lag8,169.26905846595764,135
lgbm_v2_climatology,0,3,temp_roll4_lag4,113.50294947624207,135
lgbm_v2_climatology,0,3,temp_roll4_lag8,276.7758002281189,135
lgbm_v2_climatology,0,3,rain_roll12_lag12,157.6872296333313,135
lgbm_v2_climatology,0,3,neighbour_cases,949.1431906223297,135
lgbm_v2_climatology,0,3,neighbour_diff4,528.5966897010803,135
lgbm_v2_climatology,0,3,national_cases,2186.232432126999,135
lgbm_v2_climatology,0,3,national_diff4,3663.382936477661,135
lgbm_v2_climatology,0,3,district,4056.339434862137,135
lgbm_v2_climatology,0,3,target_doy_sin,1840.8291778564453,135
lgbm_v2_climatology,0,3,target_doy_cos,1163.2150268554688,135
lgbm_v2,0,4,cases_log1p,8526.934239387512,127
lgbm_v2,0,4,rainfall_daily_mean_mm,193.4996998310089,127
lgbm_v2,0,4,rainy_days_frac,12.978150367736816,127
lgbm_v2,0,4,temperature_mean_c,332.6998620033264,127
lgbm_v2,0,4,diurnal_range_c,180.55896949768066,127
lgbm_v2,0,4,dewpoint_mean_c,369.13924169540405,127
lgbm_v2,0,4,relative_humidity_mean,384.3958396911621,127
lgbm_v2,0,4,wind_speed_mean,265.1607789993286,127
lgbm_v2,0,4,doy_sin,1578.9089353084564,127
lgbm_v2,0,4,doy_cos,905.6135900020599,127
lgbm_v2,0,4,weather_observed,0.0,127
lgbm_v2,0,4,case_observed,0.0,127
lgbm_v2,0,4,centroid_lat,616.2415175437927,127
lgbm_v2,0,4,centroid_lon,104.39611029624939,127
lgbm_v2,0,4,rainfall_daily_mean_mm_roll4,1058.4812979698181,127
lgbm_v2,0,4,rainfall_daily_mean_mm_roll8,619.966953754425,127
lgbm_v2,0,4,rainfall_daily_mean_mm_roll12,254.997891664505,127
lgbm_v2,0,4,temperature_mean_c_roll4,264.15320777893066,127
lgbm_v2,0,4,temperature_mean_c_roll8,317.07668137550354,127
lgbm_v2,0,4,temperature_mean_c_roll12,178.7125997543335,127
lgbm_v2,0,4,relative_humidity_mean_roll4,819.0700221061707,127
lgbm_v2,0,4,relative_humidity_mean_roll8,268.4568176269531,127
lgbm_v2,0,4,relative_humidity_mean_roll12,89.30952978134155,127
lgbm_v2,0,4,national_wave_rank,1527.6921470165253,127
lgbm_v2,0,4,trailing_52_cumulative_cases,1383.146222114563,127
lgbm_v2,0,4,cases_lag1,311.57357025146484,127
lgbm_v2,0,4,cases_lag2,622.7725024223328,127
lgbm_v2,0,4,cases_lag3,301.5475926399231,127
lgbm_v2,0,4,cases_lag4,169.82271003723145,127
lgbm_v2,0,4,cases_lag5,247.1545808315277,127
lgbm_v2,0,4,cases_lag6,82.63767957687378,127
lgbm_v2,0,4,cases_lag7,152.21501064300537,127
lgbm_v2,0,4,cases_lag8,89.05224990844727,127
lgbm_v2,0,4,cases_lag9,150.93483924865723,127
lgbm_v2,0,4,cases_lag10,88.15556931495667,127
lgbm_v2,0,4,cases_lag11,121.18200063705444,127
lgbm_v2,0,4,cases_lag12,112.10397005081177,127
lgbm_v2,0,4,cases_mean4,276.77752161026,127
lgbm_v2,0,4,cases_mean8,393.2437982559204,127
lgbm_v2,0,4,cases_mean12,455.8945894241333,127
lgbm_v2,0,4,cases_max12,467.51575899124146,127
lgbm_v2,0,4,cases_diff1,12489.789526462555,127
lgbm_v2,0,4,cases_diff4,2593.100018262863,127
lgbm_v2,0,4,rain_roll4_lag4,247.36031770706177,127
lgbm_v2,0,4,rain_roll4_lag8,494.0594811439514,127
lgbm_v2,0,4,humid_roll4_lag4,205.68950939178467,127
lgbm_v2,0,4,humid_roll4_lag8,1289.1399314403534,127
lgbm_v2,0,4,temp_roll4_lag4,396.5145683288574,127
lgbm_v2,0,4,temp_roll4_lag8,311.0646688938141,127
lgbm_v2,0,4,rain_roll12_lag12,528.5595614910126,127
lgbm_v2,0,4,neighbour_cases,1096.555494070053,127
lgbm_v2,0,4,neighbour_diff4,509.656099319458,127
lgbm_v2,0,4,national_cases,2281.1838567256927,127
lgbm_v2,0,4,national_diff4,3375.0882120132446,127
lgbm_v2,0,4,district,4856.385155200958,127
lgbm_v2,0,4,target_doy_sin,2288.745415687561,127
lgbm_v2,0,4,target_doy_cos,1478.906892299652,127
lgbm_v2_noclimate,0,4,cases_log1p,8188.434123754501,123
lgbm_v2_noclimate,0,4,doy_sin,2536.5402388572693,123
lgbm_v2_noclimate,0,4,doy_cos,1318.583791255951,123
lgbm_v2_noclimate,0,4,weather_observed,0.0,123
lgbm_v2_noclimate,0,4,case_observed,0.0,123
lgbm_v2_noclimate,0,4,centroid_lat,660.5227143764496,123
lgbm_v2_noclimate,0,4,centroid_lon,235.70932865142822,123
lgbm_v2_noclimate,0,4,national_wave_rank,1574.3237960338593,123
lgbm_v2_noclimate,0,4,trailing_52_cumulative_cases,1745.8958148956299,123
lgbm_v2_noclimate,0,4,cases_lag1,432.11497354507446,123
lgbm_v2_noclimate,0,4,cases_lag2,737.6561434268951,123
lgbm_v2_noclimate,0,4,cases_lag3,412.191771030426,123
lgbm_v2_noclimate,0,4,cases_lag4,150.81476998329163,123
lgbm_v2_noclimate,0,4,cases_lag5,349.48490858078003,123
lgbm_v2_noclimate,0,4,cases_lag6,137.95468020439148,123
lgbm_v2_noclimate,0,4,cases_lag7,162.38049912452698,123
lgbm_v2_noclimate,0,4,cases_lag8,135.79378819465637,123
lgbm_v2_noclimate,0,4,cases_lag9,200.27331233024597,123
lgbm_v2_noclimate,0,4,cases_lag10,124.07062101364136,123
lgbm_v2_noclimate,0,4,cases_lag11,159.59048914909363,123
lgbm_v2_noclimate,0,4,cases_lag12,125.16997170448303,123
lgbm_v2_noclimate,0,4,cases_mean4,408.66725158691406,123
lgbm_v2_noclimate,0,4,cases_mean8,323.84158301353455,123
lgbm_v2_noclimate,0,4,cases_mean12,598.9139971733093,123
lgbm_v2_noclimate,0,4,cases_max12,721.0229730606079,123
lgbm_v2_noclimate,0,4,cases_diff1,13088.8314306736,123
lgbm_v2_noclimate,0,4,cases_diff4,2288.4174375534058,123
lgbm_v2_noclimate,0,4,neighbour_cases,1393.9011976718903,123
lgbm_v2_noclimate,0,4,neighbour_diff4,665.0129289627075,123
lgbm_v2_noclimate,0,4,national_cases,3106.597076654434,123
lgbm_v2_noclimate,0,4,national_diff4,3769.772505760193,123
lgbm_v2_noclimate,0,4,district,5153.023864507675,123
lgbm_v2_noclimate,0,4,target_doy_sin,2895.2235791683197,123
lgbm_v2_noclimate,0,4,target_doy_cos,2228.2448902130127,123
lgbm_v2_climatology,0,4,cases_log1p,8261.918895721436,86
lgbm_v2_climatology,0,4,rainfall_daily_mean_mm,263.25417852401733,86
lgbm_v2_climatology,0,4,rainy_days_frac,483.20520544052124,86
lgbm_v2_climatology,0,4,temperature_mean_c,172.9130711555481,86
lgbm_v2_climatology,0,4,diurnal_range_c,238.50657033920288,86
lgbm_v2_climatology,0,4,dewpoint_mean_c,185.5204997062683,86
lgbm_v2_climatology,0,4,relative_humidity_mean,267.24051666259766,86
lgbm_v2_climatology,0,4,wind_speed_mean,106.92489051818848,86
lgbm_v2_climatology,0,4,doy_sin,1406.5780086517334,86
lgbm_v2_climatology,0,4,doy_cos,748.2025175094604,86
lgbm_v2_climatology,0,4,weather_observed,0.0,86
lgbm_v2_climatology,0,4,case_observed,0.0,86
lgbm_v2_climatology,0,4,centroid_lat,499.5304651260376,86
lgbm_v2_climatology,0,4,centroid_lon,62.27672004699707,86
lgbm_v2_climatology,0,4,rainfall_daily_mean_mm_roll4,434.90755128860474,86
lgbm_v2_climatology,0,4,rainfall_daily_mean_mm_roll8,290.8495788574219,86
lgbm_v2_climatology,0,4,rainfall_daily_mean_mm_roll12,233.274658203125,86
lgbm_v2_climatology,0,4,temperature_mean_c_roll4,221.44035005569458,86
lgbm_v2_climatology,0,4,temperature_mean_c_roll8,180.5250210762024,86
lgbm_v2_climatology,0,4,temperature_mean_c_roll12,191.05308866500854,86
lgbm_v2_climatology,0,4,relative_humidity_mean_roll4,248.99907064437866,86
lgbm_v2_climatology,0,4,relative_humidity_mean_roll8,165.53741884231567,86
lgbm_v2_climatology,0,4,relative_humidity_mean_roll12,161.0192790031433,86
lgbm_v2_climatology,0,4,national_wave_rank,1453.505618095398,86
lgbm_v2_climatology,0,4,trailing_52_cumulative_cases,1179.348566532135,86
lgbm_v2_climatology,0,4,cases_lag1,201.74963903427124,86
lgbm_v2_climatology,0,4,cases_lag2,453.37005615234375,86
lgbm_v2_climatology,0,4,cases_lag3,312.2982225418091,86
lgbm_v2_climatology,0,4,cases_lag4,159.9068088531494,86
lgbm_v2_climatology,0,4,cases_lag5,213.67459917068481,86
lgbm_v2_climatology,0,4,cases_lag6,78.0397400856018,86
lgbm_v2_climatology,0,4,cases_lag7,125.2350583076477,86
lgbm_v2_climatology,0,4,cases_lag8,61.92872095108032,86
lgbm_v2_climatology,0,4,cases_lag9,97.99923944473267,86
lgbm_v2_climatology,0,4,cases_lag10,30.171749591827393,86
lgbm_v2_climatology,0,4,cases_lag11,96.400399684906,86
lgbm_v2_climatology,0,4,cases_lag12,51.56185007095337,86
lgbm_v2_climatology,0,4,cases_mean4,245.26973056793213,86
lgbm_v2_climatology,0,4,cases_mean8,407.0599226951599,86
lgbm_v2_climatology,0,4,cases_mean12,380.7706608772278,86
lgbm_v2_climatology,0,4,cases_max12,373.97042751312256,86
lgbm_v2_climatology,0,4,cases_diff1,12316.697373867035,86
lgbm_v2_climatology,0,4,cases_diff4,2297.3587470054626,86
lgbm_v2_climatology,0,4,rain_roll4_lag4,124.73615169525146,86
lgbm_v2_climatology,0,4,rain_roll4_lag8,55.83869028091431,86
lgbm_v2_climatology,0,4,humid_roll4_lag4,85.74790906906128,86
lgbm_v2_climatology,0,4,humid_roll4_lag8,199.5849609375,86
lgbm_v2_climatology,0,4,temp_roll4_lag4,168.16943073272705,86
lgbm_v2_climatology,0,4,temp_roll4_lag8,180.42487049102783,86
lgbm_v2_climatology,0,4,rain_roll12_lag12,94.96183061599731,86
lgbm_v2_climatology,0,4,neighbour_cases,853.7791147232056,86
lgbm_v2_climatology,0,4,neighbour_diff4,439.47760820388794,86
lgbm_v2_climatology,0,4,national_cases,1766.9585208892822,86
lgbm_v2_climatology,0,4,national_diff4,2878.543255329132,86
lgbm_v2_climatology,0,4,district,4001.168778896332,86
lgbm_v2_climatology,0,4,target_doy_sin,2074.3846259117126,86
lgbm_v2_climatology,0,4,target_doy_cos,1361.2949361801147,86
lgbm_v2,0,6,cases_log1p,15851.502378463745,105
lgbm_v2,0,6,rainfall_daily_mean_mm,215.64818906784058,105
lgbm_v2,0,6,rainy_days_frac,179.5941686630249,105
lgbm_v2,0,6,temperature_mean_c,288.58287811279297,105
lgbm_v2,0,6,diurnal_range_c,216.07897901535034,105
lgbm_v2,0,6,dewpoint_mean_c,651.1744470596313,105
lgbm_v2,0,6,relative_humidity_mean,549.5308041572571,105
lgbm_v2,0,6,wind_speed_mean,174.52044105529785,105
lgbm_v2,0,6,doy_sin,1647.0424070358276,105
lgbm_v2,0,6,doy_cos,699.2703523635864,105
lgbm_v2,0,6,weather_observed,0.0,105
lgbm_v2,0,6,case_observed,0.0,105
lgbm_v2,0,6,centroid_lat,852.4438829421997,105
lgbm_v2,0,6,centroid_lon,260.4959578514099,105
lgbm_v2,0,6,rainfall_daily_mean_mm_roll4,1866.9103770256042,105
lgbm_v2,0,6,rainfall_daily_mean_mm_roll8,529.8456816673279,105
lgbm_v2,0,6,rainfall_daily_mean_mm_roll12,192.89336109161377,105
lgbm_v2,0,6,temperature_mean_c_roll4,295.94406938552856,105
lgbm_v2,0,6,temperature_mean_c_roll8,488.55446672439575,105
lgbm_v2,0,6,temperature_mean_c_roll12,220.26805067062378,105
lgbm_v2,0,6,relative_humidity_mean_roll4,573.6950359344482,105
lgbm_v2,0,6,relative_humidity_mean_roll8,106.38846015930176,105
lgbm_v2,0,6,relative_humidity_mean_roll12,292.78088092803955,105
lgbm_v2,0,6,national_wave_rank,1633.0403199195862,105
lgbm_v2,0,6,trailing_52_cumulative_cases,1972.1441078186035,105
lgbm_v2,0,6,cases_lag1,149.12450122833252,105
lgbm_v2,0,6,cases_lag2,179.41337060928345,105
lgbm_v2,0,6,cases_lag3,212.92008018493652,105
lgbm_v2,0,6,cases_lag4,169.0844702720642,105
lgbm_v2,0,6,cases_lag5,62.08347034454346,105
lgbm_v2,0,6,cases_lag6,101.27946996688843,105
lgbm_v2,0,6,cases_lag7,63.73307943344116,105
lgbm_v2,0,6,cases_lag8,93.71143913269043,105
lgbm_v2,0,6,cases_lag9,226.82554244995117,105
lgbm_v2,0,6,cases_lag10,138.20961952209473,105
lgbm_v2,0,6,cases_lag11,92.35968971252441,105
lgbm_v2,0,6,cases_lag12,140.98215866088867,105
lgbm_v2,0,6,cases_mean4,327.45293951034546,105
lgbm_v2,0,6,cases_mean8,410.09336948394775,105
lgbm_v2,0,6,cases_mean12,554.8958125114441,105
lgbm_v2,0,6,cases_max12,624.9661130905151,105
lgbm_v2,0,6,cases_diff1,7987.827723503113,105
lgbm_v2,0,6,cases_diff4,2614.945237159729,105
lgbm_v2,0,6,rain_roll4_lag4,238.84088802337646,105
lgbm_v2,0,6,rain_roll4_lag8,789.0285363197327,105
lgbm_v2,0,6,humid_roll4_lag4,393.43108081817627,105
lgbm_v2,0,6,humid_roll4_lag8,1954.043454170227,105
lgbm_v2,0,6,temp_roll4_lag4,483.2874698638916,105
lgbm_v2,0,6,temp_roll4_lag8,385.3092894554138,105
lgbm_v2,0,6,rain_roll12_lag12,419.89354181289673,105
lgbm_v2,0,6,neighbour_cases,1167.3178634643555,105
lgbm_v2,0,6,neighbour_diff4,233.91166257858276,105
lgbm_v2,0,6,national_cases,3423.0767459869385,105
lgbm_v2,0,6,national_diff4,3382.2343883514404,105
lgbm_v2,0,6,district,7278.172242164612,105
lgbm_v2,0,6,target_doy_sin,2104.5875034332275,105
lgbm_v2,0,6,target_doy_cos,3261.583155155182,105
lgbm_v2_noclimate,0,6,cases_log1p,15454.88719367981,106
lgbm_v2_noclimate,0,6,doy_sin,2863.9847536087036,106
lgbm_v2_noclimate,0,6,doy_cos,1000.9462497234344,106
lgbm_v2_noclimate,0,6,weather_observed,0.0,106
lgbm_v2_noclimate,0,6,case_observed,0.0,106
lgbm_v2_noclimate,0,6,centroid_lat,1061.9942326545715,106
lgbm_v2_noclimate,0,6,centroid_lon,385.35898208618164,106
lgbm_v2_noclimate,0,6,national_wave_rank,1657.5619988441467,106
lgbm_v2_noclimate,0,6,trailing_52_cumulative_cases,2435.2165422439575,106
lgbm_v2_noclimate,0,6,cases_lag1,250.22847175598145,106
lgbm_v2_noclimate,0,6,cases_lag2,227.95298957824707,106
lgbm_v2_noclimate,0,6,cases_lag3,296.4230670928955,106
lgbm_v2_noclimate,0,6,cases_lag4,129.3911805152893,106
lgbm_v2_noclimate,0,6,cases_lag5,117.21249866485596,106
lgbm_v2_noclimate,0,6,cases_lag6,93.18391036987305,106
lgbm_v2_noclimate,0,6,cases_lag7,56.484580516815186,106
lgbm_v2_noclimate,0,6,cases_lag8,76.40432929992676,106
lgbm_v2_noclimate,0,6,cases_lag9,184.48360013961792,106
lgbm_v2_noclimate,0,6,cases_lag10,189.32592868804932,106
lgbm_v2_noclimate,0,6,cases_lag11,123.4753794670105,106
lgbm_v2_noclimate,0,6,cases_lag12,261.7243504524231,106
lgbm_v2_noclimate,0,6,cases_mean4,629.1875791549683,106
lgbm_v2_noclimate,0,6,cases_mean8,370.36373138427734,106
lgbm_v2_noclimate,0,6,cases_mean12,728.4360375404358,106
lgbm_v2_noclimate,0,6,cases_max12,768.1583948135376,106
lgbm_v2_noclimate,0,6,cases_diff1,8416.288435459137,106
lgbm_v2_noclimate,0,6,cases_diff4,2419.80038690567,106
lgbm_v2_noclimate,0,6,neighbour_cases,1786.1830835342407,106
lgbm_v2_noclimate,0,6,neighbour_diff4,448.9527702331543,106
lgbm_v2_noclimate,0,6,national_cases,4918.7437381744385,106
lgbm_v2_noclimate,0,6,national_diff4,4268.520164966583,106
lgbm_v2_noclimate,0,6,district,7658.447723865509,106
lgbm_v2_noclimate,0,6,target_doy_sin,2947.293773651123,106
lgbm_v2_noclimate,0,6,target_doy_cos,4890.17707157135,106
lgbm_v2_climatology,0,6,cases_log1p,15614.913704872131,91
lgbm_v2_climatology,0,6,rainfall_daily_mean_mm,179.7669906616211,91
lgbm_v2_climatology,0,6,rainy_days_frac,1482.0717420578003,91
lgbm_v2_climatology,0,6,temperature_mean_c,334.631902217865,91
lgbm_v2_climatology,0,6,diurnal_range_c,399.48390769958496,91
lgbm_v2_climatology,0,6,dewpoint_mean_c,458.41693115234375,91
lgbm_v2_climatology,0,6,relative_humidity_mean,325.54660987854004,91
lgbm_v2_climatology,0,6,wind_speed_mean,122.94603872299194,91
lgbm_v2_climatology,0,6,doy_sin,2037.6507306098938,91
lgbm_v2_climatology,0,6,doy_cos,572.9411106109619,91
lgbm_v2_climatology,0,6,weather_observed,0.0,91
lgbm_v2_climatology,0,6,case_observed,0.0,91
lgbm_v2_climatology,0,6,centroid_lat,522.2194499969482,91
lgbm_v2_climatology,0,6,centroid_lon,220.12588024139404,91
lgbm_v2_climatology,0,6,rainfall_daily_mean_mm_roll4,320.59725046157837,91
lgbm_v2_climatology,0,6,rainfall_daily_mean_mm_roll8,678.2405405044556,91
lgbm_v2_climatology,0,6,rainfall_daily_mean_mm_roll12,303.0264081954956,91
lgbm_v2_climatology,0,6,temperature_mean_c_roll4,391.4234108924866,91
lgbm_v2_climatology,0,6,temperature_mean_c_roll8,230.7329878807068,91
lgbm_v2_climatology,0,6,temperature_mean_c_roll12,116.01223993301392,91
lgbm_v2_climatology,0,6,relative_humidity_mean_roll4,223.38930940628052,91
lgbm_v2_climatology,0,6,relative_humidity_mean_roll8,104.1743483543396,91
lgbm_v2_climatology,0,6,relative_humidity_mean_roll12,215.9053874015808,91
lgbm_v2_climatology,0,6,national_wave_rank,1621.4142451286316,91
lgbm_v2_climatology,0,6,trailing_52_cumulative_cases,1702.4261803627014,91
lgbm_v2_climatology,0,6,cases_lag1,136.4192509651184,91
lgbm_v2_climatology,0,6,cases_lag2,67.66789102554321,91
lgbm_v2_climatology,0,6,cases_lag3,134.16703033447266,91
lgbm_v2_climatology,0,6,cases_lag4,123.79379081726074,91
lgbm_v2_climatology,0,6,cases_lag5,34.01490020751953,91
lgbm_v2_climatology,0,6,cases_lag6,113.51508045196533,91
lgbm_v2_climatology,0,6,cases_lag7,58.06147050857544,91
lgbm_v2_climatology,0,6,cases_lag8,30.08945941925049,91
lgbm_v2_climatology,0,6,cases_lag9,68.46882057189941,91
lgbm_v2_climatology,0,6,cases_lag10,68.7512092590332,91
lgbm_v2_climatology,0,6,cases_lag11,160.99787950515747,91
lgbm_v2_climatology,0,6,cases_lag12,278.62742853164673,91
lgbm_v2_climatology,0,6,cases_mean4,249.360200881958,91
lgbm_v2_climatology,0,6,cases_mean8,477.10667991638184,91
lgbm_v2_climatology,0,6,cases_mean12,589.0386128425598,91
lgbm_v2_climatology,0,6,cases_max12,686.1813488006592,91
lgbm_v2_climatology,0,6,cases_diff1,7997.988028049469,91
lgbm_v2_climatology,0,6,cases_diff4,2675.5343623161316,91
lgbm_v2_climatology,0,6,rain_roll4_lag4,277.8875436782837,91
lgbm_v2_climatology,0,6,rain_roll4_lag8,218.65340852737427,91
lgbm_v2_climatology,0,6,humid_roll4_lag4,183.6081099510193,91
lgbm_v2_climatology,0,6,humid_roll4_lag8,286.86272144317627,91
lgbm_v2_climatology,0,6,temp_roll4_lag4,259.7796812057495,91
lgbm_v2_climatology,0,6,temp_roll4_lag8,134.57497024536133,91
lgbm_v2_climatology,0,6,rain_roll12_lag12,220.65698099136353,91
lgbm_v2_climatology,0,6,neighbour_cases,953.234854221344,91
lgbm_v2_climatology,0,6,neighbour_diff4,256.0492777824402,91
lgbm_v2_climatology,0,6,national_cases,4087.5512676239014,91
lgbm_v2_climatology,0,6,national_diff4,3555.521122932434,91
lgbm_v2_climatology,0,6,district,6669.819666385651,91
lgbm_v2_climatology,0,6,target_doy_sin,2041.7251691818237,91
lgbm_v2_climatology,0,6,target_doy_cos,3321.6463747024536,91
lgbm_v2,0,8,cases_log1p,22108.949772834778,154
lgbm_v2,0,8,rainfall_daily_mean_mm,574.123281955719,154
lgbm_v2,0,8,rainy_days_frac,305.9202501773834,154
lgbm_v2,0,8,temperature_mean_c,519.1987271308899,154
lgbm_v2,0,8,diurnal_range_c,386.4535915851593,154
lgbm_v2,0,8,dewpoint_mean_c,1573.0583655834198,154
lgbm_v2,0,8,relative_humidity_mean,392.94137144088745,154
lgbm_v2,0,8,wind_speed_mean,555.5195093154907,154
lgbm_v2,0,8,doy_sin,3619.2579550743103,154
lgbm_v2,0,8,doy_cos,1010.2230367660522,154
lgbm_v2,0,8,weather_observed,0.0,154
lgbm_v2,0,8,case_observed,0.0,154
lgbm_v2,0,8,centroid_lat,1487.2596497535706,154
lgbm_v2,0,8,centroid_lon,317.2235803604126,154
lgbm_v2,0,8,rainfall_daily_mean_mm_roll4,1478.4919061660767,154
lgbm_v2,0,8,rainfall_daily_mean_mm_roll8,584.581928730011,154
lgbm_v2,0,8,rainfall_daily_mean_mm_roll12,440.0879611968994,154
lgbm_v2,0,8,temperature_mean_c_roll4,345.04878187179565,154
lgbm_v2,0,8,temperature_mean_c_roll8,413.9407391548157,154
lgbm_v2,0,8,temperature_mean_c_roll12,286.30419063568115,154
lgbm_v2,0,8,relative_humidity_mean_roll4,353.4049310684204,154
lgbm_v2,0,8,relative_humidity_mean_roll8,412.19478130340576,154
lgbm_v2,0,8,relative_humidity_mean_roll12,587.6046710014343,154
lgbm_v2,0,8,national_wave_rank,1856.641839504242,154
lgbm_v2,0,8,trailing_52_cumulative_cases,3212.0287737846375,154
lgbm_v2,0,8,cases_lag1,281.93933629989624,154
lgbm_v2,0,8,cases_lag2,282.36833906173706,154
lgbm_v2,0,8,cases_lag3,79.03177070617676,154
lgbm_v2,0,8,cases_lag4,112.01124095916748,154
lgbm_v2,0,8,cases_lag5,150.3856086730957,154
lgbm_v2,0,8,cases_lag6,114.03223037719727,154
lgbm_v2,0,8,cases_lag7,210.50987124443054,154
lgbm_v2,0,8,cases_lag8,247.07240915298462,154
lgbm_v2,0,8,cases_lag9,126.51015996932983,154
lgbm_v2,0,8,cases_lag10,173.64975881576538,154
lgbm_v2,0,8,cases_lag11,286.3573088645935,154
lgbm_v2,0,8,cases_lag12,234.89822053909302,154
lgbm_v2,0,8,cases_mean4,555.2833709716797,154
lgbm_v2,0,8,cases_mean8,556.3152194023132,154
lgbm_v2,0,8,cases_mean12,982.6166310310364,154
lgbm_v2,0,8,cases_max12,1507.6336002349854,154
lgbm_v2,0,8,cases_diff1,7730.535403728485,154
lgbm_v2,0,8,cases_diff4,2836.824903488159,154
lgbm_v2,0,8,rain_roll4_lag4,498.5201482772827,154
lgbm_v2,0,8,rain_roll4_lag8,1517.4247336387634,154
lgbm_v2,0,8,humid_roll4_lag4,649.4598369598389,154
lgbm_v2,0,8,humid_roll4_lag8,2351.4882831573486,154
lgbm_v2,0,8,temp_roll4_lag4,919.7542409896851,154
lgbm_v2,0,8,temp_roll4_lag8,606.273107290268,154
lgbm_v2,0,8,rain_roll12_lag12,1311.633584022522,154
lgbm_v2,0,8,neighbour_cases,1567.6216020584106,154
lgbm_v2,0,8,neighbour_diff4,396.9495601654053,154
lgbm_v2,0,8,national_cases,7740.2237277030945,154
lgbm_v2,0,8,national_diff4,3997.5206446647644,154
lgbm_v2,0,8,district,10954.312066555023,154
lgbm_v2,0,8,target_doy_sin,3544.9803338050842,154
lgbm_v2,0,8,target_doy_cos,4066.082423210144,154
lgbm_v2_noclimate,0,8,cases_log1p,21446.322728157043,96
lgbm_v2_noclimate,0,8,doy_sin,4019.848554134369,96
lgbm_v2_noclimate,0,8,doy_cos,973.4454956054688,96
lgbm_v2_noclimate,0,8,weather_observed,0.0,96
lgbm_v2_noclimate,0,8,case_observed,0.0,96
lgbm_v2_noclimate,0,8,centroid_lat,1419.5521755218506,96
lgbm_v2_noclimate,0,8,centroid_lon,457.2213683128357,96
lgbm_v2_noclimate,0,8,national_wave_rank,1941.6315340995789,96
lgbm_v2_noclimate,0,8,trailing_52_cumulative_cases,3500.899817466736,96
lgbm_v2_noclimate,0,8,cases_lag1,484.26201820373535,96
lgbm_v2_noclimate,0,8,cases_lag2,198.58747148513794,96
lgbm_v2_noclimate,0,8,cases_lag3,53.650129318237305,96
lgbm_v2_noclimate,0,8,cases_lag4,62.345290184020996,96
lgbm_v2_noclimate,0,8,cases_lag5,130.32789993286133,96
lgbm_v2_noclimate,0,8,cases_lag6,134.19791984558105,96
lgbm_v2_noclimate,0,8,cases_lag7,105.82200908660889,96
lgbm_v2_noclimate,0,8,cases_lag8,281.06699800491333,96
lgbm_v2_noclimate,0,8,cases_lag9,128.9609179496765,96
lgbm_v2_noclimate,0,8,cases_lag10,183.81625986099243,96
lgbm_v2_noclimate,0,8,cases_lag11,204.81463861465454,96
lgbm_v2_noclimate,0,8,cases_lag12,117.09548091888428,96
lgbm_v2_noclimate,0,8,cases_mean4,732.674165725708,96
lgbm_v2_noclimate,0,8,cases_mean8,607.7206711769104,96
lgbm_v2_noclimate,0,8,cases_mean12,747.4514493942261,96
lgbm_v2_noclimate,0,8,cases_max12,1695.220278263092,96
lgbm_v2_noclimate,0,8,cases_diff1,7971.723842144012,96
lgbm_v2_noclimate,0,8,cases_diff4,1882.2989964485168,96
lgbm_v2_noclimate,0,8,neighbour_cases,1331.9194893836975,96
lgbm_v2_noclimate,0,8,neighbour_diff4,284.2692503929138,96
lgbm_v2_noclimate,0,8,national_cases,7941.533476829529,96
lgbm_v2_noclimate,0,8,national_diff4,4261.686751365662,96
lgbm_v2_noclimate,0,8,district,10672.403964996338,96
lgbm_v2_noclimate,0,8,target_doy_sin,3327.3937306404114,96
lgbm_v2_noclimate,0,8,target_doy_cos,5858.144621372223,96
lgbm_v2_climatology,0,8,cases_log1p,21999.060019493103,100
lgbm_v2_climatology,0,8,rainfall_daily_mean_mm,491.1836085319519,100
lgbm_v2_climatology,0,8,rainy_days_frac,2768.4271154403687,100
lgbm_v2_climatology,0,8,temperature_mean_c,445.6382517814636,100
lgbm_v2_climatology,0,8,diurnal_range_c,316.92471742630005,100
lgbm_v2_climatology,0,8,dewpoint_mean_c,646.1936321258545,100
lgbm_v2_climatology,0,8,relative_humidity_mean,302.5307879447937,100
lgbm_v2_climatology,0,8,wind_speed_mean,252.40403032302856,100
lgbm_v2_climatology,0,8,doy_sin,3224.9927463531494,100
lgbm_v2_climatology,0,8,doy_cos,743.9893164634705,100
lgbm_v2_climatology,0,8,weather_observed,0.0,100
lgbm_v2_climatology,0,8,case_observed,0.0,100
lgbm_v2_climatology,0,8,centroid_lat,876.2928357124329,100
lgbm_v2_climatology,0,8,centroid_lon,230.86979293823242,100
lgbm_v2_climatology,0,8,rainfall_daily_mean_mm_roll4,559.3054428100586,100
lgbm_v2_climatology,0,8,rainfall_daily_mean_mm_roll8,416.8171606063843,100
lgbm_v2_climatology,0,8,rainfall_daily_mean_mm_roll12,161.06891012191772,100
lgbm_v2_climatology,0,8,temperature_mean_c_roll4,297.969051361084,100
lgbm_v2_climatology,0,8,temperature_mean_c_roll8,356.81834077835083,100
lgbm_v2_climatology,0,8,temperature_mean_c_roll12,192.61635208129883,100
lgbm_v2_climatology,0,8,relative_humidity_mean_roll4,98.6351089477539,100
lgbm_v2_climatology,0,8,relative_humidity_mean_roll8,187.65744876861572,100
lgbm_v2_climatology,0,8,relative_humidity_mean_roll12,449.6139407157898,100
lgbm_v2_climatology,0,8,national_wave_rank,1694.7934765815735,100
lgbm_v2_climatology,0,8,trailing_52_cumulative_cases,3159.331554412842,100
lgbm_v2_climatology,0,8,cases_lag1,307.2805233001709,100
lgbm_v2_climatology,0,8,cases_lag2,39.49790000915527,100
lgbm_v2_climatology,0,8,cases_lag3,93.27588987350464,100
lgbm_v2_climatology,0,8,cases_lag4,88.59713888168335,100
lgbm_v2_climatology,0,8,cases_lag5,68.04841947555542,100
lgbm_v2_climatology,0,8,cases_lag6,55.33608913421631,100
lgbm_v2_climatology,0,8,cases_lag7,134.61032962799072,100
lgbm_v2_climatology,0,8,cases_lag8,213.90210962295532,100
lgbm_v2_climatology,0,8,cases_lag9,146.45626163482666,100
lgbm_v2_climatology,0,8,cases_lag10,56.68806838989258,100
lgbm_v2_climatology,0,8,cases_lag11,170.54834079742432,100
lgbm_v2_climatology,0,8,cases_lag12,373.08464002609253,100
lgbm_v2_climatology,0,8,cases_mean4,340.6700620651245,100
lgbm_v2_climatology,0,8,cases_mean8,496.3683514595032,100
lgbm_v2_climatology,0,8,cases_mean12,792.8041081428528,100
lgbm_v2_climatology,0,8,cases_max12,1196.1814761161804,100
lgbm_v2_climatology,0,8,cases_diff1,7353.404222488403,100
lgbm_v2_climatology,0,8,cases_diff4,2471.953407764435,100
lgbm_v2_climatology,0,8,rain_roll4_lag4,112.78334045410156,100
lgbm_v2_climatology,0,8,rain_roll4_lag8,224.76663494110107,100
lgbm_v2_climatology,0,8,humid_roll4_lag4,301.8054885864258,100
lgbm_v2_climatology,0,8,humid_roll4_lag8,398.52596139907837,100
lgbm_v2_climatology,0,8,temp_roll4_lag4,270.4717688560486,100
lgbm_v2_climatology,0,8,temp_roll4_lag8,76.65073919296265,100
lgbm_v2_climatology,0,8,rain_roll12_lag12,261.79548358917236,100
lgbm_v2_climatology,0,8,neighbour_cases,1111.1912813186646,100
lgbm_v2_climatology,0,8,neighbour_diff4,245.45597887039185,100
lgbm_v2_climatology,0,8,national_cases,7587.148704528809,100
lgbm_v2_climatology,0,8,national_diff4,3985.137465953827,100
lgbm_v2_climatology,0,8,district,9361.209891319275,100
lgbm_v2_climatology,0,8,target_doy_sin,3091.552830696106,100
lgbm_v2_climatology,0,8,target_doy_cos,3962.4367747306824,100
lgbm_v2,0,10,cases_log1p,29963.124821662903,122
lgbm_v2,0,10,rainfall_daily_mean_mm,237.13066387176514,122
lgbm_v2,0,10,rainy_days_frac,312.9854111671448,122
lgbm_v2,0,10,temperature_mean_c,379.2895746231079,122
lgbm_v2,0,10,diurnal_range_c,276.7129764556885,122
lgbm_v2,0,10,dewpoint_mean_c,1191.0542125701904,122
lgbm_v2,0,10,relative_humidity_mean,376.24744033813477,122
lgbm_v2,0,10,wind_speed_mean,380.3035726547241,122
lgbm_v2,0,10,doy_sin,3459.5652952194214,122
lgbm_v2,0,10,doy_cos,1002.5154776573181,122
lgbm_v2,0,10,weather_observed,0.0,122
lgbm_v2,0,10,case_observed,0.0,122
lgbm_v2,0,10,centroid_lat,2843.1707077026367,122
lgbm_v2,0,10,centroid_lon,719.6884198188782,122
lgbm_v2,0,10,rainfall_daily_mean_mm_roll4,473.4470443725586,122
lgbm_v2,0,10,rainfall_daily_mean_mm_roll8,413.3941683769226,122
lgbm_v2,0,10,rainfall_daily_mean_mm_roll12,418.6444911956787,122
lgbm_v2,0,10,temperature_mean_c_roll4,466.54666090011597,122
lgbm_v2,0,10,temperature_mean_c_roll8,680.4792294502258,122
lgbm_v2,0,10,temperature_mean_c_roll12,246.7879695892334,122
lgbm_v2,0,10,relative_humidity_mean_roll4,579.473376750946,122
lgbm_v2,0,10,relative_humidity_mean_roll8,368.0185408592224,122
lgbm_v2,0,10,relative_humidity_mean_roll12,1023.5640716552734,122
lgbm_v2,0,10,national_wave_rank,1825.9868664741516,122
lgbm_v2,0,10,trailing_52_cumulative_cases,4857.497399330139,122
lgbm_v2,0,10,cases_lag1,235.5530776977539,122
lgbm_v2,0,10,cases_lag2,158.86755990982056,122
lgbm_v2,0,10,cases_lag3,166.7681221961975,122
lgbm_v2,0,10,cases_lag4,118.1375584602356,122
lgbm_v2,0,10,cases_lag5,127.02194833755493,122
lgbm_v2,0,10,cases_lag6,187.64104318618774,122
lgbm_v2,0,10,cases_lag7,38.4280309677124,122
lgbm_v2,0,10,cases_lag8,99.64733839035034,122
lgbm_v2,0,10,cases_lag9,176.37667894363403,122
lgbm_v2,0,10,cases_lag10,92.79751968383789,122
lgbm_v2,0,10,cases_lag11,168.9534296989441,122
lgbm_v2,0,10,cases_lag12,413.03962802886963,122
lgbm_v2,0,10,cases_mean4,413.6239414215088,122
lgbm_v2,0,10,cases_mean8,998.093789100647,122
lgbm_v2,0,10,cases_mean12,755.7831416130066,122
lgbm_v2,0,10,cases_max12,993.8421521186829,122
lgbm_v2,0,10,cases_diff1,5401.508735656738,122
lgbm_v2,0,10,cases_diff4,1404.6992874145508,122
lgbm_v2,0,10,rain_roll4_lag4,698.0204205513,122
lgbm_v2,0,10,rain_roll4_lag8,1001.3366985321045,122
lgbm_v2,0,10,humid_roll4_lag4,1166.0235247612,122
lgbm_v2,0,10,humid_roll4_lag8,1751.3474102020264,122
lgbm_v2,0,10,temp_roll4_lag4,1116.085060596466,122
lgbm_v2,0,10,temp_roll4_lag8,539.8416056632996,122
lgbm_v2,0,10,rain_roll12_lag12,1262.7675704956055,122
lgbm_v2,0,10,neighbour_cases,1658.3957304954529,122
lgbm_v2,0,10,neighbour_diff4,426.4047808647156,122
lgbm_v2,0,10,national_cases,10299.269099712372,122
lgbm_v2,0,10,national_diff4,3288.7924785614014,122
lgbm_v2,0,10,district,12514.069716453552,122
lgbm_v2,0,10,target_doy_sin,2495.7668204307556,122
lgbm_v2,0,10,target_doy_cos,5147.28062582016,122
lgbm_v2_noclimate,0,10,cases_log1p,28613.025982379913,80
lgbm_v2_noclimate,0,10,doy_sin,3542.382071018219,80
lgbm_v2_noclimate,0,10,doy_cos,974.8928408622742,80
lgbm_v2_noclimate,0,10,weather_observed,0.0,80
lgbm_v2_noclimate,0,10,case_observed,0.0,80
lgbm_v2_noclimate,0,10,centroid_lat,2006.7802863121033,80
lgbm_v2_noclimate,0,10,centroid_lon,774.1722688674927,80
lgbm_v2_noclimate,0,10,national_wave_rank,2297.812582015991,80
lgbm_v2_noclimate,0,10,trailing_52_cumulative_cases,4616.832468032837,80
lgbm_v2_noclimate,0,10,cases_lag1,264.4419002532959,80
lgbm_v2_noclimate,0,10,cases_lag2,59.20707082748413,80
lgbm_v2_noclimate,0,10,cases_lag3,43.10319995880127,80
lgbm_v2_noclimate,0,10,cases_lag4,64.538170337677,80
lgbm_v2_noclimate,0,10,cases_lag5,99.38080930709839,80
lgbm_v2_noclimate,0,10,cases_lag6,146.71867847442627,80
lgbm_v2_noclimate,0,10,cases_lag7,81.72681045532227,80
lgbm_v2_noclimate,0,10,cases_lag8,66.18344926834106,80
lgbm_v2_noclimate,0,10,cases_lag9,117.32353067398071,80
lgbm_v2_noclimate,0,10,cases_lag10,54.44129943847656,80
lgbm_v2_noclimate,0,10,cases_lag11,83.18608951568604,80
lgbm_v2_noclimate,0,10,cases_lag12,590.7706046104431,80
lgbm_v2_noclimate,0,10,cases_mean4,579.9753441810608,80
lgbm_v2_noclimate,0,10,cases_mean8,841.7986822128296,80
lgbm_v2_noclimate,0,10,cases_mean12,788.498818397522,80
lgbm_v2_noclimate,0,10,cases_max12,895.3249092102051,80
lgbm_v2_noclimate,0,10,cases_diff1,5601.265638828278,80
lgbm_v2_noclimate,0,10,cases_diff4,897.0901103019714,80
lgbm_v2_noclimate,0,10,neighbour_cases,1602.3375911712646,80
lgbm_v2_noclimate,0,10,neighbour_diff4,379.71579933166504,80
lgbm_v2_noclimate,0,10,national_cases,10755.355386734009,80
lgbm_v2_noclimate,0,10,national_diff4,3018.4916338920593,80
lgbm_v2_noclimate,0,10,district,11952.954653263092,80
lgbm_v2_noclimate,0,10,target_doy_sin,2519.5192036628723,80
lgbm_v2_noclimate,0,10,target_doy_cos,6846.580681324005,80
lgbm_v2_climatology,0,10,cases_log1p,30074.36517715454,90
lgbm_v2_climatology,0,10,rainfall_daily_mean_mm,165.9506311416626,90
lgbm_v2_climatology,0,10,rainy_days_frac,2111.280373573303,90
lgbm_v2_climatology,0,10,temperature_mean_c,467.968713760376,90
lgbm_v2_climatology,0,10,diurnal_range_c,321.17623949050903,90
lgbm_v2_climatology,0,10,dewpoint_mean_c,753.524224281311,90
lgbm_v2_climatology,0,10,relative_humidity_mean,429.73826789855957,90
lgbm_v2_climatology,0,10,wind_speed_mean,330.0781989097595,90
lgbm_v2_climatology,0,10,doy_sin,3041.6548104286194,90
lgbm_v2_climatology,0,10,doy_cos,745.2249574661255,90
lgbm_v2_climatology,0,10,weather_observed,0.0,90
lgbm_v2_climatology,0,10,case_observed,0.0,90
lgbm_v2_climatology,0,10,centroid_lat,1813.6021971702576,90
lgbm_v2_climatology,0,10,centroid_lon,285.5682215690613,90
lgbm_v2_climatology,0,10,rainfall_daily_mean_mm_roll4,680.6466283798218,90
lgbm_v2_climatology,0,10,rainfall_daily_mean_mm_roll8,220.77439975738525,90
lgbm_v2_climatology,0,10,rainfall_daily_mean_mm_roll12,224.7768497467041,90
lgbm_v2_climatology,0,10,temperature_mean_c_roll4,594.2448887825012,90
lgbm_v2_climatology,0,10,temperature_mean_c_roll8,360.17552185058594,90
lgbm_v2_climatology,0,10,temperature_mean_c_roll12,153.7811985015869,90
lgbm_v2_climatology,0,10,relative_humidity_mean_roll4,440.60303115844727,90
lgbm_v2_climatology,0,10,relative_humidity_mean_roll8,265.1321630477905,90
lgbm_v2_climatology,0,10,relative_humidity_mean_roll12,195.2807593345642,90
lgbm_v2_climatology,0,10,national_wave_rank,1804.8308119773865,90
lgbm_v2_climatology,0,10,trailing_52_cumulative_cases,4454.669375419617,90
lgbm_v2_climatology,0,10,cases_lag1,175.99035263061523,90
lgbm_v2_climatology,0,10,cases_lag2,65.56891012191772,90
lgbm_v2_climatology,0,10,cases_lag3,68.22857189178467,90
lgbm_v2_climatology,0,10,cases_lag4,124.2935585975647,90
lgbm_v2_climatology,0,10,cases_lag5,119.7767505645752,90
lgbm_v2_climatology,0,10,cases_lag6,168.3212022781372,90
lgbm_v2_climatology,0,10,cases_lag7,64.46749973297119,90
lgbm_v2_climatology,0,10,cases_lag8,55.12083053588867,90
lgbm_v2_climatology,0,10,cases_lag9,105.47235012054443,90
lgbm_v2_climatology,0,10,cases_lag10,119.47464179992676,90
lgbm_v2_climatology,0,10,cases_lag11,124.0773515701294,90
lgbm_v2_climatology,0,10,cases_lag12,310.9598159790039,90
lgbm_v2_climatology,0,10,cases_mean4,346.1967296600342,90
lgbm_v2_climatology,0,10,cases_mean8,823.766695022583,90
lgbm_v2_climatology,0,10,cases_mean12,930.8557090759277,90
lgbm_v2_climatology,0,10,cases_max12,1041.7581639289856,90
lgbm_v2_climatology,0,10,cases_diff1,5113.129727363586,90
lgbm_v2_climatology,0,10,cases_diff4,1275.6938924789429,90
lgbm_v2_climatology,0,10,rain_roll4_lag4,133.18770122528076,90
lgbm_v2_climatology,0,10,rain_roll4_lag8,200.8829002380371,90
lgbm_v2_climatology,0,10,humid_roll4_lag4,187.51479148864746,90
lgbm_v2_climatology,0,10,humid_roll4_lag8,319.62859773635864,90
lgbm_v2_climatology,0,10,temp_roll4_lag4,393.90367221832275,90
lgbm_v2_climatology,0,10,temp_roll4_lag8,150.93620014190674,90
lgbm_v2_climatology,0,10,rain_roll12_lag12,616.5882434844971,90
lgbm_v2_climatology,0,10,neighbour_cases,1282.6497888565063,90
lgbm_v2_climatology,0,10,neighbour_diff4,354.0815620422363,90
lgbm_v2_climatology,0,10,national_cases,10183.685781002045,90
lgbm_v2_climatology,0,10,national_diff4,2970.3809294700623,90
lgbm_v2_climatology,0,10,district,11071.985873699188,90
lgbm_v2_climatology,0,10,target_doy_sin,2117.794011592865,90
lgbm_v2_climatology,0,10,target_doy_cos,4934.846348285675,90
lgbm_v2,0,12,cases_log1p,34818.74403214455,199
lgbm_v2,0,12,rainfall_daily_mean_mm,273.50380063056946,199
lgbm_v2,0,12,rainy_days_frac,99.47318029403687,199
lgbm_v2,0,12,temperature_mean_c,863.5839042663574,199
lgbm_v2,0,12,diurnal_range_c,671.9126913547516,199
lgbm_v2,0,12,dewpoint_mean_c,1263.6622304916382,199
lgbm_v2,0,12,relative_humidity_mean,550.6187617778778,199
lgbm_v2,0,12,wind_speed_mean,1107.453943014145,199
lgbm_v2,0,12,doy_sin,3837.240752220154,199
lgbm_v2,0,12,doy_cos,1773.5276777744293,199
lgbm_v2,0,12,weather_observed,0.0,199
lgbm_v2,0,12,case_observed,0.0,199
lgbm_v2,0,12,centroid_lat,3449.8867950439453,199
lgbm_v2,0,12,centroid_lon,671.4368233680725,199
lgbm_v2,0,12,rainfall_daily_mean_mm_roll4,550.5809199810028,199
lgbm_v2,0,12,rainfall_daily_mean_mm_roll8,1075.5132994651794,199
lgbm_v2,0,12,rainfall_daily_mean_mm_roll12,837.1150326728821,199
lgbm_v2,0,12,temperature_mean_c_roll4,1322.4826674461365,199
lgbm_v2,0,12,temperature_mean_c_roll8,716.7466909885406,199
lgbm_v2,0,12,temperature_mean_c_roll12,794.2594594955444,199
lgbm_v2,0,12,relative_humidity_mean_roll4,504.8934919834137,199
lgbm_v2,0,12,relative_humidity_mean_roll8,959.8795685768127,199
lgbm_v2,0,12,relative_humidity_mean_roll12,1895.5924277305603,199
lgbm_v2,0,12,national_wave_rank,2259.813058614731,199
lgbm_v2,0,12,trailing_52_cumulative_cases,5242.094301939011,199
lgbm_v2,0,12,cases_lag1,395.75914120674133,199
lgbm_v2,0,12,cases_lag2,125.27976989746094,199
lgbm_v2,0,12,cases_lag3,159.6036295890808,199
lgbm_v2,0,12,cases_lag4,132.52883005142212,199
lgbm_v2,0,12,cases_lag5,172.7191400527954,199
lgbm_v2,0,12,cases_lag6,127.94218945503235,199
lgbm_v2,0,12,cases_lag7,211.42596054077148,199
lgbm_v2,0,12,cases_lag8,338.98006105422974,199
lgbm_v2,0,12,cases_lag9,224.53971004486084,199
lgbm_v2,0,12,cases_lag10,175.43783116340637,199
lgbm_v2,0,12,cases_lag11,221.04476928710938,199
lgbm_v2,0,12,cases_lag12,563.0670566558838,199
lgbm_v2,0,12,cases_mean4,775.8130419254303,199
lgbm_v2,0,12,cases_mean8,1087.7016742229462,199
lgbm_v2,0,12,cases_mean12,1355.282081604004,199
lgbm_v2,0,12,cases_max12,2470.1689999103546,199
lgbm_v2,0,12,cases_diff1,4883.389934539795,199
lgbm_v2,0,12,cases_diff4,2454.4566028118134,199
lgbm_v2,0,12,rain_roll4_lag4,1509.5377252101898,199
lgbm_v2,0,12,rain_roll4_lag8,1939.7032759189606,199
lgbm_v2,0,12,humid_roll4_lag4,1506.3661522865295,199
lgbm_v2,0,12,humid_roll4_lag8,1478.466070652008,199
lgbm_v2,0,12,temp_roll4_lag4,761.8529047966003,199
lgbm_v2,0,12,temp_roll4_lag8,945.195921421051,199
lgbm_v2,0,12,rain_roll12_lag12,2112.9912207126617,199
lgbm_v2,0,12,neighbour_cases,1291.478260755539,199
lgbm_v2,0,12,neighbour_diff4,198.6109504699707,199
lgbm_v2,0,12,national_cases,16630.65701651573,199
lgbm_v2,0,12,national_diff4,3973.8669650554657,199
lgbm_v2,0,12,district,16752.180774450302,199
lgbm_v2,0,12,target_doy_sin,2377.369688510895,199
lgbm_v2,0,12,target_doy_cos,5032.619364023209,199
lgbm_v2_noclimate,0,12,cases_log1p,33204.176208496094,99
lgbm_v2_noclimate,0,12,doy_sin,5076.653924465179,99
lgbm_v2_noclimate,0,12,doy_cos,1941.8819251060486,99
lgbm_v2_noclimate,0,12,weather_observed,0.0,99
lgbm_v2_noclimate,0,12,case_observed,0.0,99
lgbm_v2_noclimate,0,12,centroid_lat,2564.853816986084,99
lgbm_v2_noclimate,0,12,centroid_lon,956.3857226371765,99
lgbm_v2_noclimate,0,12,national_wave_rank,2761.214270591736,99
lgbm_v2_noclimate,0,12,trailing_52_cumulative_cases,4784.586601734161,99
lgbm_v2_noclimate,0,12,cases_lag1,585.133955001831,99
lgbm_v2_noclimate,0,12,cases_lag2,81.90399932861328,99
lgbm_v2_noclimate,0,12,cases_lag3,137.21585988998413,99
lgbm_v2_noclimate,0,12,cases_lag4,54.21476078033447,99
lgbm_v2_noclimate,0,12,cases_lag5,83.18970918655396,99
lgbm_v2_noclimate,0,12,cases_lag6,204.16102981567383,99
lgbm_v2_noclimate,0,12,cases_lag7,99.03122043609619,99
lgbm_v2_noclimate,0,12,cases_lag8,143.90294742584229,99
lgbm_v2_noclimate,0,12,cases_lag9,83.51247930526733,99
lgbm_v2_noclimate,0,12,cases_lag10,154.30429029464722,99
lgbm_v2_noclimate,0,12,cases_lag11,152.0989499092102,99
lgbm_v2_noclimate,0,12,cases_lag12,562.6683731079102,99
lgbm_v2_noclimate,0,12,cases_mean4,761.7514238357544,99
lgbm_v2_noclimate,0,12,cases_mean8,861.8050284385681,99
lgbm_v2_noclimate,0,12,cases_mean12,1181.7644596099854,99
lgbm_v2_noclimate,0,12,cases_max12,2127.7185406684875,99
lgbm_v2_noclimate,0,12,cases_diff1,5022.112720489502,99
lgbm_v2_noclimate,0,12,cases_diff4,1488.4260349273682,99
lgbm_v2_noclimate,0,12,neighbour_cases,1161.3115787506104,99
lgbm_v2_noclimate,0,12,neighbour_diff4,115.68299007415771,99
lgbm_v2_noclimate,0,12,national_cases,16550.617223739624,99
lgbm_v2_noclimate,0,12,national_diff4,4047.469220638275,99
lgbm_v2_noclimate,0,12,district,15595.70480966568,99
lgbm_v2_noclimate,0,12,target_doy_sin,2516.8089032173157,99
lgbm_v2_noclimate,0,12,target_doy_cos,5974.9789962768555,99
lgbm_v2_climatology,0,12,cases_log1p,34233.105867385864,103
lgbm_v2_climatology,0,12,rainfall_daily_mean_mm,187.96821212768555,103
lgbm_v2_climatology,0,12,rainy_days_frac,2192.4642033576965,103
lgbm_v2_climatology,0,12,temperature_mean_c,1031.0623035430908,103
lgbm_v2_climatology,0,12,diurnal_range_c,535.4789347648621,103
lgbm_v2_climatology,0,12,dewpoint_mean_c,1040.496169090271,103
lgbm_v2_climatology,0,12,relative_humidity_mean,569.0667161941528,103
lgbm_v2_climatology,0,12,wind_speed_mean,343.3876528739929,103
lgbm_v2_climatology,0,12,doy_sin,3472.954239845276,103
lgbm_v2_climatology,0,12,doy_cos,1226.075424194336,103
lgbm_v2_climatology,0,12,weather_observed,0.0,103
lgbm_v2_climatology,0,12,case_observed,0.0,103
lgbm_v2_climatology,0,12,centroid_lat,2394.213798522949,103
lgbm_v2_climatology,0,12,centroid_lon,460.02707624435425,103
lgbm_v2_climatology,0,12,rainfall_daily_mean_mm_roll4,487.62413263320923,103
lgbm_v2_climatology,0,12,rainfall_daily_mean_mm_roll8,226.12112140655518,103
lgbm_v2_climatology,0,12,rainfall_daily_mean_mm_roll12,168.31152057647705,103
lgbm_v2_climatology,0,12,temperature_mean_c_roll4,682.182656288147,103
lgbm_v2_climatology,0,12,temperature_mean_c_roll8,283.69534969329834,103
lgbm_v2_climatology,0,12,temperature_mean_c_roll12,196.85678911209106,103
lgbm_v2_climatology,0,12,relative_humidity_mean_roll4,259.88736295700073,103
lgbm_v2_climatology,0,12,relative_humidity_mean_roll8,329.7342834472656,103
lgbm_v2_climatology,0,12,relative_humidity_mean_roll12,136.74074983596802,103
lgbm_v2_climatology,0,12,national_wave_rank,2242.3157444000244,103
lgbm_v2_climatology,0,12,trailing_52_cumulative_cases,4197.841659069061,103
lgbm_v2_climatology,0,12,cases_lag1,275.35214281082153,103
lgbm_v2_climatology,0,12,cases_lag2,66.51125955581665,103
lgbm_v2_climatology,0,12,cases_lag3,57.22517013549805,103
lgbm_v2_climatology,0,12,cases_lag4,105.99146842956543,103
lgbm_v2_climatology,0,12,cases_lag5,58.06829881668091,103
lgbm_v2_climatology,0,12,cases_lag6,36.89770030975342,103
lgbm_v2_climatology,0,12,cases_lag7,148.93412923812866,103
lgbm_v2_climatology,0,12,cases_lag8,208.42477226257324,103
lgbm_v2_climatology,0,12,cases_lag9,118.67305946350098,103
lgbm_v2_climatology,0,12,cases_lag10,112.80057954788208,103
lgbm_v2_climatology,0,12,cases_lag11,178.33014822006226,103
lgbm_v2_climatology,0,12,cases_lag12,459.28552627563477,103
lgbm_v2_climatology,0,12,cases_mean4,445.6493492126465,103
lgbm_v2_climatology,0,12,cases_mean8,1069.0160689353943,103
lgbm_v2_climatology,0,12,cases_mean12,1064.7264609336853,103
lgbm_v2_climatology,0,12,cases_max12,1582.338442325592,103
lgbm_v2_climatology,0,12,cases_diff1,4658.880443096161,103
lgbm_v2_climatology,0,12,cases_diff4,2351.222987174988,103
lgbm_v2_climatology,0,12,rain_roll4_lag4,109.714919090271,103
lgbm_v2_climatology,0,12,rain_roll4_lag8,450.50143003463745,103
lgbm_v2_climatology,0,12,humid_roll4_lag4,315.10090827941895,103
lgbm_v2_climatology,0,12,humid_roll4_lag8,337.08223247528076,103
lgbm_v2_climatology,0,12,temp_roll4_lag4,269.6581611633301,103
lgbm_v2_climatology,0,12,temp_roll4_lag8,290.70056200027466,103
lgbm_v2_climatology,0,12,rain_roll12_lag12,1063.887936115265,103
lgbm_v2_climatology,0,12,neighbour_cases,639.5421042442322,103
lgbm_v2_climatology,0,12,neighbour_diff4,168.09032011032104,103
lgbm_v2_climatology,0,12,national_cases,16481.451186656952,103
lgbm_v2_climatology,0,12,national_diff4,3338.7555112838745,103
lgbm_v2_climatology,0,12,district,13773.952590942383,103
lgbm_v2_climatology,0,12,target_doy_sin,1855.127534866333,103
lgbm_v2_climatology,0,12,target_doy_cos,4510.664046287537,103
lgbm_v2,1,1,cases_log1p,3619.2680636048317,298
lgbm_v2,1,1,rainfall_daily_mean_mm,496.8890299797058,298
lgbm_v2,1,1,rainy_days_frac,87.94573998451233,298
lgbm_v2,1,1,temperature_mean_c,263.1630309820175,298
lgbm_v2,1,1,diurnal_range_c,331.53295958042145,298
lgbm_v2,1,1,dewpoint_mean_c,386.29657089710236,298
lgbm_v2,1,1,relative_humidity_mean,484.9291099309921,298
lgbm_v2,1,1,wind_speed_mean,507.4903906583786,298
lgbm_v2,1,1,doy_sin,2084.19274020195,298
lgbm_v2,1,1,doy_cos,824.3879281282425,298
lgbm_v2,1,1,weather_observed,0.0,298
lgbm_v2,1,1,case_observed,0.0,298
lgbm_v2,1,1,centroid_lat,246.07657074928284,298
lgbm_v2,1,1,centroid_lon,191.12392961978912,298
lgbm_v2,1,1,rainfall_daily_mean_mm_roll4,341.1132708787918,298
lgbm_v2,1,1,rainfall_daily_mean_mm_roll8,505.25215089321136,298
lgbm_v2,1,1,rainfall_daily_mean_mm_roll12,344.4421308040619,298
lgbm_v2,1,1,temperature_mean_c_roll4,315.8451188802719,298
lgbm_v2,1,1,temperature_mean_c_roll8,204.20719039440155,298
lgbm_v2,1,1,temperature_mean_c_roll12,234.5478789806366,298
lgbm_v2,1,1,relative_humidity_mean_roll4,454.06705951690674,298
lgbm_v2,1,1,relative_humidity_mean_roll8,234.56551790237427,298
lgbm_v2,1,1,relative_humidity_mean_roll12,247.63667106628418,298
lgbm_v2,1,1,national_wave_rank,1622.2336978912354,298
lgbm_v2,1,1,trailing_52_cumulative_cases,698.0551407337189,298
lgbm_v2,1,1,cases_lag1,540.9328436255455,298
lgbm_v2,1,1,cases_lag2,1555.7615497112274,298
lgbm_v2,1,1,cases_lag3,733.5331609249115,298
lgbm_v2,1,1,cases_lag4,540.1464306116104,298
lgbm_v2,1,1,cases_lag5,242.22881948947906,298
lgbm_v2,1,1,cases_lag6,263.96097099781036,298
lgbm_v2,1,1,cases_lag7,188.81940042972565,298
lgbm_v2,1,1,cases_lag8,374.44313049316406,298
lgbm_v2,1,1,cases_lag9,206.779749751091,298
lgbm_v2,1,1,cases_lag10,203.70403003692627,298
lgbm_v2,1,1,cases_lag11,272.7494087219238,298
lgbm_v2,1,1,cases_lag12,186.92586028575897,298
lgbm_v2,1,1,cases_mean4,748.184009552002,298
lgbm_v2,1,1,cases_mean8,359.65978932380676,298
lgbm_v2,1,1,cases_mean12,364.48637211322784,298
lgbm_v2,1,1,cases_max12,229.4191415309906,298
lgbm_v2,1,1,cases_diff1,14130.21792292595,298
lgbm_v2,1,1,cases_diff4,6023.91013109684,298
lgbm_v2,1,1,rain_roll4_lag4,564.8664903640747,298
lgbm_v2,1,1,rain_roll4_lag8,389.99656105041504,298
lgbm_v2,1,1,humid_roll4_lag4,353.21398055553436,298
lgbm_v2,1,1,humid_roll4_lag8,518.6892132759094,298
lgbm_v2,1,1,temp_roll4_lag4,237.86647880077362,298
lgbm_v2,1,1,temp_roll4_lag8,370.13032948970795,298
lgbm_v2,1,1,rain_roll12_lag12,469.2754907608032,298
lgbm_v2,1,1,neighbour_cases,1119.8639417886734,298
lgbm_v2,1,1,neighbour_diff4,778.5043518543243,298
lgbm_v2,1,1,national_cases,1252.7992691993713,298
lgbm_v2,1,1,national_diff4,1935.4548913240433,298
lgbm_v2,1,1,district,3915.6081496477127,298
lgbm_v2,1,1,target_doy_sin,1273.8704209327698,298
lgbm_v2,1,1,target_doy_cos,561.2144612073898,298
lgbm_v2_noclimate,1,1,cases_log1p,3698.7346971035004,298
lgbm_v2_noclimate,1,1,doy_sin,2486.593655049801,298
lgbm_v2_noclimate,1,1,doy_cos,1158.282260775566,298
lgbm_v2_noclimate,1,1,weather_observed,0.0,298
lgbm_v2_noclimate,1,1,case_observed,0.0,298
lgbm_v2_noclimate,1,1,centroid_lat,399.113089799881,298
lgbm_v2_noclimate,1,1,centroid_lon,213.29728198051453,298
lgbm_v2_noclimate,1,1,national_wave_rank,1565.612320303917,298
lgbm_v2_noclimate,1,1,trailing_52_cumulative_cases,1039.0607957839966,298
lgbm_v2_noclimate,1,1,cases_lag1,744.5912590026855,298
lgbm_v2_noclimate,1,1,cases_lag2,1533.3945416808128,298
lgbm_v2_noclimate,1,1,cases_lag3,972.9380249381065,298
lgbm_v2_noclimate,1,1,cases_lag4,486.2114963531494,298
lgbm_v2_noclimate,1,1,cases_lag5,340.55140125751495,298
lgbm_v2_noclimate,1,1,cases_lag6,357.9190202951431,298
lgbm_v2_noclimate,1,1,cases_lag7,410.6741356253624,298
lgbm_v2_noclimate,1,1,cases_lag8,524.0326194763184,298
lgbm_v2_noclimate,1,1,cases_lag9,333.71081548929214,298
lgbm_v2_noclimate,1,1,cases_lag10,346.0032887458801,298
lgbm_v2_noclimate,1,1,cases_lag11,462.82214188575745,298
lgbm_v2_noclimate,1,1,cases_lag12,286.5080795288086,298
lgbm_v2_noclimate,1,1,cases_mean4,839.5916899442673,298
lgbm_v2_noclimate,1,1,cases_mean8,699.2028062343597,298
lgbm_v2_noclimate,1,1,cases_mean12,585.0991901159286,298
lgbm_v2_noclimate,1,1,cases_max12,332.81865179538727,298
lgbm_v2_noclimate,1,1,cases_diff1,14614.549269974232,298
lgbm_v2_noclimate,1,1,cases_diff4,5823.896585941315,298
lgbm_v2_noclimate,1,1,neighbour_cases,1402.4716028571129,298
lgbm_v2_noclimate,1,1,neighbour_diff4,1161.1008132100105,298
lgbm_v2_noclimate,1,1,national_cases,1744.3305213451385,298
lgbm_v2_noclimate,1,1,national_diff4,2322.904416978359,298
lgbm_v2_noclimate,1,1,district,4172.498041689396,298
lgbm_v2_noclimate,1,1,target_doy_sin,1585.9342030882835,298
lgbm_v2_noclimate,1,1,target_doy_cos,995.2299593687057,298
lgbm_v2_climatology,1,1,cases_log1p,3678.884988963604,320
lgbm_v2_climatology,1,1,rainfall_daily_mean_mm,467.4731502532959,320
lgbm_v2_climatology,1,1,rainy_days_frac,436.21149730682373,320
lgbm_v2_climatology,1,1,temperature_mean_c,240.57685923576355,320
lgbm_v2_climatology,1,1,diurnal_range_c,533.9491395950317,320
lgbm_v2_climatology,1,1,dewpoint_mean_c,269.6637214422226,320
lgbm_v2_climatology,1,1,relative_humidity_mean,268.63576900959015,320
lgbm_v2_climatology,1,1,wind_speed_mean,304.8942891359329,320
lgbm_v2_climatology,1,1,doy_sin,2314.3467135429382,320
lgbm_v2_climatology,1,1,doy_cos,692.6277634501457,320
lgbm_v2_climatology,1,1,weather_observed,0.0,320
lgbm_v2_climatology,1,1,case_observed,0.0,320
lgbm_v2_climatology,1,1,centroid_lat,318.42748057842255,320
lgbm_v2_climatology,1,1,centroid_lon,209.0983006954193,320
lgbm_v2_climatology,1,1,rainfall_daily_mean_mm_roll4,339.2454298734665,320
lgbm_v2_climatology,1,1,rainfall_daily_mean_mm_roll8,355.4917883872986,320
lgbm_v2_climatology,1,1,rainfall_daily_mean_mm_roll12,317.0227595567703,320
lgbm_v2_climatology,1,1,temperature_mean_c_roll4,172.00959861278534,320
lgbm_v2_climatology,1,1,temperature_mean_c_roll8,213.12986969947815,320
lgbm_v2_climatology,1,1,temperature_mean_c_roll12,183.43007969856262,320
lgbm_v2_climatology,1,1,relative_humidity_mean_roll4,396.25035870075226,320
lgbm_v2_climatology,1,1,relative_humidity_mean_roll8,184.1389993429184,320
lgbm_v2_climatology,1,1,relative_humidity_mean_roll12,208.8147006034851,320
lgbm_v2_climatology,1,1,national_wave_rank,1706.7203905582428,320
lgbm_v2_climatology,1,1,trailing_52_cumulative_cases,844.0422324538231,320
lgbm_v2_climatology,1,1,cases_lag1,653.0400400161743,320
lgbm_v2_climatology,1,1,cases_lag2,1582.9917840957642,320
lgbm_v2_climatology,1,1,cases_lag3,801.0642391443253,320
lgbm_v2_climatology,1,1,cases_lag4,527.6250097751617,320
lgbm_v2_climatology,1,1,cases_lag5,288.60072273015976,320
lgbm_v2_climatology,1,1,cases_lag6,270.1455600261688,320
lgbm_v2_climatology,1,1,cases_lag7,291.8566987514496,320
lgbm_v2_climatology,1,1,cases_lag8,442.08500015735626,320
lgbm_v2_climatology,1,1,cases_lag9,294.9953898191452,320
lgbm_v2_climatology,1,1,cases_lag10,233.3815197944641,320
lgbm_v2_climatology,1,1,cases_lag11,302.3930104970932,320
lgbm_v2_climatology,1,1,cases_lag12,290.5795189142227,320
lgbm_v2_climatology,1,1,cases_mean4,790.2534302473068,320
lgbm_v2_climatology,1,1,cases_mean8,435.3550395965576,320
lgbm_v2_climatology,1,1,cases_mean12,444.33311915397644,320
lgbm_v2_climatology,1,1,cases_max12,281.03211188316345,320
lgbm_v2_climatology,1,1,cases_diff1,14153.290139555931,320
lgbm_v2_climatology,1,1,cases_diff4,6114.461247563362,320
lgbm_v2_climatology,1,1,rain_roll4_lag4,383.0510405302048,320
lgbm_v2_climatology,1,1,rain_roll4_lag8,189.93754875659943,320
lgbm_v2_climatology,1,1,humid_roll4_lag4,201.772818505764,320
lgbm_v2_climatology,1,1,humid_roll4_lag8,291.525591135025,320
lgbm_v2_climatology,1,1,temp_roll4_lag4,222.70598155260086,320
lgbm_v2_climatology,1,1,temp_roll4_lag8,456.4569716453552,320
lgbm_v2_climatology,1,1,rain_roll12_lag12,257.1357219219208,320
lgbm_v2_climatology,1,1,neighbour_cases,1126.208293914795,320
lgbm_v2_climatology,1,1,neighbour_diff4,916.5929641723633,320
lgbm_v2_climatology,1,1,national_cases,1479.062133550644,320
lgbm_v2_climatology,1,1,national_diff4,2095.255000591278,320
lgbm_v2_climatology,1,1,district,3886.851212799549,320
lgbm_v2_climatology,1,1,target_doy_sin,1186.3732868432999,320
lgbm_v2_climatology,1,1,target_doy_cos,546.5087139010429,320
lgbm_v2,1,2,cases_log1p,5404.713436841965,396
lgbm_v2,1,2,rainfall_daily_mean_mm,779.8451645970345,396
lgbm_v2,1,2,rainy_days_frac,87.06811058521271,396
lgbm_v2,1,2,temperature_mean_c,707.4209218025208,396
lgbm_v2,1,2,diurnal_range_c,507.0380936264992,396
lgbm_v2,1,2,dewpoint_mean_c,585.8839193582535,396
lgbm_v2,1,2,relative_humidity_mean,786.6755641698837,396
lgbm_v2,1,2,wind_speed_mean,625.8741377592087,396
lgbm_v2,1,2,doy_sin,2335.398211479187,396
lgbm_v2,1,2,doy_cos,961.47400867939,396
lgbm_v2,1,2,weather_observed,0.0,396
lgbm_v2,1,2,case_observed,0.0,396
lgbm_v2,1,2,centroid_lat,418.2907704114914,396
lgbm_v2,1,2,centroid_lon,188.8504399061203,396
lgbm_v2,1,2,rainfall_daily_mean_mm_roll4,867.5262712240219,396
lgbm_v2,1,2,rainfall_daily_mean_mm_roll8,883.4512193202972,396
lgbm_v2,1,2,rainfall_daily_mean_mm_roll12,379.4132008552551,396
lgbm_v2,1,2,temperature_mean_c_roll4,404.2556104660034,396
lgbm_v2,1,2,temperature_mean_c_roll8,373.32646930217743,396
lgbm_v2,1,2,temperature_mean_c_roll12,342.8526917695999,396
lgbm_v2,1,2,relative_humidity_mean_roll4,872.5453888177872,396
lgbm_v2,1,2,relative_humidity_mean_roll8,572.3944269418716,396
lgbm_v2,1,2,relative_humidity_mean_roll12,368.35780942440033,396
lgbm_v2,1,2,national_wave_rank,1447.5817991495132,396
lgbm_v2,1,2,trailing_52_cumulative_cases,1266.8193671107292,396
lgbm_v2,1,2,cases_lag1,640.0357528328896,396
lgbm_v2,1,2,cases_lag2,1359.458578467369,396
lgbm_v2,1,2,cases_lag3,937.5948693156242,396
lgbm_v2,1,2,cases_lag4,580.5183910131454,396
lgbm_v2,1,2,cases_lag5,310.53997027873993,396
lgbm_v2,1,2,cases_lag6,389.97645902633667,396
lgbm_v2,1,2,cases_lag7,426.8186895251274,396
lgbm_v2,1,2,cases_lag8,415.51600980758667,396
lgbm_v2,1,2,cases_lag9,320.4577406644821,396
lgbm_v2,1,2,cases_lag10,335.6500803232193,396
lgbm_v2,1,2,cases_lag11,413.22244787216187,396
lgbm_v2,1,2,cases_lag12,334.0506816506386,396
lgbm_v2,1,2,cases_mean4,1065.4926320314407,396
lgbm_v2,1,2,cases_mean8,540.7047283649445,396
lgbm_v2,1,2,cases_mean12,665.2339098453522,396
lgbm_v2,1,2,cases_max12,483.90674889087677,396
lgbm_v2,1,2,cases_diff1,15605.732050895691,396
lgbm_v2,1,2,cases_diff4,4965.343171179295,396
lgbm_v2,1,2,rain_roll4_lag4,885.3865593075752,396
lgbm_v2,1,2,rain_roll4_lag8,676.363565325737,396
lgbm_v2,1,2,humid_roll4_lag4,709.1348593235016,396
lgbm_v2,1,2,humid_roll4_lag8,1018.647155225277,396
lgbm_v2,1,2,temp_roll4_lag4,395.0505710840225,396
lgbm_v2,1,2,temp_roll4_lag8,505.6404917240143,396
lgbm_v2,1,2,rain_roll12_lag12,878.2522513866425,396
lgbm_v2,1,2,neighbour_cases,1255.3738522529602,396
lgbm_v2,1,2,neighbour_diff4,909.5811325311661,396
lgbm_v2,1,2,national_cases,1965.5487568974495,396
lgbm_v2,1,2,national_diff4,2831.942396104336,396
lgbm_v2,1,2,district,4877.450619935989,396
lgbm_v2,1,2,target_doy_sin,2149.5905797481537,396
lgbm_v2,1,2,target_doy_cos,1520.7258179187775,396
lgbm_v2_noclimate,1,2,cases_log1p,5358.455979824066,513
lgbm_v2_noclimate,1,2,doy_sin,3569.7066040039062,513
lgbm_v2_noclimate,1,2,doy_cos,1835.8498100042343,513
lgbm_v2_noclimate,1,2,weather_observed,0.0,513
lgbm_v2_noclimate,1,2,case_observed,0.0,513
lgbm_v2_noclimate,1,2,centroid_lat,654.9318489432335,513
lgbm_v2_noclimate,1,2,centroid_lon,420.56298583745956,513
lgbm_v2_noclimate,1,2,national_wave_rank,1589.280857682228,513
lgbm_v2_noclimate,1,2,trailing_52_cumulative_cases,2098.7177000641823,513
lgbm_v2_noclimate,1,2,cases_lag1,1011.8912265300751,513
lgbm_v2_noclimate,1,2,cases_lag2,1661.6549802422523,513
lgbm_v2_noclimate,1,2,cases_lag3,1325.929882466793,513
lgbm_v2_noclimate,1,2,cases_lag4,799.4125819802284,513
lgbm_v2_noclimate,1,2,cases_lag5,610.452120423317,513
lgbm_v2_noclimate,1,2,cases_lag6,651.4139215350151,513
lgbm_v2_noclimate,1,2,cases_lag7,780.0464269518852,513
lgbm_v2_noclimate,1,2,cases_lag8,761.5624084472656,513
lgbm_v2_noclimate,1,2,cases_lag9,621.2743001580238,513
lgbm_v2_noclimate,1,2,cases_lag10,680.103208899498,513
lgbm_v2_noclimate,1,2,cases_lag11,681.8943179249763,513
lgbm_v2_noclimate,1,2,cases_lag12,584.0611063241959,513
lgbm_v2_noclimate,1,2,cases_mean4,1351.1810452342033,513
lgbm_v2_noclimate,1,2,cases_mean8,940.277904689312,513
lgbm_v2_noclimate,1,2,cases_mean12,1115.3844646811485,513
lgbm_v2_noclimate,1,2,cases_max12,863.2947395443916,513
lgbm_v2_noclimate,1,2,cases_diff1,16825.723862946033,513
lgbm_v2_noclimate,1,2,cases_diff4,4898.874102413654,513
lgbm_v2_noclimate,1,2,neighbour_cases,2109.8156507611275,513
lgbm_v2_noclimate,1,2,neighbour_diff4,1683.425460755825,513
lgbm_v2_noclimate,1,2,national_cases,3423.889471590519,513
lgbm_v2_noclimate,1,2,national_diff4,3856.3519273400307,513
lgbm_v2_noclimate,1,2,district,5672.075043797493,513
lgbm_v2_noclimate,1,2,target_doy_sin,2859.5430786013603,513
lgbm_v2_noclimate,1,2,target_doy_cos,2608.0460340976715,513
lgbm_v2_climatology,1,2,cases_log1p,5543.452563524246,526
lgbm_v2_climatology,1,2,rainfall_daily_mean_mm,732.6193608641624,526
lgbm_v2_climatology,1,2,rainy_days_frac,859.8986666798592,526
lgbm_v2_climatology,1,2,temperature_mean_c,391.3695576786995,526
lgbm_v2_climatology,1,2,diurnal_range_c,663.4878856539726,526
lgbm_v2_climatology,1,2,dewpoint_mean_c,636.0775336027145,526
lgbm_v2_climatology,1,2,relative_humidity_mean,624.1221708655357,526
lgbm_v2_climatology,1,2,wind_speed_mean,500.33345425128937,526
lgbm_v2_climatology,1,2,doy_sin,2754.0086385011673,526
lgbm_v2_climatology,1,2,doy_cos,1164.1082179546356,526
lgbm_v2_climatology,1,2,weather_observed,0.0,526
lgbm_v2_climatology,1,2,case_observed,0.0,526
lgbm_v2_climatology,1,2,centroid_lat,383.461638212204,526
lgbm_v2_climatology,1,2,centroid_lon,221.03804922103882,526
lgbm_v2_climatology,1,2,rainfall_daily_mean_mm_roll4,783.5049681663513,526
lgbm_v2_climatology,1,2,rainfall_daily_mean_mm_roll8,422.4871144294739,526
lgbm_v2_climatology,1,2,rainfall_daily_mean_mm_roll12,384.43586337566376,526
lgbm_v2_climatology,1,2,temperature_mean_c_roll4,376.95262038707733,526
lgbm_v2_climatology,1,2,temperature_mean_c_roll8,296.9481565952301,526
lgbm_v2_climatology,1,2,temperature_mean_c_roll12,408.50205850601196,526
lgbm_v2_climatology,1,2,relative_humidity_mean_roll4,585.4302122592926,526
lgbm_v2_climatology,1,2,relative_humidity_mean_roll8,427.7614645957947,526
lgbm_v2_climatology,1,2,relative_humidity_mean_roll12,382.79328978061676,526
lgbm_v2_climatology,1,2,national_wave_rank,1624.6227266192436,526
lgbm_v2_climatology,1,2,trailing_52_cumulative_cases,1642.1577202677727,526
lgbm_v2_climatology,1,2,cases_lag1,749.9136821627617,526
lgbm_v2_climatology,1,2,cases_lag2,1652.8390607237816,526
lgbm_v2_climatology,1,2,cases_lag3,1088.427406489849,526
lgbm_v2_climatology,1,2,cases_lag4,766.2873950004578,526
lgbm_v2_climatology,1,2,cases_lag5,474.58018350601196,526
lgbm_v2_climatology,1,2,cases_lag6,534.8738251328468,526
lgbm_v2_climatology,1,2,cases_lag7,689.8300604224205,526
lgbm_v2_climatology,1,2,cases_lag8,561.8717288970947,526
lgbm_v2_climatology,1,2,cases_lag9,515.4385326504707,526
lgbm_v2_climatology,1,2,cases_lag10,446.6540085673332,526
lgbm_v2_climatology,1,2,cases_lag11,558.6858879327774,526
lgbm_v2_climatology,1,2,cases_lag12,482.299958050251,526
lgbm_v2_climatology,1,2,cases_mean4,1294.7228018641472,526
lgbm_v2_climatology,1,2,cases_mean8,748.5978283882141,526
lgbm_v2_climatology,1,2,cases_mean12,866.562960088253,526
lgbm_v2_climatology,1,2,cases_max12,760.9588596224785,526
lgbm_v2_climatology,1,2,cases_diff1,15868.49427574873,526
lgbm_v2_climatology,1,2,cases_diff4,5205.013104200363,526
lgbm_v2_climatology,1,2,rain_roll4_lag4,470.1147798895836,526
lgbm_v2_climatology,1,2,rain_roll4_lag8,461.9278897047043,526
lgbm_v2_climatology,1,2,humid_roll4_lag4,443.0137696862221,526
lgbm_v2_climatology,1,2,humid_roll4_lag8,622.8000651597977,526
lgbm_v2_climatology,1,2,temp_roll4_lag4,391.9839971065521,526
lgbm_v2_climatology,1,2,temp_roll4_lag8,476.4328569173813,526
lgbm_v2_climatology,1,2,rain_roll12_lag12,388.0712358355522,526
lgbm_v2_climatology,1,2,neighbour_cases,1517.53222322464,526
lgbm_v2_climatology,1,2,neighbour_diff4,1270.016626060009,526
lgbm_v2_climatology,1,2,national_cases,2693.268036723137,526
lgbm_v2_climatology,1,2,national_diff4,3427.255458712578,526
lgbm_v2_climatology,1,2,district,4890.491468727589,526
lgbm_v2_climatology,1,2,target_doy_sin,2330.0811688899994,526
lgbm_v2_climatology,1,2,target_doy_cos,1676.535505414009,526
lgbm_v2,1,3,cases_log1p,7188.169689536095,311
lgbm_v2,1,3,rainfall_daily_mean_mm,532.1491601467133,311
lgbm_v2,1,3,rainy_days_frac,102.99013078212738,311
lgbm_v2,1,3,temperature_mean_c,534.5016103982925,311
lgbm_v2,1,3,diurnal_range_c,457.53730964660645,311
lgbm_v2,1,3,dewpoint_mean_c,641.6023322343826,311
lgbm_v2,1,3,relative_humidity_mean,606.0710706710815,311
lgbm_v2,1,3,wind_speed_mean,508.52141857147217,311
lgbm_v2,1,3,doy_sin,2179.5673413276672,311
lgbm_v2,1,3,doy_cos,1050.9332565069199,311
lgbm_v2,1,3,weather_observed,0.0,311
lgbm_v2,1,3,case_observed,0.0,311
lgbm_v2,1,3,centroid_lat,606.074276804924,311
lgbm_v2,1,3,centroid_lon,182.7407512664795,311
lgbm_v2,1,3,rainfall_daily_mean_mm_roll4,1315.7565923929214,311
lgbm_v2,1,3,rainfall_daily_mean_mm_roll8,603.6604069471359,311
lgbm_v2,1,3,rainfall_daily_mean_mm_roll12,293.3699908256531,311
lgbm_v2,1,3,temperature_mean_c_roll4,345.6035404205322,311
lgbm_v2,1,3,temperature_mean_c_roll8,454.41306924819946,311
lgbm_v2,1,3,temperature_mean_c_roll12,327.06811940670013,311
lgbm_v2,1,3,relative_humidity_mean_roll4,1349.9531881809235,311
lgbm_v2,1,3,relative_humidity_mean_roll8,559.736320734024,311
lgbm_v2,1,3,relative_humidity_mean_roll12,366.79366970062256,311
lgbm_v2,1,3,national_wave_rank,1654.9784585237503,311
lgbm_v2,1,3,trailing_52_cumulative_cases,1472.4220204353333,311
lgbm_v2,1,3,cases_lag1,548.7369292974472,311
lgbm_v2,1,3,cases_lag2,1352.7165353298187,311
lgbm_v2,1,3,cases_lag3,438.39717960357666,311
lgbm_v2,1,3,cases_lag4,332.50388157367706,311
lgbm_v2,1,3,cases_lag5,307.4633402824402,311
lgbm_v2,1,3,cases_lag6,497.85759806632996,311
lgbm_v2,1,3,cases_lag7,305.8677591085434,311
lgbm_v2,1,3,cases_lag8,272.4751492738724,311
lgbm_v2,1,3,cases_lag9,253.51699888706207,311
lgbm_v2,1,3,cases_lag10,315.555779337883,311
lgbm_v2,1,3,cases_lag11,319.50235891342163,311
lgbm_v2,1,3,cases_lag12,459.22867023944855,311
lgbm_v2,1,3,cases_mean4,787.1560217142105,311
lgbm_v2,1,3,cases_mean8,814.6267508268356,311
lgbm_v2,1,3,cases_mean12,402.72624921798706,311
lgbm_v2,1,3,cases_max12,658.0923807621002,311
lgbm_v2,1,3,cases_diff1,15270.113928079605,311
lgbm_v2,1,3,cases_diff4,3916.5813686847687,311
lgbm_v2,1,3,rain_roll4_lag4,654.2476215362549,311
lgbm_v2,1,3,rain_roll4_lag8,986.298621058464,311
lgbm_v2,1,3,humid_roll4_lag4,534.2860989570618,311
lgbm_v2,1,3,humid_roll4_lag8,1308.1397269964218,311
lgbm_v2,1,3,temp_roll4_lag4,462.66656053066254,311
lgbm_v2,1,3,temp_roll4_lag8,608.7009996175766,311
lgbm_v2,1,3,rain_roll12_lag12,721.5151197910309,311
lgbm_v2,1,3,neighbour_cases,1113.368241906166,311
lgbm_v2,1,3,neighbour_diff4,873.8772780895233,311
lgbm_v2,1,3,national_cases,2788.5233931541443,311
lgbm_v2,1,3,national_diff4,4051.4471386671066,311
lgbm_v2,1,3,district,5883.649846673012,311
lgbm_v2,1,3,target_doy_sin,2555.1511803865433,311
lgbm_v2,1,3,target_doy_cos,1391.254531621933,311
lgbm_v2_noclimate,1,3,cases_log1p,6822.044630289078,310
lgbm_v2_noclimate,1,3,doy_sin,3350.4562433958054,310
lgbm_v2_noclimate,1,3,doy_cos,1775.6529326438904,310
lgbm_v2_noclimate,1,3,weather_observed,0.0,310
lgbm_v2_noclimate,1,3,case_observed,0.0,310
lgbm_v2_noclimate,1,3,centroid_lat,824.3943181037903,310
lgbm_v2_noclimate,1,3,centroid_lon,468.0592496395111,310
lgbm_v2_noclimate,1,3,national_wave_rank,1897.7836881875992,310
lgbm_v2_noclimate,1,3,trailing_52_cumulative_cases,2218.9509494304657,310
lgbm_v2_noclimate,1,3,cases_lag1,799.892073392868,310
lgbm_v2_noclimate,1,3,cases_lag2,1542.826602101326,310
lgbm_v2_noclimate,1,3,cases_lag3,686.9260900020599,310
lgbm_v2_noclimate,1,3,cases_lag4,451.7133697271347,310
lgbm_v2_noclimate,1,3,cases_lag5,383.11835968494415,310
lgbm_v2_noclimate,1,3,cases_lag6,685.3707951307297,310
lgbm_v2_noclimate,1,3,cases_lag7,435.9787902832031,310
lgbm_v2_noclimate,1,3,cases_lag8,458.60720229148865,310
lgbm_v2_noclimate,1,3,cases_lag9,461.86568009853363,310
lgbm_v2_noclimate,1,3,cases_lag10,402.1154820919037,310
lgbm_v2_noclimate,1,3,cases_lag11,351.1959217786789,310
lgbm_v2_noclimate,1,3,cases_lag12,534.308811545372,310
lgbm_v2_noclimate,1,3,cases_mean4,879.3050570487976,310
lgbm_v2_noclimate,1,3,cases_mean8,745.2020163536072,310
lgbm_v2_noclimate,1,3,cases_mean12,756.3289185762405,310
lgbm_v2_noclimate,1,3,cases_max12,842.321335196495,310
lgbm_v2_noclimate,1,3,cases_diff1,15929.964221954346,310
lgbm_v2_noclimate,1,3,cases_diff4,3897.110490322113,310
lgbm_v2_noclimate,1,3,neighbour_cases,1595.4179894924164,310
lgbm_v2_noclimate,1,3,neighbour_diff4,1333.0960725545883,310
lgbm_v2_noclimate,1,3,national_cases,3962.9023859500885,310
lgbm_v2_noclimate,1,3,national_diff4,4685.763012170792,310
lgbm_v2_noclimate,1,3,district,6259.755837798119,310
lgbm_v2_noclimate,1,3,target_doy_sin,3377.754281938076,310
lgbm_v2_noclimate,1,3,target_doy_cos,2289.565262913704,310
lgbm_v2_climatology,1,3,cases_log1p,7085.397310018539,262
lgbm_v2_climatology,1,3,rainfall_daily_mean_mm,329.8864195346832,262
lgbm_v2_climatology,1,3,rainy_days_frac,729.6706213951111,262
lgbm_v2_climatology,1,3,temperature_mean_c,343.7261891365051,262
lgbm_v2_climatology,1,3,diurnal_range_c,492.331719994545,262
lgbm_v2_climatology,1,3,dewpoint_mean_c,461.99680054187775,262
lgbm_v2_climatology,1,3,relative_humidity_mean,770.991376042366,262
lgbm_v2_climatology,1,3,wind_speed_mean,348.4083092212677,262
lgbm_v2_climatology,1,3,doy_sin,2497.1011801958084,262
lgbm_v2_climatology,1,3,doy_cos,999.615226149559,262
lgbm_v2_climatology,1,3,weather_observed,0.0,262
lgbm_v2_climatology,1,3,case_observed,0.0,262
lgbm_v2_climatology,1,3,centroid_lat,506.0728385448456,262
lgbm_v2_climatology,1,3,centroid_lon,83.7163405418396,262
lgbm_v2_climatology,1,3,rainfall_daily_mean_mm_roll4,820.6091907024384,262
lgbm_v2_climatology,1,3,rainfall_daily_mean_mm_roll8,395.3774507045746,262
lgbm_v2_climatology,1,3,rainfall_daily_mean_mm_roll12,352.1907904148102,262
lgbm_v2_climatology,1,3,temperature_mean_c_roll4,353.4685900211334,262
lgbm_v2_climatology,1,3,temperature_mean_c_roll8,185.15507817268372,262
lgbm_v2_climatology,1,3,temperature_mean_c_roll12,363.205930352211,262
lgbm_v2_climatology,1,3,relative_humidity_mean_roll4,428.4169405698776,262
lgbm_v2_climatology,1,3,relative_humidity_mean_roll8,196.2472894191742,262
lgbm_v2_climatology,1,3,relative_humidity_mean_roll12,281.2425994873047,262
lgbm_v2_climatology,1,3,national_wave_rank,1784.9159350395203,262
lgbm_v2_climatology,1,3,trailing_52_cumulative_cases,1498.6851872205734,262
lgbm_v2_climatology,1,3,cases_lag1,497.1768800020218,262
lgbm_v2_climatology,1,3,cases_lag2,1270.8843034505844,262
lgbm_v2_climatology,1,3,cases_lag3,434.7189794778824,262
lgbm_v2_climatology,1,3,cases_lag4,292.895067691803,262
lgbm_v2_climatology,1,3,cases_lag5,251.5521903038025,262
lgbm_v2_climatology,1,3,cases_lag6,488.945760011673,262
lgbm_v2_climatology,1,3,cases_lag7,297.7293304204941,262
lgbm_v2_climatology,1,3,cases_lag8,233.19650030136108,262
lgbm_v2_climatology,1,3,cases_lag9,310.3858288526535,262
lgbm_v2_climatology,1,3,cases_lag10,264.69799983501434,262
lgbm_v2_climatology,1,3,cases_lag11,251.49861824512482,262
lgbm_v2_climatology,1,3,cases_lag12,386.02463006973267,262
lgbm_v2_climatology,1,3,cases_mean4,841.4159309864044,262
lgbm_v2_climatology,1,3,cases_mean8,657.8646051883698,262
lgbm_v2_climatology,1,3,cases_mean12,400.45542001724243,262
lgbm_v2_climatology,1,3,cases_max12,680.7099423408508,262
lgbm_v2_climatology,1,3,cases_diff1,15272.094879031181,262
lgbm_v2_climatology,1,3,cases_diff4,3700.3275822401047,262
lgbm_v2_climatology,1,3,rain_roll4_lag4,388.7511384487152,262
lgbm_v2_climatology,1,3,rain_roll4_lag8,232.8193702697754,262
lgbm_v2_climatology,1,3,humid_roll4_lag4,407.38259863853455,262
lgbm_v2_climatology,1,3,humid_roll4_lag8,390.34600138664246,262
lgbm_v2_climatology,1,3,temp_roll4_lag4,265.1750981807709,262
lgbm_v2_climatology,1,3,temp_roll4_lag8,406.6969903707504,262
lgbm_v2_climatology,1,3,rain_roll12_lag12,200.41305077075958,262
lgbm_v2_climatology,1,3,neighbour_cases,1106.2732766866684,262
lgbm_v2_climatology,1,3,neighbour_diff4,853.0151711702347,262
lgbm_v2_climatology,1,3,national_cases,3322.2659415006638,262
lgbm_v2_climatology,1,3,national_diff4,4337.391848564148,262
lgbm_v2_climatology,1,3,district,5349.311972379684,262
lgbm_v2_climatology,1,3,target_doy_sin,2603.531049489975,262
lgbm_v2_climatology,1,3,target_doy_cos,1404.900778889656,262
lgbm_v2,1,4,cases_log1p,10278.785440087318,376
lgbm_v2,1,4,rainfall_daily_mean_mm,521.6651607751846,376
lgbm_v2,1,4,rainy_days_frac,111.95186960697174,376
lgbm_v2,1,4,temperature_mean_c,543.9749796390533,376
lgbm_v2,1,4,diurnal_range_c,419.65091371536255,376
lgbm_v2,1,4,dewpoint_mean_c,729.2630561590195,376
lgbm_v2,1,4,relative_humidity_mean,711.6972517967224,376
lgbm_v2,1,4,wind_speed_mean,704.3804477453232,376
lgbm_v2,1,4,doy_sin,2734.596548318863,376
lgbm_v2,1,4,doy_cos,1451.1835104227066,376
lgbm_v2,1,4,weather_observed,0.0,376
lgbm_v2,1,4,case_observed,0.0,376
lgbm_v2,1,4,centroid_lat,822.8991848230362,376
lgbm_v2,1,4,centroid_lon,218.40333926677704,376
lgbm_v2,1,4,rainfall_daily_mean_mm_roll4,1841.3678315877914,376
lgbm_v2,1,4,rainfall_daily_mean_mm_roll8,984.3581624031067,376
lgbm_v2,1,4,rainfall_daily_mean_mm_roll12,519.3928397893906,376
lgbm_v2,1,4,temperature_mean_c_roll4,630.8064991235733,376
lgbm_v2,1,4,temperature_mean_c_roll8,714.8660875558853,376
lgbm_v2,1,4,temperature_mean_c_roll12,478.33932161331177,376
lgbm_v2,1,4,relative_humidity_mean_roll4,1502.811774969101,376
lgbm_v2,1,4,relative_humidity_mean_roll8,698.6889222860336,376
lgbm_v2,1,4,relative_humidity_mean_roll12,515.6839493513107,376
lgbm_v2,1,4,national_wave_rank,1963.5569376945496,376
lgbm_v2,1,4,trailing_52_cumulative_cases,2215.5019344091415,376
lgbm_v2,1,4,cases_lag1,649.6177912950516,376
lgbm_v2,1,4,cases_lag2,1148.101870417595,376
lgbm_v2,1,4,cases_lag3,578.229940533638,376
lgbm_v2,1,4,cases_lag4,437.25680220127106,376
lgbm_v2,1,4,cases_lag5,491.2555000782013,376
lgbm_v2,1,4,cases_lag6,255.1582795381546,376
lgbm_v2,1,4,cases_lag7,297.89772033691406,376
lgbm_v2,1,4,cases_lag8,372.83504009246826,376
lgbm_v2,1,4,cases_lag9,246.5691204071045,376
lgbm_v2,1,4,cases_lag10,364.95388972759247,376
lgbm_v2,1,4,cases_lag11,472.9330289363861,376
lgbm_v2,1,4,cases_lag12,421.1658695936203,376
lgbm_v2,1,4,cases_mean4,915.4540185928345,376
lgbm_v2,1,4,cases_mean8,566.3362784385681,376
lgbm_v2,1,4,cases_mean12,1106.7182731628418,376
lgbm_v2,1,4,cases_max12,1157.829188466072,376
lgbm_v2,1,4,cases_diff1,14543.52980852127,376
lgbm_v2,1,4,cases_diff4,2886.9601336717606,376
lgbm_v2,1,4,rain_roll4_lag4,665.9282892942429,376
lgbm_v2,1,4,rain_roll4_lag8,1205.407732129097,376
lgbm_v2,1,4,humid_roll4_lag4,629.6388578414917,376
lgbm_v2,1,4,humid_roll4_lag8,2228.210057616234,376
lgbm_v2,1,4,temp_roll4_lag4,693.5380936861038,376
lgbm_v2,1,4,temp_roll4_lag8,841.4732993841171,376
lgbm_v2,1,4,rain_roll12_lag12,952.5535424947739,376
lgbm_v2,1,4,neighbour_cases,1621.047532081604,376
lgbm_v2,1,4,neighbour_diff4,879.4763549566269,376
lgbm_v2,1,4,national_cases,3769.0546345710754,376
lgbm_v2,1,4,national_diff4,4424.534263491631,376
lgbm_v2,1,4,district,7270.994172692299,376
lgbm_v2,1,4,target_doy_sin,3312.9120144844055,376
lgbm_v2,1,4,target_doy_cos,1704.8214137554169,376
lgbm_v2_noclimate,1,4,cases_log1p,10014.798583626747,332
lgbm_v2_noclimate,1,4,doy_sin,3885.818293452263,332
lgbm_v2_noclimate,1,4,doy_cos,2086.2339169979095,332
lgbm_v2_noclimate,1,4,weather_observed,0.0,332
lgbm_v2_noclimate,1,4,case_observed,0.0,332
lgbm_v2_noclimate,1,4,centroid_lat,1135.5058031082153,332
lgbm_v2_noclimate,1,4,centroid_lon,408.67984187602997,332
lgbm_v2_noclimate,1,4,national_wave_rank,2048.6321878433228,332
lgbm_v2_noclimate,1,4,trailing_52_cumulative_cases,2981.3233842253685,332
lgbm_v2_noclimate,1,4,cases_lag1,1038.0005190968513,332
lgbm_v2_noclimate,1,4,cases_lag2,1121.046570301056,332
lgbm_v2_noclimate,1,4,cases_lag3,757.3263298273087,332
lgbm_v2_noclimate,1,4,cases_lag4,431.71018612384796,332
lgbm_v2_noclimate,1,4,cases_lag5,671.3659528493881,332
lgbm_v2_noclimate,1,4,cases_lag6,391.1663017272949,332
lgbm_v2_noclimate,1,4,cases_lag7,403.15948033332825,332
lgbm_v2_noclimate,1,4,cases_lag8,514.1125277280807,332
lgbm_v2_noclimate,1,4,cases_lag9,424.7631492614746,332
lgbm_v2_noclimate,1,4,cases_lag10,423.0002598762512,332
lgbm_v2_noclimate,1,4,cases_lag11,629.0056704282761,332
lgbm_v2_noclimate,1,4,cases_lag12,631.1545286178589,332
lgbm_v2_noclimate,1,4,cases_mean4,1288.8895604610443,332
lgbm_v2_noclimate,1,4,cases_mean8,758.0030583143234,332
lgbm_v2_noclimate,1,4,cases_mean12,1136.1718831062317,332
lgbm_v2_noclimate,1,4,cases_max12,1274.0559618473053,332
lgbm_v2_noclimate,1,4,cases_diff1,15053.181354999542,332
lgbm_v2_noclimate,1,4,cases_diff4,2538.4534941911697,332
lgbm_v2_noclimate,1,4,neighbour_cases,2247.460937023163,332
lgbm_v2_noclimate,1,4,neighbour_diff4,1413.3569761514664,332
lgbm_v2_noclimate,1,4,national_cases,5250.89178609848,332
lgbm_v2_noclimate,1,4,national_diff4,5308.171604514122,332
lgbm_v2_noclimate,1,4,district,7714.557551145554,332
lgbm_v2_noclimate,1,4,target_doy_sin,4572.015867233276,332
lgbm_v2_noclimate,1,4,target_doy_cos,3185.9744629859924,332
lgbm_v2_climatology,1,4,cases_log1p,10417.422025680542,432
lgbm_v2_climatology,1,4,rainfall_daily_mean_mm,831.550889134407,432
lgbm_v2_climatology,1,4,rainy_days_frac,1118.09918487072,432
lgbm_v2_climatology,1,4,temperature_mean_c,610.221962094307,432
lgbm_v2_climatology,1,4,diurnal_range_c,681.6414403319359,432
lgbm_v2_climatology,1,4,dewpoint_mean_c,627.4354268312454,432
lgbm_v2_climatology,1,4,relative_humidity_mean,727.0657997131348,432
lgbm_v2_climatology,1,4,wind_speed_mean,603.8267723917961,432
lgbm_v2_climatology,1,4,doy_sin,3232.379820406437,432
lgbm_v2_climatology,1,4,doy_cos,1793.6531059741974,432
lgbm_v2_climatology,1,4,weather_observed,0.0,432
lgbm_v2_climatology,1,4,case_observed,0.0,432
lgbm_v2_climatology,1,4,centroid_lat,695.7492387294769,432
lgbm_v2_climatology,1,4,centroid_lon,149.86829841136932,432
lgbm_v2_climatology,1,4,rainfall_daily_mean_mm_roll4,1028.1535943746567,432
lgbm_v2_climatology,1,4,rainfall_daily_mean_mm_roll8,557.5515209436417,432
lgbm_v2_climatology,1,4,rainfall_daily_mean_mm_roll12,523.6242415904999,432
lgbm_v2_climatology,1,4,temperature_mean_c_roll4,377.0707001686096,432
lgbm_v2_climatology,1,4,temperature_mean_c_roll8,495.21138083934784,432
lgbm_v2_climatology,1,4,temperature_mean_c_roll12,599.4480595588684,432
lgbm_v2_climatology,1,4,relative_humidity_mean_roll4,627.2677803039551,432
lgbm_v2_climatology,1,4,relative_humidity_mean_roll8,355.84301936626434,432
lgbm_v2_climatology,1,4,relative_humidity_mean_roll12,342.711030125618,432
lgbm_v2_climatology,1,4,national_wave_rank,2123.4162880182266,432
lgbm_v2_climatology,1,4,trailing_52_cumulative_cases,2846.3335041999817,432
lgbm_v2_climatology,1,4,cases_lag1,838.6645058393478,432
lgbm_v2_climatology,1,4,cases_lag2,1297.7780295610428,432
lgbm_v2_climatology,1,4,cases_lag3,753.3733989596367,432
lgbm_v2_climatology,1,4,cases_lag4,459.0303772687912,432
lgbm_v2_climatology,1,4,cases_lag5,591.0805304050446,432
lgbm_v2_climatology,1,4,cases_lag6,441.51095950603485,432
lgbm_v2_climatology,1,4,cases_lag7,331.09934186935425,432
lgbm_v2_climatology,1,4,cases_lag8,364.6477457880974,432
lgbm_v2_climatology,1,4,cases_lag9,440.75195014476776,432
lgbm_v2_climatology,1,4,cases_lag10,460.62217009067535,432
lgbm_v2_climatology,1,4,cases_lag11,599.7898770570755,432
lgbm_v2_climatology,1,4,cases_lag12,684.3429423570633,432
lgbm_v2_climatology,1,4,cases_mean4,1088.0203564167023,432
lgbm_v2_climatology,1,4,cases_mean8,816.9297651052475,432
lgbm_v2_climatology,1,4,cases_mean12,1305.1928508281708,432
lgbm_v2_climatology,1,4,cases_max12,1304.8215682506561,432
lgbm_v2_climatology,1,4,cases_diff1,14514.166145026684,432
lgbm_v2_climatology,1,4,cases_diff4,2889.3810831308365,432
lgbm_v2_climatology,1,4,rain_roll4_lag4,543.9586683511734,432
lgbm_v2_climatology,1,4,rain_roll4_lag8,549.0927423238754,432
lgbm_v2_climatology,1,4,humid_roll4_lag4,408.5291305780411,432
lgbm_v2_climatology,1,4,humid_roll4_lag8,668.9519926309586,432
lgbm_v2_climatology,1,4,temp_roll4_lag4,449.7405697107315,432
lgbm_v2_climatology,1,4,temp_roll4_lag8,580.95177090168,432
lgbm_v2_climatology,1,4,rain_roll12_lag12,493.26057970523834,432
lgbm_v2_climatology,1,4,neighbour_cases,1666.8369263410568,432
lgbm_v2_climatology,1,4,neighbour_diff4,1244.149361371994,432
lgbm_v2_climatology,1,4,national_cases,4842.828442573547,432
lgbm_v2_climatology,1,4,national_diff4,5079.410971701145,432
lgbm_v2_climatology,1,4,district,6791.351364552975,432
lgbm_v2_climatology,1,4,target_doy_sin,3809.3871302604675,432
lgbm_v2_climatology,1,4,target_doy_cos,2030.4067217111588,432
lgbm_v2,1,6,cases_log1p,19153.57921397686,414
lgbm_v2,1,6,rainfall_daily_mean_mm,699.1860591173172,414
lgbm_v2,1,6,rainy_days_frac,414.3085997104645,414
lgbm_v2,1,6,temperature_mean_c,920.9513578414917,414
lgbm_v2,1,6,diurnal_range_c,763.0726293325424,414
lgbm_v2,1,6,dewpoint_mean_c,1190.802167057991,414
lgbm_v2,1,6,relative_humidity_mean,971.392119884491,414
lgbm_v2,1,6,wind_speed_mean,694.4377202987671,414
lgbm_v2,1,6,doy_sin,3812.1809873580933,414
lgbm_v2,1,6,doy_cos,1611.1242388486862,414
lgbm_v2,1,6,weather_observed,0.0,414
lgbm_v2,1,6,case_observed,0.0,414
lgbm_v2,1,6,centroid_lat,1080.2498112916946,414
lgbm_v2,1,6,centroid_lon,468.14960050582886,414
lgbm_v2,1,6,rainfall_daily_mean_mm_roll4,2654.7574232816696,414
lgbm_v2,1,6,rainfall_daily_mean_mm_roll8,996.2166843414307,414
lgbm_v2,1,6,rainfall_daily_mean_mm_roll12,713.6240208745003,414
lgbm_v2,1,6,temperature_mean_c_roll4,684.472780585289,414
lgbm_v2,1,6,temperature_mean_c_roll8,706.6099299192429,414
lgbm_v2,1,6,temperature_mean_c_roll12,625.3077020645142,414
lgbm_v2,1,6,relative_humidity_mean_roll4,1401.40150308609,414
lgbm_v2,1,6,relative_humidity_mean_roll8,529.4943987131119,414
lgbm_v2,1,6,relative_humidity_mean_roll12,724.5007411241531,414
lgbm_v2,1,6,national_wave_rank,2278.3980206251144,414
lgbm_v2,1,6,trailing_52_cumulative_cases,3404.6109869480133,414
lgbm_v2,1,6,cases_lag1,659.3103108406067,414
lgbm_v2,1,6,cases_lag2,555.2543715238571,414
lgbm_v2,1,6,cases_lag3,771.8305821418762,414
lgbm_v2,1,6,cases_lag4,418.3772015571594,414
lgbm_v2,1,6,cases_lag5,193.22242093086243,414
lgbm_v2,1,6,cases_lag6,361.4848095178604,414
lgbm_v2,1,6,cases_lag7,279.6501281261444,414
lgbm_v2,1,6,cases_lag8,354.4461578130722,414
lgbm_v2,1,6,cases_lag9,659.0941879749298,414
lgbm_v2,1,6,cases_lag10,477.91899037361145,414
lgbm_v2,1,6,cases_lag11,573.3984719514847,414
lgbm_v2,1,6,cases_lag12,466.80445992946625,414
lgbm_v2,1,6,cases_mean4,809.469318985939,414
lgbm_v2,1,6,cases_mean8,786.549262046814,414
lgbm_v2,1,6,cases_mean12,1423.8971463441849,414
lgbm_v2,1,6,cases_max12,1637.2550140619278,414
lgbm_v2,1,6,cases_diff1,9123.58795118332,414
lgbm_v2,1,6,cases_diff4,3159.2861469984055,414
lgbm_v2,1,6,rain_roll4_lag4,854.8386696577072,414
lgbm_v2,1,6,rain_roll4_lag8,1508.3744978904724,414
lgbm_v2,1,6,humid_roll4_lag4,1117.1755306720734,414
lgbm_v2,1,6,humid_roll4_lag8,3247.898730278015,414
lgbm_v2,1,6,temp_roll4_lag4,769.2349090576172,414
lgbm_v2,1,6,temp_roll4_lag8,1055.5731468200684,414
lgbm_v2,1,6,rain_roll12_lag12,1165.574319243431,414
lgbm_v2,1,6,neighbour_cases,2386.9060740470886,414
lgbm_v2,1,6,neighbour_diff4,739.3612378835678,414
lgbm_v2,1,6,national_cases,5692.942429304123,414
lgbm_v2,1,6,national_diff4,5184.413098454475,414
lgbm_v2,1,6,district,11669.720027565956,414
lgbm_v2,1,6,target_doy_sin,4686.298757076263,414
lgbm_v2,1,6,target_doy_cos,3222.0658509731293,414
lgbm_v2_noclimate,1,6,cases_log1p,18706.863236784935,395
lgbm_v2_noclimate,1,6,doy_sin,5664.720272183418,395
lgbm_v2_noclimate,1,6,doy_cos,2888.978421151638,395
lgbm_v2_noclimate,1,6,weather_observed,0.0,395
lgbm_v2_noclimate,1,6,case_observed,0.0,395
lgbm_v2_noclimate,1,6,centroid_lat,1944.1804953813553,395
lgbm_v2_noclimate,1,6,centroid_lon,860.5253330469131,395
lgbm_v2_noclimate,1,6,national_wave_rank,2737.8292169570923,395
lgbm_v2_noclimate,1,6,trailing_52_cumulative_cases,4439.249404907227,395
lgbm_v2_noclimate,1,6,cases_lag1,772.4429829120636,395
lgbm_v2_noclimate,1,6,cases_lag2,796.0207394361496,395
lgbm_v2_noclimate,1,6,cases_lag3,882.3573797941208,395
lgbm_v2_noclimate,1,6,cases_lag4,533.8409217596054,395
lgbm_v2_noclimate,1,6,cases_lag5,400.9249291419983,395
lgbm_v2_noclimate,1,6,cases_lag6,446.15153205394745,395
lgbm_v2_noclimate,1,6,cases_lag7,465.462220788002,395
lgbm_v2_noclimate,1,6,cases_lag8,537.0479995012283,395
lgbm_v2_noclimate,1,6,cases_lag9,711.0671797990799,395
lgbm_v2_noclimate,1,6,cases_lag10,727.9017554521561,395
lgbm_v2_noclimate,1,6,cases_lag11,817.4262983798981,395
lgbm_v2_noclimate,1,6,cases_lag12,607.8802981376648,395
lgbm_v2_noclimate,1,6,cases_mean4,1466.7550286054611,395
lgbm_v2_noclimate,1,6,cases_mean8,1316.2719497680664,395
lgbm_v2_noclimate,1,6,cases_mean12,1536.2235226631165,395
lgbm_v2_noclimate,1,6,cases_max12,2095.0983481407166,395
lgbm_v2_noclimate,1,6,cases_diff1,9411.057448863983,395
lgbm_v2_noclimate,1,6,cases_diff4,3319.3033727407455,395
lgbm_v2_noclimate,1,6,neighbour_cases,2822.526061832905,395
lgbm_v2_noclimate,1,6,neighbour_diff4,1204.4764139652252,395
lgbm_v2_noclimate,1,6,national_cases,7956.452331662178,395
lgbm_v2_noclimate,1,6,national_diff4,6991.228249430656,395
lgbm_v2_noclimate,1,6,district,12069.24798387289,395
lgbm_v2_noclimate,1,6,target_doy_sin,6039.286833405495,395
lgbm_v2_noclimate,1,6,target_doy_cos,5663.354954481125,395
lgbm_v2_climatology,1,6,cases_log1p,19074.724650144577,275
lgbm_v2_climatology,1,6,rainfall_daily_mean_mm,541.7055697441101,275
lgbm_v2_climatology,1,6,rainy_days_frac,2280.797952413559,275
lgbm_v2_climatology,1,6,temperature_mean_c,601.1258883476257,275
lgbm_v2_climatology,1,6,diurnal_range_c,589.1651310920715,275
lgbm_v2_climatology,1,6,dewpoint_mean_c,703.3800772428513,275
lgbm_v2_climatology,1,6,relative_humidity_mean,524.9600594043732,275
lgbm_v2_climatology,1,6,wind_speed_mean,574.8805818557739,275
lgbm_v2_climatology,1,6,doy_sin,4138.035254716873,275
lgbm_v2_climatology,1,6,doy_cos,1345.6465476751328,275
lgbm_v2_climatology,1,6,weather_observed,0.0,275
lgbm_v2_climatology,1,6,case_observed,0.0,275
lgbm_v2_climatology,1,6,centroid_lat,883.8075640201569,275
lgbm_v2_climatology,1,6,centroid_lon,258.46967029571533,275
lgbm_v2_climatology,1,6,rainfall_daily_mean_mm_roll4,946.6430957317352,275
lgbm_v2_climatology,1,6,rainfall_daily_mean_mm_roll8,1030.420545578003,275
lgbm_v2_climatology,1,6,rainfall_daily_mean_mm_roll12,535.1212115287781,275
lgbm_v2_climatology,1,6,temperature_mean_c_roll4,733.6616122722626,275
lgbm_v2_climatology,1,6,temperature_mean_c_roll8,430.6049327850342,275
lgbm_v2_climatology,1,6,temperature_mean_c_roll12,411.0526787042618,275
lgbm_v2_climatology,1,6,relative_humidity_mean_roll4,462.2947120666504,275
lgbm_v2_climatology,1,6,relative_humidity_mean_roll8,352.51347064971924,275
lgbm_v2_climatology,1,6,relative_humidity_mean_roll12,481.59129416942596,275
lgbm_v2_climatology,1,6,national_wave_rank,2412.1419775485992,275
lgbm_v2_climatology,1,6,trailing_52_cumulative_cases,3093.657972931862,275
lgbm_v2_climatology,1,6,cases_lag1,520.9498498439789,275
lgbm_v2_climatology,1,6,cases_lag2,474.5766267776489,275
lgbm_v2_climatology,1,6,cases_lag3,716.2438189983368,275
lgbm_v2_climatology,1,6,cases_lag4,390.06741166114807,275
lgbm_v2_climatology,1,6,cases_lag5,159.75599932670593,275
lgbm_v2_climatology,1,6,cases_lag6,268.7374105453491,275
lgbm_v2_climatology,1,6,cases_lag7,236.84514093399048,275
lgbm_v2_climatology,1,6,cases_lag8,256.9083893299103,275
lgbm_v2_climatology,1,6,cases_lag9,385.7448214292526,275
lgbm_v2_climatology,1,6,cases_lag10,376.2905902862549,275
lgbm_v2_climatology,1,6,cases_lag11,454.6222103834152,275
lgbm_v2_climatology,1,6,cases_lag12,377.01011991500854,275
lgbm_v2_climatology,1,6,cases_mean4,561.287068605423,275
lgbm_v2_climatology,1,6,cases_mean8,874.382807970047,275
lgbm_v2_climatology,1,6,cases_mean12,1255.088931798935,275
lgbm_v2_climatology,1,6,cases_max12,1294.5149006843567,275
lgbm_v2_climatology,1,6,cases_diff1,8832.22820687294,275
lgbm_v2_climatology,1,6,cases_diff4,3061.7078886032104,275
lgbm_v2_climatology,1,6,rain_roll4_lag4,382.3822820186615,275
lgbm_v2_climatology,1,6,rain_roll4_lag8,513.9089193344116,275
lgbm_v2_climatology,1,6,humid_roll4_lag4,259.30842995643616,275
lgbm_v2_climatology,1,6,humid_roll4_lag8,476.55042707920074,275
lgbm_v2_climatology,1,6,temp_roll4_lag4,686.6124925613403,275
lgbm_v2_climatology,1,6,temp_roll4_lag8,399.40069031715393,275
lgbm_v2_climatology,1,6,rain_roll12_lag12,489.702800989151,275
lgbm_v2_climatology,1,6,neighbour_cases,1950.9235640764236,275
lgbm_v2_climatology,1,6,neighbour_diff4,642.6967984437943,275
lgbm_v2_climatology,1,6,national_cases,6185.841759443283,275
lgbm_v2_climatology,1,6,national_diff4,6030.916289329529,275
lgbm_v2_climatology,1,6,district,10127.621573209763,275
lgbm_v2_climatology,1,6,target_doy_sin,4333.261275053024,275
lgbm_v2_climatology,1,6,target_doy_cos,3479.655205965042,275
lgbm_v2,1,8,cases_log1p,26509.17139852047,301
lgbm_v2,1,8,rainfall_daily_mean_mm,898.0031700134277,301
lgbm_v2,1,8,rainy_days_frac,544.8666496276855,301
lgbm_v2,1,8,temperature_mean_c,739.4492402076721,301
lgbm_v2,1,8,diurnal_range_c,683.2716479301453,301
lgbm_v2,1,8,dewpoint_mean_c,1978.2693457603455,301
lgbm_v2,1,8,relative_humidity_mean,593.526718378067,301
lgbm_v2,1,8,wind_speed_mean,715.9990712404251,301
lgbm_v2,1,8,doy_sin,4198.197323441505,301
lgbm_v2,1,8,doy_cos,1821.2348408699036,301
lgbm_v2,1,8,weather_observed,0.0,301
lgbm_v2,1,8,case_observed,0.0,301
lgbm_v2,1,8,centroid_lat,1970.4868805408478,301
lgbm_v2,1,8,centroid_lon,432.0123279094696,301
lgbm_v2,1,8,rainfall_daily_mean_mm_roll4,1768.2059009075165,301
lgbm_v2,1,8,rainfall_daily_mean_mm_roll8,824.0856513977051,301
lgbm_v2,1,8,rainfall_daily_mean_mm_roll12,868.54079246521,301
lgbm_v2,1,8,temperature_mean_c_roll4,841.7010145187378,301
lgbm_v2,1,8,temperature_mean_c_roll8,735.1123595237732,301
lgbm_v2,1,8,temperature_mean_c_roll12,424.08197689056396,301
lgbm_v2,1,8,relative_humidity_mean_roll4,977.6547632217407,301
lgbm_v2,1,8,relative_humidity_mean_roll8,531.4674806594849,301
lgbm_v2,1,8,relative_humidity_mean_roll12,768.0487740039825,301
lgbm_v2,1,8,national_wave_rank,2151.4784766435623,301
lgbm_v2,1,8,trailing_52_cumulative_cases,4157.955678939819,301
lgbm_v2,1,8,cases_lag1,577.7460769414902,301
lgbm_v2,1,8,cases_lag2,510.83777141571045,301
lgbm_v2,1,8,cases_lag3,259.71838903427124,301
lgbm_v2,1,8,cases_lag4,320.7998297214508,301
lgbm_v2,1,8,cases_lag5,175.2671115398407,301
lgbm_v2,1,8,cases_lag6,175.33726119995117,301
lgbm_v2,1,8,cases_lag7,312.73149168491364,301
lgbm_v2,1,8,cases_lag8,339.46532940864563,301
lgbm_v2,1,8,cases_lag9,285.6268391609192,301
lgbm_v2,1,8,cases_lag10,397.8445098400116,301
lgbm_v2,1,8,cases_lag11,502.81020760536194,301
lgbm_v2,1,8,cases_lag12,469.15892946720123,301
lgbm_v2,1,8,cases_mean4,715.8136677742004,301
lgbm_v2,1,8,cases_mean8,869.4941947460175,301
lgbm_v2,1,8,cases_mean12,1492.69917345047,301
lgbm_v2,1,8,cases_max12,1946.7081931829453,301
lgbm_v2,1,8,cases_diff1,9024.909358024597,301
lgbm_v2,1,8,cases_diff4,2879.588891983032,301
lgbm_v2,1,8,rain_roll4_lag4,841.3583765029907,301
lgbm_v2,1,8,rain_roll4_lag8,1938.855202794075,301
lgbm_v2,1,8,humid_roll4_lag4,1119.0908465385437,301
lgbm_v2,1,8,humid_roll4_lag8,3265.7986359596252,301
lgbm_v2,1,8,temp_roll4_lag4,1371.9415156841278,301
lgbm_v2,1,8,temp_roll4_lag8,908.3915832042694,301
lgbm_v2,1,8,rain_roll12_lag12,1535.6679196357727,301
lgbm_v2,1,8,neighbour_cases,2164.379721403122,301
lgbm_v2,1,8,neighbour_diff4,478.2039268016815,301
lgbm_v2,1,8,national_cases,9861.51978969574,301
lgbm_v2,1,8,national_diff4,4876.479558944702,301
lgbm_v2,1,8,district,14616.006111979485,301
lgbm_v2,1,8,target_doy_sin,5880.058509588242,301
lgbm_v2,1,8,target_doy_cos,4113.06192612648,301
lgbm_v2_noclimate,1,8,cases_log1p,25465.4265229702,251
lgbm_v2_noclimate,1,8,doy_sin,5678.947999715805,251
lgbm_v2_noclimate,1,8,doy_cos,2538.6477526426315,251
lgbm_v2_noclimate,1,8,weather_observed,0.0,251
lgbm_v2_noclimate,1,8,case_observed,0.0,251
lgbm_v2_noclimate,1,8,centroid_lat,2105.1010098457336,251
lgbm_v2_noclimate,1,8,centroid_lon,902.1390209197998,251
lgbm_v2_noclimate,1,8,national_wave_rank,2418.2257854938507,251
lgbm_v2_noclimate,1,8,trailing_52_cumulative_cases,5616.07261133194,251
lgbm_v2_noclimate,1,8,cases_lag1,660.9100205898285,251
lgbm_v2_noclimate,1,8,cases_lag2,570.9942411184311,251
lgbm_v2_noclimate,1,8,cases_lag3,290.2139513492584,251
lgbm_v2_noclimate,1,8,cases_lag4,275.49663984775543,251
lgbm_v2_noclimate,1,8,cases_lag5,314.3610484600067,251
lgbm_v2_noclimate,1,8,cases_lag6,194.50039982795715,251
lgbm_v2_noclimate,1,8,cases_lag7,428.9160416126251,251
lgbm_v2_noclimate,1,8,cases_lag8,521.273389339447,251
lgbm_v2_noclimate,1,8,cases_lag9,392.73682141304016,251
lgbm_v2_noclimate,1,8,cases_lag10,450.7260091304779,251
lgbm_v2_noclimate,1,8,cases_lag11,486.3190793991089,251
lgbm_v2_noclimate,1,8,cases_lag12,600.8010971546173,251
lgbm_v2_noclimate,1,8,cases_mean4,1028.1597039699554,251
lgbm_v2_noclimate,1,8,cases_mean8,1154.8397290706635,251
lgbm_v2_noclimate,1,8,cases_mean12,1704.898499250412,251
lgbm_v2_noclimate,1,8,cases_max12,2839.207859277725,251
lgbm_v2_noclimate,1,8,cases_diff1,9716.072029352188,251
lgbm_v2_noclimate,1,8,cases_diff4,2966.3002882003784,251
lgbm_v2_noclimate,1,8,neighbour_cases,2316.609242916107,251
lgbm_v2_noclimate,1,8,neighbour_diff4,691.2523875236511,251
lgbm_v2_noclimate,1,8,national_cases,11830.881094694138,251
lgbm_v2_noclimate,1,8,national_diff4,6054.261860847473,251
lgbm_v2_noclimate,1,8,district,14554.03029036522,251
lgbm_v2_noclimate,1,8,target_doy_sin,7044.499022722244,251
lgbm_v2_noclimate,1,8,target_doy_cos,7622.971999406815,251
lgbm_v2_climatology,1,8,cases_log1p,26405.104256629944,295
lgbm_v2_climatology,1,8,rainfall_daily_mean_mm,900.708444237709,295
lgbm_v2_climatology,1,8,rainy_days_frac,3733.859093427658,295
lgbm_v2_climatology,1,8,temperature_mean_c,939.5939695835114,295
lgbm_v2_climatology,1,8,diurnal_range_c,827.2612407207489,295
lgbm_v2_climatology,1,8,dewpoint_mean_c,1032.284716129303,295
lgbm_v2_climatology,1,8,relative_humidity_mean,707.1057412624359,295
lgbm_v2_climatology,1,8,wind_speed_mean,713.2496620416641,295
lgbm_v2_climatology,1,8,doy_sin,5025.410715103149,295
lgbm_v2_climatology,1,8,doy_cos,2032.322422504425,295
lgbm_v2_climatology,1,8,weather_observed,0.0,295
lgbm_v2_climatology,1,8,case_observed,0.0,295
lgbm_v2_climatology,1,8,centroid_lat,1515.6536815166473,295
lgbm_v2_climatology,1,8,centroid_lon,382.5211069583893,295
lgbm_v2_climatology,1,8,rainfall_daily_mean_mm_roll4,954.0186293125153,295
lgbm_v2_climatology,1,8,rainfall_daily_mean_mm_roll8,615.6844985485077,295
lgbm_v2_climatology,1,8,rainfall_daily_mean_mm_roll12,321.9074926376343,295
lgbm_v2_climatology,1,8,temperature_mean_c_roll4,706.3653802871704,295
lgbm_v2_climatology,1,8,temperature_mean_c_roll8,502.1378597021103,295
lgbm_v2_climatology,1,8,temperature_mean_c_roll12,214.21372997760773,295
lgbm_v2_climatology,1,8,relative_humidity_mean_roll4,362.48763060569763,295
lgbm_v2_climatology,1,8,relative_humidity_mean_roll8,360.30432868003845,295
lgbm_v2_climatology,1,8,relative_humidity_mean_roll12,386.92510747909546,295
lgbm_v2_climatology,1,8,national_wave_rank,2219.639969587326,295
lgbm_v2_climatology,1,8,trailing_52_cumulative_cases,4913.934324383736,295
lgbm_v2_climatology,1,8,cases_lag1,529.8924349546432,295
lgbm_v2_climatology,1,8,cases_lag2,540.7801694869995,295
lgbm_v2_climatology,1,8,cases_lag3,288.5226904153824,295
lgbm_v2_climatology,1,8,cases_lag4,263.49170994758606,295
lgbm_v2_climatology,1,8,cases_lag5,278.89749813079834,295
lgbm_v2_climatology,1,8,cases_lag6,177.24698889255524,295
lgbm_v2_climatology,1,8,cases_lag7,432.12627959251404,295
lgbm_v2_climatology,1,8,cases_lag8,447.80796241760254,295
lgbm_v2_climatology,1,8,cases_lag9,377.1695911884308,295
lgbm_v2_climatology,1,8,cases_lag10,372.85249972343445,295
lgbm_v2_climatology,1,8,cases_lag11,497.7770617008209,295
lgbm_v2_climatology,1,8,cases_lag12,602.3500208854675,295
lgbm_v2_climatology,1,8,cases_mean4,649.880735039711,295
lgbm_v2_climatology,1,8,cases_mean8,1153.6969232559204,295
lgbm_v2_climatology,1,8,cases_mean12,1675.1192836761475,295
lgbm_v2_climatology,1,8,cases_max12,2501.067717075348,295
lgbm_v2_climatology,1,8,cases_diff1,8635.98231434822,295
lgbm_v2_climatology,1,8,cases_diff4,3132.4643733501434,295
lgbm_v2_climatology,1,8,rain_roll4_lag4,504.7308578491211,295
lgbm_v2_climatology,1,8,rain_roll4_lag8,453.9629018306732,295
lgbm_v2_climatology,1,8,humid_roll4_lag4,488.1218304634094,295
lgbm_v2_climatology,1,8,humid_roll4_lag8,844.506404876709,295
lgbm_v2_climatology,1,8,temp_roll4_lag4,541.4255180358887,295
lgbm_v2_climatology,1,8,temp_roll4_lag8,507.4868395328522,295
lgbm_v2_climatology,1,8,rain_roll12_lag12,695.266229391098,295
lgbm_v2_climatology,1,8,neighbour_cases,1883.0741266012192,295
lgbm_v2_climatology,1,8,neighbour_diff4,677.7589774131775,295
lgbm_v2_climatology,1,8,national_cases,11252.585861563683,295
lgbm_v2_climatology,1,8,national_diff4,6247.362428665161,295
lgbm_v2_climatology,1,8,district,13473.896719574928,295
lgbm_v2_climatology,1,8,target_doy_sin,4957.565400362015,295
lgbm_v2_climatology,1,8,target_doy_cos,5068.755885839462,295
lgbm_v2,1,10,cases_log1p,34477.15570473671,220
lgbm_v2,1,10,rainfall_daily_mean_mm,531.9088318347931,220
lgbm_v2,1,10,rainy_days_frac,421.5587487220764,220
lgbm_v2,1,10,temperature_mean_c,781.2768106460571,220
lgbm_v2,1,10,diurnal_range_c,419.910790681839,220
lgbm_v2,1,10,dewpoint_mean_c,1711.8402154445648,220
lgbm_v2,1,10,relative_humidity_mean,529.2753615379333,220
lgbm_v2,1,10,wind_speed_mean,947.000509262085,220
lgbm_v2,1,10,doy_sin,4422.118529558182,220
lgbm_v2,1,10,doy_cos,1597.2710180282593,220
lgbm_v2,1,10,weather_observed,0.0,220
lgbm_v2,1,10,case_observed,0.0,220
lgbm_v2,1,10,centroid_lat,3042.4635202884674,220
lgbm_v2,1,10,centroid_lon,710.1578469276428,220
lgbm_v2,1,10,rainfall_daily_mean_mm_roll4,933.5617673397064,220
lgbm_v2,1,10,rainfall_daily_mean_mm_roll8,629.9901189804077,220
lgbm_v2,1,10,rainfall_daily_mean_mm_roll12,827.3471984863281,220
lgbm_v2,1,10,temperature_mean_c_roll4,877.3561985492706,220
lgbm_v2,1,10,temperature_mean_c_roll8,770.840891122818,220
lgbm_v2,1,10,temperature_mean_c_roll12,404.5315091609955,220
lgbm_v2,1,10,relative_humidity_mean_roll4,870.6080069541931,220
lgbm_v2,1,10,relative_humidity_mean_roll8,662.2091557979584,220
lgbm_v2,1,10,relative_humidity_mean_roll12,998.5986545085907,220
lgbm_v2,1,10,national_wave_rank,2146.430363178253,220
lgbm_v2,1,10,trailing_52_cumulative_cases,5041.728589773178,220
lgbm_v2,1,10,cases_lag1,341.180460691452,220
lgbm_v2,1,10,cases_lag2,373.32162976264954,220
lgbm_v2,1,10,cases_lag3,196.52146124839783,220
lgbm_v2,1,10,cases_lag4,213.54437112808228,220
lgbm_v2,1,10,cases_lag5,208.0305290222168,220
lgbm_v2,1,10,cases_lag6,306.65210032463074,220
lgbm_v2,1,10,cases_lag7,231.87370014190674,220
lgbm_v2,1,10,cases_lag8,161.2769706249237,220
lgbm_v2,1,10,cases_lag9,204.42515110969543,220
lgbm_v2,1,10,cases_lag10,291.14649772644043,220
lgbm_v2,1,10,cases_lag11,364.5571675300598,220
lgbm_v2,1,10,cases_lag12,543.9203660488129,220
lgbm_v2,1,10,cases_mean4,726.809755563736,220
lgbm_v2,1,10,cases_mean8,1099.8206405639648,220
lgbm_v2,1,10,cases_mean12,1620.3499510288239,220
lgbm_v2,1,10,cases_max12,1877.9748675823212,220
lgbm_v2,1,10,cases_diff1,6555.451550245285,220
lgbm_v2,1,10,cases_diff4,1558.6171894073486,220
lgbm_v2,1,10,rain_roll4_lag4,1018.1974821090698,220
lgbm_v2,1,10,rain_roll4_lag8,1749.4034268856049,220
lgbm_v2,1,10,humid_roll4_lag4,1815.3993813991547,220
lgbm_v2,1,10,humid_roll4_lag8,3103.8909964561462,220
lgbm_v2,1,10,temp_roll4_lag4,1247.1362602710724,220
lgbm_v2,1,10,temp_roll4_lag8,812.4393317699432,220
lgbm_v2,1,10,rain_roll12_lag12,1778.1776566505432,220
lgbm_v2,1,10,neighbour_cases,2654.6362726688385,220
lgbm_v2,1,10,neighbour_diff4,471.6058897972107,220
lgbm_v2,1,10,national_cases,12568.488488912582,220
lgbm_v2,1,10,national_diff4,4457.7330327034,220
lgbm_v2,1,10,district,16566.376914978027,220
lgbm_v2,1,10,target_doy_sin,3968.960298538208,220
lgbm_v2,1,10,target_doy_cos,5427.855305194855,220
lgbm_v2_noclimate,1,10,cases_log1p,34135.53138566017,384
lgbm_v2_noclimate,1,10,doy_sin,7947.05146420002,384
lgbm_v2_noclimate,1,10,doy_cos,3451.62523829937,384
lgbm_v2_noclimate,1,10,weather_observed,0.0,384
lgbm_v2_noclimate,1,10,case_observed,0.0,384
lgbm_v2_noclimate,1,10,centroid_lat,3505.062124848366,384
lgbm_v2_noclimate,1,10,centroid_lon,1565.4412587881088,384
lgbm_v2_noclimate,1,10,national_wave_rank,3251.150267958641,384
lgbm_v2_noclimate,1,10,trailing_52_cumulative_cases,7632.1997564435005,384
lgbm_v2_noclimate,1,10,cases_lag1,869.0688052177429,384
lgbm_v2_noclimate,1,10,cases_lag2,799.960320353508,384
lgbm_v2_noclimate,1,10,cases_lag3,465.8528718948364,384
lgbm_v2_noclimate,1,10,cases_lag4,406.0509283542633,384
lgbm_v2_noclimate,1,10,cases_lag5,630.7181903123856,384
lgbm_v2_noclimate,1,10,cases_lag6,525.5594304800034,384
lgbm_v2_noclimate,1,10,cases_lag7,314.957058429718,384
lgbm_v2_noclimate,1,10,cases_lag8,443.05582904815674,384
lgbm_v2_noclimate,1,10,cases_lag9,755.884884595871,384
lgbm_v2_noclimate,1,10,cases_lag10,655.3114097118378,384
lgbm_v2_noclimate,1,10,cases_lag11,794.9502589702606,384
lgbm_v2_noclimate,1,10,cases_lag12,1069.7581856250763,384
lgbm_v2_noclimate,1,10,cases_mean4,1619.4927244186401,384
lgbm_v2_noclimate,1,10,cases_mean8,1934.3497660160065,384
lgbm_v2_noclimate,1,10,cases_mean12,2552.5034798383713,384
lgbm_v2_noclimate,1,10,cases_max12,3447.245165348053,384
lgbm_v2_noclimate,1,10,cases_diff1,6792.457838177681,384
lgbm_v2_noclimate,1,10,cases_diff4,1595.3006901741028,384
lgbm_v2_noclimate,1,10,neighbour_cases,3484.1762343645096,384
lgbm_v2_noclimate,1,10,neighbour_diff4,1231.2265325784683,384
lgbm_v2_noclimate,1,10,national_cases,16660.843746185303,384
lgbm_v2_noclimate,1,10,national_diff4,7287.788601636887,384
lgbm_v2_noclimate,1,10,district,19240.035725712776,384
lgbm_v2_noclimate,1,10,target_doy_sin,6638.376746177673,384
lgbm_v2_noclimate,1,10,target_doy_cos,8900.77467751503,384
lgbm_v2_climatology,1,10,cases_log1p,34880.888646006584,346
lgbm_v2_climatology,1,10,rainfall_daily_mean_mm,514.0613318681717,346
lgbm_v2_climatology,1,10,rainy_days_frac,3300.1344825029373,346
lgbm_v2_climatology,1,10,temperature_mean_c,938.1469198465347,346
lgbm_v2_climatology,1,10,diurnal_range_c,823.4593856334686,346
lgbm_v2_climatology,1,10,dewpoint_mean_c,1152.078219652176,346
lgbm_v2_climatology,1,10,relative_humidity_mean,650.6769059896469,346
lgbm_v2_climatology,1,10,wind_speed_mean,742.5842878818512,346
lgbm_v2_climatology,1,10,doy_sin,6756.546948671341,346
lgbm_v2_climatology,1,10,doy_cos,1901.0033042430878,346
lgbm_v2_climatology,1,10,weather_observed,0.0,346
lgbm_v2_climatology,1,10,case_observed,0.0,346
lgbm_v2_climatology,1,10,centroid_lat,2643.073253631592,346
lgbm_v2_climatology,1,10,centroid_lon,791.2808678150177,346
lgbm_v2_climatology,1,10,rainfall_daily_mean_mm_roll4,1271.1524639129639,346
lgbm_v2_climatology,1,10,rainfall_daily_mean_mm_roll8,462.95307862758636,346
lgbm_v2_climatology,1,10,rainfall_daily_mean_mm_roll12,520.1702001094818,346
lgbm_v2_climatology,1,10,temperature_mean_c_roll4,1036.1912276744843,346
lgbm_v2_climatology,1,10,temperature_mean_c_roll8,412.58037185668945,346
lgbm_v2_climatology,1,10,temperature_mean_c_roll12,491.18714022636414,346
lgbm_v2_climatology,1,10,relative_humidity_mean_roll4,453.27801179885864,346
lgbm_v2_climatology,1,10,relative_humidity_mean_roll8,439.4876103401184,346
lgbm_v2_climatology,1,10,relative_humidity_mean_roll12,528.8543323278427,346
lgbm_v2_climatology,1,10,national_wave_rank,2737.7164911031723,346
lgbm_v2_climatology,1,10,trailing_52_cumulative_cases,6503.40618121624,346
lgbm_v2_climatology,1,10,cases_lag1,601.7395230531693,346
lgbm_v2_climatology,1,10,cases_lag2,633.1479015350342,346
lgbm_v2_climatology,1,10,cases_lag3,374.92705941200256,346
lgbm_v2_climatology,1,10,cases_lag4,399.58142840862274,346
lgbm_v2_climatology,1,10,cases_lag5,502.8249109983444,346
lgbm_v2_climatology,1,10,cases_lag6,461.04335844516754,346
lgbm_v2_climatology,1,10,cases_lag7,272.2622196674347,346
lgbm_v2_climatology,1,10,cases_lag8,387.03023052215576,346
lgbm_v2_climatology,1,10,cases_lag9,408.5662077665329,346
lgbm_v2_climatology,1,10,cases_lag10,569.6060621738434,346
lgbm_v2_climatology,1,10,cases_lag11,466.96856915950775,346
lgbm_v2_climatology,1,10,cases_lag12,697.2893353700638,346
lgbm_v2_climatology,1,10,cases_mean4,1072.9110922813416,346
lgbm_v2_climatology,1,10,cases_mean8,1513.0777057409286,346
lgbm_v2_climatology,1,10,cases_mean12,2093.0389137268066,346
lgbm_v2_climatology,1,10,cases_max12,2834.159537792206,346
lgbm_v2_climatology,1,10,cases_diff1,6413.45053255558,346
lgbm_v2_climatology,1,10,cases_diff4,1690.073818206787,346
lgbm_v2_climatology,1,10,rain_roll4_lag4,357.6421594619751,346
lgbm_v2_climatology,1,10,rain_roll4_lag8,709.8341790437698,346
lgbm_v2_climatology,1,10,humid_roll4_lag4,477.6987409591675,346
lgbm_v2_climatology,1,10,humid_roll4_lag8,782.0564031600952,346
lgbm_v2_climatology,1,10,temp_roll4_lag4,486.0049639940262,346
lgbm_v2_climatology,1,10,temp_roll4_lag8,704.3784713745117,346
lgbm_v2_climatology,1,10,rain_roll12_lag12,1287.3000890016556,346
lgbm_v2_climatology,1,10,neighbour_cases,2565.199814915657,346
lgbm_v2_climatology,1,10,neighbour_diff4,942.3135548830032,346
lgbm_v2_climatology,1,10,national_cases,16152.787252902985,346
lgbm_v2_climatology,1,10,national_diff4,6408.2273470163345,346
lgbm_v2_climatology,1,10,district,16879.45067846775,346
lgbm_v2_climatology,1,10,target_doy_sin,3960.5817598104477,346
lgbm_v2_climatology,1,10,target_doy_cos,6139.122220277786,346
lgbm_v2,1,12,cases_log1p,40917.498965501785,407
lgbm_v2,1,12,rainfall_daily_mean_mm,671.3684463500977,407
lgbm_v2,1,12,rainy_days_frac,230.86073195934296,407
lgbm_v2,1,12,temperature_mean_c,1123.569760799408,407
lgbm_v2,1,12,diurnal_range_c,1196.578422665596,407
lgbm_v2,1,12,dewpoint_mean_c,1563.8087451457977,407
lgbm_v2,1,12,relative_humidity_mean,709.8054797649384,407
lgbm_v2,1,12,wind_speed_mean,1339.8082290887833,407
lgbm_v2,1,12,doy_sin,5204.289269328117,407
lgbm_v2,1,12,doy_cos,2879.0079798698425,407
lgbm_v2,1,12,weather_observed,0.0,407
lgbm_v2,1,12,case_observed,0.0,407
lgbm_v2,1,12,centroid_lat,4085.747089982033,407
lgbm_v2,1,12,centroid_lon,1083.3521354198456,407
lgbm_v2,1,12,rainfall_daily_mean_mm_roll4,1189.610985994339,407
lgbm_v2,1,12,rainfall_daily_mean_mm_roll8,1620.4996989965439,407
lgbm_v2,1,12,rainfall_daily_mean_mm_roll12,1457.5287317037582,407
lgbm_v2,1,12,temperature_mean_c_roll4,1881.0890039205551,407
lgbm_v2,1,12,temperature_mean_c_roll8,1301.2450147867203,407
lgbm_v2,1,12,temperature_mean_c_roll12,1235.7960777282715,407
lgbm_v2,1,12,relative_humidity_mean_roll4,674.80916929245,407
lgbm_v2,1,12,relative_humidity_mean_roll8,1321.4308453798294,407
lgbm_v2,1,12,relative_humidity_mean_roll12,2452.3540357351303,407
lgbm_v2,1,12,national_wave_rank,2367.6674991846085,407
lgbm_v2,1,12,trailing_52_cumulative_cases,6279.882086157799,407
lgbm_v2,1,12,cases_lag1,533.8312749862671,407
lgbm_v2,1,12,cases_lag2,326.8013199567795,407
lgbm_v2,1,12,cases_lag3,218.56043004989624,407
lgbm_v2,1,12,cases_lag4,264.2222310304642,407
lgbm_v2,1,12,cases_lag5,236.39093923568726,407
lgbm_v2,1,12,cases_lag6,279.63273215293884,407
lgbm_v2,1,12,cases_lag7,375.01837861537933,407
lgbm_v2,1,12,cases_lag8,528.6682614088058,407
lgbm_v2,1,12,cases_lag9,515.2092339992523,407
lgbm_v2,1,12,cases_lag10,438.34593856334686,407
lgbm_v2,1,12,cases_lag11,395.37472808361053,407
lgbm_v2,1,12,cases_lag12,788.7926938533783,407
lgbm_v2,1,12,cases_mean4,1221.1131336688995,407
lgbm_v2,1,12,cases_mean8,1685.6036839485168,407
lgbm_v2,1,12,cases_mean12,2310.858798980713,407
lgbm_v2,1,12,cases_max12,3105.9067035913467,407
lgbm_v2,1,12,cases_diff1,5768.616682052612,407
lgbm_v2,1,12,cases_diff4,2423.4490003585815,407
lgbm_v2,1,12,rain_roll4_lag4,2115.7375036478043,407
lgbm_v2,1,12,rain_roll4_lag8,2136.0021188259125,407
lgbm_v2,1,12,humid_roll4_lag4,2194.633814096451,407
lgbm_v2,1,12,humid_roll4_lag8,2640.958292365074,407
lgbm_v2,1,12,temp_roll4_lag4,856.4758502244949,407
lgbm_v2,1,12,temp_roll4_lag8,1752.7107709646225,407
lgbm_v2,1,12,rain_roll12_lag12,2519.024853348732,407
lgbm_v2,1,12,neighbour_cases,1942.5657986402512,407
lgbm_v2,1,12,neighbour_diff4,573.2663477659225,407
lgbm_v2,1,12,national_cases,19225.448056936264,407
lgbm_v2,1,12,national_diff4,5083.643798112869,407
lgbm_v2,1,12,district,20911.689133524895,407
lgbm_v2,1,12,target_doy_sin,4300.530890107155,407
lgbm_v2,1,12,target_doy_cos,5301.903516530991,407
lgbm_v2_noclimate,1,12,cases_log1p,39229.81806564331,184
lgbm_v2_noclimate,1,12,doy_sin,6804.271120071411,184
lgbm_v2_noclimate,1,12,doy_cos,3409.1412036418915,184
lgbm_v2_noclimate,1,12,weather_observed,0.0,184
lgbm_v2_noclimate,1,12,case_observed,0.0,184
lgbm_v2_noclimate,1,12,centroid_lat,3304.405779361725,184
lgbm_v2_noclimate,1,12,centroid_lon,1656.7607600688934,184
lgbm_v2_noclimate,1,12,national_wave_rank,3126.2870535850525,184
lgbm_v2_noclimate,1,12,trailing_52_cumulative_cases,6827.964011192322,184
lgbm_v2_noclimate,1,12,cases_lag1,447.71857929229736,184
lgbm_v2_noclimate,1,12,cases_lag2,109.23758935928345,184
lgbm_v2_noclimate,1,12,cases_lag3,289.7420606613159,184
lgbm_v2_noclimate,1,12,cases_lag4,205.87687015533447,184
lgbm_v2_noclimate,1,12,cases_lag5,205.56728100776672,184
lgbm_v2_noclimate,1,12,cases_lag6,165.19050931930542,184
lgbm_v2_noclimate,1,12,cases_lag7,237.57846927642822,184
lgbm_v2_noclimate,1,12,cases_lag8,363.42391443252563,184
lgbm_v2_noclimate,1,12,cases_lag9,276.0184898376465,184
lgbm_v2_noclimate,1,12,cases_lag10,314.4336783885956,184
lgbm_v2_noclimate,1,12,cases_lag11,245.90077185630798,184
lgbm_v2_noclimate,1,12,cases_lag12,690.9619603157043,184
lgbm_v2_noclimate,1,12,cases_mean4,1167.5160212516785,184
lgbm_v2_noclimate,1,12,cases_mean8,1883.9508509635925,184
lgbm_v2_noclimate,1,12,cases_mean12,2101.2199156284332,184
lgbm_v2_noclimate,1,12,cases_max12,3052.3579461574554,184
lgbm_v2_noclimate,1,12,cases_diff1,5829.463805675507,184
lgbm_v2_noclimate,1,12,cases_diff4,1903.5850081443787,184
lgbm_v2_noclimate,1,12,neighbour_cases,1690.6529603004456,184
lgbm_v2_noclimate,1,12,neighbour_diff4,499.53342962265015,184
lgbm_v2_noclimate,1,12,national_cases,20412.839203596115,184
lgbm_v2_noclimate,1,12,national_diff4,5341.86266207695,184
lgbm_v2_noclimate,1,12,district,20234.74697303772,184
lgbm_v2_noclimate,1,12,target_doy_sin,5473.789251565933,184
lgbm_v2_noclimate,1,12,target_doy_cos,7050.186188697815,184
lgbm_v2_climatology,1,12,cases_log1p,41190.20718765259,286
lgbm_v2_climatology,1,12,rainfall_daily_mean_mm,803.2164567708969,286
lgbm_v2_climatology,1,12,rainy_days_frac,3275.8682086467743,286
lgbm_v2_climatology,1,12,temperature_mean_c,1751.4128768444061,286
lgbm_v2_climatology,1,12,diurnal_range_c,1022.1050328016281,286
lgbm_v2_climatology,1,12,dewpoint_mean_c,1342.3068068027496,286
lgbm_v2_climatology,1,12,relative_humidity_mean,699.2803201675415,286
lgbm_v2_climatology,1,12,wind_speed_mean,1237.7890000343323,286
lgbm_v2_climatology,1,12,doy_sin,6130.4589685201645,286
lgbm_v2_climatology,1,12,doy_cos,2569.2504584789276,286
lgbm_v2_climatology,1,12,weather_observed,0.0,286
lgbm_v2_climatology,1,12,case_observed,0.0,286
lgbm_v2_climatology,1,12,centroid_lat,2612.4376299381256,286
lgbm_v2_climatology,1,12,centroid_lon,906.3766915798187,286
lgbm_v2_climatology,1,12,rainfall_daily_mean_mm_roll4,716.1709980964661,286
lgbm_v2_climatology,1,12,rainfall_daily_mean_mm_roll8,368.86592745780945,286
lgbm_v2_climatology,1,12,rainfall_daily_mean_mm_roll12,410.6236312389374,286
lgbm_v2_climatology,1,12,temperature_mean_c_roll4,1293.763243675232,286
lgbm_v2_climatology,1,12,temperature_mean_c_roll8,503.95254921913147,286
lgbm_v2_climatology,1,12,temperature_mean_c_roll12,242.30902194976807,286
lgbm_v2_climatology,1,12,relative_humidity_mean_roll4,508.8547089099884,286
lgbm_v2_climatology,1,12,relative_humidity_mean_roll8,586.5984810590744,286
lgbm_v2_climatology,1,12,relative_humidity_mean_roll12,355.0837118625641,286
lgbm_v2_climatology,1,12,national_wave_rank,2810.727186560631,286
lgbm_v2_climatology,1,12,trailing_52_cumulative_cases,6855.517089247704,286
lgbm_v2_climatology,1,12,cases_lag1,484.37282371520996,286
lgbm_v2_climatology,1,12,cases_lag2,284.53968012332916,286
lgbm_v2_climatology,1,12,cases_lag3,305.66117095947266,286
lgbm_v2_climatology,1,12,cases_lag4,260.77125906944275,286
lgbm_v2_climatology,1,12,cases_lag5,238.33668088912964,286
lgbm_v2_climatology,1,12,cases_lag6,218.07481169700623,286
lgbm_v2_climatology,1,12,cases_lag7,301.8659601211548,286
lgbm_v2_climatology,1,12,cases_lag8,424.9936275482178,286
lgbm_v2_climatology,1,12,cases_lag9,323.8454909324646,286
lgbm_v2_climatology,1,12,cases_lag10,315.3860414028168,286
lgbm_v2_climatology,1,12,cases_lag11,456.5100350379944,286
lgbm_v2_climatology,1,12,cases_lag12,836.7536088228226,286
lgbm_v2_climatology,1,12,cases_mean4,954.3490190505981,286
lgbm_v2_climatology,1,12,cases_mean8,1895.3925940990448,286
lgbm_v2_climatology,1,12,cases_mean12,2092.616151571274,286
lgbm_v2_climatology,1,12,cases_max12,3239.324537038803,286
lgbm_v2_climatology,1,12,cases_diff1,5666.844644188881,286
lgbm_v2_climatology,1,12,cases_diff4,2405.981870174408,286
lgbm_v2_climatology,1,12,rain_roll4_lag4,312.82419180870056,286
lgbm_v2_climatology,1,12,rain_roll4_lag8,838.6421210765839,286
lgbm_v2_climatology,1,12,humid_roll4_lag4,375.8570773601532,286
lgbm_v2_climatology,1,12,humid_roll4_lag8,811.1260387897491,286
lgbm_v2_climatology,1,12,temp_roll4_lag4,474.42520010471344,286
lgbm_v2_climatology,1,12,temp_roll4_lag8,892.2331705093384,286
lgbm_v2_climatology,1,12,rain_roll12_lag12,1593.2071390151978,286
lgbm_v2_climatology,1,12,neighbour_cases,1686.3324768543243,286
lgbm_v2_climatology,1,12,neighbour_diff4,484.391268491745,286
lgbm_v2_climatology,1,12,national_cases,21048.42730140686,286
lgbm_v2_climatology,1,12,national_diff4,6329.325717926025,286
lgbm_v2_climatology,1,12,district,18468.2683416605,286
lgbm_v2_climatology,1,12,target_doy_sin,3402.5039279460907,286
lgbm_v2_climatology,1,12,target_doy_cos,5240.299527168274,286
lgbm_v2,2,1,cases_log1p,2557.5015959739685,39
lgbm_v2,2,1,rainfall_daily_mean_mm,29.5145001411438,39
lgbm_v2,2,1,rainy_days_frac,7.435579776763916,39
lgbm_v2,2,1,temperature_mean_c,80.52418994903564,39
lgbm_v2,2,1,diurnal_range_c,8.464889526367188,39
lgbm_v2,2,1,dewpoint_mean_c,23.294309616088867,39
lgbm_v2,2,1,relative_humidity_mean,33.3844199180603,39
lgbm_v2,2,1,wind_speed_mean,65.9194598197937,39
lgbm_v2,2,1,doy_sin,485.08834075927734,39
lgbm_v2,2,1,doy_cos,99.89079999923706,39
lgbm_v2,2,1,weather_observed,0.0,39
lgbm_v2,2,1,case_observed,0.0,39
lgbm_v2,2,1,centroid_lat,126.2541995048523,39
lgbm_v2,2,1,centroid_lon,33.20217990875244,39
lgbm_v2,2,1,rainfall_daily_mean_mm_roll4,0.0,39
lgbm_v2,2,1,rainfall_daily_mean_mm_roll8,350.7159810066223,39
lgbm_v2,2,1,rainfall_daily_mean_mm_roll12,78.59803009033203,39
lgbm_v2,2,1,temperature_mean_c_roll4,16.07565975189209,39
lgbm_v2,2,1,temperature_mean_c_roll8,30.739110469818115,39
lgbm_v2,2,1,temperature_mean_c_roll12,21.846199989318848,39
lgbm_v2,2,1,relative_humidity_mean_roll4,71.78957986831665,39
lgbm_v2,2,1,relative_humidity_mean_roll8,21.636070251464844,39
lgbm_v2,2,1,relative_humidity_mean_roll12,8.17765998840332,39
lgbm_v2,2,1,national_wave_rank,723.370050907135,39
lgbm_v2,2,1,trailing_52_cumulative_cases,247.21211004257202,39
lgbm_v2,2,1,cases_lag1,179.0790696144104,39
lgbm_v2,2,1,cases_lag2,628.5477542877197,39
lgbm_v2,2,1,cases_lag3,138.30622005462646,39
lgbm_v2,2,1,cases_lag4,53.95345973968506,39
lgbm_v2,2,1,cases_lag5,18.44977045059204,39
lgbm_v2,2,1,cases_lag6,39.787649631500244,39
lgbm_v2,2,1,cases_lag7,22.738210201263428,39
lgbm_v2,2,1,cases_lag8,84.05929040908813,39
lgbm_v2,2,1,cases_lag9,0.0,39
lgbm_v2,2,1,cases_lag10,6.013659954071045,39
lgbm_v2,2,1,cases_lag11,15.222040176391602,39
lgbm_v2,2,1,cases_lag12,14.266370296478271,39
lgbm_v2,2,1,cases_mean4,318.0106301307678,39
lgbm_v2,2,1,cases_mean8,150.15072917938232,39
lgbm_v2,2,1,cases_mean12,273.1729893684387,39
lgbm_v2,2,1,cases_max12,101.36854887008667,39
lgbm_v2,2,1,cases_diff1,14290.717878818512,39
lgbm_v2,2,1,cases_diff4,5245.652675151825,39
lgbm_v2,2,1,rain_roll4_lag4,371.15372037887573,39
lgbm_v2,2,1,rain_roll4_lag8,22.6531400680542,39
lgbm_v2,2,1,humid_roll4_lag4,57.48605966567993,39
lgbm_v2,2,1,humid_roll4_lag8,63.32000017166138,39
lgbm_v2,2,1,temp_roll4_lag4,48.77116918563843,39
lgbm_v2,2,1,temp_roll4_lag8,112.27790975570679,39
lgbm_v2,2,1,rain_roll12_lag12,39.55927085876465,39
lgbm_v2,2,1,neighbour_cases,246.20987176895142,39
lgbm_v2,2,1,neighbour_diff4,133.25188970565796,39
lgbm_v2,2,1,national_cases,262.99814891815186,39
lgbm_v2,2,1,national_diff4,614.9872765541077,39
lgbm_v2,2,1,district,1357.6282143592834,39
lgbm_v2,2,1,target_doy_sin,539.1291875839233,39
lgbm_v2,2,1,target_doy_cos,78.8520998954773,39
lgbm_v2_noclimate,2,1,cases_log1p,2737.451518535614,41
lgbm_v2_noclimate,2,1,doy_sin,639.7538743019104,41
lgbm_v2_noclimate,2,1,doy_cos,199.37168884277344,41
lgbm_v2_noclimate,2,1,weather_observed,0.0,41
lgbm_v2_noclimate,2,1,case_observed,0.0,41
lgbm_v2_noclimate,2,1,centroid_lat,201.47759866714478,41
lgbm_v2_noclimate,2,1,centroid_lon,28.399019718170166,41
lgbm_v2_noclimate,2,1,national_wave_rank,739.3564310073853,41
lgbm_v2_noclimate,2,1,trailing_52_cumulative_cases,309.20104026794434,41
lgbm_v2_noclimate,2,1,cases_lag1,173.83263206481934,41
lgbm_v2_noclimate,2,1,cases_lag2,617.8836145401001,41
lgbm_v2_noclimate,2,1,cases_lag3,264.36420249938965,41
lgbm_v2_noclimate,2,1,cases_lag4,66.9336805343628,41
lgbm_v2_noclimate,2,1,cases_lag5,12.111589908599854,41
lgbm_v2_noclimate,2,1,cases_lag6,6.798490047454834,41
lgbm_v2_noclimate,2,1,cases_lag7,32.008009910583496,41
lgbm_v2_noclimate,2,1,cases_lag8,54.84238958358765,41
lgbm_v2_noclimate,2,1,cases_lag9,0.0,41
lgbm_v2_noclimate,2,1,cases_lag10,4.256659984588623,41
lgbm_v2_noclimate,2,1,cases_lag11,37.56386041641235,41
lgbm_v2_noclimate,2,1,cases_lag12,17.950469970703125,41
lgbm_v2_noclimate,2,1,cases_mean4,513.9564590454102,41
lgbm_v2_noclimate,2,1,cases_mean8,197.7945795059204,41
lgbm_v2_noclimate,2,1,cases_mean12,285.2699718475342,41
lgbm_v2_noclimate,2,1,cases_max12,49.949761390686035,41
lgbm_v2_noclimate,2,1,cases_diff1,15138.719573020935,41
lgbm_v2_noclimate,2,1,cases_diff4,4697.983045578003,41
lgbm_v2_noclimate,2,1,neighbour_cases,415.95338010787964,41
lgbm_v2_noclimate,2,1,neighbour_diff4,216.64187097549438,41
lgbm_v2_noclimate,2,1,national_cases,280.41277980804443,41
lgbm_v2_noclimate,2,1,national_diff4,598.9398021697998,41
lgbm_v2_noclimate,2,1,district,1530.3913116455078,41
lgbm_v2_noclimate,2,1,target_doy_sin,714.4294285774231,41
lgbm_v2_noclimate,2,1,target_doy_cos,128.9762110710144,41
lgbm_v2_climatology,2,1,cases_log1p,2490.4369611740112,37
lgbm_v2_climatology,2,1,rainfall_daily_mean_mm,58.43587017059326,37
lgbm_v2_climatology,2,1,rainy_days_frac,62.96020984649658,37
lgbm_v2_climatology,2,1,temperature_mean_c,6.560880184173584,37
lgbm_v2_climatology,2,1,diurnal_range_c,110.91206932067871,37
lgbm_v2_climatology,2,1,dewpoint_mean_c,15.308470249176025,37
lgbm_v2_climatology,2,1,relative_humidity_mean,43.08971977233887,37
lgbm_v2_climatology,2,1,wind_speed_mean,39.68250036239624,37
lgbm_v2_climatology,2,1,doy_sin,458.01088857650757,37
lgbm_v2_climatology,2,1,doy_cos,148.34217023849487,37
lgbm_v2_climatology,2,1,weather_observed,0.0,37
lgbm_v2_climatology,2,1,case_observed,0.0,37
lgbm_v2_climatology,2,1,centroid_lat,157.10921096801758,37
lgbm_v2_climatology,2,1,centroid_lon,56.832138538360596,37
lgbm_v2_climatology,2,1,rainfall_daily_mean_mm_roll4,53.206300258636475,37
lgbm_v2_climatology,2,1,rainfall_daily_mean_mm_roll8,146.04743146896362,37
lgbm_v2_climatology,2,1,rainfall_daily_mean_mm_roll12,118.00072002410889,37
lgbm_v2_climatology,2,1,temperature_mean_c_roll4,6.316100120544434,37
lgbm_v2_climatology,2,1,temperature_mean_c_roll8,13.100299835205078,37
lgbm_v2_climatology,2,1,temperature_mean_c_roll12,52.99501037597656,37
lgbm_v2_climatology,2,1,relative_humidity_mean_roll4,148.55846786499023,37
lgbm_v2_climatology,2,1,relative_humidity_mean_roll8,46.6166205406189,37
lgbm_v2_climatology,2,1,relative_humidity_mean_roll12,65.17445039749146,37
lgbm_v2_climatology,2,1,national_wave_rank,728.5476198196411,37
lgbm_v2_climatology,2,1,trailing_52_cumulative_cases,224.99542951583862,37
lgbm_v2_climatology,2,1,cases_lag1,176.9078507423401,37
lgbm_v2_climatology,2,1,cases_lag2,655.3519821166992,37
lgbm_v2_climatology,2,1,cases_lag3,139.1508994102478,37
lgbm_v2_climatology,2,1,cases_lag4,37.81150960922241,37
lgbm_v2_climatology,2,1,cases_lag5,17.97465991973877,37
lgbm_v2_climatology,2,1,cases_lag6,37.587080001831055,37
lgbm_v2_climatology,2,1,cases_lag7,21.7576003074646,37
lgbm_v2_climatology,2,1,cases_lag8,30.677279949188232,37
lgbm_v2_climatology,2,1,cases_lag9,0.0,37
lgbm_v2_climatology,2,1,cases_lag10,5.985829830169678,37
lgbm_v2_climatology,2,1,cases_lag11,18.206769943237305,37
lgbm_v2_climatology,2,1,cases_lag12,8.367400169372559,37
lgbm_v2_climatology,2,1,cases_mean4,288.18038988113403,37
lgbm_v2_climatology,2,1,cases_mean8,142.0266408920288,37
lgbm_v2_climatology,2,1,cases_mean12,257.20630741119385,37
lgbm_v2_climatology,2,1,cases_max12,67.9895806312561,37
lgbm_v2_climatology,2,1,cases_diff1,14198.264315128326,37
lgbm_v2_climatology,2,1,cases_diff4,5065.27358007431,37
lgbm_v2_climatology,2,1,rain_roll4_lag4,173.57775974273682,37
lgbm_v2_climatology,2,1,rain_roll4_lag8,11.411100387573242,37
lgbm_v2_climatology,2,1,humid_roll4_lag4,48.012409687042236,37
lgbm_v2_climatology,2,1,humid_roll4_lag8,23.817729949951172,37
lgbm_v2_climatology,2,1,temp_roll4_lag4,20.028769969940186,37
lgbm_v2_climatology,2,1,temp_roll4_lag8,52.042409896850586,37
lgbm_v2_climatology,2,1,rain_roll12_lag12,29.618160247802734,37
lgbm_v2_climatology,2,1,neighbour_cases,211.59332036972046,37
lgbm_v2_climatology,2,1,neighbour_diff4,126.21310901641846,37
lgbm_v2_climatology,2,1,national_cases,177.8866515159607,37
lgbm_v2_climatology,2,1,national_diff4,551.5457377433777,37
lgbm_v2_climatology,2,1,district,1230.576000213623,37
lgbm_v2_climatology,2,1,target_doy_sin,562.2017316818237,37
lgbm_v2_climatology,2,1,target_doy_cos,96.36610126495361,37
lgbm_v2,2,2,cases_log1p,2193.653136253357,13
lgbm_v2,2,2,rainfall_daily_mean_mm,19.91534996032715,13
lgbm_v2,2,2,rainy_days_frac,0.0,13
lgbm_v2,2,2,temperature_mean_c,48.60969066619873,13
lgbm_v2,2,2,diurnal_range_c,40.92071056365967,13
lgbm_v2,2,2,dewpoint_mean_c,0.0,13
lgbm_v2,2,2,relative_humidity_mean,38.42293930053711,13
lgbm_v2,2,2,wind_speed_mean,0.0,13
lgbm_v2,2,2,doy_sin,78.41419887542725,13
lgbm_v2,2,2,doy_cos,64.44718933105469,13
lgbm_v2,2,2,weather_observed,0.0,13
lgbm_v2,2,2,case_observed,0.0,13
lgbm_v2,2,2,centroid_lat,91.58279991149902,13
lgbm_v2,2,2,centroid_lon,43.48185062408447,13
lgbm_v2,2,2,rainfall_daily_mean_mm_roll4,129.83478927612305,13
lgbm_v2,2,2,rainfall_daily_mean_mm_roll8,260.4120178222656,13
lgbm_v2,2,2,rainfall_daily_mean_mm_roll12,15.162400245666504,13
lgbm_v2,2,2,temperature_mean_c_roll4,18.01735019683838,13
lgbm_v2,2,2,temperature_mean_c_roll8,12.638400077819824,13
lgbm_v2,2,2,temperature_mean_c_roll12,0.0,13
lgbm_v2,2,2,relative_humidity_mean_roll4,59.27967071533203,13
lgbm_v2,2,2,relative_humidity_mean_roll8,22.63945960998535,13
lgbm_v2,2,2,relative_humidity_mean_roll12,0.0,13
lgbm_v2,2,2,national_wave_rank,153.98233938217163,13
lgbm_v2,2,2,trailing_52_cumulative_cases,105.51976203918457,13
lgbm_v2,2,2,cases_lag1,63.651700019836426,13
lgbm_v2,2,2,cases_lag2,224.98700046539307,13
lgbm_v2,2,2,cases_lag3,18.953330039978027,13
lgbm_v2,2,2,cases_lag4,42.583200454711914,13
lgbm_v2,2,2,cases_lag5,0.0,13
lgbm_v2,2,2,cases_lag6,11.669899940490723,13
lgbm_v2,2,2,cases_lag7,0.0,13
lgbm_v2,2,2,cases_lag8,12.62339973449707,13
lgbm_v2,2,2,cases_lag9,8.51492977142334,13
lgbm_v2,2,2,cases_lag10,0.0,13
lgbm_v2,2,2,cases_lag11,0.0,13
lgbm_v2,2,2,cases_lag12,20.949060440063477,13
lgbm_v2,2,2,cases_mean4,367.77188777923584,13
lgbm_v2,2,2,cases_mean8,85.53620052337646,13
lgbm_v2,2,2,cases_mean12,241.8129940032959,13
lgbm_v2,2,2,cases_max12,77.24322032928467,13
lgbm_v2,2,2,cases_diff1,9516.053592205048,13
lgbm_v2,2,2,cases_diff4,2076.5087184906006,13
lgbm_v2,2,2,rain_roll4_lag4,201.05389022827148,13
lgbm_v2,2,2,rain_roll4_lag8,9.826539993286133,13
lgbm_v2,2,2,humid_roll4_lag4,12.306500434875488,13
lgbm_v2,2,2,humid_roll4_lag8,85.75059986114502,13
lgbm_v2,2,2,temp_roll4_lag4,32.81935977935791,13
lgbm_v2,2,2,temp_roll4_lag8,24.54450035095215,13
lgbm_v2,2,2,rain_roll12_lag12,40.18717956542969,13
lgbm_v2,2,2,neighbour_cases,90.91081047058105,13
lgbm_v2,2,2,neighbour_diff4,51.151570320129395,13
lgbm_v2,2,2,national_cases,41.0580997467041,13
lgbm_v2,2,2,national_diff4,108.66861057281494,13
lgbm_v2,2,2,district,483.46596813201904,13
lgbm_v2,2,2,target_doy_sin,506.55720615386963,13
lgbm_v2,2,2,target_doy_cos,110.50583028793335,13
lgbm_v2_noclimate,2,2,cases_log1p,1557.0105304718018,14
lgbm_v2_noclimate,2,2,doy_sin,134.27486085891724,14
lgbm_v2_noclimate,2,2,doy_cos,46.07279920578003,14
lgbm_v2_noclimate,2,2,weather_observed,0.0,14
lgbm_v2_noclimate,2,2,case_observed,0.0,14
lgbm_v2_noclimate,2,2,centroid_lat,159.18664932250977,14
lgbm_v2_noclimate,2,2,centroid_lon,0.0,14
lgbm_v2_noclimate,2,2,national_wave_rank,210.4149627685547,14
lgbm_v2_noclimate,2,2,trailing_52_cumulative_cases,160.48943090438843,14
lgbm_v2_noclimate,2,2,cases_lag1,175.21494054794312,14
lgbm_v2_noclimate,2,2,cases_lag2,151.40014266967773,14
lgbm_v2_noclimate,2,2,cases_lag3,48.79984998703003,14
lgbm_v2_noclimate,2,2,cases_lag4,34.31206035614014,14
lgbm_v2_noclimate,2,2,cases_lag5,14.745599746704102,14
lgbm_v2_noclimate,2,2,cases_lag6,8.543729782104492,14
lgbm_v2_noclimate,2,2,cases_lag7,13.458499908447266,14
lgbm_v2_noclimate,2,2,cases_lag8,0.0,14
lgbm_v2_noclimate,2,2,cases_lag9,0.0,14
lgbm_v2_noclimate,2,2,cases_lag10,12.456199645996094,14
lgbm_v2_noclimate,2,2,cases_lag11,11.704500198364258,14
lgbm_v2_noclimate,2,2,cases_lag12,26.407100677490234,14
lgbm_v2_noclimate,2,2,cases_mean4,196.08778190612793,14
lgbm_v2_noclimate,2,2,cases_mean8,26.80180072784424,14
lgbm_v2_noclimate,2,2,cases_mean12,86.85509777069092,14
lgbm_v2_noclimate,2,2,cases_max12,109.85079956054688,14
lgbm_v2_noclimate,2,2,cases_diff1,11053.228344917297,14
lgbm_v2_noclimate,2,2,cases_diff4,2309.840126991272,14
lgbm_v2_noclimate,2,2,neighbour_cases,123.04068088531494,14
lgbm_v2_noclimate,2,2,neighbour_diff4,7.07105016708374,14
lgbm_v2_noclimate,2,2,national_cases,96.40874099731445,14
lgbm_v2_noclimate,2,2,national_diff4,304.70402812957764,14
lgbm_v2_noclimate,2,2,district,622.6504163742065,14
lgbm_v2_noclimate,2,2,target_doy_sin,638.2139792442322,14
lgbm_v2_noclimate,2,2,target_doy_cos,229.56842803955078,14
lgbm_v2_climatology,2,2,cases_log1p,2117.404915332794,13
lgbm_v2_climatology,2,2,rainfall_daily_mean_mm,109.26578044891357,13
lgbm_v2_climatology,2,2,rainy_days_frac,61.78329944610596,13
lgbm_v2_climatology,2,2,temperature_mean_c,19.068849563598633,13
lgbm_v2_climatology,2,2,diurnal_range_c,25.6742000579834,13
lgbm_v2_climatology,2,2,dewpoint_mean_c,13.598299980163574,13
lgbm_v2_climatology,2,2,relative_humidity_mean,224.32260990142822,13
lgbm_v2_climatology,2,2,wind_speed_mean,0.0,13
lgbm_v2_climatology,2,2,doy_sin,114.71989822387695,13
lgbm_v2_climatology,2,2,doy_cos,73.94445896148682,13
lgbm_v2_climatology,2,2,weather_observed,0.0,13
lgbm_v2_climatology,2,2,case_observed,0.0,13
lgbm_v2_climatology,2,2,centroid_lat,68.64700126647949,13
lgbm_v2_climatology,2,2,centroid_lon,26.15400981903076,13
lgbm_v2_climatology,2,2,rainfall_daily_mean_mm_roll4,227.09322834014893,13
lgbm_v2_climatology,2,2,rainfall_daily_mean_mm_roll8,75.64850044250488,13
lgbm_v2_climatology,2,2,rainfall_daily_mean_mm_roll12,29.471930503845215,13
lgbm_v2_climatology,2,2,temperature_mean_c_roll4,0.0,13
lgbm_v2_climatology,2,2,temperature_mean_c_roll8,0.0,13
lgbm_v2_climatology,2,2,temperature_mean_c_roll12,10.222399711608887,13
lgbm_v2_climatology,2,2,relative_humidity_mean_roll4,12.643500328063965,13
lgbm_v2_climatology,2,2,relative_humidity_mean_roll8,31.44222927093506,13
lgbm_v2_climatology,2,2,relative_humidity_mean_roll12,17.18630027770996,13
lgbm_v2_climatology,2,2,national_wave_rank,181.13859796524048,13
lgbm_v2_climatology,2,2,trailing_52_cumulative_cases,144.24291896820068,13
lgbm_v2_climatology,2,2,cases_lag1,72.91018962860107,13
lgbm_v2_climatology,2,2,cases_lag2,196.28656005859375,13
lgbm_v2_climatology,2,2,cases_lag3,21.50901985168457,13
lgbm_v2_climatology,2,2,cases_lag4,49.12693977355957,13
lgbm_v2_climatology,2,2,cases_lag5,0.0,13
lgbm_v2_climatology,2,2,cases_lag6,19.472370147705078,13
lgbm_v2_climatology,2,2,cases_lag7,0.0,13
lgbm_v2_climatology,2,2,cases_lag8,12.60949993133545,13
lgbm_v2_climatology,2,2,cases_lag9,0.0,13
lgbm_v2_climatology,2,2,cases_lag10,0.0,13
lgbm_v2_climatology,2,2,cases_lag11,0.0,13
lgbm_v2_climatology,2,2,cases_lag12,12.705699920654297,13
lgbm_v2_climatology,2,2,cases_mean4,401.7444009780884,13
lgbm_v2_climatology,2,2,cases_mean8,109.74911117553711,13
lgbm_v2_climatology,2,2,cases_mean12,205.18659496307373,13
lgbm_v2_climatology,2,2,cases_max12,66.61245107650757,13
lgbm_v2_climatology,2,2,cases_diff1,9537.441909790039,13
lgbm_v2_climatology,2,2,cases_diff4,2072.894670009613,13
lgbm_v2_climatology,2,2,rain_roll4_lag4,0.0,13
lgbm_v2_climatology,2,2,rain_roll4_lag8,9.310259819030762,13
lgbm_v2_climatology,2,2,humid_roll4_lag4,11.156800270080566,13
lgbm_v2_climatology,2,2,humid_roll4_lag8,58.706820487976074,13
lgbm_v2_climatology,2,2,temp_roll4_lag4,36.748799324035645,13
lgbm_v2_climatology,2,2,temp_roll4_lag8,8.96168041229248,13
lgbm_v2_climatology,2,2,rain_roll12_lag12,0.0,13
lgbm_v2_climatology,2,2,neighbour_cases,37.6568603515625,13
lgbm_v2_climatology,2,2,neighbour_diff4,7.869180202484131,13
lgbm_v2_climatology,2,2,national_cases,39.320810317993164,13
lgbm_v2_climatology,2,2,national_diff4,211.3300323486328,13
lgbm_v2_climatology,2,2,district,476.43838119506836,13
lgbm_v2_climatology,2,2,target_doy_sin,505.8032817840576,13
lgbm_v2_climatology,2,2,target_doy_cos,146.85979843139648,13
lgbm_v2,2,3,cases_log1p,4055.0995483398438,18
lgbm_v2,2,3,rainfall_daily_mean_mm,0.0,18
lgbm_v2,2,3,rainy_days_frac,0.0,18
lgbm_v2,2,3,temperature_mean_c,10.39169979095459,18
lgbm_v2,2,3,diurnal_range_c,10.889200210571289,18
lgbm_v2,2,3,dewpoint_mean_c,17.542999267578125,18
lgbm_v2,2,3,relative_humidity_mean,49.338799476623535,18
lgbm_v2,2,3,wind_speed_mean,20.947239875793457,18
lgbm_v2,2,3,doy_sin,213.43460178375244,18
lgbm_v2,2,3,doy_cos,42.60879993438721,18
lgbm_v2,2,3,weather_observed,0.0,18
lgbm_v2,2,3,case_observed,0.0,18
lgbm_v2,2,3,centroid_lat,282.30340003967285,18
lgbm_v2,2,3,centroid_lon,26.08430004119873,18
lgbm_v2,2,3,rainfall_daily_mean_mm_roll4,184.86569786071777,18
lgbm_v2,2,3,rainfall_daily_mean_mm_roll8,495.3714027404785,18
lgbm_v2,2,3,rainfall_daily_mean_mm_roll12,0.0,18
lgbm_v2,2,3,temperature_mean_c_roll4,12.533599853515625,18
lgbm_v2,2,3,temperature_mean_c_roll8,11.421099662780762,18
lgbm_v2,2,3,temperature_mean_c_roll12,65.56320190429688,18
lgbm_v2,2,3,relative_humidity_mean_roll4,194.31979942321777,18
lgbm_v2,2,3,relative_humidity_mean_roll8,168.7576026916504,18
lgbm_v2,2,3,relative_humidity_mean_roll12,0.0,18
lgbm_v2,2,3,national_wave_rank,185.38109874725342,18
lgbm_v2,2,3,trailing_52_cumulative_cases,377.6297035217285,18
lgbm_v2,2,3,cases_lag1,129.33990001678467,18
lgbm_v2,2,3,cases_lag2,219.50840091705322,18
lgbm_v2,2,3,cases_lag3,0.0,18
lgbm_v2,2,3,cases_lag4,34.999900817871094,18
lgbm_v2,2,3,cases_lag5,0.0,18
lgbm_v2,2,3,cases_lag6,13.782899856567383,18
lgbm_v2,2,3,cases_lag7,0.0,18
lgbm_v2,2,3,cases_lag8,14.598400115966797,18
lgbm_v2,2,3,cases_lag9,12.041099548339844,18
lgbm_v2,2,3,cases_lag10,0.0,18
lgbm_v2,2,3,cases_lag11,11.221599578857422,18
lgbm_v2,2,3,cases_lag12,0.0,18
lgbm_v2,2,3,cases_mean4,163.1217975616455,18
lgbm_v2,2,3,cases_mean8,180.34330081939697,18
lgbm_v2,2,3,cases_mean12,289.8539972305298,18
lgbm_v2,2,3,cases_max12,296.12529277801514,18
lgbm_v2,2,3,cases_diff1,11877.933153152466,18
lgbm_v2,2,3,cases_diff4,1357.0411586761475,18
lgbm_v2,2,3,rain_roll4_lag4,51.825300216674805,18
lgbm_v2,2,3,rain_roll4_lag8,117.38320064544678,18
lgbm_v2,2,3,humid_roll4_lag4,76.97970008850098,18
lgbm_v2,2,3,humid_roll4_lag8,198.0861988067627,18
lgbm_v2,2,3,temp_roll4_lag4,0.0,18
lgbm_v2,2,3,temp_roll4_lag8,34.192599296569824,18
lgbm_v2,2,3,rain_roll12_lag12,26.416500091552734,18
lgbm_v2,2,3,neighbour_cases,104.77189922332764,18
lgbm_v2,2,3,neighbour_diff4,90.67932033538818,18
lgbm_v2,2,3,national_cases,407.827600479126,18
lgbm_v2,2,3,national_diff4,716.1866025924683,18
lgbm_v2,2,3,district,872.2328987121582,18
lgbm_v2,2,3,target_doy_sin,1167.950595855713,18
lgbm_v2,2,3,target_doy_cos,35.8193998336792,18
lgbm_v2_noclimate,2,3,cases_log1p,2917.318522453308,13
lgbm_v2_noclimate,2,3,doy_sin,276.32880210876465,13
lgbm_v2_noclimate,2,3,doy_cos,44.94529914855957,13
lgbm_v2_noclimate,2,3,weather_observed,0.0,13
lgbm_v2_noclimate,2,3,case_observed,0.0,13
lgbm_v2_noclimate,2,3,centroid_lat,105.79646968841553,13
lgbm_v2_noclimate,2,3,centroid_lon,27.817700386047363,13
lgbm_v2_noclimate,2,3,national_wave_rank,92.0172986984253,13
lgbm_v2_noclimate,2,3,trailing_52_cumulative_cases,313.59679985046387,13
lgbm_v2_noclimate,2,3,cases_lag1,118.48400115966797,13
lgbm_v2_noclimate,2,3,cases_lag2,114.85070037841797,13
lgbm_v2_noclimate,2,3,cases_lag3,0.0,13
lgbm_v2_noclimate,2,3,cases_lag4,14.329999923706055,13
lgbm_v2_noclimate,2,3,cases_lag5,26.47249984741211,13
lgbm_v2_noclimate,2,3,cases_lag6,16.8356990814209,13
lgbm_v2_noclimate,2,3,cases_lag7,0.0,13
lgbm_v2_noclimate,2,3,cases_lag8,36.9900016784668,13
lgbm_v2_noclimate,2,3,cases_lag9,13.528800010681152,13
lgbm_v2_noclimate,2,3,cases_lag10,0.0,13
lgbm_v2_noclimate,2,3,cases_lag11,24.290599822998047,13
lgbm_v2_noclimate,2,3,cases_lag12,0.0,13
lgbm_v2_noclimate,2,3,cases_mean4,143.30889987945557,13
lgbm_v2_noclimate,2,3,cases_mean8,125.17739963531494,13
lgbm_v2_noclimate,2,3,cases_mean12,103.90079975128174,13
lgbm_v2_noclimate,2,3,cases_max12,202.19939613342285,13
lgbm_v2_noclimate,2,3,cases_diff1,10338.15505695343,13
lgbm_v2_noclimate,2,3,cases_diff4,1133.2046165466309,13
lgbm_v2_noclimate,2,3,neighbour_cases,157.2253007888794,13
lgbm_v2_noclimate,2,3,neighbour_diff4,25.49250030517578,13
lgbm_v2_noclimate,2,3,national_cases,524.7025423049927,13
lgbm_v2_noclimate,2,3,national_diff4,896.1794004440308,13
lgbm_v2_noclimate,2,3,district,699.9237804412842,13
lgbm_v2_noclimate,2,3,target_doy_sin,825.3745994567871,13
lgbm_v2_noclimate,2,3,target_doy_cos,180.98661041259766,13
lgbm_v2_climatology,2,3,cases_log1p,4752.240164756775,21
lgbm_v2_climatology,2,3,rainfall_daily_mean_mm,57.278799057006836,21
lgbm_v2_climatology,2,3,rainy_days_frac,201.1116018295288,21
lgbm_v2_climatology,2,3,temperature_mean_c,12.634499549865723,21
lgbm_v2_climatology,2,3,diurnal_range_c,70.11462116241455,21
lgbm_v2_climatology,2,3,dewpoint_mean_c,11.649200439453125,21
lgbm_v2_climatology,2,3,relative_humidity_mean,311.4163017272949,21
lgbm_v2_climatology,2,3,wind_speed_mean,0.0,21
lgbm_v2_climatology,2,3,doy_sin,341.54609966278076,21
lgbm_v2_climatology,2,3,doy_cos,138.05559825897217,21
lgbm_v2_climatology,2,3,weather_observed,0.0,21
lgbm_v2_climatology,2,3,case_observed,0.0,21
lgbm_v2_climatology,2,3,centroid_lat,182.9591007232666,21
lgbm_v2_climatology,2,3,centroid_lon,23.54159927368164,21
lgbm_v2_climatology,2,3,rainfall_daily_mean_mm_roll4,532.5013036727905,21
lgbm_v2_climatology,2,3,rainfall_daily_mean_mm_roll8,130.8414011001587,21
lgbm_v2_climatology,2,3,rainfall_daily_mean_mm_roll12,109.09490013122559,21
lgbm_v2_climatology,2,3,temperature_mean_c_roll4,0.0,21
lgbm_v2_climatology,2,3,temperature_mean_c_roll8,0.0,21
lgbm_v2_climatology,2,3,temperature_mean_c_roll12,30.128700256347656,21
lgbm_v2_climatology,2,3,relative_humidity_mean_roll4,109.44260025024414,21
lgbm_v2_climatology,2,3,relative_humidity_mean_roll8,81.06070041656494,21
lgbm_v2_climatology,2,3,relative_humidity_mean_roll12,58.147199630737305,21
lgbm_v2_climatology,2,3,national_wave_rank,244.31109809875488,21
lgbm_v2_climatology,2,3,trailing_52_cumulative_cases,420.96218490600586,21
lgbm_v2_climatology,2,3,cases_lag1,9.497079849243164,21
lgbm_v2_climatology,2,3,cases_lag2,265.3344020843506,21
lgbm_v2_climatology,2,3,cases_lag3,12.343899726867676,21
lgbm_v2_climatology,2,3,cases_lag4,44.72619915008545,21
lgbm_v2_climatology,2,3,cases_lag5,0.0,21
lgbm_v2_climatology,2,3,cases_lag6,25.039899826049805,21
lgbm_v2_climatology,2,3,cases_lag7,0.0,21
lgbm_v2_climatology,2,3,cases_lag8,11.49779987335205,21
lgbm_v2_climatology,2,3,cases_lag9,12.06820011138916,21
lgbm_v2_climatology,2,3,cases_lag10,0.0,21
lgbm_v2_climatology,2,3,cases_lag11,50.156978607177734,21
lgbm_v2_climatology,2,3,cases_lag12,23.049999237060547,21
lgbm_v2_climatology,2,3,cases_mean4,157.73469734191895,21
lgbm_v2_climatology,2,3,cases_mean8,267.9611921310425,21
lgbm_v2_climatology,2,3,cases_mean12,282.7464075088501,21
lgbm_v2_climatology,2,3,cases_max12,298.9675006866455,21
lgbm_v2_climatology,2,3,cases_diff1,12622.787490844727,21
lgbm_v2_climatology,2,3,cases_diff4,1541.8008499145508,21
lgbm_v2_climatology,2,3,rain_roll4_lag4,49.59900093078613,21
lgbm_v2_climatology,2,3,rain_roll4_lag8,0.0,21
lgbm_v2_climatology,2,3,humid_roll4_lag4,107.70910263061523,21
lgbm_v2_climatology,2,3,humid_roll4_lag8,40.92399978637695,21
lgbm_v2_climatology,2,3,temp_roll4_lag4,33.775370597839355,21
lgbm_v2_climatology,2,3,temp_roll4_lag8,51.52280044555664,21
lgbm_v2_climatology,2,3,rain_roll12_lag12,9.010259628295898,21
lgbm_v2_climatology,2,3,neighbour_cases,232.67447090148926,21
lgbm_v2_climatology,2,3,neighbour_diff4,90.09569931030273,21
lgbm_v2_climatology,2,3,national_cases,424.5351972579956,21
lgbm_v2_climatology,2,3,national_diff4,806.943943977356,21
lgbm_v2_climatology,2,3,district,1176.6358995437622,21
lgbm_v2_climatology,2,3,target_doy_sin,1040.9501934051514,21
lgbm_v2_climatology,2,3,target_doy_cos,189.39333724975586,21
lgbm_v2,2,4,cases_log1p,5198.3195333480835,12
lgbm_v2,2,4,rainfall_daily_mean_mm,0.0,12
lgbm_v2,2,4,rainy_days_frac,0.0,12
lgbm_v2,2,4,temperature_mean_c,33.37510108947754,12
lgbm_v2,2,4,diurnal_range_c,23.666000366210938,12
lgbm_v2,2,4,dewpoint_mean_c,19.96109962463379,12
lgbm_v2,2,4,relative_humidity_mean,22.84589958190918,12
lgbm_v2,2,4,wind_speed_mean,0.0,12
lgbm_v2,2,4,doy_sin,65.46830177307129,12
lgbm_v2,2,4,doy_cos,90.73469924926758,12
lgbm_v2,2,4,weather_observed,0.0,12
lgbm_v2,2,4,case_observed,0.0,12
lgbm_v2,2,4,centroid_lat,203.09139823913574,12
lgbm_v2,2,4,centroid_lon,0.0,12
lgbm_v2,2,4,rainfall_daily_mean_mm_roll4,883.1878051757812,12
lgbm_v2,2,4,rainfall_daily_mean_mm_roll8,270.35169506073,12
lgbm_v2,2,4,rainfall_daily_mean_mm_roll12,0.0,12
lgbm_v2,2,4,temperature_mean_c_roll4,93.76000022888184,12
lgbm_v2,2,4,temperature_mean_c_roll8,0.0,12
lgbm_v2,2,4,temperature_mean_c_roll12,0.0,12
lgbm_v2,2,4,relative_humidity_mean_roll4,294.73390197753906,12
lgbm_v2,2,4,relative_humidity_mean_roll8,49.43740177154541,12
lgbm_v2,2,4,relative_humidity_mean_roll12,0.0,12
lgbm_v2,2,4,national_wave_rank,131.4557008743286,12
lgbm_v2,2,4,trailing_52_cumulative_cases,254.81239891052246,12
lgbm_v2,2,4,cases_lag1,38.28839874267578,12
lgbm_v2,2,4,cases_lag2,105.83360004425049,12
lgbm_v2,2,4,cases_lag3,61.90479850769043,12
lgbm_v2,2,4,cases_lag4,0.0,12
lgbm_v2,2,4,cases_lag5,31.483500480651855,12
lgbm_v2,2,4,cases_lag6,0.0,12
lgbm_v2,2,4,cases_lag7,0.0,12
lgbm_v2,2,4,cases_lag8,0.0,12
lgbm_v2,2,4,cases_lag9,0.0,12
lgbm_v2,2,4,cases_lag10,0.0,12
lgbm_v2,2,4,cases_lag11,0.0,12
lgbm_v2,2,4,cases_lag12,150.11050033569336,12
lgbm_v2,2,4,cases_mean4,125.72200393676758,12
lgbm_v2,2,4,cases_mean8,75.06869983673096,12
lgbm_v2,2,4,cases_mean12,260.0334949493408,12
lgbm_v2,2,4,cases_max12,147.5507984161377,12
lgbm_v2,2,4,cases_diff1,7517.796039581299,12
lgbm_v2,2,4,cases_diff4,877.7862930297852,12
lgbm_v2,2,4,rain_roll4_lag4,37.64970016479492,12
lgbm_v2,2,4,rain_roll4_lag8,263.611102104187,12
lgbm_v2,2,4,humid_roll4_lag4,22.468000411987305,12
lgbm_v2,2,4,humid_roll4_lag8,179.17160034179688,12
lgbm_v2,2,4,temp_roll4_lag4,76.07619953155518,12
lgbm_v2,2,4,temp_roll4_lag8,0.0,12
lgbm_v2,2,4,rain_roll12_lag12,0.0,12
lgbm_v2,2,4,neighbour_cases,208.6600980758667,12
lgbm_v2,2,4,neighbour_diff4,30.89449977874756,12
lgbm_v2,2,4,national_cases,515.2357006072998,12
lgbm_v2,2,4,national_diff4,393.6280002593994,12
lgbm_v2,2,4,district,1083.878903388977,12
lgbm_v2,2,4,target_doy_sin,1163.059000968933,12
lgbm_v2,2,4,target_doy_cos,274.9370994567871,12
lgbm_v2_noclimate,2,4,cases_log1p,4643.476642608643,13
lgbm_v2_noclimate,2,4,doy_sin,347.48640060424805,13
lgbm_v2_noclimate,2,4,doy_cos,181.5068016052246,13
lgbm_v2_noclimate,2,4,weather_observed,0.0,13
lgbm_v2_noclimate,2,4,case_observed,0.0,13
lgbm_v2_noclimate,2,4,centroid_lat,223.86619758605957,13
lgbm_v2_noclimate,2,4,centroid_lon,52.18050003051758,13
lgbm_v2_noclimate,2,4,national_wave_rank,196.52570152282715,13
lgbm_v2_noclimate,2,4,trailing_52_cumulative_cases,339.9280004501343,13
lgbm_v2_noclimate,2,4,cases_lag1,38.39979934692383,13
lgbm_v2_noclimate,2,4,cases_lag2,66.9478006362915,13
lgbm_v2_noclimate,2,4,cases_lag3,42.87670135498047,13
lgbm_v2_noclimate,2,4,cases_lag4,0.0,13
lgbm_v2_noclimate,2,4,cases_lag5,34.1156005859375,13
lgbm_v2_noclimate,2,4,cases_lag6,0.0,13
lgbm_v2_noclimate,2,4,cases_lag7,0.0,13
lgbm_v2_noclimate,2,4,cases_lag8,0.0,13
lgbm_v2_noclimate,2,4,cases_lag9,0.0,13
lgbm_v2_noclimate,2,4,cases_lag10,0.0,13
lgbm_v2_noclimate,2,4,cases_lag11,15.616000175476074,13
lgbm_v2_noclimate,2,4,cases_lag12,53.42070007324219,13
lgbm_v2_noclimate,2,4,cases_mean4,288.6322021484375,13
lgbm_v2_noclimate,2,4,cases_mean8,17.746000289916992,13
lgbm_v2_noclimate,2,4,cases_mean12,473.1139917373657,13
lgbm_v2_noclimate,2,4,cases_max12,429.2409029006958,13
lgbm_v2_noclimate,2,4,cases_diff1,9119.110476493835,13
lgbm_v2_noclimate,2,4,cases_diff4,581.3815011978149,13
lgbm_v2_noclimate,2,4,neighbour_cases,267.06569957733154,13
lgbm_v2_noclimate,2,4,neighbour_diff4,18.593299865722656,13
lgbm_v2_noclimate,2,4,national_cases,847.2777080535889,13
lgbm_v2_noclimate,2,4,national_diff4,718.0493984222412,13
lgbm_v2_noclimate,2,4,district,1017.0721855163574,13
lgbm_v2_noclimate,2,4,target_doy_sin,1352.012396812439,13
lgbm_v2_noclimate,2,4,target_doy_cos,847.640793800354,13
lgbm_v2_climatology,2,4,cases_log1p,5370.8136196136475,12
lgbm_v2_climatology,2,4,rainfall_daily_mean_mm,164.91209411621094,12
lgbm_v2_climatology,2,4,rainy_days_frac,439.9005079269409,12
lgbm_v2_climatology,2,4,temperature_mean_c,0.0,12
lgbm_v2_climatology,2,4,diurnal_range_c,15.38759994506836,12
lgbm_v2_climatology,2,4,dewpoint_mean_c,0.0,12
lgbm_v2_climatology,2,4,relative_humidity_mean,108.87670135498047,12
lgbm_v2_climatology,2,4,wind_speed_mean,0.0,12
lgbm_v2_climatology,2,4,doy_sin,49.32050132751465,12
lgbm_v2_climatology,2,4,doy_cos,208.5839033126831,12
lgbm_v2_climatology,2,4,weather_observed,0.0,12
lgbm_v2_climatology,2,4,case_observed,0.0,12
lgbm_v2_climatology,2,4,centroid_lat,199.62420177459717,12
lgbm_v2_climatology,2,4,centroid_lon,14.250100135803223,12
lgbm_v2_climatology,2,4,rainfall_daily_mean_mm_roll4,740.1985015869141,12
lgbm_v2_climatology,2,4,rainfall_daily_mean_mm_roll8,119.57709980010986,12
lgbm_v2_climatology,2,4,rainfall_daily_mean_mm_roll12,37.33290100097656,12
lgbm_v2_climatology,2,4,temperature_mean_c_roll4,57.6092004776001,12
lgbm_v2_climatology,2,4,temperature_mean_c_roll8,49.04249954223633,12
lgbm_v2_climatology,2,4,temperature_mean_c_roll12,0.0,12
lgbm_v2_climatology,2,4,relative_humidity_mean_roll4,22.21150016784668,12
lgbm_v2_climatology,2,4,relative_humidity_mean_roll8,72.68180084228516,12
lgbm_v2_climatology,2,4,relative_humidity_mean_roll12,35.27370071411133,12
lgbm_v2_climatology,2,4,national_wave_rank,208.90249824523926,12
lgbm_v2_climatology,2,4,trailing_52_cumulative_cases,279.7406978607178,12
lgbm_v2_climatology,2,4,cases_lag1,35.53410053253174,12
lgbm_v2_climatology,2,4,cases_lag2,168.7958984375,12
lgbm_v2_climatology,2,4,cases_lag3,72.77239799499512,12
lgbm_v2_climatology,2,4,cases_lag4,0.0,12
lgbm_v2_climatology,2,4,cases_lag5,46.45069980621338,12
lgbm_v2_climatology,2,4,cases_lag6,0.0,12
lgbm_v2_climatology,2,4,cases_lag7,0.0,12
lgbm_v2_climatology,2,4,cases_lag8,0.0,12
lgbm_v2_climatology,2,4,cases_lag9,0.0,12
lgbm_v2_climatology,2,4,cases_lag10,0.0,12
lgbm_v2_climatology,2,4,cases_lag11,0.0,12
lgbm_v2_climatology,2,4,cases_lag12,41.55189895629883,12
lgbm_v2_climatology,2,4,cases_mean4,59.21769905090332,12
lgbm_v2_climatology,2,4,cases_mean8,107.88229846954346,12
lgbm_v2_climatology,2,4,cases_mean12,289.09130668640137,12
lgbm_v2_climatology,2,4,cases_max12,140.65839958190918,12
lgbm_v2_climatology,2,4,cases_diff1,7590.790822029114,12
lgbm_v2_climatology,2,4,cases_diff4,748.883092880249,12
lgbm_v2_climatology,2,4,rain_roll4_lag4,0.0,12
lgbm_v2_climatology,2,4,rain_roll4_lag8,66.00929832458496,12
lgbm_v2_climatology,2,4,humid_roll4_lag4,21.36750030517578,12
lgbm_v2_climatology,2,4,humid_roll4_lag8,56.98699951171875,12
lgbm_v2_climatology,2,4,temp_roll4_lag4,19.218900680541992,12
lgbm_v2_climatology,2,4,temp_roll4_lag8,23.61840057373047,12
lgbm_v2_climatology,2,4,rain_roll12_lag12,0.0,12
lgbm_v2_climatology,2,4,neighbour_cases,162.85290050506592,12
lgbm_v2_climatology,2,4,neighbour_diff4,13.582300186157227,12
lgbm_v2_climatology,2,4,national_cases,487.67520332336426,12
lgbm_v2_climatology,2,4,national_diff4,238.5345983505249,12
lgbm_v2_climatology,2,4,district,1097.845495223999,12
lgbm_v2_climatology,2,4,target_doy_sin,884.0321092605591,12
lgbm_v2_climatology,2,4,target_doy_cos,460.15889835357666,12
lgbm_v2,2,6,cases_log1p,8089.420375823975,8
lgbm_v2,2,6,rainfall_daily_mean_mm,19.608699798583984,8
lgbm_v2,2,6,rainy_days_frac,72.79069900512695,8
lgbm_v2,2,6,temperature_mean_c,114.78039932250977,8
lgbm_v2,2,6,diurnal_range_c,0.0,8
lgbm_v2,2,6,dewpoint_mean_c,0.0,8
lgbm_v2,2,6,relative_humidity_mean,0.0,8
lgbm_v2,2,6,wind_speed_mean,0.0,8
lgbm_v2,2,6,doy_sin,153.3057975769043,8
lgbm_v2,2,6,doy_cos,89.74410057067871,8
lgbm_v2,2,6,weather_observed,0.0,8
lgbm_v2,2,6,case_observed,0.0,8
lgbm_v2,2,6,centroid_lat,225.6101016998291,8
lgbm_v2,2,6,centroid_lon,24.686599731445312,8
lgbm_v2,2,6,rainfall_daily_mean_mm_roll4,1077.1134052276611,8
lgbm_v2,2,6,rainfall_daily_mean_mm_roll8,132.0314998626709,8
lgbm_v2,2,6,rainfall_daily_mean_mm_roll12,0.0,8
lgbm_v2,2,6,temperature_mean_c_roll4,16.982099533081055,8
lgbm_v2,2,6,temperature_mean_c_roll8,79.58289909362793,8
lgbm_v2,2,6,temperature_mean_c_roll12,92.87929725646973,8
lgbm_v2,2,6,relative_humidity_mean_roll4,102.06789970397949,8
lgbm_v2,2,6,relative_humidity_mean_roll8,0.0,8
lgbm_v2,2,6,relative_humidity_mean_roll12,0.0,8
lgbm_v2,2,6,national_wave_rank,185.32150077819824,8
lgbm_v2,2,6,trailing_52_cumulative_cases,582.9204864501953,8
lgbm_v2,2,6,cases_lag1,46.81650161743164,8
lgbm_v2,2,6,cases_lag2,0.0,8
lgbm_v2,2,6,cases_lag3,0.0,8
lgbm_v2,2,6,cases_lag4,0.0,8
lgbm_v2,2,6,cases_lag5,0.0,8
lgbm_v2,2,6,cases_lag6,0.0,8
lgbm_v2,2,6,cases_lag7,0.0,8
lgbm_v2,2,6,cases_lag8,0.0,8
lgbm_v2,2,6,cases_lag9,0.0,8
lgbm_v2,2,6,cases_lag10,0.0,8
lgbm_v2,2,6,cases_lag11,0.0,8
lgbm_v2,2,6,cases_lag12,30.884700775146484,8
lgbm_v2,2,6,cases_mean4,241.4242992401123,8
lgbm_v2,2,6,cases_mean8,55.31169891357422,8
lgbm_v2,2,6,cases_mean12,134.64430236816406,8
lgbm_v2,2,6,cases_max12,179.7483959197998,8
lgbm_v2,2,6,cases_diff1,2302.73588180542,8
lgbm_v2,2,6,cases_diff4,453.4458999633789,8
lgbm_v2,2,6,rain_roll4_lag4,0.0,8
lgbm_v2,2,6,rain_roll4_lag8,138.74199867248535,8
lgbm_v2,2,6,humid_roll4_lag4,0.0,8
lgbm_v2,2,6,humid_roll4_lag8,233.6023006439209,8
lgbm_v2,2,6,temp_roll4_lag4,141.69940567016602,8
lgbm_v2,2,6,temp_roll4_lag8,21.6476993560791,8
lgbm_v2,2,6,rain_roll12_lag12,0.0,8
lgbm_v2,2,6,neighbour_cases,262.427303314209,8
lgbm_v2,2,6,neighbour_diff4,0.0,8
lgbm_v2,2,6,national_cases,1457.7079982757568,8
lgbm_v2,2,6,national_diff4,316.59049797058105,8
lgbm_v2,2,6,district,1262.4506187438965,8
lgbm_v2,2,6,target_doy_sin,1203.1154079437256,8
lgbm_v2,2,6,target_doy_cos,895.2534942626953,8
lgbm_v2_noclimate,2,6,cases_log1p,7427.7737674713135,8
lgbm_v2_noclimate,2,6,doy_sin,194.0512981414795,8
lgbm_v2_noclimate,2,6,doy_cos,45.74519920349121,8
lgbm_v2_noclimate,2,6,weather_observed,0.0,8
lgbm_v2_noclimate,2,6,case_observed,0.0,8
lgbm_v2_noclimate,2,6,centroid_lat,518.7317008972168,8
lgbm_v2_noclimate,2,6,centroid_lon,73.35420036315918,8
lgbm_v2_noclimate,2,6,national_wave_rank,179.52399826049805,8
lgbm_v2_noclimate,2,6,trailing_52_cumulative_cases,273.52659797668457,8
lgbm_v2_noclimate,2,6,cases_lag1,0.0,8
lgbm_v2_noclimate,2,6,cases_lag2,0.0,8
lgbm_v2_noclimate,2,6,cases_lag3,0.0,8
lgbm_v2_noclimate,2,6,cases_lag4,0.0,8
lgbm_v2_noclimate,2,6,cases_lag5,0.0,8
lgbm_v2_noclimate,2,6,cases_lag6,0.0,8
lgbm_v2_noclimate,2,6,cases_lag7,0.0,8
lgbm_v2_noclimate,2,6,cases_lag8,0.0,8
lgbm_v2_noclimate,2,6,cases_lag9,0.0,8
lgbm_v2_noclimate,2,6,cases_lag10,0.0,8
lgbm_v2_noclimate,2,6,cases_lag11,0.0,8
lgbm_v2_noclimate,2,6,cases_lag12,0.0,8
lgbm_v2_noclimate,2,6,cases_mean4,319.73869705200195,8
lgbm_v2_noclimate,2,6,cases_mean8,58.9512996673584,8
lgbm_v2_noclimate,2,6,cases_mean12,101.88589859008789,8
lgbm_v2_noclimate,2,6,cases_max12,800.4423084259033,8
lgbm_v2_noclimate,2,6,cases_diff1,3148.931785583496,8
lgbm_v2_noclimate,2,6,cases_diff4,599.4498023986816,8
lgbm_v2_noclimate,2,6,neighbour_cases,223.01409912109375,8
lgbm_v2_noclimate,2,6,neighbour_diff4,18.57309913635254,8
lgbm_v2_noclimate,2,6,national_cases,1422.8411903381348,8
lgbm_v2_noclimate,2,6,national_diff4,458.66360092163086,8
lgbm_v2_noclimate,2,6,district,1145.3788986206055,8
lgbm_v2_noclimate,2,6,target_doy_sin,1445.948886871338,8
lgbm_v2_noclimate,2,6,target_doy_cos,1553.9064960479736,8
lgbm_v2_climatology,2,6,cases_log1p,8125.717273712158,8
lgbm_v2_climatology,2,6,rainfall_daily_mean_mm,155.72289848327637,8
lgbm_v2_climatology,2,6,rainy_days_frac,951.5484008789062,8
lgbm_v2_climatology,2,6,temperature_mean_c,0.0,8
lgbm_v2_climatology,2,6,diurnal_range_c,58.961801528930664,8
lgbm_v2_climatology,2,6,dewpoint_mean_c,0.0,8
lgbm_v2_climatology,2,6,relative_humidity_mean,0.0,8
lgbm_v2_climatology,2,6,wind_speed_mean,26.83650016784668,8
lgbm_v2_climatology,2,6,doy_sin,69.95799827575684,8
lgbm_v2_climatology,2,6,doy_cos,134.4320011138916,8
lgbm_v2_climatology,2,6,weather_observed,0.0,8
lgbm_v2_climatology,2,6,case_observed,0.0,8
lgbm_v2_climatology,2,6,centroid_lat,248.6037998199463,8
lgbm_v2_climatology,2,6,centroid_lon,0.0,8
lgbm_v2_climatology,2,6,rainfall_daily_mean_mm_roll4,213.31389999389648,8
lgbm_v2_climatology,2,6,rainfall_daily_mean_mm_roll8,57.98439979553223,8
lgbm_v2_climatology,2,6,rainfall_daily_mean_mm_roll12,0.0,8
lgbm_v2_climatology,2,6,temperature_mean_c_roll4,52.13869857788086,8
lgbm_v2_climatology,2,6,temperature_mean_c_roll8,0.0,8
lgbm_v2_climatology,2,6,temperature_mean_c_roll12,204.72500228881836,8
lgbm_v2_climatology,2,6,relative_humidity_mean_roll4,29.144699096679688,8
lgbm_v2_climatology,2,6,relative_humidity_mean_roll8,29.21339988708496,8
lgbm_v2_climatology,2,6,relative_humidity_mean_roll12,0.0,8
lgbm_v2_climatology,2,6,national_wave_rank,224.13049697875977,8
lgbm_v2_climatology,2,6,trailing_52_cumulative_cases,643.7357025146484,8
lgbm_v2_climatology,2,6,cases_lag1,50.55730056762695,8
lgbm_v2_climatology,2,6,cases_lag2,0.0,8
lgbm_v2_climatology,2,6,cases_lag3,0.0,8
lgbm_v2_climatology,2,6,cases_lag4,0.0,8
lgbm_v2_climatology,2,6,cases_lag5,0.0,8
lgbm_v2_climatology,2,6,cases_lag6,0.0,8
lgbm_v2_climatology,2,6,cases_lag7,0.0,8
lgbm_v2_climatology,2,6,cases_lag8,0.0,8
lgbm_v2_climatology,2,6,cases_lag9,0.0,8
lgbm_v2_climatology,2,6,cases_lag10,0.0,8
lgbm_v2_climatology,2,6,cases_lag11,0.0,8
lgbm_v2_climatology,2,6,cases_lag12,0.0,8
lgbm_v2_climatology,2,6,cases_mean4,268.9173984527588,8
lgbm_v2_climatology,2,6,cases_mean8,81.72840118408203,8
lgbm_v2_climatology,2,6,cases_mean12,176.41849899291992,8
lgbm_v2_climatology,2,6,cases_max12,18.35059928894043,8
lgbm_v2_climatology,2,6,cases_diff1,2281.9335803985596,8
lgbm_v2_climatology,2,6,cases_diff4,506.8587989807129,8
lgbm_v2_climatology,2,6,rain_roll4_lag4,0.0,8
lgbm_v2_climatology,2,6,rain_roll4_lag8,74.17659759521484,8
lgbm_v2_climatology,2,6,humid_roll4_lag4,0.0,8
lgbm_v2_climatology,2,6,humid_roll4_lag8,0.0,8
lgbm_v2_climatology,2,6,temp_roll4_lag4,0.0,8
lgbm_v2_climatology,2,6,temp_roll4_lag8,39.28990173339844,8
lgbm_v2_climatology,2,6,rain_roll12_lag12,0.0,8
lgbm_v2_climatology,2,6,neighbour_cases,228.36199951171875,8
lgbm_v2_climatology,2,6,neighbour_diff4,0.0,8
lgbm_v2_climatology,2,6,national_cases,1674.7644634246826,8
lgbm_v2_climatology,2,6,national_diff4,330.8101997375488,8
lgbm_v2_climatology,2,6,district,1273.1946048736572,8
lgbm_v2_climatology,2,6,target_doy_sin,1185.0482997894287,8
lgbm_v2_climatology,2,6,target_doy_cos,1021.1606979370117,8
lgbm_v2,2,8,cases_log1p,7456.211065292358,5
lgbm_v2,2,8,rainfall_daily_mean_mm,29.20639991760254,5
lgbm_v2,2,8,rainy_days_frac,29.46929931640625,5
lgbm_v2,2,8,temperature_mean_c,81.32329940795898,5
lgbm_v2,2,8,diurnal_range_c,78.11419677734375,5
lgbm_v2,2,8,dewpoint_mean_c,86.45269775390625,5
lgbm_v2,2,8,relative_humidity_mean,0.0,5
lgbm_v2,2,8,wind_speed_mean,0.0,5
lgbm_v2,2,8,doy_sin,60.4242000579834,5
lgbm_v2,2,8,doy_cos,0.0,5
lgbm_v2,2,8,weather_observed,0.0,5
lgbm_v2,2,8,case_observed,0.0,5
lgbm_v2,2,8,centroid_lat,277.2446002960205,5
lgbm_v2,2,8,centroid_lon,34.471500396728516,5
lgbm_v2,2,8,rainfall_daily_mean_mm_roll4,113.55599975585938,5
lgbm_v2,2,8,rainfall_daily_mean_mm_roll8,0.0,5
lgbm_v2,2,8,rainfall_daily_mean_mm_roll12,0.0,5
lgbm_v2,2,8,temperature_mean_c_roll4,24.041900634765625,5
lgbm_v2,2,8,temperature_mean_c_roll8,0.0,5
lgbm_v2,2,8,temperature_mean_c_roll12,0.0,5
lgbm_v2,2,8,relative_humidity_mean_roll4,0.0,5
lgbm_v2,2,8,relative_humidity_mean_roll8,27.74970054626465,5
lgbm_v2,2,8,relative_humidity_mean_roll12,0.0,5
lgbm_v2,2,8,national_wave_rank,350.7173023223877,5
lgbm_v2,2,8,trailing_52_cumulative_cases,300.4071979522705,5
lgbm_v2,2,8,cases_lag1,0.0,5
lgbm_v2,2,8,cases_lag2,0.0,5
lgbm_v2,2,8,cases_lag3,0.0,5
lgbm_v2,2,8,cases_lag4,0.0,5
lgbm_v2,2,8,cases_lag5,0.0,5
lgbm_v2,2,8,cases_lag6,0.0,5
lgbm_v2,2,8,cases_lag7,0.0,5
lgbm_v2,2,8,cases_lag8,0.0,5
lgbm_v2,2,8,cases_lag9,28.065799713134766,5
lgbm_v2,2,8,cases_lag10,0.0,5
lgbm_v2,2,8,cases_lag11,0.0,5
lgbm_v2,2,8,cases_lag12,0.0,5
lgbm_v2,2,8,cases_mean4,0.0,5
lgbm_v2,2,8,cases_mean8,33.869300842285156,5
lgbm_v2,2,8,cases_mean12,35.017799377441406,5
lgbm_v2,2,8,cases_max12,279.4001007080078,5
lgbm_v2,2,8,cases_diff1,1223.5724182128906,5
lgbm_v2,2,8,cases_diff4,688.2538070678711,5
lgbm_v2,2,8,rain_roll4_lag4,37.08649826049805,5
lgbm_v2,2,8,rain_roll4_lag8,86.22360229492188,5
lgbm_v2,2,8,humid_roll4_lag4,0.0,5
lgbm_v2,2,8,humid_roll4_lag8,175.78049850463867,5
lgbm_v2,2,8,temp_roll4_lag4,148.6779022216797,5
lgbm_v2,2,8,temp_roll4_lag8,0.0,5
lgbm_v2,2,8,rain_roll12_lag12,0.0,5
lgbm_v2,2,8,neighbour_cases,184.50589752197266,5
lgbm_v2,2,8,neighbour_diff4,0.0,5
lgbm_v2,2,8,national_cases,1962.5752029418945,5
lgbm_v2,2,8,national_diff4,25.069700241088867,5
lgbm_v2,2,8,district,1524.0191192626953,5
lgbm_v2,2,8,target_doy_sin,2256.442813873291,5
lgbm_v2,2,8,target_doy_cos,245.4086971282959,5
lgbm_v2_noclimate,2,8,cases_log1p,6038.085052490234,5
lgbm_v2_noclimate,2,8,doy_sin,177.6363010406494,5
lgbm_v2_noclimate,2,8,doy_cos,27.95949935913086,5
lgbm_v2_noclimate,2,8,weather_observed,0.0,5
lgbm_v2_noclimate,2,8,case_observed,0.0,5
lgbm_v2_noclimate,2,8,centroid_lat,250.699800491333,5
lgbm_v2_noclimate,2,8,centroid_lon,154.19109725952148,5
lgbm_v2_noclimate,2,8,national_wave_rank,178.16949844360352,5
lgbm_v2_noclimate,2,8,trailing_52_cumulative_cases,380.77349853515625,5
lgbm_v2_noclimate,2,8,cases_lag1,24.251800537109375,5
lgbm_v2_noclimate,2,8,cases_lag2,0.0,5
lgbm_v2_noclimate,2,8,cases_lag3,0.0,5
lgbm_v2_noclimate,2,8,cases_lag4,0.0,5
lgbm_v2_noclimate,2,8,cases_lag5,0.0,5
lgbm_v2_noclimate,2,8,cases_lag6,0.0,5
lgbm_v2_noclimate,2,8,cases_lag7,0.0,5
lgbm_v2_noclimate,2,8,cases_lag8,153.9318962097168,5
lgbm_v2_noclimate,2,8,cases_lag9,0.0,5
lgbm_v2_noclimate,2,8,cases_lag10,0.0,5
lgbm_v2_noclimate,2,8,cases_lag11,0.0,5
lgbm_v2_noclimate,2,8,cases_lag12,0.0,5
lgbm_v2_noclimate,2,8,cases_mean4,260.2183017730713,5
lgbm_v2_noclimate,2,8,cases_mean8,0.0,5
lgbm_v2_noclimate,2,8,cases_mean12,33.660301208496094,5
lgbm_v2_noclimate,2,8,cases_max12,474.5232048034668,5
lgbm_v2_noclimate,2,8,cases_diff1,2726.3627128601074,5
lgbm_v2_noclimate,2,8,cases_diff4,539.1307106018066,5
lgbm_v2_noclimate,2,8,neighbour_cases,169.27660179138184,5
lgbm_v2_noclimate,2,8,neighbour_diff4,0.0,5
lgbm_v2_noclimate,2,8,national_cases,1275.512170791626,5
lgbm_v2_noclimate,2,8,national_diff4,183.0162010192871,5
lgbm_v2_noclimate,2,8,district,1132.334587097168,5
lgbm_v2_noclimate,2,8,target_doy_sin,1760.4212112426758,5
lgbm_v2_noclimate,2,8,target_doy_cos,1173.293695449829,5
lgbm_v2_climatology,2,8,cases_log1p,7423.758338928223,5
lgbm_v2_climatology,2,8,rainfall_daily_mean_mm,233.43020629882812,5
lgbm_v2_climatology,2,8,rainy_days_frac,1263.1578979492188,5
lgbm_v2_climatology,2,8,temperature_mean_c,38.442298889160156,5
lgbm_v2_climatology,2,8,diurnal_range_c,0.0,5
lgbm_v2_climatology,2,8,dewpoint_mean_c,135.933198928833,5
lgbm_v2_climatology,2,8,relative_humidity_mean,0.0,5
lgbm_v2_climatology,2,8,wind_speed_mean,0.0,5
lgbm_v2_climatology,2,8,doy_sin,118.5239028930664,5
lgbm_v2_climatology,2,8,doy_cos,112.822998046875,5
lgbm_v2_climatology,2,8,weather_observed,0.0,5
lgbm_v2_climatology,2,8,case_observed,0.0,5
lgbm_v2_climatology,2,8,centroid_lat,209.5624008178711,5
lgbm_v2_climatology,2,8,centroid_lon,0.0,5
lgbm_v2_climatology,2,8,rainfall_daily_mean_mm_roll4,96.7539005279541,5
lgbm_v2_climatology,2,8,rainfall_daily_mean_mm_roll8,0.0,5
lgbm_v2_climatology,2,8,rainfall_daily_mean_mm_roll12,0.0,5
lgbm_v2_climatology,2,8,temperature_mean_c_roll4,23.406200408935547,5
lgbm_v2_climatology,2,8,temperature_mean_c_roll8,0.0,5
lgbm_v2_climatology,2,8,temperature_mean_c_roll12,53.48469924926758,5
lgbm_v2_climatology,2,8,relative_humidity_mean_roll4,0.0,5
lgbm_v2_climatology,2,8,relative_humidity_mean_roll8,147.98300170898438,5
lgbm_v2_climatology,2,8,relative_humidity_mean_roll12,0.0,5
lgbm_v2_climatology,2,8,national_wave_rank,199.0536994934082,5
lgbm_v2_climatology,2,8,trailing_52_cumulative_cases,204.2804012298584,5
lgbm_v2_climatology,2,8,cases_lag1,0.0,5
lgbm_v2_climatology,2,8,cases_lag2,31.28730010986328,5
lgbm_v2_climatology,2,8,cases_lag3,0.0,5
lgbm_v2_climatology,2,8,cases_lag4,0.0,5
lgbm_v2_climatology,2,8,cases_lag5,0.0,5
lgbm_v2_climatology,2,8,cases_lag6,0.0,5
lgbm_v2_climatology,2,8,cases_lag7,0.0,5
lgbm_v2_climatology,2,8,cases_lag8,0.0,5
lgbm_v2_climatology,2,8,cases_lag9,0.0,5
lgbm_v2_climatology,2,8,cases_lag10,0.0,5
lgbm_v2_climatology,2,8,cases_lag11,0.0,5
lgbm_v2_climatology,2,8,cases_lag12,0.0,5
lgbm_v2_climatology,2,8,cases_mean4,0.0,5
lgbm_v2_climatology,2,8,cases_mean8,96.52890014648438,5
lgbm_v2_climatology,2,8,cases_mean12,0.0,5
lgbm_v2_climatology,2,8,cases_max12,283.4758071899414,5
lgbm_v2_climatology,2,8,cases_diff1,1246.4158210754395,5
lgbm_v2_climatology,2,8,cases_diff4,691.4734954833984,5
lgbm_v2_climatology,2,8,rain_roll4_lag4,0.0,5
lgbm_v2_climatology,2,8,rain_roll4_lag8,276.652099609375,5
lgbm_v2_climatology,2,8,humid_roll4_lag4,0.0,5
lgbm_v2_climatology,2,8,humid_roll4_lag8,30.341299057006836,5
lgbm_v2_climatology,2,8,temp_roll4_lag4,0.0,5
lgbm_v2_climatology,2,8,temp_roll4_lag8,0.0,5
lgbm_v2_climatology,2,8,rain_roll12_lag12,0.0,5
lgbm_v2_climatology,2,8,neighbour_cases,43.97560119628906,5
lgbm_v2_climatology,2,8,neighbour_diff4,0.0,5
lgbm_v2_climatology,2,8,national_cases,2018.3099956512451,5
lgbm_v2_climatology,2,8,national_diff4,0.0,5
lgbm_v2_climatology,2,8,district,1221.9816780090332,5
lgbm_v2_climatology,2,8,target_doy_sin,1296.21999168396,5
lgbm_v2_climatology,2,8,target_doy_cos,249.22540092468262,5
lgbm_v2,2,10,cases_log1p,15834.24673652649,9
lgbm_v2,2,10,rainfall_daily_mean_mm,101.96609878540039,9
lgbm_v2,2,10,rainy_days_frac,43.23360061645508,9
lgbm_v2,2,10,temperature_mean_c,0.0,9
lgbm_v2,2,10,diurnal_range_c,0.0,9
lgbm_v2,2,10,dewpoint_mean_c,86.17630195617676,9
lgbm_v2,2,10,relative_humidity_mean,64.06669998168945,9
lgbm_v2,2,10,wind_speed_mean,0.0,9
lgbm_v2,2,10,doy_sin,149.5344009399414,9
lgbm_v2,2,10,doy_cos,188.55190467834473,9
lgbm_v2,2,10,weather_observed,0.0,9
lgbm_v2,2,10,case_observed,0.0,9
lgbm_v2,2,10,centroid_lat,1312.2458190917969,9
lgbm_v2,2,10,centroid_lon,386.2971000671387,9
lgbm_v2,2,10,rainfall_daily_mean_mm_roll4,25.95319938659668,9
lgbm_v2,2,10,rainfall_daily_mean_mm_roll8,0.0,9
lgbm_v2,2,10,rainfall_daily_mean_mm_roll12,0.0,9
lgbm_v2,2,10,temperature_mean_c_roll4,88.12779998779297,9
lgbm_v2,2,10,temperature_mean_c_roll8,28.24370002746582,9
lgbm_v2,2,10,temperature_mean_c_roll12,63.22770118713379,9
lgbm_v2,2,10,relative_humidity_mean_roll4,25.698699951171875,9
lgbm_v2,2,10,relative_humidity_mean_roll8,45.242801666259766,9
lgbm_v2,2,10,relative_humidity_mean_roll12,56.70640182495117,9
lgbm_v2,2,10,national_wave_rank,291.02210235595703,9
lgbm_v2,2,10,trailing_52_cumulative_cases,990.6307907104492,9
lgbm_v2,2,10,cases_lag1,36.07820129394531,9
lgbm_v2,2,10,cases_lag2,0.0,9
lgbm_v2,2,10,cases_lag3,0.0,9
lgbm_v2,2,10,cases_lag4,0.0,9
lgbm_v2,2,10,cases_lag5,0.0,9
lgbm_v2,2,10,cases_lag6,0.0,9
lgbm_v2,2,10,cases_lag7,0.0,9
lgbm_v2,2,10,cases_lag8,0.0,9
lgbm_v2,2,10,cases_lag9,0.0,9
lgbm_v2,2,10,cases_lag10,0.0,9
lgbm_v2,2,10,cases_lag11,0.0,9
lgbm_v2,2,10,cases_lag12,235.31400299072266,9
lgbm_v2,2,10,cases_mean4,0.0,9
lgbm_v2,2,10,cases_mean8,0.0,9
lgbm_v2,2,10,cases_mean12,160.38319778442383,9
lgbm_v2,2,10,cases_max12,306.908504486084,9
lgbm_v2,2,10,cases_diff1,2253.7095012664795,9
lgbm_v2,2,10,cases_diff4,0.0,9
lgbm_v2,2,10,rain_roll4_lag4,0.0,9
lgbm_v2,2,10,rain_roll4_lag8,115.32120132446289,9
lgbm_v2,2,10,humid_roll4_lag4,172.5482997894287,9
lgbm_v2,2,10,humid_roll4_lag8,354.1473979949951,9
lgbm_v2,2,10,temp_roll4_lag4,360.8761978149414,9
lgbm_v2,2,10,temp_roll4_lag8,33.72359848022461,9
lgbm_v2,2,10,rain_roll12_lag12,57.48699951171875,9
lgbm_v2,2,10,neighbour_cases,429.0835990905762,9
lgbm_v2,2,10,neighbour_diff4,0.0,9
lgbm_v2,2,10,national_cases,4460.471794128418,9
lgbm_v2,2,10,national_diff4,133.01219940185547,9
lgbm_v2,2,10,district,2711.9581031799316,9
lgbm_v2,2,10,target_doy_sin,1528.5660953521729,9
lgbm_v2,2,10,target_doy_cos,2045.3550071716309,9
lgbm_v2_noclimate,2,10,cases_log1p,14397.944330215454,9
lgbm_v2_noclimate,2,10,doy_sin,332.15410232543945,9
lgbm_v2_noclimate,2,10,doy_cos,85.09189987182617,9
lgbm_v2_noclimate,2,10,weather_observed,0.0,9
lgbm_v2_noclimate,2,10,case_observed,0.0,9
lgbm_v2_noclimate,2,10,centroid_lat,1196.7081851959229,9
lgbm_v2_noclimate,2,10,centroid_lon,544.9566993713379,9
lgbm_v2_noclimate,2,10,national_wave_rank,784.8727874755859,9
lgbm_v2_noclimate,2,10,trailing_52_cumulative_cases,868.034595489502,9
lgbm_v2_noclimate,2,10,cases_lag1,0.0,9
lgbm_v2_noclimate,2,10,cases_lag2,0.0,9
lgbm_v2_noclimate,2,10,cases_lag3,0.0,9
lgbm_v2_noclimate,2,10,cases_lag4,0.0,9
lgbm_v2_noclimate,2,10,cases_lag5,0.0,9
lgbm_v2_noclimate,2,10,cases_lag6,0.0,9
lgbm_v2_noclimate,2,10,cases_lag7,40.71179962158203,9
lgbm_v2_noclimate,2,10,cases_lag8,59.44379806518555,9
lgbm_v2_noclimate,2,10,cases_lag9,0.0,9
lgbm_v2_noclimate,2,10,cases_lag10,0.0,9
lgbm_v2_noclimate,2,10,cases_lag11,0.0,9
lgbm_v2_noclimate,2,10,cases_lag12,217.7050018310547,9
lgbm_v2_noclimate,2,10,cases_mean4,64.44760131835938,9
lgbm_v2_noclimate,2,10,cases_mean8,44.70000076293945,9
lgbm_v2_noclimate,2,10,cases_mean12,152.72389602661133,9
lgbm_v2_noclimate,2,10,cases_max12,412.1248016357422,9
lgbm_v2_noclimate,2,10,cases_diff1,2570.85164642334,9
lgbm_v2_noclimate,2,10,cases_diff4,254.25399780273438,9
lgbm_v2_noclimate,2,10,neighbour_cases,457.8749027252197,9
lgbm_v2_noclimate,2,10,neighbour_diff4,0.0,9
lgbm_v2_noclimate,2,10,national_cases,4255.900815963745,9
lgbm_v2_noclimate,2,10,national_diff4,309.7745018005371,9
lgbm_v2_noclimate,2,10,district,3261.574583053589,9
lgbm_v2_noclimate,2,10,target_doy_sin,1980.839506149292,9
lgbm_v2_noclimate,2,10,target_doy_cos,2549.531518936157,9
lgbm_v2_climatology,2,10,cases_log1p,15845.078844070435,9
lgbm_v2_climatology,2,10,rainfall_daily_mean_mm,184.14319801330566,9
lgbm_v2_climatology,2,10,rainy_days_frac,1477.8474082946777,9
lgbm_v2_climatology,2,10,temperature_mean_c,164.6775016784668,9
lgbm_v2_climatology,2,10,diurnal_range_c,0.0,9
lgbm_v2_climatology,2,10,dewpoint_mean_c,0.0,9
lgbm_v2_climatology,2,10,relative_humidity_mean,0.0,9
lgbm_v2_climatology,2,10,wind_speed_mean,0.0,9
lgbm_v2_climatology,2,10,doy_sin,220.5938014984131,9
lgbm_v2_climatology,2,10,doy_cos,148.07660293579102,9
lgbm_v2_climatology,2,10,weather_observed,0.0,9
lgbm_v2_climatology,2,10,case_observed,0.0,9
lgbm_v2_climatology,2,10,centroid_lat,1284.1355075836182,9
lgbm_v2_climatology,2,10,centroid_lon,321.4741973876953,9
lgbm_v2_climatology,2,10,rainfall_daily_mean_mm_roll4,61.13450050354004,9
lgbm_v2_climatology,2,10,rainfall_daily_mean_mm_roll8,27.785900115966797,9
lgbm_v2_climatology,2,10,rainfall_daily_mean_mm_roll12,0.0,9
lgbm_v2_climatology,2,10,temperature_mean_c_roll4,0.0,9
lgbm_v2_climatology,2,10,temperature_mean_c_roll8,24.3700008392334,9
lgbm_v2_climatology,2,10,temperature_mean_c_roll12,110.28229904174805,9
lgbm_v2_climatology,2,10,relative_humidity_mean_roll4,119.8740005493164,9
lgbm_v2_climatology,2,10,relative_humidity_mean_roll8,0.0,9
lgbm_v2_climatology,2,10,relative_humidity_mean_roll12,0.0,9
lgbm_v2_climatology,2,10,national_wave_rank,396.89710235595703,9
lgbm_v2_climatology,2,10,trailing_52_cumulative_cases,610.2436943054199,9
lgbm_v2_climatology,2,10,cases_lag1,24.701499938964844,9
lgbm_v2_climatology,2,10,cases_lag2,0.0,9
lgbm_v2_climatology,2,10,cases_lag3,0.0,9
lgbm_v2_climatology,2,10,cases_lag4,0.0,9
lgbm_v2_climatology,2,10,cases_lag5,0.0,9
lgbm_v2_climatology,2,10,cases_lag6,0.0,9
lgbm_v2_climatology,2,10,cases_lag7,0.0,9
lgbm_v2_climatology,2,10,cases_lag8,0.0,9
lgbm_v2_climatology,2,10,cases_lag9,24.475200653076172,9
lgbm_v2_climatology,2,10,cases_lag10,0.0,9
lgbm_v2_climatology,2,10,cases_lag11,0.0,9
lgbm_v2_climatology,2,10,cases_lag12,150.49419784545898,9
lgbm_v2_climatology,2,10,cases_mean4,31.305400848388672,9
lgbm_v2_climatology,2,10,cases_mean8,32.727699279785156,9
lgbm_v2_climatology,2,10,cases_mean12,242.5616970062256,9
lgbm_v2_climatology,2,10,cases_max12,294.72130584716797,9
lgbm_v2_climatology,2,10,cases_diff1,2009.4220752716064,9
lgbm_v2_climatology,2,10,cases_diff4,38.96780014038086,9
lgbm_v2_climatology,2,10,rain_roll4_lag4,0.0,9
lgbm_v2_climatology,2,10,rain_roll4_lag8,137.14870071411133,9
lgbm_v2_climatology,2,10,humid_roll4_lag4,175.68810081481934,9
lgbm_v2_climatology,2,10,humid_roll4_lag8,107.9680004119873,9
lgbm_v2_climatology,2,10,temp_roll4_lag4,29.675199508666992,9
lgbm_v2_climatology,2,10,temp_roll4_lag8,0.0,9
lgbm_v2_climatology,2,10,rain_roll12_lag12,22.156600952148438,9
lgbm_v2_climatology,2,10,neighbour_cases,322.34850120544434,9
lgbm_v2_climatology,2,10,neighbour_diff4,0.0,9
lgbm_v2_climatology,2,10,national_cases,4691.733818054199,9
lgbm_v2_climatology,2,10,national_diff4,95.86819839477539,9
lgbm_v2_climatology,2,10,district,2682.4986209869385,9
lgbm_v2_climatology,2,10,target_doy_sin,1008.8957939147949,9
lgbm_v2_climatology,2,10,target_doy_cos,2091.947624206543,9
lgbm_v2,2,12,cases_log1p,7721.170375823975,3
lgbm_v2,2,12,rainfall_daily_mean_mm,0.0,3
lgbm_v2,2,12,rainy_days_frac,0.0,3
lgbm_v2,2,12,temperature_mean_c,0.0,3
lgbm_v2,2,12,diurnal_range_c,0.0,3
lgbm_v2,2,12,dewpoint_mean_c,0.0,3
lgbm_v2,2,12,relative_humidity_mean,0.0,3
lgbm_v2,2,12,wind_speed_mean,78.82260131835938,3
lgbm_v2,2,12,doy_sin,272.3810043334961,3
lgbm_v2,2,12,doy_cos,38.145599365234375,3
lgbm_v2,2,12,weather_observed,0.0,3
lgbm_v2,2,12,case_observed,0.0,3
lgbm_v2,2,12,centroid_lat,552.0787925720215,3
lgbm_v2,2,12,centroid_lon,294.7683982849121,3
lgbm_v2,2,12,rainfall_daily_mean_mm_roll4,0.0,3
lgbm_v2,2,12,rainfall_daily_mean_mm_roll8,50.25490188598633,3
lgbm_v2,2,12,rainfall_daily_mean_mm_roll12,0.0,3
lgbm_v2,2,12,temperature_mean_c_roll4,44.47480010986328,3
lgbm_v2,2,12,temperature_mean_c_roll8,84.31529998779297,3
lgbm_v2,2,12,temperature_mean_c_roll12,43.14099884033203,3
lgbm_v2,2,12,relative_humidity_mean_roll4,0.0,3
lgbm_v2,2,12,relative_humidity_mean_roll8,50.810298919677734,3
lgbm_v2,2,12,relative_humidity_mean_roll12,292.8093948364258,3
lgbm_v2,2,12,national_wave_rank,39.95640182495117,3
lgbm_v2,2,12,trailing_52_cumulative_cases,311.04400634765625,3
lgbm_v2,2,12,cases_lag1,0.0,3
lgbm_v2,2,12,cases_lag2,0.0,3
lgbm_v2,2,12,cases_lag3,0.0,3
lgbm_v2,2,12,cases_lag4,0.0,3
lgbm_v2,2,12,cases_lag5,0.0,3
lgbm_v2,2,12,cases_lag6,0.0,3
lgbm_v2,2,12,cases_lag7,0.0,3
lgbm_v2,2,12,cases_lag8,0.0,3
lgbm_v2,2,12,cases_lag9,0.0,3
lgbm_v2,2,12,cases_lag10,0.0,3
lgbm_v2,2,12,cases_lag11,0.0,3
lgbm_v2,2,12,cases_lag12,0.0,3
lgbm_v2,2,12,cases_mean4,0.0,3
lgbm_v2,2,12,cases_mean8,0.0,3
lgbm_v2,2,12,cases_mean12,230.62229919433594,3
lgbm_v2,2,12,cases_max12,277.1921081542969,3
lgbm_v2,2,12,cases_diff1,0.0,3
lgbm_v2,2,12,cases_diff4,439.7613983154297,3
lgbm_v2,2,12,rain_roll4_lag4,0.0,3
lgbm_v2,2,12,rain_roll4_lag8,0.0,3
lgbm_v2,2,12,humid_roll4_lag4,42.02299880981445,3
lgbm_v2,2,12,humid_roll4_lag8,81.9374008178711,3
lgbm_v2,2,12,temp_roll4_lag4,0.0,3
lgbm_v2,2,12,temp_roll4_lag8,35.765201568603516,3
lgbm_v2,2,12,rain_roll12_lag12,0.0,3
lgbm_v2,2,12,neighbour_cases,41.39759826660156,3
lgbm_v2,2,12,neighbour_diff4,0.0,3
lgbm_v2,2,12,national_cases,2053.3844032287598,3
lgbm_v2,2,12,national_diff4,0.0,3
lgbm_v2,2,12,district,1632.2459888458252,3
lgbm_v2,2,12,target_doy_sin,1107.410099029541,3
lgbm_v2,2,12,target_doy_cos,37.55229949951172,3
lgbm_v2_noclimate,2,12,cases_log1p,9828.51188659668,5
lgbm_v2_noclimate,2,12,doy_sin,469.20699310302734,5
lgbm_v2_noclimate,2,12,doy_cos,201.24059677124023,5
lgbm_v2_noclimate,2,12,weather_observed,0.0,5
lgbm_v2_noclimate,2,12,case_observed,0.0,5
lgbm_v2_noclimate,2,12,centroid_lat,773.0802001953125,5
lgbm_v2_noclimate,2,12,centroid_lon,388.81290435791016,5
lgbm_v2_noclimate,2,12,national_wave_rank,511.2471122741699,5
lgbm_v2_noclimate,2,12,trailing_52_cumulative_cases,511.2252998352051,5
lgbm_v2_noclimate,2,12,cases_lag1,0.0,5
lgbm_v2_noclimate,2,12,cases_lag2,0.0,5
lgbm_v2_noclimate,2,12,cases_lag3,0.0,5
lgbm_v2_noclimate,2,12,cases_lag4,41.47639846801758,5
lgbm_v2_noclimate,2,12,cases_lag5,0.0,5
lgbm_v2_noclimate,2,12,cases_lag6,0.0,5
lgbm_v2_noclimate,2,12,cases_lag7,0.0,5
lgbm_v2_noclimate,2,12,cases_lag8,0.0,5
lgbm_v2_noclimate,2,12,cases_lag9,0.0,5
lgbm_v2_noclimate,2,12,cases_lag10,0.0,5
lgbm_v2_noclimate,2,12,cases_lag11,0.0,5
lgbm_v2_noclimate,2,12,cases_lag12,0.0,5
lgbm_v2_noclimate,2,12,cases_mean4,248.37399291992188,5
lgbm_v2_noclimate,2,12,cases_mean8,0.0,5
lgbm_v2_noclimate,2,12,cases_mean12,230.94580459594727,5
lgbm_v2_noclimate,2,12,cases_max12,738.1657981872559,5
lgbm_v2_noclimate,2,12,cases_diff1,868.3225059509277,5
lgbm_v2_noclimate,2,12,cases_diff4,684.9593887329102,5
lgbm_v2_noclimate,2,12,neighbour_cases,186.77569961547852,5
lgbm_v2_noclimate,2,12,neighbour_diff4,0.0,5
lgbm_v2_noclimate,2,12,national_cases,2854.362895965576,5
lgbm_v2_noclimate,2,12,national_diff4,213.40990447998047,5
lgbm_v2_noclimate,2,12,district,2669.5561027526855,5
lgbm_v2_noclimate,2,12,target_doy_sin,1632.4423027038574,5
lgbm_v2_noclimate,2,12,target_doy_cos,1213.2777080535889,5
lgbm_v2_climatology,2,12,cases_log1p,7659.513172149658,3
lgbm_v2_climatology,2,12,rainfall_daily_mean_mm,107.35099792480469,3
lgbm_v2_climatology,2,12,rainy_days_frac,1085.7085990905762,3
lgbm_v2_climatology,2,12,temperature_mean_c,85.44490051269531,3
lgbm_v2_climatology,2,12,diurnal_range_c,0.0,3
lgbm_v2_climatology,2,12,dewpoint_mean_c,40.594398498535156,3
lgbm_v2_climatology,2,12,relative_humidity_mean,0.0,3
lgbm_v2_climatology,2,12,wind_speed_mean,0.0,3
lgbm_v2_climatology,2,12,doy_sin,224.77900314331055,3
lgbm_v2_climatology,2,12,doy_cos,45.373199462890625,3
lgbm_v2_climatology,2,12,weather_observed,0.0,3
lgbm_v2_climatology,2,12,case_observed,0.0,3
lgbm_v2_climatology,2,12,centroid_lat,384.8327941894531,3
lgbm_v2_climatology,2,12,centroid_lon,91.9385986328125,3
lgbm_v2_climatology,2,12,rainfall_daily_mean_mm_roll4,0.0,3
lgbm_v2_climatology,2,12,rainfall_daily_mean_mm_roll8,0.0,3
lgbm_v2_climatology,2,12,rainfall_daily_mean_mm_roll12,0.0,3
lgbm_v2_climatology,2,12,temperature_mean_c_roll4,0.0,3
lgbm_v2_climatology,2,12,temperature_mean_c_roll8,0.0,3
lgbm_v2_climatology,2,12,temperature_mean_c_roll12,33.769901275634766,3
lgbm_v2_climatology,2,12,relative_humidity_mean_roll4,75.23760223388672,3
lgbm_v2_climatology,2,12,relative_humidity_mean_roll8,45.31370162963867,3
lgbm_v2_climatology,2,12,relative_humidity_mean_roll12,0.0,3
lgbm_v2_climatology,2,12,national_wave_rank,85.05709838867188,3
lgbm_v2_climatology,2,12,trailing_52_cumulative_cases,309.09100341796875,3
lgbm_v2_climatology,2,12,cases_lag1,0.0,3
lgbm_v2_climatology,2,12,cases_lag2,0.0,3
lgbm_v2_climatology,2,12,cases_lag3,0.0,3
lgbm_v2_climatology,2,12,cases_lag4,0.0,3
lgbm_v2_climatology,2,12,cases_lag5,0.0,3
lgbm_v2_climatology,2,12,cases_lag6,29.743499755859375,3
lgbm_v2_climatology,2,12,cases_lag7,0.0,3
lgbm_v2_climatology,2,12,cases_lag8,0.0,3
lgbm_v2_climatology,2,12,cases_lag9,0.0,3
lgbm_v2_climatology,2,12,cases_lag10,0.0,3
lgbm_v2_climatology,2,12,cases_lag11,0.0,3
lgbm_v2_climatology,2,12,cases_lag12,0.0,3
lgbm_v2_climatology,2,12,cases_mean4,0.0,3
lgbm_v2_climatology,2,12,cases_mean8,0.0,3
lgbm_v2_climatology,2,12,cases_mean12,106.53229522705078,3
lgbm_v2_climatology,2,12,cases_max12,375.8604965209961,3
lgbm_v2_climatology,2,12,cases_diff1,0.0,3
lgbm_v2_climatology,2,12,cases_diff4,429.0531005859375,3
lgbm_v2_climatology,2,12,rain_roll4_lag4,0.0,3
lgbm_v2_climatology,2,12,rain_roll4_lag8,0.0,3
lgbm_v2_climatology,2,12,humid_roll4_lag4,40.00019836425781,3
lgbm_v2_climatology,2,12,humid_roll4_lag8,0.0,3
lgbm_v2_climatology,2,12,temp_roll4_lag4,0.0,3
lgbm_v2_climatology,2,12,temp_roll4_lag8,0.0,3
lgbm_v2_climatology,2,12,rain_roll12_lag12,0.0,3
lgbm_v2_climatology,2,12,neighbour_cases,50.67890167236328,3
lgbm_v2_climatology,2,12,neighbour_diff4,0.0,3
lgbm_v2_climatology,2,12,national_cases,1995.7897109985352,3
lgbm_v2_climatology,2,12,national_diff4,32.16230010986328,3
lgbm_v2_climatology,2,12,district,1407.1480903625488,3
lgbm_v2_climatology,2,12,target_doy_sin,490.8115043640137,3
lgbm_v2_climatology,2,12,target_doy_cos,363.66900634765625,3
lgbm_v2,3,1,cases_log1p,3927.6522138118744,100
lgbm_v2,3,1,rainfall_daily_mean_mm,130.03897976875305,100
lgbm_v2,3,1,rainy_days_frac,15.48868989944458,100
lgbm_v2,3,1,temperature_mean_c,100.88283061981201,100
lgbm_v2,3,1,diurnal_range_c,49.7433500289917,100
lgbm_v2,3,1,dewpoint_mean_c,74.53725934028625,100
lgbm_v2,3,1,relative_humidity_mean,187.4125108718872,100
lgbm_v2,3,1,wind_speed_mean,86.45081973075867,100
lgbm_v2,3,1,doy_sin,1535.1139092445374,100
lgbm_v2,3,1,doy_cos,395.01036858558655,100
lgbm_v2,3,1,weather_observed,0.0,100
lgbm_v2,3,1,case_observed,0.0,100
lgbm_v2,3,1,centroid_lat,131.83936095237732,100
lgbm_v2,3,1,centroid_lon,85.11244034767151,100
lgbm_v2,3,1,rainfall_daily_mean_mm_roll4,146.19081020355225,100
lgbm_v2,3,1,rainfall_daily_mean_mm_roll8,477.4929654598236,100
lgbm_v2,3,1,rainfall_daily_mean_mm_roll12,178.66617059707642,100
lgbm_v2,3,1,temperature_mean_c_roll4,81.39155006408691,100
lgbm_v2,3,1,temperature_mean_c_roll8,77.03604078292847,100
lgbm_v2,3,1,temperature_mean_c_roll12,142.89784955978394,100
lgbm_v2,3,1,relative_humidity_mean_roll4,139.8628191947937,100
lgbm_v2,3,1,relative_humidity_mean_roll8,149.24016070365906,100
lgbm_v2,3,1,relative_humidity_mean_roll12,58.045390129089355,100
lgbm_v2,3,1,national_wave_rank,1342.1351301670074,100
lgbm_v2,3,1,trailing_52_cumulative_cases,577.365038394928,100
lgbm_v2,3,1,cases_lag1,276.40959000587463,100
lgbm_v2,3,1,cases_lag2,1614.7126529216766,100
lgbm_v2,3,1,cases_lag3,436.15540957450867,100
lgbm_v2,3,1,cases_lag4,196.02940964698792,100
lgbm_v2,3,1,cases_lag5,65.29611992835999,100
lgbm_v2,3,1,cases_lag6,124.81855082511902,100
lgbm_v2,3,1,cases_lag7,74.14807939529419,100
lgbm_v2,3,1,cases_lag8,151.28521037101746,100
lgbm_v2,3,1,cases_lag9,43.13970971107483,100
lgbm_v2,3,1,cases_lag10,46.49782037734985,100
lgbm_v2,3,1,cases_lag11,81.70901942253113,100
lgbm_v2,3,1,cases_lag12,56.09768009185791,100
lgbm_v2,3,1,cases_mean4,324.33712124824524,100
lgbm_v2,3,1,cases_mean8,231.84137201309204,100
lgbm_v2,3,1,cases_mean12,394.01955699920654,100
lgbm_v2,3,1,cases_max12,87.15588998794556,100
lgbm_v2,3,1,cases_diff1,16656.06814265251,100
lgbm_v2,3,1,cases_diff4,5577.359062194824,100
lgbm_v2,3,1,rain_roll4_lag4,537.8046386241913,100
lgbm_v2,3,1,rain_roll4_lag8,56.42789936065674,100
lgbm_v2,3,1,humid_roll4_lag4,110.26671051979065,100
lgbm_v2,3,1,humid_roll4_lag8,189.60394048690796,100
lgbm_v2,3,1,temp_roll4_lag4,71.64104986190796,100
lgbm_v2,3,1,temp_roll4_lag8,140.02801942825317,100
lgbm_v2,3,1,rain_roll12_lag12,244.20155096054077,100
lgbm_v2,3,1,neighbour_cases,796.1981675624847,100
lgbm_v2,3,1,neighbour_diff4,414.2774374485016,100
lgbm_v2,3,1,national_cases,623.4479491710663,100
lgbm_v2,3,1,national_diff4,1293.0588176250458,100
lgbm_v2,3,1,district,2676.190540075302,100
lgbm_v2,3,1,target_doy_sin,683.282520532608,100
lgbm_v2,3,1,target_doy_cos,252.13632917404175,100
lgbm_v2_noclimate,3,1,cases_log1p,3751.2415232658386,79
lgbm_v2_noclimate,3,1,doy_sin,1337.8557937145233,79
lgbm_v2_noclimate,3,1,doy_cos,400.8997092247009,79
lgbm_v2_noclimate,3,1,weather_observed,0.0,79
lgbm_v2_noclimate,3,1,case_observed,0.0,79
lgbm_v2_noclimate,3,1,centroid_lat,224.2042214870453,79
lgbm_v2_noclimate,3,1,centroid_lon,88.1201102733612,79
lgbm_v2_noclimate,3,1,national_wave_rank,1094.043857574463,79
lgbm_v2_noclimate,3,1,trailing_52_cumulative_cases,494.59057116508484,79
lgbm_v2_noclimate,3,1,cases_lag1,364.6985008716583,79
lgbm_v2_noclimate,3,1,cases_lag2,1092.2773368358612,79
lgbm_v2_noclimate,3,1,cases_lag3,486.4102520942688,79
lgbm_v2_noclimate,3,1,cases_lag4,103.13207983970642,79
lgbm_v2_noclimate,3,1,cases_lag5,85.11329102516174,79
lgbm_v2_noclimate,3,1,cases_lag6,65.99031090736389,79
lgbm_v2_noclimate,3,1,cases_lag7,75.48964977264404,79
lgbm_v2_noclimate,3,1,cases_lag8,133.63446021080017,79
lgbm_v2_noclimate,3,1,cases_lag9,20.079920291900635,79
lgbm_v2_noclimate,3,1,cases_lag10,28.169699668884277,79
lgbm_v2_noclimate,3,1,cases_lag11,74.81824088096619,79
lgbm_v2_noclimate,3,1,cases_lag12,38.93530988693237,79
lgbm_v2_noclimate,3,1,cases_mean4,592.9733681678772,79
lgbm_v2_noclimate,3,1,cases_mean8,259.396333694458,79
lgbm_v2_noclimate,3,1,cases_mean12,434.15492963790894,79
lgbm_v2_noclimate,3,1,cases_max12,135.4985511302948,79
lgbm_v2_noclimate,3,1,cases_diff1,17214.254101276398,79
lgbm_v2_noclimate,3,1,cases_diff4,5032.024030923843,79
lgbm_v2_noclimate,3,1,neighbour_cases,849.1648490428925,79
lgbm_v2_noclimate,3,1,neighbour_diff4,492.12018847465515,79
lgbm_v2_noclimate,3,1,national_cases,716.6494998931885,79
lgbm_v2_noclimate,3,1,national_diff4,1199.1957075595856,79
lgbm_v2_noclimate,3,1,district,2220.459144115448,79
lgbm_v2_noclimate,3,1,target_doy_sin,911.8030207157135,79
lgbm_v2_noclimate,3,1,target_doy_cos,446.60855054855347,79
lgbm_v2_climatology,3,1,cases_log1p,3598.1093270778656,79
lgbm_v2_climatology,3,1,rainfall_daily_mean_mm,140.92846941947937,79
lgbm_v2_climatology,3,1,rainy_days_frac,164.12226009368896,79
lgbm_v2_climatology,3,1,temperature_mean_c,67.76474905014038,79
lgbm_v2_climatology,3,1,diurnal_range_c,210.16411972045898,79
lgbm_v2_climatology,3,1,dewpoint_mean_c,52.188119411468506,79
lgbm_v2_climatology,3,1,relative_humidity_mean,37.13108015060425,79
lgbm_v2_climatology,3,1,wind_speed_mean,42.853609561920166,79
lgbm_v2_climatology,3,1,doy_sin,1294.7326283454895,79
lgbm_v2_climatology,3,1,doy_cos,269.55639028549194,79
lgbm_v2_climatology,3,1,weather_observed,0.0,79
lgbm_v2_climatology,3,1,case_observed,0.0,79
lgbm_v2_climatology,3,1,centroid_lat,97.32941102981567,79
lgbm_v2_climatology,3,1,centroid_lon,101.63386917114258,79
lgbm_v2_climatology,3,1,rainfall_daily_mean_mm_roll4,153.1874599456787,79
lgbm_v2_climatology,3,1,rainfall_daily_mean_mm_roll8,215.94055938720703,79
lgbm_v2_climatology,3,1,rainfall_daily_mean_mm_roll12,134.2957103252411,79
lgbm_v2_climatology,3,1,temperature_mean_c_roll4,37.81786012649536,79
lgbm_v2_climatology,3,1,temperature_mean_c_roll8,63.96285009384155,79
lgbm_v2_climatology,3,1,temperature_mean_c_roll12,63.452199935913086,79
lgbm_v2_climatology,3,1,relative_humidity_mean_roll4,133.9100694656372,79
lgbm_v2_climatology,3,1,relative_humidity_mean_roll8,38.708550453186035,79
lgbm_v2_climatology,3,1,relative_humidity_mean_roll12,55.70107078552246,79
lgbm_v2_climatology,3,1,national_wave_rank,1215.1981687545776,79
lgbm_v2_climatology,3,1,trailing_52_cumulative_cases,552.3119661808014,79
lgbm_v2_climatology,3,1,cases_lag1,277.4443213939667,79
lgbm_v2_climatology,3,1,cases_lag2,1370.5441694259644,79
lgbm_v2_climatology,3,1,cases_lag3,363.07230830192566,79
lgbm_v2_climatology,3,1,cases_lag4,164.41937017440796,79
lgbm_v2_climatology,3,1,cases_lag5,77.62040042877197,79
lgbm_v2_climatology,3,1,cases_lag6,121.51987028121948,79
lgbm_v2_climatology,3,1,cases_lag7,46.87723970413208,79
lgbm_v2_climatology,3,1,cases_lag8,125.01020908355713,79
lgbm_v2_climatology,3,1,cases_lag9,46.88447046279907,79
lgbm_v2_climatology,3,1,cases_lag10,14.758960247039795,79
lgbm_v2_climatology,3,1,cases_lag11,45.552290201187134,79
lgbm_v2_climatology,3,1,cases_lag12,31.89844059944153,79
lgbm_v2_climatology,3,1,cases_mean4,360.2712490558624,79
lgbm_v2_climatology,3,1,cases_mean8,252.3501091003418,79
lgbm_v2_climatology,3,1,cases_mean12,341.6593794822693,79
lgbm_v2_climatology,3,1,cases_max12,63.78061056137085,79
lgbm_v2_climatology,3,1,cases_diff1,16621.743668079376,79
lgbm_v2_climatology,3,1,cases_diff4,5567.738128185272,79
lgbm_v2_climatology,3,1,rain_roll4_lag4,384.45816922187805,79
lgbm_v2_climatology,3,1,rain_roll4_lag8,45.207290172576904,79
lgbm_v2_climatology,3,1,humid_roll4_lag4,70.59592008590698,79
lgbm_v2_climatology,3,1,humid_roll4_lag8,76.13464975357056,79
lgbm_v2_climatology,3,1,temp_roll4_lag4,94.25559997558594,79
lgbm_v2_climatology,3,1,temp_roll4_lag8,154.24973058700562,79
lgbm_v2_climatology,3,1,rain_roll12_lag12,49.9450900554657,79
lgbm_v2_climatology,3,1,neighbour_cases,638.4630501270294,79
lgbm_v2_climatology,3,1,neighbour_diff4,420.48785948753357,79
lgbm_v2_climatology,3,1,national_cases,444.0166895389557,79
lgbm_v2_climatology,3,1,national_diff4,999.1552617549896,79
lgbm_v2_climatology,3,1,district,2053.928036212921,79
lgbm_v2_climatology,3,1,target_doy_sin,676.9433691501617,79
lgbm_v2_climatology,3,1,target_doy_cos,241.79676914215088,79
lgbm_v2,3,2,cases_log1p,5599.864258527756,232
lgbm_v2,3,2,rainfall_daily_mean_mm,348.62624871730804,232
lgbm_v2,3,2,rainy_days_frac,94.16517972946167,232
lgbm_v2,3,2,temperature_mean_c,592.5931534767151,232
lgbm_v2,3,2,diurnal_range_c,344.546031832695,232
lgbm_v2,3,2,dewpoint_mean_c,387.54981672763824,232
lgbm_v2,3,2,relative_humidity_mean,440.43941140174866,232
lgbm_v2,3,2,wind_speed_mean,325.19802033901215,232
lgbm_v2,3,2,doy_sin,2370.339812397957,232
lgbm_v2,3,2,doy_cos,1034.3064811229706,232
lgbm_v2,3,2,weather_observed,0.0,232
lgbm_v2,3,2,case_observed,0.0,232
lgbm_v2,3,2,centroid_lat,425.0752520561218,232
lgbm_v2,3,2,centroid_lon,142.60105061531067,232
lgbm_v2,3,2,rainfall_daily_mean_mm_roll4,772.4342188835144,232
lgbm_v2,3,2,rainfall_daily_mean_mm_roll8,1083.795343875885,232
lgbm_v2,3,2,rainfall_daily_mean_mm_roll12,281.61074900627136,232
lgbm_v2,3,2,temperature_mean_c_roll4,323.2639307975769,232
lgbm_v2,3,2,temperature_mean_c_roll8,347.1956603527069,232
lgbm_v2,3,2,temperature_mean_c_roll12,204.44935083389282,232
lgbm_v2,3,2,relative_humidity_mean_roll4,650.7791998386383,232
lgbm_v2,3,2,relative_humidity_mean_roll8,361.21242117881775,232
lgbm_v2,3,2,relative_humidity_mean_roll12,217.2320101261139,232
lgbm_v2,3,2,national_wave_rank,1974.1953006982803,232
lgbm_v2,3,2,trailing_52_cumulative_cases,1020.630232334137,232
lgbm_v2,3,2,cases_lag1,533.3071491718292,232
lgbm_v2,3,2,cases_lag2,1580.5173609256744,232
lgbm_v2,3,2,cases_lag3,811.7246018648148,232
lgbm_v2,3,2,cases_lag4,358.62591099739075,232
lgbm_v2,3,2,cases_lag5,233.96643948554993,232
lgbm_v2,3,2,cases_lag6,205.35602116584778,232
lgbm_v2,3,2,cases_lag7,269.80790972709656,232
lgbm_v2,3,2,cases_lag8,217.7930998802185,232
lgbm_v2,3,2,cases_lag9,243.51442980766296,232
lgbm_v2,3,2,cases_lag10,229.52745008468628,232
lgbm_v2,3,2,cases_lag11,210.23383855819702,232
lgbm_v2,3,2,cases_lag12,189.3128800392151,232
lgbm_v2,3,2,cases_mean4,629.7129426002502,232
lgbm_v2,3,2,cases_mean8,396.3316795825958,232
lgbm_v2,3,2,cases_mean12,700.6647763252258,232
lgbm_v2,3,2,cases_max12,368.46990942955017,232
lgbm_v2,3,2,cases_diff1,18521.424749851227,232
lgbm_v2,3,2,cases_diff4,5273.239804983139,232
lgbm_v2,3,2,rain_roll4_lag4,1089.043300151825,232
lgbm_v2,3,2,rain_roll4_lag8,665.997200012207,232
lgbm_v2,3,2,humid_roll4_lag4,431.2484407424927,232
lgbm_v2,3,2,humid_roll4_lag8,1206.1890612840652,232
lgbm_v2,3,2,temp_roll4_lag4,321.4520802497864,232
lgbm_v2,3,2,temp_roll4_lag8,305.6131088733673,232
lgbm_v2,3,2,rain_roll12_lag12,627.258561372757,232
lgbm_v2,3,2,neighbour_cases,958.4813106060028,232
lgbm_v2,3,2,neighbour_diff4,667.3219773769379,232
lgbm_v2,3,2,national_cases,1884.183690905571,232
lgbm_v2,3,2,national_diff4,2639.1130561828613,232
lgbm_v2,3,2,district,4969.5691130161285,232
lgbm_v2,3,2,target_doy_sin,2104.420419692993,232
lgbm_v2,3,2,target_doy_cos,1910.7216084003448,232
lgbm_v2_noclimate,3,2,cases_log1p,4717.616406917572,78
lgbm_v2_noclimate,3,2,doy_sin,1575.0038986206055,78
lgbm_v2_noclimate,3,2,doy_cos,474.87147998809814,78
lgbm_v2_noclimate,3,2,weather_observed,0.0,78
lgbm_v2_noclimate,3,2,case_observed,0.0,78
lgbm_v2_noclimate,3,2,centroid_lat,254.74849796295166,78
lgbm_v2_noclimate,3,2,centroid_lon,50.77723979949951,78
lgbm_v2_noclimate,3,2,national_wave_rank,1125.4895658493042,78
lgbm_v2_noclimate,3,2,trailing_52_cumulative_cases,796.4284353256226,78
lgbm_v2_noclimate,3,2,cases_lag1,367.5208520889282,78
lgbm_v2_noclimate,3,2,cases_lag2,934.2521505355835,78
lgbm_v2_noclimate,3,2,cases_lag3,374.00732946395874,78
lgbm_v2_noclimate,3,2,cases_lag4,71.16405010223389,78
lgbm_v2_noclimate,3,2,cases_lag5,166.41578817367554,78
lgbm_v2_noclimate,3,2,cases_lag6,113.51927947998047,78
lgbm_v2_noclimate,3,2,cases_lag7,76.9670090675354,78
lgbm_v2_noclimate,3,2,cases_lag8,76.24255084991455,78
lgbm_v2_noclimate,3,2,cases_lag9,40.87473964691162,78
lgbm_v2_noclimate,3,2,cases_lag10,66.05044078826904,78
lgbm_v2_noclimate,3,2,cases_lag11,11.481430053710938,78
lgbm_v2_noclimate,3,2,cases_lag12,81.94892835617065,78
lgbm_v2_noclimate,3,2,cases_mean4,518.0755414962769,78
lgbm_v2_noclimate,3,2,cases_mean8,225.46038150787354,78
lgbm_v2_noclimate,3,2,cases_mean12,558.9900255203247,78
lgbm_v2_noclimate,3,2,cases_max12,202.2961082458496,78
lgbm_v2_noclimate,3,2,cases_diff1,18906.96170949936,78
lgbm_v2_noclimate,3,2,cases_diff4,4054.4940152168274,78
lgbm_v2_noclimate,3,2,neighbour_cases,884.9864449501038,78
lgbm_v2_noclimate,3,2,neighbour_diff4,478.5393605232239,78
lgbm_v2_noclimate,3,2,national_cases,1294.7861762046814,78
lgbm_v2_noclimate,3,2,national_diff4,1469.0186867713928,78
lgbm_v2_noclimate,3,2,district,3063.6823949813843,78
lgbm_v2_noclimate,3,2,target_doy_sin,1652.6350812911987,78
lgbm_v2_noclimate,3,2,target_doy_cos,1496.9046730995178,78
lgbm_v2_climatology,3,2,cases_log1p,4774.7351269721985,79
lgbm_v2_climatology,3,2,rainfall_daily_mean_mm,352.47284746170044,79
lgbm_v2_climatology,3,2,rainy_days_frac,350.02326107025146,79
lgbm_v2_climatology,3,2,temperature_mean_c,82.23518943786621,79
lgbm_v2_climatology,3,2,diurnal_range_c,242.28948998451233,79
lgbm_v2_climatology,3,2,dewpoint_mean_c,173.33962965011597,79
lgbm_v2_climatology,3,2,relative_humidity_mean,122.972900390625,79
lgbm_v2_climatology,3,2,wind_speed_mean,71.72872924804688,79
lgbm_v2_climatology,3,2,doy_sin,1241.4205660820007,79
lgbm_v2_climatology,3,2,doy_cos,297.7796401977539,79
lgbm_v2_climatology,3,2,weather_observed,0.0,79
lgbm_v2_climatology,3,2,case_observed,0.0,79
lgbm_v2_climatology,3,2,centroid_lat,241.90862894058228,79
lgbm_v2_climatology,3,2,centroid_lon,56.36888933181763,79
lgbm_v2_climatology,3,2,rainfall_daily_mean_mm_roll4,484.8114652633667,79
lgbm_v2_climatology,3,2,rainfall_daily_mean_mm_roll8,428.25096106529236,79
lgbm_v2_climatology,3,2,rainfall_daily_mean_mm_roll12,95.22181034088135,79
lgbm_v2_climatology,3,2,temperature_mean_c_roll4,100.94856977462769,79
lgbm_v2_climatology,3,2,temperature_mean_c_roll8,64.03225898742676,79
lgbm_v2_climatology,3,2,temperature_mean_c_roll12,121.38962984085083,79
lgbm_v2_climatology,3,2,relative_humidity_mean_roll4,178.49034976959229,79
lgbm_v2_climatology,3,2,relative_humidity_mean_roll8,112.81223058700562,79
lgbm_v2_climatology,3,2,relative_humidity_mean_roll12,107.60253953933716,79
lgbm_v2_climatology,3,2,national_wave_rank,1384.6011352539062,79
lgbm_v2_climatology,3,2,trailing_52_cumulative_cases,676.2260217666626,79
lgbm_v2_climatology,3,2,cases_lag1,347.2365822792053,79
lgbm_v2_climatology,3,2,cases_lag2,949.651505947113,79
lgbm_v2_climatology,3,2,cases_lag3,376.8336091041565,79
lgbm_v2_climatology,3,2,cases_lag4,148.43352127075195,79
lgbm_v2_climatology,3,2,cases_lag5,114.85689973831177,79
lgbm_v2_climatology,3,2,cases_lag6,53.713640213012695,79
lgbm_v2_climatology,3,2,cases_lag7,80.35515022277832,79
lgbm_v2_climatology,3,2,cases_lag8,23.480130195617676,79
lgbm_v2_climatology,3,2,cases_lag9,51.200560092926025,79
lgbm_v2_climatology,3,2,cases_lag10,62.20055055618286,79
lgbm_v2_climatology,3,2,cases_lag11,48.197580337524414,79
lgbm_v2_climatology,3,2,cases_lag12,32.15831995010376,79
lgbm_v2_climatology,3,2,cases_mean4,385.97435998916626,79
lgbm_v2_climatology,3,2,cases_mean8,302.86958408355713,79
lgbm_v2_climatology,3,2,cases_mean12,489.30488300323486,79
lgbm_v2_climatology,3,2,cases_max12,156.66239976882935,79
lgbm_v2_climatology,3,2,cases_diff1,18112.749316215515,79
lgbm_v2_climatology,3,2,cases_diff4,4591.3056898117065,79
lgbm_v2_climatology,3,2,rain_roll4_lag4,220.06908893585205,79
lgbm_v2_climatology,3,2,rain_roll4_lag8,19.99775981903076,79
lgbm_v2_climatology,3,2,humid_roll4_lag4,83.37895107269287,79
lgbm_v2_climatology,3,2,humid_roll4_lag8,165.0897183418274,79
lgbm_v2_climatology,3,2,temp_roll4_lag4,153.20108127593994,79
lgbm_v2_climatology,3,2,temp_roll4_lag8,155.03290033340454,79
lgbm_v2_climatology,3,2,rain_roll12_lag12,64.63242959976196,79
lgbm_v2_climatology,3,2,neighbour_cases,499.6742014884949,79
lgbm_v2_climatology,3,2,neighbour_diff4,290.6158094406128,79
lgbm_v2_climatology,3,2,national_cases,884.1567587852478,79
lgbm_v2_climatology,3,2,national_diff4,1537.151849269867,79
lgbm_v2_climatology,3,2,district,2593.0401482582092,79
lgbm_v2_climatology,3,2,target_doy_sin,1376.8921875953674,79
lgbm_v2_climatology,3,2,target_doy_cos,1009.4513893127441,79
lgbm_v2,3,3,cases_log1p,6745.610678195953,80
lgbm_v2,3,3,rainfall_daily_mean_mm,153.53076028823853,80
lgbm_v2,3,3,rainy_days_frac,36.08113956451416,80
lgbm_v2,3,3,temperature_mean_c,208.01087856292725,80
lgbm_v2,3,3,diurnal_range_c,93.43816041946411,80
lgbm_v2,3,3,dewpoint_mean_c,66.84155082702637,80
lgbm_v2,3,3,relative_humidity_mean,190.67617797851562,80
lgbm_v2,3,3,wind_speed_mean,146.76732969284058,80
lgbm_v2,3,3,doy_sin,1079.8622279167175,80
lgbm_v2,3,3,doy_cos,346.06956815719604,80
lgbm_v2,3,3,weather_observed,0.0,80
lgbm_v2,3,3,case_observed,0.0,80
lgbm_v2,3,3,centroid_lat,246.28296899795532,80
lgbm_v2,3,3,centroid_lon,144.52596998214722,80
lgbm_v2,3,3,rainfall_daily_mean_mm_roll4,618.9278106689453,80
lgbm_v2,3,3,rainfall_daily_mean_mm_roll8,1299.7538051605225,80
lgbm_v2,3,3,rainfall_daily_mean_mm_roll12,93.85524034500122,80
lgbm_v2,3,3,temperature_mean_c_roll4,220.13951110839844,80
lgbm_v2,3,3,temperature_mean_c_roll8,178.652850151062,80
lgbm_v2,3,3,temperature_mean_c_roll12,103.29755067825317,80
lgbm_v2,3,3,relative_humidity_mean_roll4,679.0531315803528,80
lgbm_v2,3,3,relative_humidity_mean_roll8,188.04194021224976,80
lgbm_v2,3,3,relative_humidity_mean_roll12,66.24567127227783,80
lgbm_v2,3,3,national_wave_rank,1881.0802960395813,80
lgbm_v2,3,3,trailing_52_cumulative_cases,828.1946401596069,80
lgbm_v2,3,3,cases_lag1,209.17915058135986,80
lgbm_v2,3,3,cases_lag2,593.8696460723877,80
lgbm_v2,3,3,cases_lag3,106.98448085784912,80
lgbm_v2,3,3,cases_lag4,99.92139863967896,80
lgbm_v2,3,3,cases_lag5,71.10074043273926,80
lgbm_v2,3,3,cases_lag6,80.80296993255615,80
lgbm_v2,3,3,cases_lag7,51.233920097351074,80
lgbm_v2,3,3,cases_lag8,42.76289939880371,80
lgbm_v2,3,3,cases_lag9,20.013229370117188,80
lgbm_v2,3,3,cases_lag10,5.53810977935791,80
lgbm_v2,3,3,cases_lag11,43.88985013961792,80
lgbm_v2,3,3,cases_lag12,30.891589641571045,80
lgbm_v2,3,3,cases_mean4,245.88280820846558,80
lgbm_v2,3,3,cases_mean8,514.5149836540222,80
lgbm_v2,3,3,cases_mean12,731.9905977249146,80
lgbm_v2,3,3,cases_max12,521.3195519447327,80
lgbm_v2,3,3,cases_diff1,17916.538804531097,80
lgbm_v2,3,3,cases_diff4,2967.889207839966,80
lgbm_v2,3,3,rain_roll4_lag4,441.92547273635864,80
lgbm_v2,3,3,rain_roll4_lag8,461.2607002258301,80
lgbm_v2,3,3,humid_roll4_lag4,196.26773166656494,80
lgbm_v2,3,3,humid_roll4_lag8,1139.9967532157898,80
lgbm_v2,3,3,temp_roll4_lag4,74.64237070083618,80
lgbm_v2,3,3,temp_roll4_lag8,247.03988790512085,80
lgbm_v2,3,3,rain_roll12_lag12,383.554648399353,80
lgbm_v2,3,3,neighbour_cases,686.9580407142639,80
lgbm_v2,3,3,neighbour_diff4,477.0256681442261,80
lgbm_v2,3,3,national_cases,1745.430293083191,80
lgbm_v2,3,3,national_diff4,2305.7251029014587,80
lgbm_v2,3,3,district,3957.159689426422,80
lgbm_v2,3,3,target_doy_sin,1823.46005153656,80
lgbm_v2,3,3,target_doy_cos,1348.966872215271,80
lgbm_v2_noclimate,3,3,cases_log1p,6672.494663238525,66
lgbm_v2_noclimate,3,3,doy_sin,1194.2375588417053,66
lgbm_v2_noclimate,3,3,doy_cos,700.2308464050293,66
lgbm_v2_noclimate,3,3,weather_observed,0.0,66
lgbm_v2_noclimate,3,3,case_observed,0.0,66
lgbm_v2_noclimate,3,3,centroid_lat,387.2018213272095,66
lgbm_v2_noclimate,3,3,centroid_lon,44.51861047744751,66
lgbm_v2_noclimate,3,3,national_wave_rank,1662.4057593345642,66
lgbm_v2_noclimate,3,3,trailing_52_cumulative_cases,949.4099545478821,66
lgbm_v2_noclimate,3,3,cases_lag1,235.22758865356445,66
lgbm_v2_noclimate,3,3,cases_lag2,474.6982078552246,66
lgbm_v2_noclimate,3,3,cases_lag3,172.04117107391357,66
lgbm_v2_noclimate,3,3,cases_lag4,108.61709022521973,66
lgbm_v2_noclimate,3,3,cases_lag5,14.859890460968018,66
lgbm_v2_noclimate,3,3,cases_lag6,46.86345958709717,66
lgbm_v2_noclimate,3,3,cases_lag7,12.481679916381836,66
lgbm_v2_noclimate,3,3,cases_lag8,20.316999435424805,66
lgbm_v2_noclimate,3,3,cases_lag9,7.014780044555664,66
lgbm_v2_noclimate,3,3,cases_lag10,15.633490085601807,66
lgbm_v2_noclimate,3,3,cases_lag11,33.74518013000488,66
lgbm_v2_noclimate,3,3,cases_lag12,23.677210330963135,66
lgbm_v2_noclimate,3,3,cases_mean4,321.27487087249756,66
lgbm_v2_noclimate,3,3,cases_mean8,535.7282872200012,66
lgbm_v2_noclimate,3,3,cases_mean12,588.7904620170593,66
lgbm_v2_noclimate,3,3,cases_max12,495.1613311767578,66
lgbm_v2_noclimate,3,3,cases_diff1,18369.152530670166,66
lgbm_v2_noclimate,3,3,cases_diff4,2571.1107816696167,66
lgbm_v2_noclimate,3,3,neighbour_cases,870.3100624084473,66
lgbm_v2_noclimate,3,3,neighbour_diff4,491.0455403327942,66
lgbm_v2_noclimate,3,3,national_cases,2591.2995982170105,66
lgbm_v2_noclimate,3,3,national_diff4,2681.381513118744,66
lgbm_v2_noclimate,3,3,district,3430.847990989685,66
lgbm_v2_noclimate,3,3,target_doy_sin,1967.6947741508484,66
lgbm_v2_noclimate,3,3,target_doy_cos,1854.3246216773987,66
lgbm_v2_climatology,3,3,cases_log1p,7042.355480194092,81
lgbm_v2_climatology,3,3,rainfall_daily_mean_mm,107.45356845855713,81
lgbm_v2_climatology,3,3,rainy_days_frac,597.4645519256592,81
lgbm_v2_climatology,3,3,temperature_mean_c,118.3168396949768,81
lgbm_v2_climatology,3,3,diurnal_range_c,98.54607963562012,81
lgbm_v2_climatology,3,3,dewpoint_mean_c,63.71326971054077,81
lgbm_v2_climatology,3,3,relative_humidity_mean,360.90685653686523,81
lgbm_v2_climatology,3,3,wind_speed_mean,70.3349609375,81
lgbm_v2_climatology,3,3,doy_sin,1559.4506530761719,81
lgbm_v2_climatology,3,3,doy_cos,567.527850151062,81
lgbm_v2_climatology,3,3,weather_observed,0.0,81
lgbm_v2_climatology,3,3,case_observed,0.0,81
lgbm_v2_climatology,3,3,centroid_lat,118.09449005126953,81
lgbm_v2_climatology,3,3,centroid_lon,105.76222133636475,81
lgbm_v2_climatology,3,3,rainfall_daily_mean_mm_roll4,804.2090382575989,81
lgbm_v2_climatology,3,3,rainfall_daily_mean_mm_roll8,661.8319048881531,81
lgbm_v2_climatology,3,3,rainfall_daily_mean_mm_roll12,208.63060998916626,81
lgbm_v2_climatology,3,3,temperature_mean_c_roll4,172.51557970046997,81
lgbm_v2_climatology,3,3,temperature_mean_c_roll8,159.18920040130615,81
lgbm_v2_climatology,3,3,temperature_mean_c_roll12,242.51887941360474,81
lgbm_v2_climatology,3,3,relative_humidity_mean_roll4,256.39141035079956,81
lgbm_v2_climatology,3,3,relative_humidity_mean_roll8,248.6055097579956,81
lgbm_v2_climatology,3,3,relative_humidity_mean_roll12,222.60545015335083,81
lgbm_v2_climatology,3,3,national_wave_rank,2068.573076248169,81
lgbm_v2_climatology,3,3,trailing_52_cumulative_cases,797.6008944511414,81
lgbm_v2_climatology,3,3,cases_lag1,141.96163129806519,81
lgbm_v2_climatology,3,3,cases_lag2,597.1224799156189,81
lgbm_v2_climatology,3,3,cases_lag3,174.3644495010376,81
lgbm_v2_climatology,3,3,cases_lag4,107.37938928604126,81
lgbm_v2_climatology,3,3,cases_lag5,67.8103404045105,81
lgbm_v2_climatology,3,3,cases_lag6,66.0910701751709,81
lgbm_v2_climatology,3,3,cases_lag7,32.22345972061157,81
lgbm_v2_climatology,3,3,cases_lag8,62.17058038711548,81
lgbm_v2_climatology,3,3,cases_lag9,29.21658945083618,81
lgbm_v2_climatology,3,3,cases_lag10,0.0,81
lgbm_v2_climatology,3,3,cases_lag11,62.05581998825073,81
lgbm_v2_climatology,3,3,cases_lag12,57.4830904006958,81
lgbm_v2_climatology,3,3,cases_mean4,289.85328817367554,81
lgbm_v2_climatology,3,3,cases_mean8,514.884391784668,81
lgbm_v2_climatology,3,3,cases_mean12,725.1075115203857,81
lgbm_v2_climatology,3,3,cases_max12,414.1704969406128,81
lgbm_v2_climatology,3,3,cases_diff1,17867.47540950775,81
lgbm_v2_climatology,3,3,cases_diff4,2916.9220671653748,81
lgbm_v2_climatology,3,3,rain_roll4_lag4,168.81920099258423,81
lgbm_v2_climatology,3,3,rain_roll4_lag8,78.23559856414795,81
lgbm_v2_climatology,3,3,humid_roll4_lag4,126.59861993789673,81
lgbm_v2_climatology,3,3,humid_roll4_lag8,147.75861930847168,81
lgbm_v2_climatology,3,3,temp_roll4_lag4,112.54723024368286,81
lgbm_v2_climatology,3,3,temp_roll4_lag8,271.77153062820435,81
lgbm_v2_climatology,3,3,rain_roll12_lag12,71.44690036773682,81
lgbm_v2_climatology,3,3,neighbour_cases,673.0179629325867,81
lgbm_v2_climatology,3,3,neighbour_diff4,458.50875186920166,81
lgbm_v2_climatology,3,3,national_cases,2375.6214451789856,81
lgbm_v2_climatology,3,3,national_diff4,2810.5523414611816,81
lgbm_v2_climatology,3,3,district,3729.025390625,81
lgbm_v2_climatology,3,3,target_doy_sin,1551.7395315170288,81
lgbm_v2_climatology,3,3,target_doy_cos,1488.6415047645569,81
lgbm_v2,3,4,cases_log1p,10978.429208993912,223
lgbm_v2,3,4,rainfall_daily_mean_mm,465.5611205101013,223
lgbm_v2,3,4,rainy_days_frac,45.9292197227478,223
lgbm_v2,3,4,temperature_mean_c,541.0918116569519,223
lgbm_v2,3,4,diurnal_range_c,262.0423991680145,223
lgbm_v2,3,4,dewpoint_mean_c,363.5901708602905,223
lgbm_v2,3,4,relative_humidity_mean,495.64386916160583,223
lgbm_v2,3,4,wind_speed_mean,444.05558919906616,223
lgbm_v2,3,4,doy_sin,2608.94770693779,223
lgbm_v2,3,4,doy_cos,1781.7149002552032,223
lgbm_v2,3,4,weather_observed,0.0,223
lgbm_v2,3,4,case_observed,0.0,223
lgbm_v2,3,4,centroid_lat,699.1673111915588,223
lgbm_v2,3,4,centroid_lon,209.12535905838013,223
lgbm_v2,3,4,rainfall_daily_mean_mm_roll4,1778.9699189662933,223
lgbm_v2,3,4,rainfall_daily_mean_mm_roll8,2292.77596282959,223
lgbm_v2,3,4,rainfall_daily_mean_mm_roll12,350.63161039352417,223
lgbm_v2,3,4,temperature_mean_c_roll4,599.702650308609,223
lgbm_v2,3,4,temperature_mean_c_roll8,503.75880885124207,223
lgbm_v2,3,4,temperature_mean_c_roll12,368.1597492694855,223
lgbm_v2,3,4,relative_humidity_mean_roll4,1350.6236593723297,223
lgbm_v2,3,4,relative_humidity_mean_roll8,381.5989501476288,223
lgbm_v2,3,4,relative_humidity_mean_roll12,237.79929208755493,223
lgbm_v2,3,4,national_wave_rank,3270.501060962677,223
lgbm_v2,3,4,trailing_52_cumulative_cases,1750.941622018814,223
lgbm_v2,3,4,cases_lag1,437.1276111602783,223
lgbm_v2,3,4,cases_lag2,1007.710123538971,223
lgbm_v2,3,4,cases_lag3,666.7568707466125,223
lgbm_v2,3,4,cases_lag4,265.38698959350586,223
lgbm_v2,3,4,cases_lag5,263.9333517551422,223
lgbm_v2,3,4,cases_lag6,153.8915798664093,223
lgbm_v2,3,4,cases_lag7,108.60550999641418,223
lgbm_v2,3,4,cases_lag8,239.13427186012268,223
lgbm_v2,3,4,cases_lag9,140.7431297302246,223
lgbm_v2,3,4,cases_lag10,207.1930215358734,223
lgbm_v2,3,4,cases_lag11,302.0517084598541,223
lgbm_v2,3,4,cases_lag12,299.83529901504517,223
lgbm_v2,3,4,cases_mean4,542.9193983078003,223
lgbm_v2,3,4,cases_mean8,577.3652007579803,223
lgbm_v2,3,4,cases_mean12,806.3723659515381,223
lgbm_v2,3,4,cases_max12,1272.281801700592,223
lgbm_v2,3,4,cases_diff1,16938.35390520096,223
lgbm_v2,3,4,cases_diff4,2873.7401003837585,223
lgbm_v2,3,4,rain_roll4_lag4,703.4106278419495,223
lgbm_v2,3,4,rain_roll4_lag8,1418.944186449051,223
lgbm_v2,3,4,humid_roll4_lag4,435.2132394313812,223
lgbm_v2,3,4,humid_roll4_lag8,2979.135445833206,223
lgbm_v2,3,4,temp_roll4_lag4,504.9961221218109,223
lgbm_v2,3,4,temp_roll4_lag8,543.7274723052979,223
lgbm_v2,3,4,rain_roll12_lag12,739.8787975311279,223
lgbm_v2,3,4,neighbour_cases,1527.2410361766815,223
lgbm_v2,3,4,neighbour_diff4,624.8860223293304,223
lgbm_v2,3,4,national_cases,4163.970310688019,223
lgbm_v2,3,4,national_diff4,4145.175820350647,223
lgbm_v2,3,4,district,7656.270570516586,223
lgbm_v2,3,4,target_doy_sin,3487.820137023926,223
lgbm_v2,3,4,target_doy_cos,2943.0588088035583,223
lgbm_v2_noclimate,3,4,cases_log1p,10326.504596233368,106
lgbm_v2_noclimate,3,4,doy_sin,2507.3861169815063,106
lgbm_v2_noclimate,3,4,doy_cos,2131.6419610977173,106
lgbm_v2_noclimate,3,4,weather_observed,0.0,106
lgbm_v2_noclimate,3,4,case_observed,0.0,106
lgbm_v2_noclimate,3,4,centroid_lat,879.5370583534241,106
lgbm_v2_noclimate,3,4,centroid_lon,259.63962984085083,106
lgbm_v2_noclimate,3,4,national_wave_rank,2387.530644416809,106
lgbm_v2_noclimate,3,4,trailing_52_cumulative_cases,1601.010178565979,106
lgbm_v2_noclimate,3,4,cases_lag1,534.0021176338196,106
lgbm_v2_noclimate,3,4,cases_lag2,617.5656690597534,106
lgbm_v2_noclimate,3,4,cases_lag3,574.1168274879456,106
lgbm_v2_noclimate,3,4,cases_lag4,181.2893304824829,106
lgbm_v2_noclimate,3,4,cases_lag5,176.10426950454712,106
lgbm_v2_noclimate,3,4,cases_lag6,144.9626898765564,106
lgbm_v2_noclimate,3,4,cases_lag7,84.66390180587769,106
lgbm_v2_noclimate,3,4,cases_lag8,55.961050033569336,106
lgbm_v2_noclimate,3,4,cases_lag9,47.7810001373291,106
lgbm_v2_noclimate,3,4,cases_lag10,73.67134046554565,106
lgbm_v2_noclimate,3,4,cases_lag11,198.5002899169922,106
lgbm_v2_noclimate,3,4,cases_lag12,196.87967777252197,106
lgbm_v2_noclimate,3,4,cases_mean4,659.2343468666077,106
lgbm_v2_noclimate,3,4,cases_mean8,469.22636795043945,106
lgbm_v2_noclimate,3,4,cases_mean12,957.4360003471375,106
lgbm_v2_noclimate,3,4,cases_max12,939.4553689956665,106
lgbm_v2_noclimate,3,4,cases_diff1,17046.85004901886,106
lgbm_v2_noclimate,3,4,cases_diff4,1803.7966990470886,106
lgbm_v2_noclimate,3,4,neighbour_cases,1395.577877521515,106
lgbm_v2_noclimate,3,4,neighbour_diff4,561.4741764068604,106
lgbm_v2_noclimate,3,4,national_cases,4447.771032333374,106
lgbm_v2_noclimate,3,4,national_diff4,3707.56614112854,106
lgbm_v2_noclimate,3,4,district,6090.731958389282,106
lgbm_v2_noclimate,3,4,target_doy_sin,3960.3640174865723,106
lgbm_v2_noclimate,3,4,target_doy_cos,3841.5752744674683,106
lgbm_v2_climatology,3,4,cases_log1p,10067.70564365387,86
lgbm_v2_climatology,3,4,rainfall_daily_mean_mm,712.3711776733398,86
lgbm_v2_climatology,3,4,rainy_days_frac,1223.841661453247,86
lgbm_v2_climatology,3,4,temperature_mean_c,247.07189798355103,86
lgbm_v2_climatology,3,4,diurnal_range_c,235.77625131607056,86
lgbm_v2_climatology,3,4,dewpoint_mean_c,62.06888008117676,86
lgbm_v2_climatology,3,4,relative_humidity_mean,356.7578430175781,86
lgbm_v2_climatology,3,4,wind_speed_mean,115.02529001235962,86
lgbm_v2_climatology,3,4,doy_sin,1244.0010313987732,86
lgbm_v2_climatology,3,4,doy_cos,1289.7037715911865,86
lgbm_v2_climatology,3,4,weather_observed,0.0,86
lgbm_v2_climatology,3,4,case_observed,0.0,86
lgbm_v2_climatology,3,4,centroid_lat,456.98643255233765,86
lgbm_v2_climatology,3,4,centroid_lon,119.44049882888794,86
lgbm_v2_climatology,3,4,rainfall_daily_mean_mm_roll4,1191.3786387443542,86
lgbm_v2_climatology,3,4,rainfall_daily_mean_mm_roll8,553.6355819702148,86
lgbm_v2_climatology,3,4,rainfall_daily_mean_mm_roll12,245.07813215255737,86
lgbm_v2_climatology,3,4,temperature_mean_c_roll4,241.66511249542236,86
lgbm_v2_climatology,3,4,temperature_mean_c_roll8,132.4765911102295,86
lgbm_v2_climatology,3,4,temperature_mean_c_roll12,189.76888942718506,86
lgbm_v2_climatology,3,4,relative_humidity_mean_roll4,244.98084783554077,86
lgbm_v2_climatology,3,4,relative_humidity_mean_roll8,85.33405113220215,86
lgbm_v2_climatology,3,4,relative_humidity_mean_roll12,146.9806308746338,86
lgbm_v2_climatology,3,4,national_wave_rank,2653.0443654060364,86
lgbm_v2_climatology,3,4,trailing_52_cumulative_cases,1095.0044646263123,86
lgbm_v2_climatology,3,4,cases_lag1,185.62785863876343,86
lgbm_v2_climatology,3,4,cases_lag2,697.8559794425964,86
lgbm_v2_climatology,3,4,cases_lag3,244.84340953826904,86
lgbm_v2_climatology,3,4,cases_lag4,161.87787008285522,86
lgbm_v2_climatology,3,4,cases_lag5,173.22512102127075,86
lgbm_v2_climatology,3,4,cases_lag6,11.022500038146973,86
lgbm_v2_climatology,3,4,cases_lag7,51.37357044219971,86
lgbm_v2_climatology,3,4,cases_lag8,61.19622993469238,86
lgbm_v2_climatology,3,4,cases_lag9,8.73628044128418,86
lgbm_v2_climatology,3,4,cases_lag10,68.6173996925354,86
lgbm_v2_climatology,3,4,cases_lag11,144.25918006896973,86
lgbm_v2_climatology,3,4,cases_lag12,141.35621166229248,86
lgbm_v2_climatology,3,4,cases_mean4,489.4219093322754,86
lgbm_v2_climatology,3,4,cases_mean8,322.9094009399414,86
lgbm_v2_climatology,3,4,cases_mean12,488.68851709365845,86
lgbm_v2_climatology,3,4,cases_max12,909.4303874969482,86
lgbm_v2_climatology,3,4,cases_diff1,16412.623856067657,86
lgbm_v2_climatology,3,4,cases_diff4,2411.0567717552185,86
lgbm_v2_climatology,3,4,rain_roll4_lag4,171.98940896987915,86
lgbm_v2_climatology,3,4,rain_roll4_lag8,258.1177315711975,86
lgbm_v2_climatology,3,4,humid_roll4_lag4,117.94308137893677,86
lgbm_v2_climatology,3,4,humid_roll4_lag8,300.1848096847534,86
lgbm_v2_climatology,3,4,temp_roll4_lag4,267.35072898864746,86
lgbm_v2_climatology,3,4,temp_roll4_lag8,78.14800071716309,86
lgbm_v2_climatology,3,4,rain_roll12_lag12,160.34523105621338,86
lgbm_v2_climatology,3,4,neighbour_cases,962.1962089538574,86
lgbm_v2_climatology,3,4,neighbour_diff4,377.11188316345215,86
lgbm_v2_climatology,3,4,national_cases,3087.7532601356506,86
lgbm_v2_climatology,3,4,national_diff4,2935.715955734253,86
lgbm_v2_climatology,3,4,district,4903.364154815674,86
lgbm_v2_climatology,3,4,target_doy_sin,2845.149676322937,86
lgbm_v2_climatology,3,4,target_doy_cos,2206.185619831085,86
lgbm_v2,3,6,cases_log1p,19252.53639602661,83
lgbm_v2,3,6,rainfall_daily_mean_mm,35.792460441589355,83
lgbm_v2,3,6,rainy_days_frac,137.79050254821777,83
lgbm_v2,3,6,temperature_mean_c,407.61400032043457,83
lgbm_v2,3,6,diurnal_range_c,233.73620319366455,83
lgbm_v2,3,6,dewpoint_mean_c,491.0773024559021,83
lgbm_v2,3,6,relative_humidity_mean,324.0253667831421,83
lgbm_v2,3,6,wind_speed_mean,137.75939750671387,83
lgbm_v2,3,6,doy_sin,1795.9485931396484,83
lgbm_v2,3,6,doy_cos,1386.3936100006104,83
lgbm_v2,3,6,weather_observed,0.0,83
lgbm_v2,3,6,case_observed,0.0,83
lgbm_v2,3,6,centroid_lat,727.0651617050171,83
lgbm_v2,3,6,centroid_lon,67.82366943359375,83
lgbm_v2,3,6,rainfall_daily_mean_mm_roll4,4355.073574066162,83
lgbm_v2,3,6,rainfall_daily_mean_mm_roll8,620.1514387130737,83
lgbm_v2,3,6,rainfall_daily_mean_mm_roll12,124.64914989471436,83
lgbm_v2,3,6,temperature_mean_c_roll4,369.18595123291016,83
lgbm_v2,3,6,temperature_mean_c_roll8,255.2463903427124,83
lgbm_v2,3,6,temperature_mean_c_roll12,143.47469902038574,83
lgbm_v2,3,6,relative_humidity_mean_roll4,911.4402570724487,83
lgbm_v2,3,6,relative_humidity_mean_roll8,68.96720027923584,83
lgbm_v2,3,6,relative_humidity_mean_roll12,235.53164958953857,83
lgbm_v2,3,6,national_wave_rank,2976.627692222595,83
lgbm_v2,3,6,trailing_52_cumulative_cases,2189.502947807312,83
lgbm_v2,3,6,cases_lag1,268.393404006958,83
lgbm_v2,3,6,cases_lag2,224.50669860839844,83
lgbm_v2,3,6,cases_lag3,99.0812292098999,83
lgbm_v2,3,6,cases_lag4,74.7721996307373,83
lgbm_v2,3,6,cases_lag5,10.196200370788574,83
lgbm_v2,3,6,cases_lag6,49.304680824279785,83
lgbm_v2,3,6,cases_lag7,136.3724603652954,83
lgbm_v2,3,6,cases_lag8,90.04790019989014,83
lgbm_v2,3,6,cases_lag9,83.23658084869385,83
lgbm_v2,3,6,cases_lag10,34.84440040588379,83
lgbm_v2,3,6,cases_lag11,23.613900184631348,83
lgbm_v2,3,6,cases_lag12,124.70329856872559,83
lgbm_v2,3,6,cases_mean4,490.6107578277588,83
lgbm_v2,3,6,cases_mean8,485.67090034484863,83
lgbm_v2,3,6,cases_mean12,277.8204011917114,83
lgbm_v2,3,6,cases_max12,1089.209252357483,83
lgbm_v2,3,6,cases_diff1,10720.006429672241,83
lgbm_v2,3,6,cases_diff4,2619.2015676498413,83
lgbm_v2,3,6,rain_roll4_lag4,124.44926834106445,83
lgbm_v2,3,6,rain_roll4_lag8,1500.6612405776978,83
lgbm_v2,3,6,humid_roll4_lag4,312.17687797546387,83
lgbm_v2,3,6,humid_roll4_lag8,3640.617057800293,83
lgbm_v2,3,6,temp_roll4_lag4,265.3098907470703,83
lgbm_v2,3,6,temp_roll4_lag8,315.98691749572754,83
lgbm_v2,3,6,rain_roll12_lag12,319.0727481842041,83
lgbm_v2,3,6,neighbour_cases,1261.3655939102173,83
lgbm_v2,3,6,neighbour_diff4,58.913390159606934,83
lgbm_v2,3,6,national_cases,4350.330870628357,83
lgbm_v2,3,6,national_diff4,2469.00483417511,83
lgbm_v2,3,6,district,9084.046559333801,83
lgbm_v2,3,6,target_doy_sin,3232.1178011894226,83
lgbm_v2,3,6,target_doy_cos,5415.172303199768,83
lgbm_v2_noclimate,3,6,cases_log1p,19050.34442615509,77
lgbm_v2_noclimate,3,6,doy_sin,2847.6720695495605,77
lgbm_v2_noclimate,3,6,doy_cos,1666.6697664260864,77
lgbm_v2_noclimate,3,6,weather_observed,0.0,77
lgbm_v2_noclimate,3,6,case_observed,0.0,77
lgbm_v2_noclimate,3,6,centroid_lat,1358.6887402534485,77
lgbm_v2_noclimate,3,6,centroid_lon,189.56833124160767,77
lgbm_v2_noclimate,3,6,national_wave_rank,2812.047296524048,77
lgbm_v2_noclimate,3,6,trailing_52_cumulative_cases,2401.1776990890503,77
lgbm_v2_noclimate,3,6,cases_lag1,458.07629776000977,77
lgbm_v2_noclimate,3,6,cases_lag2,200.6312894821167,77
lgbm_v2_noclimate,3,6,cases_lag3,180.90304946899414,77
lgbm_v2_noclimate,3,6,cases_lag4,87.02338218688965,77
lgbm_v2_noclimate,3,6,cases_lag5,37.130550384521484,77
lgbm_v2_noclimate,3,6,cases_lag6,22.224599838256836,77
lgbm_v2_noclimate,3,6,cases_lag7,12.870100021362305,77
lgbm_v2_noclimate,3,6,cases_lag8,78.52145957946777,77
lgbm_v2_noclimate,3,6,cases_lag9,122.48890018463135,77
lgbm_v2_noclimate,3,6,cases_lag10,102.47886943817139,77
lgbm_v2_noclimate,3,6,cases_lag11,91.58550071716309,77
lgbm_v2_noclimate,3,6,cases_lag12,116.69783878326416,77
lgbm_v2_noclimate,3,6,cases_mean4,911.1418724060059,77
lgbm_v2_noclimate,3,6,cases_mean8,386.316960811615,77
lgbm_v2_noclimate,3,6,cases_mean12,342.0938997268677,77
lgbm_v2_noclimate,3,6,cases_max12,1627.2889680862427,77
lgbm_v2_noclimate,3,6,cases_diff1,10574.915942668915,77
lgbm_v2_noclimate,3,6,cases_diff4,2423.429633617401,77
lgbm_v2_noclimate,3,6,neighbour_cases,1590.1170253753662,77
lgbm_v2_noclimate,3,6,neighbour_diff4,94.48534870147705,77
lgbm_v2_noclimate,3,6,national_cases,7262.653079986572,77
lgbm_v2_noclimate,3,6,national_diff4,2786.8051681518555,77
lgbm_v2_noclimate,3,6,district,8874.566352844238,77
lgbm_v2_noclimate,3,6,target_doy_sin,4248.17126083374,77
lgbm_v2_noclimate,3,6,target_doy_cos,7865.938225746155,77
lgbm_v2_climatology,3,6,cases_log1p,19038.619102478027,68
lgbm_v2_climatology,3,6,rainfall_daily_mean_mm,671.039740562439,68
lgbm_v2_climatology,3,6,rainy_days_frac,1940.3271837234497,68
lgbm_v2_climatology,3,6,temperature_mean_c,369.3944511413574,68
lgbm_v2_climatology,3,6,diurnal_range_c,309.22619342803955,68
lgbm_v2_climatology,3,6,dewpoint_mean_c,202.582200050354,68
lgbm_v2_climatology,3,6,relative_humidity_mean,253.35880756378174,68
lgbm_v2_climatology,3,6,wind_speed_mean,102.90550136566162,68
lgbm_v2_climatology,3,6,doy_sin,1626.1436476707458,68
lgbm_v2_climatology,3,6,doy_cos,1360.3175010681152,68
lgbm_v2_climatology,3,6,weather_observed,0.0,68
lgbm_v2_climatology,3,6,case_observed,0.0,68
lgbm_v2_climatology,3,6,centroid_lat,383.62456130981445,68
lgbm_v2_climatology,3,6,centroid_lon,76.43565082550049,68
lgbm_v2_climatology,3,6,rainfall_daily_mean_mm_roll4,1567.7793426513672,68
lgbm_v2_climatology,3,6,rainfall_daily_mean_mm_roll8,735.8432140350342,68
lgbm_v2_climatology,3,6,rainfall_daily_mean_mm_roll12,397.10719299316406,68
lgbm_v2_climatology,3,6,temperature_mean_c_roll4,542.7359037399292,68
lgbm_v2_climatology,3,6,temperature_mean_c_roll8,240.2963228225708,68
lgbm_v2_climatology,3,6,temperature_mean_c_roll12,154.59570026397705,68
lgbm_v2_climatology,3,6,relative_humidity_mean_roll4,99.63459873199463,68
lgbm_v2_climatology,3,6,relative_humidity_mean_roll8,133.97670078277588,68
lgbm_v2_climatology,3,6,relative_humidity_mean_roll12,219.11731052398682,68
lgbm_v2_climatology,3,6,national_wave_rank,2723.5755224227905,68
lgbm_v2_climatology,3,6,trailing_52_cumulative_cases,2098.2568731307983,68
lgbm_v2_climatology,3,6,cases_lag1,402.4399995803833,68
lgbm_v2_climatology,3,6,cases_lag2,235.54392910003662,68
lgbm_v2_climatology,3,6,cases_lag3,117.59229850769043,68
lgbm_v2_climatology,3,6,cases_lag4,137.06929969787598,68
lgbm_v2_climatology,3,6,cases_lag5,24.827899932861328,68
lgbm_v2_climatology,3,6,cases_lag6,43.18939971923828,68
lgbm_v2_climatology,3,6,cases_lag7,0.0,68
lgbm_v2_climatology,3,6,cases_lag8,40.70107078552246,68
lgbm_v2_climatology,3,6,cases_lag9,163.9383692741394,68
lgbm_v2_climatology,3,6,cases_lag10,71.85693073272705,68
lgbm_v2_climatology,3,6,cases_lag11,49.57680034637451,68
lgbm_v2_climatology,3,6,cases_lag12,147.49929809570312,68
lgbm_v2_climatology,3,6,cases_mean4,487.62400341033936,68
lgbm_v2_climatology,3,6,cases_mean8,318.9681329727173,68
lgbm_v2_climatology,3,6,cases_mean12,354.8812417984009,68
lgbm_v2_climatology,3,6,cases_max12,979.5682888031006,68
lgbm_v2_climatology,3,6,cases_diff1,10316.77430152893,68
lgbm_v2_climatology,3,6,cases_diff4,2543.836996078491,68
lgbm_v2_climatology,3,6,rain_roll4_lag4,85.42016077041626,68
lgbm_v2_climatology,3,6,rain_roll4_lag8,302.87187671661377,68
lgbm_v2_climatology,3,6,humid_roll4_lag4,23.815500259399414,68
lgbm_v2_climatology,3,6,humid_roll4_lag8,204.5776228904724,68
lgbm_v2_climatology,3,6,temp_roll4_lag4,239.4050178527832,68
lgbm_v2_climatology,3,6,temp_roll4_lag8,73.3843002319336,68
lgbm_v2_climatology,3,6,rain_roll12_lag12,143.28043746948242,68
lgbm_v2_climatology,3,6,neighbour_cases,1044.5288181304932,68
lgbm_v2_climatology,3,6,neighbour_diff4,84.27460098266602,68
lgbm_v2_climatology,3,6,national_cases,5429.984854698181,68
lgbm_v2_climatology,3,6,national_diff4,2445.0927572250366,68
lgbm_v2_climatology,3,6,district,7401.372591972351,68
lgbm_v2_climatology,3,6,target_doy_sin,3731.7359523773193,68
lgbm_v2_climatology,3,6,target_doy_cos,5056.830351829529,68
lgbm_v2,3,8,cases_log1p,28207.18473625183,172
lgbm_v2,3,8,rainfall_daily_mean_mm,407.40860748291016,172
lgbm_v2,3,8,rainy_days_frac,505.25020265579224,172
lgbm_v2,3,8,temperature_mean_c,1336.880581855774,172
lgbm_v2,3,8,diurnal_range_c,335.5010952949524,172
lgbm_v2,3,8,dewpoint_mean_c,1071.7882142066956,172
lgbm_v2,3,8,relative_humidity_mean,392.7228264808655,172
lgbm_v2,3,8,wind_speed_mean,544.8359413146973,172
lgbm_v2,3,8,doy_sin,4299.954131126404,172
lgbm_v2,3,8,doy_cos,2323.791380405426,172
lgbm_v2,3,8,weather_observed,0.0,172
lgbm_v2,3,8,case_observed,0.0,172
lgbm_v2,3,8,centroid_lat,1513.7927174568176,172
lgbm_v2,3,8,centroid_lon,538.3389735221863,172
lgbm_v2,3,8,rainfall_daily_mean_mm_roll4,4004.315692424774,172
lgbm_v2,3,8,rainfall_daily_mean_mm_roll8,491.11528301239014,172
lgbm_v2,3,8,rainfall_daily_mean_mm_roll12,483.38227224349976,172
lgbm_v2,3,8,temperature_mean_c_roll4,641.275538444519,172
lgbm_v2,3,8,temperature_mean_c_roll8,409.16151189804077,172
lgbm_v2,3,8,temperature_mean_c_roll12,307.1386375427246,172
lgbm_v2,3,8,relative_humidity_mean_roll4,698.2970380783081,172
lgbm_v2,3,8,relative_humidity_mean_roll8,216.5365710258484,172
lgbm_v2,3,8,relative_humidity_mean_roll12,789.5245275497437,172
lgbm_v2,3,8,national_wave_rank,4019.178261756897,172
lgbm_v2,3,8,trailing_52_cumulative_cases,4070.2251358032227,172
lgbm_v2,3,8,cases_lag1,477.8374705314636,172
lgbm_v2,3,8,cases_lag2,347.60697889328003,172
lgbm_v2,3,8,cases_lag3,185.4403133392334,172
lgbm_v2,3,8,cases_lag4,206.634859085083,172
lgbm_v2,3,8,cases_lag5,55.91476011276245,172
lgbm_v2,3,8,cases_lag6,139.196280002594,172
lgbm_v2,3,8,cases_lag7,258.3579411506653,172
lgbm_v2,3,8,cases_lag8,230.59602880477905,172
lgbm_v2,3,8,cases_lag9,91.85207080841064,172
lgbm_v2,3,8,cases_lag10,275.4500117301941,172
lgbm_v2,3,8,cases_lag11,269.4795994758606,172
lgbm_v2,3,8,cases_lag12,227.63827085494995,172
lgbm_v2,3,8,cases_mean4,449.5325951576233,172
lgbm_v2,3,8,cases_mean8,906.3682837486267,172
lgbm_v2,3,8,cases_mean12,780.2803502082825,172
lgbm_v2,3,8,cases_max12,2962.191882133484,172
lgbm_v2,3,8,cases_diff1,10701.573689460754,172
lgbm_v2,3,8,cases_diff4,3701.13920211792,172
lgbm_v2,3,8,rain_roll4_lag4,684.8155422210693,172
lgbm_v2,3,8,rain_roll4_lag8,3478.0022625923157,172
lgbm_v2,3,8,humid_roll4_lag4,1098.2033643722534,172
lgbm_v2,3,8,humid_roll4_lag8,3464.9493141174316,172
lgbm_v2,3,8,temp_roll4_lag4,987.5947751998901,172
lgbm_v2,3,8,temp_roll4_lag8,923.9560995101929,172
lgbm_v2,3,8,rain_roll12_lag12,1293.9714798927307,172
lgbm_v2,3,8,neighbour_cases,2467.745478630066,172
lgbm_v2,3,8,neighbour_diff4,218.1410789489746,172
lgbm_v2,3,8,national_cases,9916.472045898438,172
lgbm_v2,3,8,national_diff4,3517.455943584442,172
lgbm_v2,3,8,district,15996.907401561737,172
lgbm_v2,3,8,target_doy_sin,6352.548346996307,172
lgbm_v2,3,8,target_doy_cos,9757.546367645264,172
lgbm_v2_noclimate,3,8,cases_log1p,26419.909119606018,76
lgbm_v2_noclimate,3,8,doy_sin,2747.227928161621,76
lgbm_v2_noclimate,3,8,doy_cos,1586.606291770935,76
lgbm_v2_noclimate,3,8,weather_observed,0.0,76
lgbm_v2_noclimate,3,8,case_observed,0.0,76
lgbm_v2_noclimate,3,8,centroid_lat,1962.9554929733276,76
lgbm_v2_noclimate,3,8,centroid_lon,369.41870307922363,76
lgbm_v2_noclimate,3,8,national_wave_rank,3361.009268760681,76
lgbm_v2_noclimate,3,8,trailing_52_cumulative_cases,3395.7145681381226,76
lgbm_v2_noclimate,3,8,cases_lag1,413.84621143341064,76
lgbm_v2_noclimate,3,8,cases_lag2,266.3147974014282,76
lgbm_v2_noclimate,3,8,cases_lag3,106.00810050964355,76
lgbm_v2_noclimate,3,8,cases_lag4,91.33330059051514,76
lgbm_v2_noclimate,3,8,cases_lag5,22.23240089416504,76
lgbm_v2_noclimate,3,8,cases_lag6,46.34160041809082,76
lgbm_v2_noclimate,3,8,cases_lag7,127.0457992553711,76
lgbm_v2_noclimate,3,8,cases_lag8,202.50999927520752,76
lgbm_v2_noclimate,3,8,cases_lag9,35.105469703674316,76
lgbm_v2_noclimate,3,8,cases_lag10,199.95629978179932,76
lgbm_v2_noclimate,3,8,cases_lag11,138.57469749450684,76
lgbm_v2_noclimate,3,8,cases_lag12,136.22819137573242,76
lgbm_v2_noclimate,3,8,cases_mean4,377.739444732666,76
lgbm_v2_noclimate,3,8,cases_mean8,453.8236885070801,76
lgbm_v2_noclimate,3,8,cases_mean12,468.7987279891968,76
lgbm_v2_noclimate,3,8,cases_max12,2353.6848192214966,76
lgbm_v2_noclimate,3,8,cases_diff1,10728.951672554016,76
lgbm_v2_noclimate,3,8,cases_diff4,2973.3458127975464,76
lgbm_v2_noclimate,3,8,neighbour_cases,1744.4088191986084,76
lgbm_v2_noclimate,3,8,neighbour_diff4,196.33130168914795,76
lgbm_v2_noclimate,3,8,national_cases,10587.141732215881,76
lgbm_v2_noclimate,3,8,national_diff4,2914.585955142975,76
lgbm_v2_noclimate,3,8,district,12414.879910945892,76
lgbm_v2_noclimate,3,8,target_doy_sin,6408.391977310181,76
lgbm_v2_noclimate,3,8,target_doy_cos,11856.643871307373,76
lgbm_v2_climatology,3,8,cases_log1p,27222.501799583435,86
lgbm_v2_climatology,3,8,rainfall_daily_mean_mm,1449.4492273330688,86
lgbm_v2_climatology,3,8,rainy_days_frac,5023.318634033203,86
lgbm_v2_climatology,3,8,temperature_mean_c,622.558277130127,86
lgbm_v2_climatology,3,8,diurnal_range_c,412.4420976638794,86
lgbm_v2_climatology,3,8,dewpoint_mean_c,571.0493030548096,86
lgbm_v2_climatology,3,8,relative_humidity_mean,257.4644012451172,86
lgbm_v2_climatology,3,8,wind_speed_mean,164.21689796447754,86
lgbm_v2_climatology,3,8,doy_sin,3003.0771198272705,86
lgbm_v2_climatology,3,8,doy_cos,2120.4036893844604,86
lgbm_v2_climatology,3,8,weather_observed,0.0,86
lgbm_v2_climatology,3,8,case_observed,0.0,86
lgbm_v2_climatology,3,8,centroid_lat,734.5210208892822,86
lgbm_v2_climatology,3,8,centroid_lon,61.921799659729004,86
lgbm_v2_climatology,3,8,rainfall_daily_mean_mm_roll4,917.97203540802,86
lgbm_v2_climatology,3,8,rainfall_daily_mean_mm_roll8,279.7387971878052,86
lgbm_v2_climatology,3,8,rainfall_daily_mean_mm_roll12,261.54262924194336,86
lgbm_v2_climatology,3,8,temperature_mean_c_roll4,370.1492156982422,86
lgbm_v2_climatology,3,8,temperature_mean_c_roll8,210.27970218658447,86
lgbm_v2_climatology,3,8,temperature_mean_c_roll12,140.70195960998535,86
lgbm_v2_climatology,3,8,relative_humidity_mean_roll4,117.52309894561768,86
lgbm_v2_climatology,3,8,relative_humidity_mean_roll8,79.33769989013672,86
lgbm_v2_climatology,3,8,relative_humidity_mean_roll12,225.09959983825684,86
lgbm_v2_climatology,3,8,national_wave_rank,3201.678345680237,86
lgbm_v2_climatology,3,8,trailing_52_cumulative_cases,3602.6121826171875,86
lgbm_v2_climatology,3,8,cases_lag1,415.2528028488159,86
lgbm_v2_climatology,3,8,cases_lag2,289.9269971847534,86
lgbm_v2_climatology,3,8,cases_lag3,99.8923692703247,86
lgbm_v2_climatology,3,8,cases_lag4,128.59460163116455,86
lgbm_v2_climatology,3,8,cases_lag5,25.802900314331055,86
lgbm_v2_climatology,3,8,cases_lag6,52.53218936920166,86
lgbm_v2_climatology,3,8,cases_lag7,103.4685001373291,86
lgbm_v2_climatology,3,8,cases_lag8,83.13106060028076,86
lgbm_v2_climatology,3,8,cases_lag9,43.539628982543945,86
lgbm_v2_climatology,3,8,cases_lag10,83.86159992218018,86
lgbm_v2_climatology,3,8,cases_lag11,56.68188953399658,86
lgbm_v2_climatology,3,8,cases_lag12,148.4587287902832,86
lgbm_v2_climatology,3,8,cases_mean4,307.3955717086792,86
lgbm_v2_climatology,3,8,cases_mean8,571.1487655639648,86
lgbm_v2_climatology,3,8,cases_mean12,563.3027000427246,86
lgbm_v2_climatology,3,8,cases_max12,2279.626625061035,86
lgbm_v2_climatology,3,8,cases_diff1,9897.460813522339,86
lgbm_v2_climatology,3,8,cases_diff4,3183.5889897346497,86
lgbm_v2_climatology,3,8,rain_roll4_lag4,133.44410133361816,86
lgbm_v2_climatology,3,8,rain_roll4_lag8,215.69285106658936,86
lgbm_v2_climatology,3,8,humid_roll4_lag4,181.70104885101318,86
lgbm_v2_climatology,3,8,humid_roll4_lag8,289.87752056121826,86
lgbm_v2_climatology,3,8,temp_roll4_lag4,320.25216007232666,86
lgbm_v2_climatology,3,8,temp_roll4_lag8,71.32739067077637,86
lgbm_v2_climatology,3,8,rain_roll12_lag12,97.62100028991699,86
lgbm_v2_climatology,3,8,neighbour_cases,1694.708396911621,86
lgbm_v2_climatology,3,8,neighbour_diff4,319.9579029083252,86
lgbm_v2_climatology,3,8,national_cases,9636.325077056885,86
lgbm_v2_climatology,3,8,national_diff4,2822.2756662368774,86
lgbm_v2_climatology,3,8,district,12245.819217681885,86
lgbm_v2_climatology,3,8,target_doy_sin,5948.5154395103455,86
lgbm_v2_climatology,3,8,target_doy_cos,7233.43709564209,86
lgbm_v2,3,10,cases_log1p,37504.798973083496,105
lgbm_v2,3,10,rainfall_daily_mean_mm,460.0437822341919,105
lgbm_v2,3,10,rainy_days_frac,491.7430372238159,105
lgbm_v2,3,10,temperature_mean_c,924.97545337677,105
lgbm_v2,3,10,diurnal_range_c,164.17449951171875,105
lgbm_v2,3,10,dewpoint_mean_c,858.884654045105,105
lgbm_v2,3,10,relative_humidity_mean,424.38512802124023,105
lgbm_v2,3,10,wind_speed_mean,716.4681177139282,105
lgbm_v2,3,10,doy_sin,2116.8350219726562,105
lgbm_v2,3,10,doy_cos,989.1897625923157,105
lgbm_v2,3,10,weather_observed,0.0,105
lgbm_v2,3,10,case_observed,0.0,105
lgbm_v2,3,10,centroid_lat,2495.7645025253296,105
lgbm_v2,3,10,centroid_lon,557.5981016159058,105
lgbm_v2,3,10,rainfall_daily_mean_mm_roll4,903.9226970672607,105
lgbm_v2,3,10,rainfall_daily_mean_mm_roll8,89.4084997177124,105
lgbm_v2,3,10,rainfall_daily_mean_mm_roll12,427.21607780456543,105
lgbm_v2,3,10,temperature_mean_c_roll4,336.6466188430786,105
lgbm_v2,3,10,temperature_mean_c_roll8,278.7751531600952,105
lgbm_v2,3,10,temperature_mean_c_roll12,349.05826473236084,105
lgbm_v2,3,10,relative_humidity_mean_roll4,436.78075408935547,105
lgbm_v2,3,10,relative_humidity_mean_roll8,223.3848009109497,105
lgbm_v2,3,10,relative_humidity_mean_roll12,684.3001594543457,105
lgbm_v2,3,10,national_wave_rank,4129.547112941742,105
lgbm_v2,3,10,trailing_52_cumulative_cases,4654.928273200989,105
lgbm_v2,3,10,cases_lag1,145.01870155334473,105
lgbm_v2,3,10,cases_lag2,322.3569965362549,105
lgbm_v2,3,10,cases_lag3,49.612000465393066,105
lgbm_v2,3,10,cases_lag4,63.471200942993164,105
lgbm_v2,3,10,cases_lag5,130.649808883667,105
lgbm_v2,3,10,cases_lag6,75.4058609008789,105
lgbm_v2,3,10,cases_lag7,38.74449920654297,105
lgbm_v2,3,10,cases_lag8,111.79109954833984,105
lgbm_v2,3,10,cases_lag9,262.13451862335205,105
lgbm_v2,3,10,cases_lag10,103.52793025970459,105
lgbm_v2,3,10,cases_lag11,136.7214002609253,105
lgbm_v2,3,10,cases_lag12,582.6743059158325,105
lgbm_v2,3,10,cases_mean4,649.6941032409668,105
lgbm_v2,3,10,cases_mean8,640.8002395629883,105
lgbm_v2,3,10,cases_mean12,911.1579694747925,105
lgbm_v2,3,10,cases_max12,2117.117007255554,105
lgbm_v2,3,10,cases_diff1,8017.814298629761,105
lgbm_v2,3,10,cases_diff4,1570.351508140564,105
lgbm_v2,3,10,rain_roll4_lag4,980.2551050186157,105
lgbm_v2,3,10,rain_roll4_lag8,2097.4238290786743,105
lgbm_v2,3,10,humid_roll4_lag4,2175.647430419922,105
lgbm_v2,3,10,humid_roll4_lag8,2895.8236136436462,105
lgbm_v2,3,10,temp_roll4_lag4,1022.6602373123169,105
lgbm_v2,3,10,temp_roll4_lag8,897.4684038162231,105
lgbm_v2,3,10,rain_roll12_lag12,1190.185549736023,105
lgbm_v2,3,10,neighbour_cases,2296.977340698242,105
lgbm_v2,3,10,neighbour_diff4,488.7593021392822,105
lgbm_v2,3,10,national_cases,13288.775495529175,105
lgbm_v2,3,10,national_diff4,2116.517834663391,105
lgbm_v2,3,10,district,17139.451042175293,105
lgbm_v2,3,10,target_doy_sin,11634.532709121704,105
lgbm_v2,3,10,target_doy_cos,6411.408785820007,105
lgbm_v2_noclimate,3,10,cases_log1p,34652.020111083984,63
lgbm_v2_noclimate,3,10,doy_sin,2202.068383216858,63
lgbm_v2_noclimate,3,10,doy_cos,1654.117509841919,63
lgbm_v2_noclimate,3,10,weather_observed,0.0,63
lgbm_v2_noclimate,3,10,case_observed,0.0,63
lgbm_v2_noclimate,3,10,centroid_lat,1792.6893863677979,63
lgbm_v2_noclimate,3,10,centroid_lon,646.4528017044067,63
lgbm_v2_noclimate,3,10,national_wave_rank,3823.167402267456,63
lgbm_v2_noclimate,3,10,trailing_52_cumulative_cases,4330.459400177002,63
lgbm_v2_noclimate,3,10,cases_lag1,356.9348020553589,63
lgbm_v2_noclimate,3,10,cases_lag2,192.3345012664795,63
lgbm_v2_noclimate,3,10,cases_lag3,0.0,63
lgbm_v2_noclimate,3,10,cases_lag4,0.0,63
lgbm_v2_noclimate,3,10,cases_lag5,99.65670108795166,63
lgbm_v2_noclimate,3,10,cases_lag6,52.69909858703613,63
lgbm_v2_noclimate,3,10,cases_lag7,48.893500328063965,63
lgbm_v2_noclimate,3,10,cases_lag8,102.02530002593994,63
lgbm_v2_noclimate,3,10,cases_lag9,58.11280059814453,63
lgbm_v2_noclimate,3,10,cases_lag10,79.00219917297363,63
lgbm_v2_noclimate,3,10,cases_lag11,56.914899826049805,63
lgbm_v2_noclimate,3,10,cases_lag12,244.31459617614746,63
lgbm_v2_noclimate,3,10,cases_mean4,480.02619647979736,63
lgbm_v2_noclimate,3,10,cases_mean8,676.4922027587891,63
lgbm_v2_noclimate,3,10,cases_mean12,601.048900604248,63
lgbm_v2_noclimate,3,10,cases_max12,2437.4983949661255,63
lgbm_v2_noclimate,3,10,cases_diff1,8642.335147857666,63
lgbm_v2_noclimate,3,10,cases_diff4,538.1866035461426,63
lgbm_v2_noclimate,3,10,neighbour_cases,1720.5338106155396,63
lgbm_v2_noclimate,3,10,neighbour_diff4,191.65340042114258,63
lgbm_v2_noclimate,3,10,national_cases,14411.441204071045,63
lgbm_v2_noclimate,3,10,national_diff4,1807.3259105682373,63
lgbm_v2_noclimate,3,10,district,15078.109670639038,63
lgbm_v2_noclimate,3,10,target_doy_sin,9081.35659122467,63
lgbm_v2_noclimate,3,10,target_doy_cos,10086.32298374176,63
lgbm_v2_climatology,3,10,cases_log1p,35464.69939041138,61
lgbm_v2_climatology,3,10,rainfall_daily_mean_mm,848.3268909454346,61
lgbm_v2_climatology,3,10,rainy_days_frac,4030.3049993515015,61
lgbm_v2_climatology,3,10,temperature_mean_c,487.087797164917,61
lgbm_v2_climatology,3,10,diurnal_range_c,322.58440113067627,61
lgbm_v2_climatology,3,10,dewpoint_mean_c,309.2505979537964,61
lgbm_v2_climatology,3,10,relative_humidity_mean,432.38729667663574,61
lgbm_v2_climatology,3,10,wind_speed_mean,48.63710021972656,61
lgbm_v2_climatology,3,10,doy_sin,2000.1344966888428,61
lgbm_v2_climatology,3,10,doy_cos,1007.3650016784668,61
lgbm_v2_climatology,3,10,weather_observed,0.0,61
lgbm_v2_climatology,3,10,case_observed,0.0,61
lgbm_v2_climatology,3,10,centroid_lat,967.9771089553833,61
lgbm_v2_climatology,3,10,centroid_lon,411.2453022003174,61
lgbm_v2_climatology,3,10,rainfall_daily_mean_mm_roll4,1223.657901763916,61
lgbm_v2_climatology,3,10,rainfall_daily_mean_mm_roll8,249.21359825134277,61
lgbm_v2_climatology,3,10,rainfall_daily_mean_mm_roll12,102.1644983291626,61
lgbm_v2_climatology,3,10,temperature_mean_c_roll4,279.5093002319336,61
lgbm_v2_climatology,3,10,temperature_mean_c_roll8,114.84989929199219,61
lgbm_v2_climatology,3,10,temperature_mean_c_roll12,97.0260009765625,61
lgbm_v2_climatology,3,10,relative_humidity_mean_roll4,294.7744016647339,61
lgbm_v2_climatology,3,10,relative_humidity_mean_roll8,140.3066987991333,61
lgbm_v2_climatology,3,10,relative_humidity_mean_roll12,535.6297931671143,61
lgbm_v2_climatology,3,10,national_wave_rank,3353.570378303528,61
lgbm_v2_climatology,3,10,trailing_52_cumulative_cases,4194.893708229065,61
lgbm_v2_climatology,3,10,cases_lag1,188.6495008468628,61
lgbm_v2_climatology,3,10,cases_lag2,138.47180080413818,61
lgbm_v2_climatology,3,10,cases_lag3,80.90489864349365,61
lgbm_v2_climatology,3,10,cases_lag4,89.26699829101562,61
lgbm_v2_climatology,3,10,cases_lag5,69.78239822387695,61
lgbm_v2_climatology,3,10,cases_lag6,31.349199295043945,61
lgbm_v2_climatology,3,10,cases_lag7,11.736200332641602,61
lgbm_v2_climatology,3,10,cases_lag8,46.21669960021973,61
lgbm_v2_climatology,3,10,cases_lag9,49.44490051269531,61
lgbm_v2_climatology,3,10,cases_lag10,15.372400283813477,61
lgbm_v2_climatology,3,10,cases_lag11,61.67199897766113,61
lgbm_v2_climatology,3,10,cases_lag12,203.11160278320312,61
lgbm_v2_climatology,3,10,cases_mean4,519.2406978607178,61
lgbm_v2_climatology,3,10,cases_mean8,554.273889541626,61
lgbm_v2_climatology,3,10,cases_mean12,657.341794013977,61
lgbm_v2_climatology,3,10,cases_max12,2163.662106513977,61
lgbm_v2_climatology,3,10,cases_diff1,7163.072784423828,61
lgbm_v2_climatology,3,10,cases_diff4,1294.6270971298218,61
lgbm_v2_climatology,3,10,rain_roll4_lag4,77.02380180358887,61
lgbm_v2_climatology,3,10,rain_roll4_lag8,215.89920234680176,61
lgbm_v2_climatology,3,10,humid_roll4_lag4,311.1304988861084,61
lgbm_v2_climatology,3,10,humid_roll4_lag8,161.77630233764648,61
lgbm_v2_climatology,3,10,temp_roll4_lag4,316.7924966812134,61
lgbm_v2_climatology,3,10,temp_roll4_lag8,137.99070072174072,61
lgbm_v2_climatology,3,10,rain_roll12_lag12,160.24610137939453,61
lgbm_v2_climatology,3,10,neighbour_cases,1305.748197555542,61
lgbm_v2_climatology,3,10,neighbour_diff4,156.76159954071045,61
lgbm_v2_climatology,3,10,national_cases,13388.879558563232,61
lgbm_v2_climatology,3,10,national_diff4,1746.7538080215454,61
lgbm_v2_climatology,3,10,district,12904.16802406311,61
lgbm_v2_climatology,3,10,target_doy_sin,9584.852217674255,61
lgbm_v2_climatology,3,10,target_doy_cos,5518.701597213745,61
lgbm_v2,3,12,cases_log1p,43025.116106987,79
lgbm_v2,3,12,rainfall_daily_mean_mm,345.5773010253906,79
lgbm_v2,3,12,rainy_days_frac,71.81050109863281,79
lgbm_v2,3,12,temperature_mean_c,280.63090229034424,79
lgbm_v2,3,12,diurnal_range_c,219.61560440063477,79
lgbm_v2,3,12,dewpoint_mean_c,548.9474000930786,79
lgbm_v2,3,12,relative_humidity_mean,204.26350212097168,79
lgbm_v2,3,12,wind_speed_mean,1026.1444988250732,79
lgbm_v2,3,12,doy_sin,2156.160503387451,79
lgbm_v2,3,12,doy_cos,3555.374767303467,79
lgbm_v2,3,12,weather_observed,0.0,79
lgbm_v2,3,12,case_observed,0.0,79
lgbm_v2,3,12,centroid_lat,2865.9849071502686,79
lgbm_v2,3,12,centroid_lon,908.2079010009766,79
lgbm_v2,3,12,rainfall_daily_mean_mm_roll4,158.38530254364014,79
lgbm_v2,3,12,rainfall_daily_mean_mm_roll8,251.0708999633789,79
lgbm_v2,3,12,rainfall_daily_mean_mm_roll12,210.47030067443848,79
lgbm_v2,3,12,temperature_mean_c_roll4,502.10260486602783,79
lgbm_v2,3,12,temperature_mean_c_roll8,238.28270053863525,79
lgbm_v2,3,12,temperature_mean_c_roll12,620.2960033416748,79
lgbm_v2,3,12,relative_humidity_mean_roll4,238.41439819335938,79
lgbm_v2,3,12,relative_humidity_mean_roll8,301.82600021362305,79
lgbm_v2,3,12,relative_humidity_mean_roll12,1455.3284015655518,79
lgbm_v2,3,12,national_wave_rank,3752.4362936019897,79
lgbm_v2,3,12,trailing_52_cumulative_cases,4442.923810005188,79
lgbm_v2,3,12,cases_lag1,388.15449714660645,79
lgbm_v2,3,12,cases_lag2,57.90299892425537,79
lgbm_v2,3,12,cases_lag3,40.148698806762695,79
lgbm_v2,3,12,cases_lag4,117.20289993286133,79
lgbm_v2,3,12,cases_lag5,32.01409912109375,79
lgbm_v2,3,12,cases_lag6,55.305498123168945,79
lgbm_v2,3,12,cases_lag7,82.25100135803223,79
lgbm_v2,3,12,cases_lag8,83.57599925994873,79
lgbm_v2,3,12,cases_lag9,57.0531005859375,79
lgbm_v2,3,12,cases_lag10,145.5984992980957,79
lgbm_v2,3,12,cases_lag11,121.23909759521484,79
lgbm_v2,3,12,cases_lag12,467.4251012802124,79
lgbm_v2,3,12,cases_mean4,572.4002017974854,79
lgbm_v2,3,12,cases_mean8,248.27580070495605,79
lgbm_v2,3,12,cases_mean12,894.0106983184814,79
lgbm_v2,3,12,cases_max12,3067.5827026367188,79
lgbm_v2,3,12,cases_diff1,6635.23258972168,79
lgbm_v2,3,12,cases_diff4,1688.2795886993408,79
lgbm_v2,3,12,rain_roll4_lag4,922.0398969650269,79
lgbm_v2,3,12,rain_roll4_lag8,2962.2328939437866,79
lgbm_v2,3,12,humid_roll4_lag4,2175.080011367798,79
lgbm_v2,3,12,humid_roll4_lag8,2782.1134996414185,79
lgbm_v2,3,12,temp_roll4_lag4,589.3406934738159,79
lgbm_v2,3,12,temp_roll4_lag8,993.685507774353,79
lgbm_v2,3,12,rain_roll12_lag12,632.7021026611328,79
lgbm_v2,3,12,neighbour_cases,815.8513021469116,79
lgbm_v2,3,12,neighbour_diff4,145.20910167694092,79
lgbm_v2,3,12,national_cases,16089.545943260193,79
lgbm_v2,3,12,national_diff4,2589.1482124328613,79
lgbm_v2,3,12,district,18855.030046463013,79
lgbm_v2,3,12,target_doy_sin,8629.946009635925,79
lgbm_v2,3,12,target_doy_cos,6400.109712600708,79
lgbm_v2_noclimate,3,12,cases_log1p,40831.89878368378,62
lgbm_v2_noclimate,3,12,doy_sin,4110.950315475464,62
lgbm_v2_noclimate,3,12,doy_cos,4538.498980522156,62
lgbm_v2_noclimate,3,12,weather_observed,0.0,62
lgbm_v2_noclimate,3,12,case_observed,0.0,62
lgbm_v2_noclimate,3,12,centroid_lat,2092.8945932388306,62
lgbm_v2_noclimate,3,12,centroid_lon,676.2183094024658,62
lgbm_v2_noclimate,3,12,national_wave_rank,4131.169303894043,62
lgbm_v2_noclimate,3,12,trailing_52_cumulative_cases,5341.633425712585,62
lgbm_v2_noclimate,3,12,cases_lag1,351.42999267578125,62
lgbm_v2_noclimate,3,12,cases_lag2,85.48390007019043,62
lgbm_v2_noclimate,3,12,cases_lag3,57.704999923706055,62
lgbm_v2_noclimate,3,12,cases_lag4,21.578100204467773,62
lgbm_v2_noclimate,3,12,cases_lag5,108.29279899597168,62
lgbm_v2_noclimate,3,12,cases_lag6,153.0806007385254,62
lgbm_v2_noclimate,3,12,cases_lag7,67.35159969329834,62
lgbm_v2_noclimate,3,12,cases_lag8,46.81850051879883,62
lgbm_v2_noclimate,3,12,cases_lag9,101.95709991455078,62
lgbm_v2_noclimate,3,12,cases_lag10,79.74080085754395,62
lgbm_v2_noclimate,3,12,cases_lag11,220.76679801940918,62
lgbm_v2_noclimate,3,12,cases_lag12,555.3573970794678,62
lgbm_v2_noclimate,3,12,cases_mean4,509.89749813079834,62
lgbm_v2_noclimate,3,12,cases_mean8,312.9119052886963,62
lgbm_v2_noclimate,3,12,cases_mean12,816.3329916000366,62
lgbm_v2_noclimate,3,12,cases_max12,2923.290802001953,62
lgbm_v2_noclimate,3,12,cases_diff1,6406.228620529175,62
lgbm_v2_noclimate,3,12,cases_diff4,1966.483995437622,62
lgbm_v2_noclimate,3,12,neighbour_cases,855.2195072174072,62
lgbm_v2_noclimate,3,12,neighbour_diff4,174.4148988723755,62
lgbm_v2_noclimate,3,12,national_cases,17040.4703540802,62
lgbm_v2_noclimate,3,12,national_diff4,2732.429693222046,62
lgbm_v2_noclimate,3,12,district,17807.781522750854,62
lgbm_v2_noclimate,3,12,target_doy_sin,7640.093113899231,62
lgbm_v2_noclimate,3,12,target_doy_cos,8840.950984954834,62
lgbm_v2_climatology,3,12,cases_log1p,42125.563566207886,61
lgbm_v2_climatology,3,12,rainfall_daily_mean_mm,1030.9033164978027,61
lgbm_v2_climatology,3,12,rainy_days_frac,4997.5498876571655,61
lgbm_v2_climatology,3,12,temperature_mean_c,700.7745962142944,61
lgbm_v2_climatology,3,12,diurnal_range_c,395.1760940551758,61
lgbm_v2_climatology,3,12,dewpoint_mean_c,852.1830987930298,61
lgbm_v2_climatology,3,12,relative_humidity_mean,577.8101978302002,61
lgbm_v2_climatology,3,12,wind_speed_mean,222.41230010986328,61
lgbm_v2_climatology,3,12,doy_sin,2386.251287460327,61
lgbm_v2_climatology,3,12,doy_cos,3090.4786863327026,61
lgbm_v2_climatology,3,12,weather_observed,0.0,61
lgbm_v2_climatology,3,12,case_observed,0.0,61
lgbm_v2_climatology,3,12,centroid_lat,1349.0975923538208,61
lgbm_v2_climatology,3,12,centroid_lon,522.5553016662598,61
lgbm_v2_climatology,3,12,rainfall_daily_mean_mm_roll4,492.0548973083496,61
lgbm_v2_climatology,3,12,rainfall_daily_mean_mm_roll8,94.71510124206543,61
lgbm_v2_climatology,3,12,rainfall_daily_mean_mm_roll12,53.63990116119385,61
lgbm_v2_climatology,3,12,temperature_mean_c_roll4,300.3528022766113,61
lgbm_v2_climatology,3,12,temperature_mean_c_roll8,136.99270153045654,61
lgbm_v2_climatology,3,12,temperature_mean_c_roll12,61.42730140686035,61
lgbm_v2_climatology,3,12,relative_humidity_mean_roll4,192.39059829711914,61
lgbm_v2_climatology,3,12,relative_humidity_mean_roll8,339.87259674072266,61
lgbm_v2_climatology,3,12,relative_humidity_mean_roll12,411.41080474853516,61
lgbm_v2_climatology,3,12,national_wave_rank,3886.190887451172,61
lgbm_v2_climatology,3,12,trailing_52_cumulative_cases,4281.74889755249,61
lgbm_v2_climatology,3,12,cases_lag1,321.0533037185669,61
lgbm_v2_climatology,3,12,cases_lag2,20.222900390625,61
lgbm_v2_climatology,3,12,cases_lag3,34.331899642944336,61
lgbm_v2_climatology,3,12,cases_lag4,55.97770118713379,61
lgbm_v2_climatology,3,12,cases_lag5,57.371299743652344,61
lgbm_v2_climatology,3,12,cases_lag6,95.45469951629639,61
lgbm_v2_climatology,3,12,cases_lag7,16.90959930419922,61
lgbm_v2_climatology,3,12,cases_lag8,65.82550048828125,61
lgbm_v2_climatology,3,12,cases_lag9,48.50410079956055,61
lgbm_v2_climatology,3,12,cases_lag10,38.58409881591797,61
lgbm_v2_climatology,3,12,cases_lag11,260.5273017883301,61
lgbm_v2_climatology,3,12,cases_lag12,376.0601921081543,61
lgbm_v2_climatology,3,12,cases_mean4,534.7920999526978,61
lgbm_v2_climatology,3,12,cases_mean8,212.19319915771484,61
lgbm_v2_climatology,3,12,cases_mean12,924.5169954299927,61
lgbm_v2_climatology,3,12,cases_max12,2547.419415473938,61
lgbm_v2_climatology,3,12,cases_diff1,6024.404209136963,61
lgbm_v2_climatology,3,12,cases_diff4,2112.9388999938965,61
lgbm_v2_climatology,3,12,rain_roll4_lag4,61.38460063934326,61
lgbm_v2_climatology,3,12,rain_roll4_lag8,140.42420196533203,61
lgbm_v2_climatology,3,12,humid_roll4_lag4,200.3004026412964,61
lgbm_v2_climatology,3,12,humid_roll4_lag8,206.3967990875244,61
lgbm_v2_climatology,3,12,temp_roll4_lag4,256.37280082702637,61
lgbm_v2_climatology,3,12,temp_roll4_lag8,339.323299407959,61
lgbm_v2_climatology,3,12,rain_roll12_lag12,155.24730110168457,61
lgbm_v2_climatology,3,12,neighbour_cases,769.1019973754883,61
lgbm_v2_climatology,3,12,neighbour_diff4,151.87809944152832,61
lgbm_v2_climatology,3,12,national_cases,15727.529107093811,61
lgbm_v2_climatology,3,12,national_diff4,2102.8376035690308,61
lgbm_v2_climatology,3,12,district,15620.864352226257,61
lgbm_v2_climatology,3,12,target_doy_sin,6911.779004096985,61
lgbm_v2_climatology,3,12,target_doy_cos,7372.649700164795,61
lgbm_v2,4,1,cases_log1p,4415.360481739044,128
lgbm_v2,4,1,rainfall_daily_mean_mm,206.18778800964355,128
lgbm_v2,4,1,rainy_days_frac,30.258560180664062,128
lgbm_v2,4,1,temperature_mean_c,167.41703057289124,128
lgbm_v2,4,1,diurnal_range_c,80.71685004234314,128
lgbm_v2,4,1,dewpoint_mean_c,100.86810064315796,128
lgbm_v2,4,1,relative_humidity_mean,254.63346004486084,128
lgbm_v2,4,1,wind_speed_mean,77.65170073509216,128
lgbm_v2,4,1,doy_sin,1990.267993927002,128
lgbm_v2,4,1,doy_cos,466.92674922943115,128
lgbm_v2,4,1,weather_observed,0.0,128
lgbm_v2,4,1,case_observed,0.0,128
lgbm_v2,4,1,centroid_lat,161.03802013397217,128
lgbm_v2,4,1,centroid_lon,90.02886986732483,128
lgbm_v2,4,1,rainfall_daily_mean_mm_roll4,140.47983980178833,128
lgbm_v2,4,1,rainfall_daily_mean_mm_roll8,572.6008002758026,128
lgbm_v2,4,1,rainfall_daily_mean_mm_roll12,151.99579048156738,128
lgbm_v2,4,1,temperature_mean_c_roll4,133.57087898254395,128
lgbm_v2,4,1,temperature_mean_c_roll8,105.49782991409302,128
lgbm_v2,4,1,temperature_mean_c_roll12,131.37515139579773,128
lgbm_v2,4,1,relative_humidity_mean_roll4,233.3878300189972,128
lgbm_v2,4,1,relative_humidity_mean_roll8,163.3518295288086,128
lgbm_v2,4,1,relative_humidity_mean_roll12,80.20847034454346,128
lgbm_v2,4,1,national_wave_rank,1498.1063423156738,128
lgbm_v2,4,1,trailing_52_cumulative_cases,816.2133572101593,128
lgbm_v2,4,1,cases_lag1,303.41353821754456,128
lgbm_v2,4,1,cases_lag2,1810.163465976715,128
lgbm_v2,4,1,cases_lag3,495.47455883026123,128
lgbm_v2,4,1,cases_lag4,207.1627700328827,128
lgbm_v2,4,1,cases_lag5,83.36570930480957,128
lgbm_v2,4,1,cases_lag6,118.03353929519653,128
lgbm_v2,4,1,cases_lag7,88.97863054275513,128
lgbm_v2,4,1,cases_lag8,139.96954083442688,128
lgbm_v2,4,1,cases_lag9,48.15719032287598,128
lgbm_v2,4,1,cases_lag10,53.45484972000122,128
lgbm_v2,4,1,cases_lag11,97.63573980331421,128
lgbm_v2,4,1,cases_lag12,108.87186074256897,128
lgbm_v2,4,1,cases_mean4,401.8428282737732,128
lgbm_v2,4,1,cases_mean8,268.89563822746277,128
lgbm_v2,4,1,cases_mean12,474.21657609939575,128
lgbm_v2,4,1,cases_max12,149.92008018493652,128
lgbm_v2,4,1,cases_diff1,17448.52774310112,128
lgbm_v2,4,1,cases_diff4,5752.521423816681,128
lgbm_v2,4,1,rain_roll4_lag4,609.5238180160522,128
lgbm_v2,4,1,rain_roll4_lag8,226.6617307662964,128
lgbm_v2,4,1,humid_roll4_lag4,157.0877389907837,128
lgbm_v2,4,1,humid_roll4_lag8,265.2284014225006,128
lgbm_v2,4,1,temp_roll4_lag4,98.39626884460449,128
lgbm_v2,4,1,temp_roll4_lag8,242.97926998138428,128
lgbm_v2,4,1,rain_roll12_lag12,314.8560485839844,128
lgbm_v2,4,1,neighbour_cases,839.5392484664917,128
lgbm_v2,4,1,neighbour_diff4,519.5599689483643,128
lgbm_v2,4,1,national_cases,756.4910798072815,128
lgbm_v2,4,1,national_diff4,1638.7060642242432,128
lgbm_v2,4,1,district,3034.7803916931152,128
lgbm_v2,4,1,target_doy_sin,777.6168401241302,128
lgbm_v2,4,1,target_doy_cos,437.69631266593933,128
lgbm_v2_noclimate,4,1,cases_log1p,4377.717534542084,119
lgbm_v2_noclimate,4,1,doy_sin,1925.3329689502716,119
lgbm_v2_noclimate,4,1,doy_cos,686.2755310535431,119
lgbm_v2_noclimate,4,1,weather_observed,0.0,119
lgbm_v2_noclimate,4,1,case_observed,0.0,119
lgbm_v2_noclimate,4,1,centroid_lat,282.97640109062195,119
lgbm_v2_noclimate,4,1,centroid_lon,83.87965106964111,119
lgbm_v2_noclimate,4,1,national_wave_rank,1353.578411102295,119
lgbm_v2_noclimate,4,1,trailing_52_cumulative_cases,934.7172014713287,119
lgbm_v2_noclimate,4,1,cases_lag1,487.3158767223358,119
lgbm_v2_noclimate,4,1,cases_lag2,1634.161467552185,119
lgbm_v2_noclimate,4,1,cases_lag3,469.5424587726593,119
lgbm_v2_noclimate,4,1,cases_lag4,181.29851078987122,119
lgbm_v2_noclimate,4,1,cases_lag5,116.48188972473145,119
lgbm_v2_noclimate,4,1,cases_lag6,127.43581938743591,119
lgbm_v2_noclimate,4,1,cases_lag7,154.13511991500854,119
lgbm_v2_noclimate,4,1,cases_lag8,154.2985405921936,119
lgbm_v2_noclimate,4,1,cases_lag9,46.2776403427124,119
lgbm_v2_noclimate,4,1,cases_lag10,125.74149966239929,119
lgbm_v2_noclimate,4,1,cases_lag11,153.5857491493225,119
lgbm_v2_noclimate,4,1,cases_lag12,83.36581921577454,119
lgbm_v2_noclimate,4,1,cases_mean4,608.2926609516144,119
lgbm_v2_noclimate,4,1,cases_mean8,385.2813980579376,119
lgbm_v2_noclimate,4,1,cases_mean12,561.0544312000275,119
lgbm_v2_noclimate,4,1,cases_max12,164.53894925117493,119
lgbm_v2_noclimate,4,1,cases_diff1,18155.33637022972,119
lgbm_v2_noclimate,4,1,cases_diff4,5132.838479280472,119
lgbm_v2_noclimate,4,1,neighbour_cases,1038.7191915512085,119
lgbm_v2_noclimate,4,1,neighbour_diff4,638.9270021915436,119
lgbm_v2_noclimate,4,1,national_cases,1117.395390033722,119
lgbm_v2_noclimate,4,1,national_diff4,1727.5495405197144,119
lgbm_v2_noclimate,4,1,district,3049.0979437828064,119
lgbm_v2_noclimate,4,1,target_doy_sin,970.7017710208893,119
lgbm_v2_noclimate,4,1,target_doy_cos,688.3690459728241,119
lgbm_v2_climatology,4,1,cases_log1p,4414.568815469742,126
lgbm_v2_climatology,4,1,rainfall_daily_mean_mm,272.27671003341675,126
lgbm_v2_climatology,4,1,rainy_days_frac,275.0696289539337,126
lgbm_v2_climatology,4,1,temperature_mean_c,61.40574026107788,126
lgbm_v2_climatology,4,1,diurnal_range_c,332.2008202075958,126
lgbm_v2_climatology,4,1,dewpoint_mean_c,97.71968078613281,126
lgbm_v2_climatology,4,1,relative_humidity_mean,81.66952991485596,126
lgbm_v2_climatology,4,1,wind_speed_mean,112.75155019760132,126
lgbm_v2_climatology,4,1,doy_sin,1840.590000152588,126
lgbm_v2_climatology,4,1,doy_cos,514.3906631469727,126
lgbm_v2_climatology,4,1,weather_observed,0.0,126
lgbm_v2_climatology,4,1,case_observed,0.0,126
lgbm_v2_climatology,4,1,centroid_lat,145.7626395225525,126
lgbm_v2_climatology,4,1,centroid_lon,94.98477101325989,126
lgbm_v2_climatology,4,1,rainfall_daily_mean_mm_roll4,240.72572016716003,126
lgbm_v2_climatology,4,1,rainfall_daily_mean_mm_roll8,345.2160384654999,126
lgbm_v2_climatology,4,1,rainfall_daily_mean_mm_roll12,129.9180405139923,126
lgbm_v2_climatology,4,1,temperature_mean_c_roll4,127.64702939987183,126
lgbm_v2_climatology,4,1,temperature_mean_c_roll8,83.79182934761047,126
lgbm_v2_climatology,4,1,temperature_mean_c_roll12,136.99622011184692,126
lgbm_v2_climatology,4,1,relative_humidity_mean_roll4,114.44132137298584,126
lgbm_v2_climatology,4,1,relative_humidity_mean_roll8,114.44803881645203,126
lgbm_v2_climatology,4,1,relative_humidity_mean_roll12,181.13871097564697,126
lgbm_v2_climatology,4,1,national_wave_rank,1527.7760434150696,126
lgbm_v2_climatology,4,1,trailing_52_cumulative_cases,832.2535037994385,126
lgbm_v2_climatology,4,1,cases_lag1,363.2143805027008,126
lgbm_v2_climatology,4,1,cases_lag2,1780.6155061721802,126
lgbm_v2_climatology,4,1,cases_lag3,470.14457988739014,126
lgbm_v2_climatology,4,1,cases_lag4,268.04310059547424,126
lgbm_v2_climatology,4,1,cases_lag5,120.19417071342468,126
lgbm_v2_climatology,4,1,cases_lag6,121.03585934638977,126
lgbm_v2_climatology,4,1,cases_lag7,111.76123046875,126
lgbm_v2_climatology,4,1,cases_lag8,140.95987129211426,126
lgbm_v2_climatology,4,1,cases_lag9,31.197440147399902,126
lgbm_v2_climatology,4,1,cases_lag10,98.28028106689453,126
lgbm_v2_climatology,4,1,cases_lag11,102.2418806552887,126
lgbm_v2_climatology,4,1,cases_lag12,114.0644998550415,126
lgbm_v2_climatology,4,1,cases_mean4,424.8393898010254,126
lgbm_v2_climatology,4,1,cases_mean8,238.5757303237915,126
lgbm_v2_climatology,4,1,cases_mean12,466.4419701099396,126
lgbm_v2_climatology,4,1,cases_max12,114.97246885299683,126
lgbm_v2_climatology,4,1,cases_diff1,17531.58877134323,126
lgbm_v2_climatology,4,1,cases_diff4,5736.899663209915,126
lgbm_v2_climatology,4,1,rain_roll4_lag4,546.8185505867004,126
lgbm_v2_climatology,4,1,rain_roll4_lag8,93.42367100715637,126
lgbm_v2_climatology,4,1,humid_roll4_lag4,123.28340935707092,126
lgbm_v2_climatology,4,1,humid_roll4_lag8,77.22003984451294,126
lgbm_v2_climatology,4,1,temp_roll4_lag4,119.19985008239746,126
lgbm_v2_climatology,4,1,temp_roll4_lag8,189.99627828598022,126
lgbm_v2_climatology,4,1,rain_roll12_lag12,91.89915919303894,126
lgbm_v2_climatology,4,1,neighbour_cases,821.568877696991,126
lgbm_v2_climatology,4,1,neighbour_diff4,545.8656616210938,126
lgbm_v2_climatology,4,1,national_cases,875.830157995224,126
lgbm_v2_climatology,4,1,national_diff4,1796.278980731964,126
lgbm_v2_climatology,4,1,district,2681.7276668548584,126
lgbm_v2_climatology,4,1,target_doy_sin,749.5723180770874,126
lgbm_v2_climatology,4,1,target_doy_cos,438.41480803489685,126
lgbm_v2,4,2,cases_log1p,5659.177251815796,143
lgbm_v2,4,2,rainfall_daily_mean_mm,281.31747007369995,143
lgbm_v2,4,2,rainy_days_frac,47.30391979217529,143
lgbm_v2,4,2,temperature_mean_c,402.54521918296814,143
lgbm_v2,4,2,diurnal_range_c,214.5399889945984,143
lgbm_v2,4,2,dewpoint_mean_c,309.7797598838806,143
lgbm_v2,4,2,relative_humidity_mean,284.4709098339081,143
lgbm_v2,4,2,wind_speed_mean,210.23599004745483,143
lgbm_v2,4,2,doy_sin,1890.1243453025818,143
lgbm_v2,4,2,doy_cos,621.9831199645996,143
lgbm_v2,4,2,weather_observed,0.0,143
lgbm_v2,4,2,case_observed,0.0,143
lgbm_v2,4,2,centroid_lat,313.02659034729004,143
lgbm_v2,4,2,centroid_lon,121.57287001609802,143
lgbm_v2,4,2,rainfall_daily_mean_mm_roll4,736.2355296611786,143
lgbm_v2,4,2,rainfall_daily_mean_mm_roll8,1232.7039563655853,143
lgbm_v2,4,2,rainfall_daily_mean_mm_roll12,163.15755987167358,143
lgbm_v2,4,2,temperature_mean_c_roll4,242.22758841514587,143
lgbm_v2,4,2,temperature_mean_c_roll8,212.43623185157776,143
lgbm_v2,4,2,temperature_mean_c_roll12,224.74129962921143,143
lgbm_v2,4,2,relative_humidity_mean_roll4,445.1857922077179,143
lgbm_v2,4,2,relative_humidity_mean_roll8,320.81283831596375,143
lgbm_v2,4,2,relative_humidity_mean_roll12,107.6477689743042,143
lgbm_v2,4,2,national_wave_rank,1895.4812197685242,143
lgbm_v2,4,2,trailing_52_cumulative_cases,976.5336997509003,143
lgbm_v2,4,2,cases_lag1,371.0541090965271,143
lgbm_v2,4,2,cases_lag2,1300.781883239746,143
lgbm_v2,4,2,cases_lag3,480.93243050575256,143
lgbm_v2,4,2,cases_lag4,330.3555471897125,143
lgbm_v2,4,2,cases_lag5,110.58126139640808,143
lgbm_v2,4,2,cases_lag6,139.82427978515625,143
lgbm_v2,4,2,cases_lag7,131.10663843154907,143
lgbm_v2,4,2,cases_lag8,110.4149808883667,143
lgbm_v2,4,2,cases_lag9,74.99978017807007,143
lgbm_v2,4,2,cases_lag10,118.8564600944519,143
lgbm_v2,4,2,cases_lag11,153.2450304031372,143
lgbm_v2,4,2,cases_lag12,104.7110505104065,143
lgbm_v2,4,2,cases_mean4,539.2613649368286,143
lgbm_v2,4,2,cases_mean8,419.5750505924225,143
lgbm_v2,4,2,cases_mean12,538.1136374473572,143
lgbm_v2,4,2,cases_max12,207.52280950546265,143
lgbm_v2,4,2,cases_diff1,19145.97980117798,143
lgbm_v2,4,2,cases_diff4,5087.74343585968,143
lgbm_v2,4,2,rain_roll4_lag4,833.6004161834717,143
lgbm_v2,4,2,rain_roll4_lag8,694.7187919616699,143
lgbm_v2,4,2,humid_roll4_lag4,228.50907135009766,143
lgbm_v2,4,2,humid_roll4_lag8,825.1192610263824,143
lgbm_v2,4,2,temp_roll4_lag4,157.22013998031616,143
lgbm_v2,4,2,temp_roll4_lag8,199.93353843688965,143
lgbm_v2,4,2,rain_roll12_lag12,461.23340225219727,143
lgbm_v2,4,2,neighbour_cases,685.3478484153748,143
lgbm_v2,4,2,neighbour_diff4,379.5720500946045,143
lgbm_v2,4,2,national_cases,1129.8964476585388,143
lgbm_v2,4,2,national_diff4,2327.140911579132,143
lgbm_v2,4,2,district,3981.244020462036,143
lgbm_v2,4,2,target_doy_sin,1665.2993564605713,143
lgbm_v2,4,2,target_doy_cos,1413.238017320633,143
lgbm_v2_noclimate,4,2,cases_log1p,5724.86418223381,188
lgbm_v2_noclimate,4,2,doy_sin,2809.4875741004944,188
lgbm_v2_noclimate,4,2,doy_cos,1435.25035572052,188
lgbm_v2_noclimate,4,2,weather_observed,0.0,188
lgbm_v2_noclimate,4,2,case_observed,0.0,188
lgbm_v2_noclimate,4,2,centroid_lat,433.1088683605194,188
lgbm_v2_noclimate,4,2,centroid_lon,225.4790904521942,188
lgbm_v2_noclimate,4,2,national_wave_rank,1731.8543705940247,188
lgbm_v2_noclimate,4,2,trailing_52_cumulative_cases,1557.6455326080322,188
lgbm_v2_noclimate,4,2,cases_lag1,787.1810972690582,188
lgbm_v2_noclimate,4,2,cases_lag2,1402.3556425571442,188
lgbm_v2_noclimate,4,2,cases_lag3,678.0157113075256,188
lgbm_v2_noclimate,4,2,cases_lag4,305.46723985671997,188
lgbm_v2_noclimate,4,2,cases_lag5,301.5652687549591,188
lgbm_v2_noclimate,4,2,cases_lag6,227.25881934165955,188
lgbm_v2_noclimate,4,2,cases_lag7,204.38415026664734,188
lgbm_v2_noclimate,4,2,cases_lag8,296.878870010376,188
lgbm_v2_noclimate,4,2,cases_lag9,277.781720161438,188
lgbm_v2_noclimate,4,2,cases_lag10,219.7560703754425,188
lgbm_v2_noclimate,4,2,cases_lag11,218.87786102294922,188
lgbm_v2_noclimate,4,2,cases_lag12,263.7792704105377,188
lgbm_v2_noclimate,4,2,cases_mean4,746.6758034229279,188
lgbm_v2_noclimate,4,2,cases_mean8,496.49858379364014,188
lgbm_v2_noclimate,4,2,cases_mean12,678.1521747112274,188
lgbm_v2_noclimate,4,2,cases_max12,369.63614082336426,188
lgbm_v2_noclimate,4,2,cases_diff1,19913.11767721176,188
lgbm_v2_noclimate,4,2,cases_diff4,4813.727804660797,188
lgbm_v2_noclimate,4,2,neighbour_cases,1280.6840353012085,188
lgbm_v2_noclimate,4,2,neighbour_diff4,1040.7094764709473,188
lgbm_v2_noclimate,4,2,national_cases,2528.3718881607056,188
lgbm_v2_noclimate,4,2,national_diff4,3421.9055309295654,188
lgbm_v2_noclimate,4,2,district,5196.240713953972,188
lgbm_v2_noclimate,4,2,target_doy_sin,2484.1966121196747,188
lgbm_v2_noclimate,4,2,target_doy_cos,2578.685109615326,188
lgbm_v2_climatology,4,2,cases_log1p,5155.7082595825195,92
lgbm_v2_climatology,4,2,rainfall_daily_mean_mm,366.38218927383423,92
lgbm_v2_climatology,4,2,rainy_days_frac,414.31380891799927,92
lgbm_v2_climatology,4,2,temperature_mean_c,178.07984018325806,92
lgbm_v2_climatology,4,2,diurnal_range_c,339.9467580318451,92
lgbm_v2_climatology,4,2,dewpoint_mean_c,241.69563913345337,92
lgbm_v2_climatology,4,2,relative_humidity_mean,144.464759349823,92
lgbm_v2_climatology,4,2,wind_speed_mean,52.75026035308838,92
lgbm_v2_climatology,4,2,doy_sin,1304.9424300193787,92
lgbm_v2_climatology,4,2,doy_cos,281.10406827926636,92
lgbm_v2_climatology,4,2,weather_observed,0.0,92
lgbm_v2_climatology,4,2,case_observed,0.0,92
lgbm_v2_climatology,4,2,centroid_lat,160.24377250671387,92
lgbm_v2_climatology,4,2,centroid_lon,83.1561689376831,92
lgbm_v2_climatology,4,2,rainfall_daily_mean_mm_roll4,611.2252569198608,92
lgbm_v2_climatology,4,2,rainfall_daily_mean_mm_roll8,586.7722079753876,92
lgbm_v2_climatology,4,2,rainfall_daily_mean_mm_roll12,80.90914058685303,92
lgbm_v2_climatology,4,2,temperature_mean_c_roll4,160.5980577468872,92
lgbm_v2_climatology,4,2,temperature_mean_c_roll8,118.55654096603394,92
lgbm_v2_climatology,4,2,temperature_mean_c_roll12,146.47104263305664,92
lgbm_v2_climatology,4,2,relative_humidity_mean_roll4,188.7841501235962,92
lgbm_v2_climatology,4,2,relative_humidity_mean_roll8,121.49225759506226,92
lgbm_v2_climatology,4,2,relative_humidity_mean_roll12,129.23418045043945,92
lgbm_v2_climatology,4,2,national_wave_rank,1729.9693760871887,92
lgbm_v2_climatology,4,2,trailing_52_cumulative_cases,759.0468807220459,92
lgbm_v2_climatology,4,2,cases_lag1,271.3431510925293,92
lgbm_v2_climatology,4,2,cases_lag2,985.7965722084045,92
lgbm_v2_climatology,4,2,cases_lag3,327.110800743103,92
lgbm_v2_climatology,4,2,cases_lag4,238.70659112930298,92
lgbm_v2_climatology,4,2,cases_lag5,95.22701072692871,92
lgbm_v2_climatology,4,2,cases_lag6,52.97873020172119,92
lgbm_v2_climatology,4,2,cases_lag7,64.55280017852783,92
lgbm_v2_climatology,4,2,cases_lag8,45.502089500427246,92
lgbm_v2_climatology,4,2,cases_lag9,47.13498115539551,92
lgbm_v2_climatology,4,2,cases_lag10,86.0855598449707,92
lgbm_v2_climatology,4,2,cases_lag11,38.9208300113678,92
lgbm_v2_climatology,4,2,cases_lag12,31.53794002532959,92
lgbm_v2_climatology,4,2,cases_mean4,486.8451623916626,92
lgbm_v2_climatology,4,2,cases_mean8,406.1842393875122,92
lgbm_v2_climatology,4,2,cases_mean12,514.980094909668,92
lgbm_v2_climatology,4,2,cases_max12,161.49187898635864,92
lgbm_v2_climatology,4,2,cases_diff1,18961.213010787964,92
lgbm_v2_climatology,4,2,cases_diff4,4899.276091098785,92
lgbm_v2_climatology,4,2,rain_roll4_lag4,192.0496702194214,92
lgbm_v2_climatology,4,2,rain_roll4_lag8,58.24229097366333,92
lgbm_v2_climatology,4,2,humid_roll4_lag4,161.83777046203613,92
lgbm_v2_climatology,4,2,humid_roll4_lag8,208.33064079284668,92
lgbm_v2_climatology,4,2,temp_roll4_lag4,198.83614206314087,92
lgbm_v2_climatology,4,2,temp_roll4_lag8,91.86290979385376,92
lgbm_v2_climatology,4,2,rain_roll12_lag12,134.42568063735962,92
lgbm_v2_climatology,4,2,neighbour_cases,586.2486095428467,92
lgbm_v2_climatology,4,2,neighbour_diff4,334.1188521385193,92
lgbm_v2_climatology,4,2,national_cases,812.6942167282104,92
lgbm_v2_climatology,4,2,national_diff4,1876.1510610580444,92
lgbm_v2_climatology,4,2,district,3045.1894240379333,92
lgbm_v2_climatology,4,2,target_doy_sin,1397.3073263168335,92
lgbm_v2_climatology,4,2,target_doy_cos,1218.2955150604248,92
lgbm_v2,4,3,cases_log1p,8209.236924648285,237
lgbm_v2,4,3,rainfall_daily_mean_mm,648.557651758194,237
lgbm_v2,4,3,rainy_days_frac,76.6269600391388,237
lgbm_v2,4,3,temperature_mean_c,565.1185626983643,237
lgbm_v2,4,3,diurnal_range_c,290.4945297241211,237
lgbm_v2,4,3,dewpoint_mean_c,494.6768584251404,237
lgbm_v2,4,3,relative_humidity_mean,399.1448338031769,237
lgbm_v2,4,3,wind_speed_mean,372.0431499481201,237
lgbm_v2,4,3,doy_sin,2596.1328904628754,237
lgbm_v2,4,3,doy_cos,1251.702642917633,237
lgbm_v2,4,3,weather_observed,0.0,237
lgbm_v2,4,3,case_observed,0.0,237
lgbm_v2,4,3,centroid_lat,452.8341112136841,237
lgbm_v2,4,3,centroid_lon,228.86749958992004,237
lgbm_v2,4,3,rainfall_daily_mean_mm_roll4,1437.4819841384888,237
lgbm_v2,4,3,rainfall_daily_mean_mm_roll8,2028.1815733909607,237
lgbm_v2,4,3,rainfall_daily_mean_mm_roll12,298.30587100982666,237
lgbm_v2,4,3,temperature_mean_c_roll4,511.07193970680237,237
lgbm_v2,4,3,temperature_mean_c_roll8,309.31087017059326,237
lgbm_v2,4,3,temperature_mean_c_roll12,313.85228872299194,237
lgbm_v2,4,3,relative_humidity_mean_roll4,1171.1810281276703,237
lgbm_v2,4,3,relative_humidity_mean_roll8,410.6322898864746,237
lgbm_v2,4,3,relative_humidity_mean_roll12,343.07388830184937,237
lgbm_v2,4,3,national_wave_rank,2692.5410339832306,237
lgbm_v2,4,3,trailing_52_cumulative_cases,1510.0254621505737,237
lgbm_v2,4,3,cases_lag1,563.1739301681519,237
lgbm_v2,4,3,cases_lag2,1290.9646968841553,237
lgbm_v2,4,3,cases_lag3,410.5425889492035,237
lgbm_v2,4,3,cases_lag4,307.1426706314087,237
lgbm_v2,4,3,cases_lag5,215.40285897254944,237
lgbm_v2,4,3,cases_lag6,269.6627893447876,237
lgbm_v2,4,3,cases_lag7,102.97420001029968,237
lgbm_v2,4,3,cases_lag8,168.8692488670349,237
lgbm_v2,4,3,cases_lag9,204.97084069252014,237
lgbm_v2,4,3,cases_lag10,153.23860931396484,237
lgbm_v2,4,3,cases_lag11,265.5039188861847,237
lgbm_v2,4,3,cases_lag12,267.161030292511,237
lgbm_v2,4,3,cases_mean4,555.3800051212311,237
lgbm_v2,4,3,cases_mean8,634.6463820934296,237
lgbm_v2,4,3,cases_mean12,859.1396746635437,237
lgbm_v2,4,3,cases_max12,828.1860582828522,237
lgbm_v2,4,3,cases_diff1,18721.09610891342,237
lgbm_v2,4,3,cases_diff4,3981.714857339859,237
lgbm_v2,4,3,rain_roll4_lag4,605.1845276355743,237
lgbm_v2,4,3,rain_roll4_lag8,1353.5344882011414,237
lgbm_v2,4,3,humid_roll4_lag4,425.58085107803345,237
lgbm_v2,4,3,humid_roll4_lag8,2122.503209590912,237
lgbm_v2,4,3,temp_roll4_lag4,352.1820275783539,237
lgbm_v2,4,3,temp_roll4_lag8,434.09454011917114,237
lgbm_v2,4,3,rain_roll12_lag12,709.7827498912811,237
lgbm_v2,4,3,neighbour_cases,1228.3981902599335,237
lgbm_v2,4,3,neighbour_diff4,759.893486738205,237
lgbm_v2,4,3,national_cases,2797.7405273914337,237
lgbm_v2,4,3,national_diff4,4488.396863222122,237
lgbm_v2,4,3,district,7137.502369403839,237
lgbm_v2,4,3,target_doy_sin,2093.4060361385345,237
lgbm_v2,4,3,target_doy_cos,2978.421776533127,237
lgbm_v2_noclimate,4,3,cases_log1p,7949.572320699692,210
lgbm_v2_noclimate,4,3,doy_sin,3595.684856891632,210
lgbm_v2_noclimate,4,3,doy_cos,2006.6397922039032,210
lgbm_v2_noclimate,4,3,weather_observed,0.0,210
lgbm_v2_noclimate,4,3,case_observed,0.0,210
lgbm_v2_noclimate,4,3,centroid_lat,490.98814058303833,210
lgbm_v2_noclimate,4,3,centroid_lon,264.64109086990356,210
lgbm_v2_noclimate,4,3,national_wave_rank,2603.994651079178,210
lgbm_v2_noclimate,4,3,trailing_52_cumulative_cases,2392.508211374283,210
lgbm_v2_noclimate,4,3,cases_lag1,686.4804363250732,210
lgbm_v2_noclimate,4,3,cases_lag2,1214.7944178581238,210
lgbm_v2_noclimate,4,3,cases_lag3,563.0749803781509,210
lgbm_v2_noclimate,4,3,cases_lag4,352.37688088417053,210
lgbm_v2_noclimate,4,3,cases_lag5,217.0541296005249,210
lgbm_v2_noclimate,4,3,cases_lag6,411.4748504161835,210
lgbm_v2_noclimate,4,3,cases_lag7,180.0965497493744,210
lgbm_v2_noclimate,4,3,cases_lag8,285.7848222255707,210
lgbm_v2_noclimate,4,3,cases_lag9,195.72625017166138,210
lgbm_v2_noclimate,4,3,cases_lag10,206.481379032135,210
lgbm_v2_noclimate,4,3,cases_lag11,291.22891211509705,210
lgbm_v2_noclimate,4,3,cases_lag12,220.4809594154358,210
lgbm_v2_noclimate,4,3,cases_mean4,622.0160083770752,210
lgbm_v2_noclimate,4,3,cases_mean8,809.2427217960358,210
lgbm_v2_noclimate,4,3,cases_mean12,903.2281291484833,210
lgbm_v2_noclimate,4,3,cases_max12,980.7950367927551,210
lgbm_v2_noclimate,4,3,cases_diff1,19394.34453511238,210
lgbm_v2_noclimate,4,3,cases_diff4,3630.359091758728,210
lgbm_v2_noclimate,4,3,neighbour_cases,1714.9312130212784,210
lgbm_v2_noclimate,4,3,neighbour_diff4,1064.1449327468872,210
lgbm_v2_noclimate,4,3,national_cases,4687.613672733307,210
lgbm_v2_noclimate,4,3,national_diff4,5361.514055252075,210
lgbm_v2_noclimate,4,3,district,6964.9030640125275,210
lgbm_v2_noclimate,4,3,target_doy_sin,3229.848786830902,210
lgbm_v2_noclimate,4,3,target_doy_cos,4048.2163251638412,210
lgbm_v2_climatology,4,3,cases_log1p,7831.902690887451,167
lgbm_v2_climatology,4,3,rainfall_daily_mean_mm,439.1515386104584,167
lgbm_v2_climatology,4,3,rainy_days_frac,871.2602195739746,167
lgbm_v2_climatology,4,3,temperature_mean_c,307.8651292324066,167
lgbm_v2_climatology,4,3,diurnal_range_c,397.15179085731506,167
lgbm_v2_climatology,4,3,dewpoint_mean_c,329.9155304431915,167
lgbm_v2_climatology,4,3,relative_humidity_mean,372.9959888458252,167
lgbm_v2_climatology,4,3,wind_speed_mean,143.90132093429565,167
lgbm_v2_climatology,4,3,doy_sin,2521.6758320331573,167
lgbm_v2_climatology,4,3,doy_cos,909.5399005413055,167
lgbm_v2_climatology,4,3,weather_observed,0.0,167
lgbm_v2_climatology,4,3,case_observed,0.0,167
lgbm_v2_climatology,4,3,centroid_lat,225.42029094696045,167
lgbm_v2_climatology,4,3,centroid_lon,174.39618825912476,167
lgbm_v2_climatology,4,3,rainfall_daily_mean_mm_roll4,1066.5679636001587,167
lgbm_v2_climatology,4,3,rainfall_daily_mean_mm_roll8,908.0721492767334,167
lgbm_v2_climatology,4,3,rainfall_daily_mean_mm_roll12,320.56934881210327,167
lgbm_v2_climatology,4,3,temperature_mean_c_roll4,284.9557509422302,167
lgbm_v2_climatology,4,3,temperature_mean_c_roll8,212.02085828781128,167
lgbm_v2_climatology,4,3,temperature_mean_c_roll12,260.40811038017273,167
lgbm_v2_climatology,4,3,relative_humidity_mean_roll4,322.21610736846924,167
lgbm_v2_climatology,4,3,relative_humidity_mean_roll8,203.2403588294983,167
lgbm_v2_climatology,4,3,relative_humidity_mean_roll12,275.4198110103607,167
lgbm_v2_climatology,4,3,national_wave_rank,2738.535752773285,167
lgbm_v2_climatology,4,3,trailing_52_cumulative_cases,1580.5409228801727,167
lgbm_v2_climatology,4,3,cases_lag1,461.5606596469879,167
lgbm_v2_climatology,4,3,cases_lag2,1102.6246457099915,167
lgbm_v2_climatology,4,3,cases_lag3,245.73616123199463,167
lgbm_v2_climatology,4,3,cases_lag4,273.9623613357544,167
lgbm_v2_climatology,4,3,cases_lag5,148.40900897979736,167
lgbm_v2_climatology,4,3,cases_lag6,199.61607933044434,167
lgbm_v2_climatology,4,3,cases_lag7,102.10265946388245,167
lgbm_v2_climatology,4,3,cases_lag8,164.7223596572876,167
lgbm_v2_climatology,4,3,cases_lag9,167.59774136543274,167
lgbm_v2_climatology,4,3,cases_lag10,100.50198125839233,167
lgbm_v2_climatology,4,3,cases_lag11,201.13655066490173,167
lgbm_v2_climatology,4,3,cases_lag12,227.0488839149475,167
lgbm_v2_climatology,4,3,cases_mean4,496.2110176086426,167
lgbm_v2_climatology,4,3,cases_mean8,431.3982400894165,167
lgbm_v2_climatology,4,3,cases_mean12,796.0877871513367,167
lgbm_v2_climatology,4,3,cases_max12,741.5055632591248,167
lgbm_v2_climatology,4,3,cases_diff1,18614.323134422302,167
lgbm_v2_climatology,4,3,cases_diff4,3882.647575378418,167
lgbm_v2_climatology,4,3,rain_roll4_lag4,268.27602910995483,167
lgbm_v2_climatology,4,3,rain_roll4_lag8,208.3721809387207,167
lgbm_v2_climatology,4,3,humid_roll4_lag4,304.64105105400085,167
lgbm_v2_climatology,4,3,humid_roll4_lag8,467.3590829372406,167
lgbm_v2_climatology,4,3,temp_roll4_lag4,241.94383001327515,167
lgbm_v2_climatology,4,3,temp_roll4_lag8,310.527099609375,167
lgbm_v2_climatology,4,3,rain_roll12_lag12,145.6302993297577,167
lgbm_v2_climatology,4,3,neighbour_cases,1194.7869851589203,167
lgbm_v2_climatology,4,3,neighbour_diff4,620.7545690536499,167
lgbm_v2_climatology,4,3,national_cases,3186.9894235134125,167
lgbm_v2_climatology,4,3,national_diff4,4330.703476190567,167
lgbm_v2_climatology,4,3,district,5657.401180744171,167
lgbm_v2_climatology,4,3,target_doy_sin,2017.693702697754,167
lgbm_v2_climatology,4,3,target_doy_cos,3024.6291797161102,167
lgbm_v2,4,4,cases_log1p,11147.938608169556,133
lgbm_v2,4,4,rainfall_daily_mean_mm,223.5406403541565,133
lgbm_v2,4,4,rainy_days_frac,21.85724973678589,133
lgbm_v2,4,4,temperature_mean_c,328.4202070236206,133
lgbm_v2,4,4,diurnal_range_c,330.74604988098145,133
lgbm_v2,4,4,dewpoint_mean_c,283.1817808151245,133
lgbm_v2,4,4,relative_humidity_mean,299.55113315582275,133
lgbm_v2,4,4,wind_speed_mean,141.46269035339355,133
lgbm_v2,4,4,doy_sin,1865.1663126945496,133
lgbm_v2,4,4,doy_cos,1427.2926197052002,133
lgbm_v2,4,4,weather_observed,0.0,133
lgbm_v2,4,4,case_observed,0.0,133
lgbm_v2,4,4,centroid_lat,620.3042531013489,133
lgbm_v2,4,4,centroid_lon,142.25646018981934,133
lgbm_v2,4,4,rainfall_daily_mean_mm_roll4,2147.250584602356,133
lgbm_v2,4,4,rainfall_daily_mean_mm_roll8,2272.6346225738525,133
lgbm_v2,4,4,rainfall_daily_mean_mm_roll12,73.32219934463501,133
lgbm_v2,4,4,temperature_mean_c_roll4,530.2046093940735,133
lgbm_v2,4,4,temperature_mean_c_roll8,326.3843674659729,133
lgbm_v2,4,4,temperature_mean_c_roll12,190.8065299987793,133
lgbm_v2,4,4,relative_humidity_mean_roll4,1207.0067944526672,133
lgbm_v2,4,4,relative_humidity_mean_roll8,225.826979637146,133
lgbm_v2,4,4,relative_humidity_mean_roll12,189.56287002563477,133
lgbm_v2,4,4,national_wave_rank,3214.2718596458435,133
lgbm_v2,4,4,trailing_52_cumulative_cases,1599.4078888893127,133
lgbm_v2,4,4,cases_lag1,314.55855798721313,133
lgbm_v2,4,4,cases_lag2,927.4860258102417,133
lgbm_v2,4,4,cases_lag3,369.87179946899414,133
lgbm_v2,4,4,cases_lag4,182.2206621170044,133
lgbm_v2,4,4,cases_lag5,183.7511100769043,133
lgbm_v2,4,4,cases_lag6,16.390039920806885,133
lgbm_v2,4,4,cases_lag7,64.01954984664917,133
lgbm_v2,4,4,cases_lag8,75.44028949737549,133
lgbm_v2,4,4,cases_lag9,75.30602931976318,133
lgbm_v2,4,4,cases_lag10,97.14410924911499,133
lgbm_v2,4,4,cases_lag11,129.3160400390625,133
lgbm_v2,4,4,cases_lag12,210.9918704032898,133
lgbm_v2,4,4,cases_mean4,568.970221042633,133
lgbm_v2,4,4,cases_mean8,283.8396592140198,133
lgbm_v2,4,4,cases_mean12,489.1247982978821,133
lgbm_v2,4,4,cases_max12,890.0710587501526,133
lgbm_v2,4,4,cases_diff1,17327.374932289124,133
lgbm_v2,4,4,cases_diff4,3128.885260105133,133
lgbm_v2,4,4,rain_roll4_lag4,327.9981412887573,133
lgbm_v2,4,4,rain_roll4_lag8,1770.109332561493,133
lgbm_v2,4,4,humid_roll4_lag4,166.77478075027466,133
lgbm_v2,4,4,humid_roll4_lag8,2761.815496444702,133
lgbm_v2,4,4,temp_roll4_lag4,343.1873197555542,133
lgbm_v2,4,4,temp_roll4_lag8,241.73157167434692,133
lgbm_v2,4,4,rain_roll12_lag12,438.3369092941284,133
lgbm_v2,4,4,neighbour_cases,1280.1611127853394,133
lgbm_v2,4,4,neighbour_diff4,472.5445261001587,133
lgbm_v2,4,4,national_cases,2698.5835552215576,133
lgbm_v2,4,4,national_diff4,3337.583589076996,133
lgbm_v2,4,4,district,6842.215323448181,133
lgbm_v2,4,4,target_doy_sin,3150.671995162964,133
lgbm_v2,4,4,target_doy_cos,2645.935875415802,133
lgbm_v2_noclimate,4,4,cases_log1p,10723.450485229492,80
lgbm_v2_noclimate,4,4,doy_sin,2414.9939131736755,80
lgbm_v2_noclimate,4,4,doy_cos,2125.5156965255737,80
lgbm_v2_noclimate,4,4,weather_observed,0.0,80
lgbm_v2_noclimate,4,4,case_observed,0.0,80
lgbm_v2_noclimate,4,4,centroid_lat,690.6998982429504,80
lgbm_v2_noclimate,4,4,centroid_lon,178.64225959777832,80
lgbm_v2_noclimate,4,4,national_wave_rank,2419.8675351142883,80
lgbm_v2_noclimate,4,4,trailing_52_cumulative_cases,2043.7488312721252,80
lgbm_v2_noclimate,4,4,cases_lag1,507.09981966018677,80
lgbm_v2_noclimate,4,4,cases_lag2,566.5987663269043,80
lgbm_v2_noclimate,4,4,cases_lag3,324.4219608306885,80
lgbm_v2_noclimate,4,4,cases_lag4,30.548280239105225,80
lgbm_v2_noclimate,4,4,cases_lag5,41.297730445861816,80
lgbm_v2_noclimate,4,4,cases_lag6,43.9180703163147,80
lgbm_v2_noclimate,4,4,cases_lag7,40.26027059555054,80
lgbm_v2_noclimate,4,4,cases_lag8,36.938260555267334,80
lgbm_v2_noclimate,4,4,cases_lag9,32.08710050582886,80
lgbm_v2_noclimate,4,4,cases_lag10,35.29773998260498,80
lgbm_v2_noclimate,4,4,cases_lag11,125.30570030212402,80
lgbm_v2_noclimate,4,4,cases_lag12,71.41067028045654,80
lgbm_v2_noclimate,4,4,cases_mean4,656.7287187576294,80
lgbm_v2_noclimate,4,4,cases_mean8,291.8244514465332,80
lgbm_v2_noclimate,4,4,cases_mean12,889.0698776245117,80
lgbm_v2_noclimate,4,4,cases_max12,851.0234379768372,80
lgbm_v2_noclimate,4,4,cases_diff1,17220.180587291718,80
lgbm_v2_noclimate,4,4,cases_diff4,2012.6758618354797,80
lgbm_v2_noclimate,4,4,neighbour_cases,1359.7338423728943,80
lgbm_v2_noclimate,4,4,neighbour_diff4,341.40274000167847,80
lgbm_v2_noclimate,4,4,national_cases,3174.071491241455,80
lgbm_v2_noclimate,4,4,national_diff4,3189.79283285141,80
lgbm_v2_noclimate,4,4,district,5541.303880691528,80
lgbm_v2_noclimate,4,4,target_doy_sin,3357.7585763931274,80
lgbm_v2_noclimate,4,4,target_doy_cos,3724.4699397087097,80
lgbm_v2_climatology,4,4,cases_log1p,10459.900173664093,66
lgbm_v2_climatology,4,4,rainfall_daily_mean_mm,1179.2222051620483,66
lgbm_v2_climatology,4,4,rainy_days_frac,1088.324701309204,66
lgbm_v2_climatology,4,4,temperature_mean_c,155.47670936584473,66
lgbm_v2_climatology,4,4,diurnal_range_c,182.65868759155273,66
lgbm_v2_climatology,4,4,dewpoint_mean_c,171.0833797454834,66
lgbm_v2_climatology,4,4,relative_humidity_mean,342.1337637901306,66
lgbm_v2_climatology,4,4,wind_speed_mean,44.53886032104492,66
lgbm_v2_climatology,4,4,doy_sin,802.5788426399231,66
lgbm_v2_climatology,4,4,doy_cos,1257.638030052185,66
lgbm_v2_climatology,4,4,weather_observed,0.0,66
lgbm_v2_climatology,4,4,case_observed,0.0,66
lgbm_v2_climatology,4,4,centroid_lat,270.49578952789307,66
lgbm_v2_climatology,4,4,centroid_lon,74.60210037231445,66
lgbm_v2_climatology,4,4,rainfall_daily_mean_mm_roll4,1227.677303314209,66
lgbm_v2_climatology,4,4,rainfall_daily_mean_mm_roll8,684.079845905304,66
lgbm_v2_climatology,4,4,rainfall_daily_mean_mm_roll12,192.26811742782593,66
lgbm_v2_climatology,4,4,temperature_mean_c_roll4,176.6782727241516,66
lgbm_v2_climatology,4,4,temperature_mean_c_roll8,226.90581703186035,66
lgbm_v2_climatology,4,4,temperature_mean_c_roll12,213.81072998046875,66
lgbm_v2_climatology,4,4,relative_humidity_mean_roll4,192.64190006256104,66
lgbm_v2_climatology,4,4,relative_humidity_mean_roll8,108.84453010559082,66
lgbm_v2_climatology,4,4,relative_humidity_mean_roll12,88.79047012329102,66
lgbm_v2_climatology,4,4,national_wave_rank,2368.8839716911316,66
lgbm_v2_climatology,4,4,trailing_52_cumulative_cases,1386.7652411460876,66
lgbm_v2_climatology,4,4,cases_lag1,279.6479206085205,66
lgbm_v2_climatology,4,4,cases_lag2,767.309419631958,66
lgbm_v2_climatology,4,4,cases_lag3,237.21719980239868,66
lgbm_v2_climatology,4,4,cases_lag4,89.90029954910278,66
lgbm_v2_climatology,4,4,cases_lag5,87.46990013122559,66
lgbm_v2_climatology,4,4,cases_lag6,42.69070053100586,66
lgbm_v2_climatology,4,4,cases_lag7,24.29759979248047,66
lgbm_v2_climatology,4,4,cases_lag8,14.179900169372559,66
lgbm_v2_climatology,4,4,cases_lag9,16.072309970855713,66
lgbm_v2_climatology,4,4,cases_lag10,28.19349956512451,66
lgbm_v2_climatology,4,4,cases_lag11,20.884940147399902,66
lgbm_v2_climatology,4,4,cases_lag12,120.17114925384521,66
lgbm_v2_climatology,4,4,cases_mean4,378.7540111541748,66
lgbm_v2_climatology,4,4,cases_mean8,243.4037299156189,66
lgbm_v2_climatology,4,4,cases_mean12,437.5368900299072,66
lgbm_v2_climatology,4,4,cases_max12,967.809494972229,66
lgbm_v2_climatology,4,4,cases_diff1,16889.176380634308,66
lgbm_v2_climatology,4,4,cases_diff4,2270.0008239746094,66
lgbm_v2_climatology,4,4,rain_roll4_lag4,153.31877899169922,66
lgbm_v2_climatology,4,4,rain_roll4_lag8,144.39965915679932,66
lgbm_v2_climatology,4,4,humid_roll4_lag4,85.80522108078003,66
lgbm_v2_climatology,4,4,humid_roll4_lag8,312.2347021102905,66
lgbm_v2_climatology,4,4,temp_roll4_lag4,296.7871503829956,66
lgbm_v2_climatology,4,4,temp_roll4_lag8,78.86062049865723,66
lgbm_v2_climatology,4,4,rain_roll12_lag12,58.20283031463623,66
lgbm_v2_climatology,4,4,neighbour_cases,1049.8293175697327,66
lgbm_v2_climatology,4,4,neighbour_diff4,247.26455163955688,66
lgbm_v2_climatology,4,4,national_cases,1605.064471244812,66
lgbm_v2_climatology,4,4,national_diff4,2258.5642642974854,66
lgbm_v2_climatology,4,4,district,4200.335812091827,66
lgbm_v2_climatology,4,4,target_doy_sin,2310.2969121932983,66
lgbm_v2_climatology,4,4,target_doy_cos,1934.705213546753,66
lgbm_v2,4,6,cases_log1p,20872.184077739716,105
lgbm_v2,4,6,rainfall_daily_mean_mm,182.96661186218262,105
lgbm_v2,4,6,rainy_days_frac,177.330331325531,105
lgbm_v2,4,6,temperature_mean_c,677.0972270965576,105
lgbm_v2,4,6,diurnal_range_c,244.0194320678711,105
lgbm_v2,4,6,dewpoint_mean_c,818.8674516677856,105
lgbm_v2,4,6,relative_humidity_mean,378.3022871017456,105
lgbm_v2,4,6,wind_speed_mean,228.40424919128418,105
lgbm_v2,4,6,doy_sin,2310.5320677757263,105
lgbm_v2,4,6,doy_cos,1683.1777200698853,105
lgbm_v2,4,6,weather_observed,0.0,105
lgbm_v2,4,6,case_observed,0.0,105
lgbm_v2,4,6,centroid_lat,666.4207215309143,105
lgbm_v2,4,6,centroid_lon,182.40260124206543,105
lgbm_v2,4,6,rainfall_daily_mean_mm_roll4,5376.931377410889,105
lgbm_v2,4,6,rainfall_daily_mean_mm_roll8,342.14702129364014,105
lgbm_v2,4,6,rainfall_daily_mean_mm_roll12,196.5242214202881,105
lgbm_v2,4,6,temperature_mean_c_roll4,383.38165044784546,105
lgbm_v2,4,6,temperature_mean_c_roll8,415.8539414405823,105
lgbm_v2,4,6,temperature_mean_c_roll12,250.76626110076904,105
lgbm_v2,4,6,relative_humidity_mean_roll4,1129.977201461792,105
lgbm_v2,4,6,relative_humidity_mean_roll8,155.50992107391357,105
lgbm_v2,4,6,relative_humidity_mean_roll12,278.99088859558105,105
lgbm_v2,4,6,national_wave_rank,3583.1576075553894,105
lgbm_v2,4,6,trailing_52_cumulative_cases,2883.6711435317993,105
lgbm_v2,4,6,cases_lag1,419.35822916030884,105
lgbm_v2,4,6,cases_lag2,227.95433902740479,105
lgbm_v2,4,6,cases_lag3,110.93893909454346,105
lgbm_v2,4,6,cases_lag4,191.4609661102295,105
lgbm_v2,4,6,cases_lag5,0.0,105
lgbm_v2,4,6,cases_lag6,38.29068851470947,105
lgbm_v2,4,6,cases_lag7,79.7931923866272,105
lgbm_v2,4,6,cases_lag8,71.30571937561035,105
lgbm_v2,4,6,cases_lag9,113.41458940505981,105
lgbm_v2,4,6,cases_lag10,63.019060134887695,105
lgbm_v2,4,6,cases_lag11,35.14023971557617,105
lgbm_v2,4,6,cases_lag12,92.32414960861206,105
lgbm_v2,4,6,cases_mean4,557.0057220458984,105
lgbm_v2,4,6,cases_mean8,404.2074189186096,105
lgbm_v2,4,6,cases_mean12,269.9516315460205,105
lgbm_v2,4,6,cases_max12,964.8592023849487,105
lgbm_v2,4,6,cases_diff1,11587.481937408447,105
lgbm_v2,4,6,cases_diff4,3239.7210397720337,105
lgbm_v2,4,6,rain_roll4_lag4,275.6846399307251,105
lgbm_v2,4,6,rain_roll4_lag8,2920.6834192276,105
lgbm_v2,4,6,humid_roll4_lag4,306.0114526748657,105
lgbm_v2,4,6,humid_roll4_lag8,3708.2137002944946,105
lgbm_v2,4,6,temp_roll4_lag4,465.38432264328003,105
lgbm_v2,4,6,temp_roll4_lag8,156.46113204956055,105
lgbm_v2,4,6,rain_roll12_lag12,464.1464509963989,105
lgbm_v2,4,6,neighbour_cases,1444.5000743865967,105
lgbm_v2,4,6,neighbour_diff4,124.7311201095581,105
lgbm_v2,4,6,national_cases,3995.7030363082886,105
lgbm_v2,4,6,national_diff4,3051.164465904236,105
lgbm_v2,4,6,district,10529.915872573853,105
lgbm_v2,4,6,target_doy_sin,3376.2084307670593,105
lgbm_v2,4,6,target_doy_cos,6265.870252132416,105
lgbm_v2_noclimate,4,6,cases_log1p,18590.980298042297,40
lgbm_v2_noclimate,4,6,doy_sin,3226.127694129944,40
lgbm_v2_noclimate,4,6,doy_cos,1569.090991973877,40
lgbm_v2_noclimate,4,6,weather_observed,0.0,40
lgbm_v2_noclimate,4,6,case_observed,0.0,40
lgbm_v2_noclimate,4,6,centroid_lat,505.50510120391846,40
lgbm_v2_noclimate,4,6,centroid_lon,208.91769790649414,40
lgbm_v2_noclimate,4,6,national_wave_rank,1444.9065017700195,40
lgbm_v2_noclimate,4,6,trailing_52_cumulative_cases,2370.0762977600098,40
lgbm_v2_noclimate,4,6,cases_lag1,400.86089515686035,40
lgbm_v2_noclimate,4,6,cases_lag2,52.809800148010254,40
lgbm_v2_noclimate,4,6,cases_lag3,31.86039924621582,40
lgbm_v2_noclimate,4,6,cases_lag4,0.0,40
lgbm_v2_noclimate,4,6,cases_lag5,63.1095027923584,40
lgbm_v2_noclimate,4,6,cases_lag6,0.0,40
lgbm_v2_noclimate,4,6,cases_lag7,0.0,40
lgbm_v2_noclimate,4,6,cases_lag8,35.09679985046387,40
lgbm_v2_noclimate,4,6,cases_lag9,54.133700370788574,40
lgbm_v2_noclimate,4,6,cases_lag10,12.757599830627441,40
lgbm_v2_noclimate,4,6,cases_lag11,0.0,40
lgbm_v2_noclimate,4,6,cases_lag12,66.35890197753906,40
lgbm_v2_noclimate,4,6,cases_mean4,845.6901960372925,40
lgbm_v2_noclimate,4,6,cases_mean8,106.05609893798828,40
lgbm_v2_noclimate,4,6,cases_mean12,216.92780113220215,40
lgbm_v2_noclimate,4,6,cases_max12,971.3601913452148,40
lgbm_v2_noclimate,4,6,cases_diff1,9591.623976707458,40
lgbm_v2_noclimate,4,6,cases_diff4,1520.6734008789062,40
lgbm_v2_noclimate,4,6,neighbour_cases,1157.136209487915,40
lgbm_v2_noclimate,4,6,neighbour_diff4,13.764599800109863,40
lgbm_v2_noclimate,4,6,national_cases,3710.704111099243,40
lgbm_v2_noclimate,4,6,national_diff4,1692.922800064087,40
lgbm_v2_noclimate,4,6,district,6427.3725872039795,40
lgbm_v2_noclimate,4,6,target_doy_sin,3354.1278972625732,40
lgbm_v2_noclimate,4,6,target_doy_cos,6716.248894691467,40
lgbm_v2_climatology,4,6,cases_log1p,19613.256197929382,47
lgbm_v2_climatology,4,6,rainfall_daily_mean_mm,760.5350904464722,47
lgbm_v2_climatology,4,6,rainy_days_frac,1741.3932809829712,47
lgbm_v2_climatology,4,6,temperature_mean_c,147.4224977493286,47
lgbm_v2_climatology,4,6,diurnal_range_c,39.62470054626465,47
lgbm_v2_climatology,4,6,dewpoint_mean_c,173.24299812316895,47
lgbm_v2_climatology,4,6,relative_humidity_mean,115.14500141143799,47
lgbm_v2_climatology,4,6,wind_speed_mean,73.43930053710938,47
lgbm_v2_climatology,4,6,doy_sin,1976.0483140945435,47
lgbm_v2_climatology,4,6,doy_cos,1721.4899997711182,47
lgbm_v2_climatology,4,6,weather_observed,0.0,47
lgbm_v2_climatology,4,6,case_observed,0.0,47
lgbm_v2_climatology,4,6,centroid_lat,250.1540994644165,47
lgbm_v2_climatology,4,6,centroid_lon,152.85349941253662,47
lgbm_v2_climatology,4,6,rainfall_daily_mean_mm_roll4,2073.15430355072,47
lgbm_v2_climatology,4,6,rainfall_daily_mean_mm_roll8,673.0742998123169,47
lgbm_v2_climatology,4,6,rainfall_daily_mean_mm_roll12,397.1997022628784,47
lgbm_v2_climatology,4,6,temperature_mean_c_roll4,455.86549949645996,47
lgbm_v2_climatology,4,6,temperature_mean_c_roll8,156.9059009552002,47
lgbm_v2_climatology,4,6,temperature_mean_c_roll12,140.03129863739014,47
lgbm_v2_climatology,4,6,relative_humidity_mean_roll4,131.69579887390137,47
lgbm_v2_climatology,4,6,relative_humidity_mean_roll8,78.73519897460938,47
lgbm_v2_climatology,4,6,relative_humidity_mean_roll12,70.73090171813965,47
lgbm_v2_climatology,4,6,national_wave_rank,1752.8636054992676,47
lgbm_v2_climatology,4,6,trailing_52_cumulative_cases,2328.649271965027,47
lgbm_v2_climatology,4,6,cases_lag1,241.51060104370117,47
lgbm_v2_climatology,4,6,cases_lag2,85.48980140686035,47
lgbm_v2_climatology,4,6,cases_lag3,135.59149837493896,47
lgbm_v2_climatology,4,6,cases_lag4,104.79839897155762,47
lgbm_v2_climatology,4,6,cases_lag5,0.0,47
lgbm_v2_climatology,4,6,cases_lag6,13.081000328063965,47
lgbm_v2_climatology,4,6,cases_lag7,23.02389907836914,47
lgbm_v2_climatology,4,6,cases_lag8,16.419099807739258,47
lgbm_v2_climatology,4,6,cases_lag9,0.0,47
lgbm_v2_climatology,4,6,cases_lag10,0.0,47
lgbm_v2_climatology,4,6,cases_lag11,10.650300025939941,47
lgbm_v2_climatology,4,6,cases_lag12,164.90939903259277,47
lgbm_v2_climatology,4,6,cases_mean4,286.4821014404297,47
lgbm_v2_climatology,4,6,cases_mean8,314.81139755249023,47
lgbm_v2_climatology,4,6,cases_mean12,177.35900020599365,47
lgbm_v2_climatology,4,6,cases_max12,471.5913953781128,47
lgbm_v2_climatology,4,6,cases_diff1,10047.366300582886,47
lgbm_v2_climatology,4,6,cases_diff4,1955.1699256896973,47
lgbm_v2_climatology,4,6,rain_roll4_lag4,81.90919971466064,47
lgbm_v2_climatology,4,6,rain_roll4_lag8,241.9300022125244,47
lgbm_v2_climatology,4,6,humid_roll4_lag4,20.817800521850586,47
lgbm_v2_climatology,4,6,humid_roll4_lag8,230.1515007019043,47
lgbm_v2_climatology,4,6,temp_roll4_lag4,156.62430000305176,47
lgbm_v2_climatology,4,6,temp_roll4_lag8,11.979499816894531,47
lgbm_v2_climatology,4,6,rain_roll12_lag12,53.948699951171875,47
lgbm_v2_climatology,4,6,neighbour_cases,1030.529499053955,47
lgbm_v2_climatology,4,6,neighbour_diff4,29.65820026397705,47
lgbm_v2_climatology,4,6,national_cases,3535.7588958740234,47
lgbm_v2_climatology,4,6,national_diff4,1904.6229038238525,47
lgbm_v2_climatology,4,6,district,6065.814799308777,47
lgbm_v2_climatology,4,6,target_doy_sin,3260.274881362915,47
lgbm_v2_climatology,4,6,target_doy_cos,4597.6154861450195,47
lgbm_v2,4,8,cases_log1p,29714.016629219055,108
lgbm_v2,4,8,rainfall_daily_mean_mm,908.4710607528687,108
lgbm_v2,4,8,rainy_days_frac,234.87205839157104,108
lgbm_v2,4,8,temperature_mean_c,759.0857858657837,108
lgbm_v2,4,8,diurnal_range_c,284.7299041748047,108
lgbm_v2,4,8,dewpoint_mean_c,1117.4376831054688,108
lgbm_v2,4,8,relative_humidity_mean,435.8954038619995,108
lgbm_v2,4,8,wind_speed_mean,318.99532985687256,108
lgbm_v2,4,8,doy_sin,3352.990927696228,108
lgbm_v2,4,8,doy_cos,2040.7768821716309,108
lgbm_v2,4,8,weather_observed,0.0,108
lgbm_v2,4,8,case_observed,0.0,108
lgbm_v2,4,8,centroid_lat,1303.539743423462,108
lgbm_v2,4,8,centroid_lon,318.57654762268066,108
lgbm_v2,4,8,rainfall_daily_mean_mm_roll4,3991.5106382369995,108
lgbm_v2,4,8,rainfall_daily_mean_mm_roll8,211.3751392364502,108
lgbm_v2,4,8,rainfall_daily_mean_mm_roll12,471.7918472290039,108
lgbm_v2,4,8,temperature_mean_c_roll4,255.5484209060669,108
lgbm_v2,4,8,temperature_mean_c_roll8,524.3284683227539,108
lgbm_v2,4,8,temperature_mean_c_roll12,315.14399909973145,108
lgbm_v2,4,8,relative_humidity_mean_roll4,700.4000911712646,108
lgbm_v2,4,8,relative_humidity_mean_roll8,199.48283195495605,108
lgbm_v2,4,8,relative_humidity_mean_roll12,567.6044845581055,108
lgbm_v2,4,8,national_wave_rank,3507.396897315979,108
lgbm_v2,4,8,trailing_52_cumulative_cases,4006.886293411255,108
lgbm_v2,4,8,cases_lag1,339.19026947021484,108
lgbm_v2,4,8,cases_lag2,241.9352684020996,108
lgbm_v2,4,8,cases_lag3,98.59209060668945,108
lgbm_v2,4,8,cases_lag4,187.23760318756104,108
lgbm_v2,4,8,cases_lag5,13.282099723815918,108
lgbm_v2,4,8,cases_lag6,60.517601013183594,108
lgbm_v2,4,8,cases_lag7,124.88273906707764,108
lgbm_v2,4,8,cases_lag8,94.56638050079346,108
lgbm_v2,4,8,cases_lag9,89.42480087280273,108
lgbm_v2,4,8,cases_lag10,113.94372081756592,108
lgbm_v2,4,8,cases_lag11,143.00505208969116,108
lgbm_v2,4,8,cases_lag12,108.3828010559082,108
lgbm_v2,4,8,cases_mean4,307.90949058532715,108
lgbm_v2,4,8,cases_mean8,415.94982719421387,108
lgbm_v2,4,8,cases_mean12,453.25053882598877,108
lgbm_v2,4,8,cases_max12,1906.4240312576294,108
lgbm_v2,4,8,cases_diff1,10847.753205299377,108
lgbm_v2,4,8,cases_diff4,4015.910900115967,108
lgbm_v2,4,8,rain_roll4_lag4,459.5452585220337,108
lgbm_v2,4,8,rain_roll4_lag8,3688.7197823524475,108
lgbm_v2,4,8,humid_roll4_lag4,910.7745208740234,108
lgbm_v2,4,8,humid_roll4_lag8,3251.0218801498413,108
lgbm_v2,4,8,temp_roll4_lag4,773.1545476913452,108
lgbm_v2,4,8,temp_roll4_lag8,324.30515336990356,108
lgbm_v2,4,8,rain_roll12_lag12,712.0440425872803,108
lgbm_v2,4,8,neighbour_cases,2056.479248046875,108
lgbm_v2,4,8,neighbour_diff4,149.4321002960205,108
lgbm_v2,4,8,national_cases,7050.643174171448,108
lgbm_v2,4,8,national_diff4,2861.0453147888184,108
lgbm_v2,4,8,district,15340.925817966461,108
lgbm_v2,4,8,target_doy_sin,6831.41476726532,108
lgbm_v2,4,8,target_doy_cos,9763.14207649231,108
lgbm_v2_noclimate,4,8,cases_log1p,19003.574197769165,21
lgbm_v2_noclimate,4,8,doy_sin,2088.284704208374,21
lgbm_v2_noclimate,4,8,doy_cos,1172.4156875610352,21
lgbm_v2_noclimate,4,8,weather_observed,0.0,21
lgbm_v2_noclimate,4,8,case_observed,0.0,21
lgbm_v2_noclimate,4,8,centroid_lat,727.7677001953125,21
lgbm_v2_noclimate,4,8,centroid_lon,125.76969909667969,21
lgbm_v2_noclimate,4,8,national_wave_rank,616.4690990447998,21
lgbm_v2_noclimate,4,8,trailing_52_cumulative_cases,1965.5375900268555,21
lgbm_v2_noclimate,4,8,cases_lag1,235.94820022583008,21
lgbm_v2_noclimate,4,8,cases_lag2,25.219900131225586,21
lgbm_v2_noclimate,4,8,cases_lag3,0.0,21
lgbm_v2_noclimate,4,8,cases_lag4,0.0,21
lgbm_v2_noclimate,4,8,cases_lag5,0.0,21
lgbm_v2_noclimate,4,8,cases_lag6,0.0,21
lgbm_v2_noclimate,4,8,cases_lag7,0.0,21
lgbm_v2_noclimate,4,8,cases_lag8,31.715200424194336,21
lgbm_v2_noclimate,4,8,cases_lag9,0.0,21
lgbm_v2_noclimate,4,8,cases_lag10,0.0,21
lgbm_v2_noclimate,4,8,cases_lag11,0.0,21
lgbm_v2_noclimate,4,8,cases_lag12,71.57520294189453,21
lgbm_v2_noclimate,4,8,cases_mean4,270.6856060028076,21
lgbm_v2_noclimate,4,8,cases_mean8,84.71299934387207,21
lgbm_v2_noclimate,4,8,cases_mean12,127.73589897155762,21
lgbm_v2_noclimate,4,8,cases_max12,778.28000831604,21
lgbm_v2_noclimate,4,8,cases_diff1,7590.1051902771,21
lgbm_v2_noclimate,4,8,cases_diff4,1821.5681915283203,21
lgbm_v2_noclimate,4,8,neighbour_cases,483.72709465026855,21
lgbm_v2_noclimate,4,8,neighbour_diff4,0.0,21
lgbm_v2_noclimate,4,8,national_cases,3618.0482807159424,21
lgbm_v2_noclimate,4,8,national_diff4,1111.02640914917,21
lgbm_v2_noclimate,4,8,district,5550.533065795898,21
lgbm_v2_noclimate,4,8,target_doy_sin,3642.1404972076416,21
lgbm_v2_noclimate,4,8,target_doy_cos,8650.941705703735,21
lgbm_v2_climatology,4,8,cases_log1p,26861.571361541748,45
lgbm_v2_climatology,4,8,rainfall_daily_mean_mm,1752.4090099334717,45
lgbm_v2_climatology,4,8,rainy_days_frac,5173.189268112183,45
lgbm_v2_climatology,4,8,temperature_mean_c,667.1138963699341,45
lgbm_v2_climatology,4,8,diurnal_range_c,300.5953035354614,45
lgbm_v2_climatology,4,8,dewpoint_mean_c,224.52509689331055,45
lgbm_v2_climatology,4,8,relative_humidity_mean,191.98200225830078,45
lgbm_v2_climatology,4,8,wind_speed_mean,20.441999435424805,45
lgbm_v2_climatology,4,8,doy_sin,2695.418501853943,45
lgbm_v2_climatology,4,8,doy_cos,1496.4967050552368,45
lgbm_v2_climatology,4,8,weather_observed,0.0,45
lgbm_v2_climatology,4,8,case_observed,0.0,45
lgbm_v2_climatology,4,8,centroid_lat,366.46769428253174,45
lgbm_v2_climatology,4,8,centroid_lon,72.89499950408936,45
lgbm_v2_climatology,4,8,rainfall_daily_mean_mm_roll4,453.36420154571533,45
lgbm_v2_climatology,4,8,rainfall_daily_mean_mm_roll8,185.15439987182617,45
lgbm_v2_climatology,4,8,rainfall_daily_mean_mm_roll12,57.34039878845215,45
lgbm_v2_climatology,4,8,temperature_mean_c_roll4,53.525699615478516,45
lgbm_v2_climatology,4,8,temperature_mean_c_roll8,172.11419773101807,45
lgbm_v2_climatology,4,8,temperature_mean_c_roll12,83.57329940795898,45
lgbm_v2_climatology,4,8,relative_humidity_mean_roll4,93.83679962158203,45
lgbm_v2_climatology,4,8,relative_humidity_mean_roll8,171.8922996520996,45
lgbm_v2_climatology,4,8,relative_humidity_mean_roll12,73.05489730834961,45
lgbm_v2_climatology,4,8,national_wave_rank,2114.2278051376343,45
lgbm_v2_climatology,4,8,trailing_52_cumulative_cases,2982.8145933151245,45
lgbm_v2_climatology,4,8,cases_lag1,248.00949668884277,45
lgbm_v2_climatology,4,8,cases_lag2,69.70199966430664,45
lgbm_v2_climatology,4,8,cases_lag3,34.3951997756958,45
lgbm_v2_climatology,4,8,cases_lag4,48.48350143432617,45
lgbm_v2_climatology,4,8,cases_lag5,0.0,45
lgbm_v2_climatology,4,8,cases_lag6,18.83930015563965,45
lgbm_v2_climatology,4,8,cases_lag7,164.87929821014404,45
lgbm_v2_climatology,4,8,cases_lag8,0.0,45
lgbm_v2_climatology,4,8,cases_lag9,18.381200790405273,45
lgbm_v2_climatology,4,8,cases_lag10,0.0,45
lgbm_v2_climatology,4,8,cases_lag11,36.743900299072266,45
lgbm_v2_climatology,4,8,cases_lag12,128.66070175170898,45
lgbm_v2_climatology,4,8,cases_mean4,29.41160011291504,45
lgbm_v2_climatology,4,8,cases_mean8,272.0691947937012,45
lgbm_v2_climatology,4,8,cases_mean12,209.19519996643066,45
lgbm_v2_climatology,4,8,cases_max12,1650.7534923553467,45
lgbm_v2_climatology,4,8,cases_diff1,8578.358480453491,45
lgbm_v2_climatology,4,8,cases_diff4,2891.7165031433105,45
lgbm_v2_climatology,4,8,rain_roll4_lag4,45.14419937133789,45
lgbm_v2_climatology,4,8,rain_roll4_lag8,318.85479831695557,45
lgbm_v2_climatology,4,8,humid_roll4_lag4,87.31660079956055,45
lgbm_v2_climatology,4,8,humid_roll4_lag8,239.4295997619629,45
lgbm_v2_climatology,4,8,temp_roll4_lag4,149.36090183258057,45
lgbm_v2_climatology,4,8,temp_roll4_lag8,48.84600067138672,45
lgbm_v2_climatology,4,8,rain_roll12_lag12,116.1155014038086,45
lgbm_v2_climatology,4,8,neighbour_cases,1181.2586097717285,45
lgbm_v2_climatology,4,8,neighbour_diff4,47.163801193237305,45
lgbm_v2_climatology,4,8,national_cases,5347.883392333984,45
lgbm_v2_climatology,4,8,national_diff4,1780.9093971252441,45
lgbm_v2_climatology,4,8,district,8808.435786247253,45
lgbm_v2_climatology,4,8,target_doy_sin,6355.5200119018555,45
lgbm_v2_climatology,4,8,target_doy_cos,5500.524417877197,45
lgbm_v2,4,10,cases_log1p,41262.03199529648,179
lgbm_v2,4,10,rainfall_daily_mean_mm,632.2551946640015,179
lgbm_v2,4,10,rainy_days_frac,618.379467010498,179
lgbm_v2,4,10,temperature_mean_c,1110.3168330192566,179
lgbm_v2,4,10,diurnal_range_c,304.2837600708008,179
lgbm_v2,4,10,dewpoint_mean_c,1216.393802165985,179
lgbm_v2,4,10,relative_humidity_mean,587.6936073303223,179
lgbm_v2,4,10,wind_speed_mean,1076.8551406860352,179
lgbm_v2,4,10,doy_sin,4394.666281700134,179
lgbm_v2,4,10,doy_cos,2067.8013739585876,179
lgbm_v2,4,10,weather_observed,0.0,179
lgbm_v2,4,10,case_observed,0.0,179
lgbm_v2,4,10,centroid_lat,2512.7524948120117,179
lgbm_v2,4,10,centroid_lon,923.9081358909607,179
lgbm_v2,4,10,rainfall_daily_mean_mm_roll4,1112.5818762779236,179
lgbm_v2,4,10,rainfall_daily_mean_mm_roll8,395.97790145874023,179
lgbm_v2,4,10,rainfall_daily_mean_mm_roll12,1089.5129165649414,179
lgbm_v2,4,10,temperature_mean_c_roll4,570.4574913978577,179
lgbm_v2,4,10,temperature_mean_c_roll8,366.3954586982727,179
lgbm_v2,4,10,temperature_mean_c_roll12,496.13355350494385,179
lgbm_v2,4,10,relative_humidity_mean_roll4,752.1650786399841,179
lgbm_v2,4,10,relative_humidity_mean_roll8,568.0729808807373,179
lgbm_v2,4,10,relative_humidity_mean_roll12,1197.6339616775513,179
lgbm_v2,4,10,national_wave_rank,5301.768531799316,179
lgbm_v2,4,10,trailing_52_cumulative_cases,7225.773907184601,179
lgbm_v2,4,10,cases_lag1,373.0234489440918,179
lgbm_v2,4,10,cases_lag2,461.3698019981384,179
lgbm_v2,4,10,cases_lag3,80.71088886260986,179
lgbm_v2,4,10,cases_lag4,134.922700881958,179
lgbm_v2,4,10,cases_lag5,240.89488172531128,179
lgbm_v2,4,10,cases_lag6,171.29182863235474,179
lgbm_v2,4,10,cases_lag7,181.1769208908081,179
lgbm_v2,4,10,cases_lag8,181.17575025558472,179
lgbm_v2,4,10,cases_lag9,209.1040005683899,179
lgbm_v2,4,10,cases_lag10,226.56909847259521,179
lgbm_v2,4,10,cases_lag11,175.89211082458496,179
lgbm_v2,4,10,cases_lag12,585.313506603241,179
lgbm_v2,4,10,cases_mean4,773.6973452568054,179
lgbm_v2,4,10,cases_mean8,592.2108626365662,179
lgbm_v2,4,10,cases_mean12,949.720639705658,179
lgbm_v2,4,10,cases_max12,2562.6686000823975,179
lgbm_v2,4,10,cases_diff1,9139.29288482666,179
lgbm_v2,4,10,cases_diff4,2389.4593267440796,179
lgbm_v2,4,10,rain_roll4_lag4,1751.8323550224304,179
lgbm_v2,4,10,rain_roll4_lag8,3822.294265270233,179
lgbm_v2,4,10,humid_roll4_lag4,2695.4576649665833,179
lgbm_v2,4,10,humid_roll4_lag8,4144.572211742401,179
lgbm_v2,4,10,temp_roll4_lag4,665.0209803581238,179
lgbm_v2,4,10,temp_roll4_lag8,1110.3259620666504,179
lgbm_v2,4,10,rain_roll12_lag12,1672.9853749275208,179
lgbm_v2,4,10,neighbour_cases,2727.2137842178345,179
lgbm_v2,4,10,neighbour_diff4,407.73698902130127,179
lgbm_v2,4,10,national_cases,11727.472593307495,179
lgbm_v2,4,10,national_diff4,3000.540979385376,179
lgbm_v2,4,10,district,21505.819995880127,179
lgbm_v2,4,10,target_doy_sin,12936.532289028168,179
lgbm_v2,4,10,target_doy_cos,11010.721544742584,179
lgbm_v2_noclimate,4,10,cases_log1p,29451.369953155518,28
lgbm_v2_noclimate,4,10,doy_sin,2422.3290061950684,28
lgbm_v2_noclimate,4,10,doy_cos,1384.3080768585205,28
lgbm_v2_noclimate,4,10,weather_observed,0.0,28
lgbm_v2_noclimate,4,10,case_observed,0.0,28
lgbm_v2_noclimate,4,10,centroid_lat,979.0934104919434,28
lgbm_v2_noclimate,4,10,centroid_lon,269.7337951660156,28
lgbm_v2_noclimate,4,10,national_wave_rank,2566.278106689453,28
lgbm_v2_noclimate,4,10,trailing_52_cumulative_cases,3572.2709636688232,28
lgbm_v2_noclimate,4,10,cases_lag1,336.12560653686523,28
lgbm_v2_noclimate,4,10,cases_lag2,0.0,28
lgbm_v2_noclimate,4,10,cases_lag3,0.0,28
lgbm_v2_noclimate,4,10,cases_lag4,0.0,28
lgbm_v2_noclimate,4,10,cases_lag5,25.954099655151367,28
lgbm_v2_noclimate,4,10,cases_lag6,30.587499618530273,28
lgbm_v2_noclimate,4,10,cases_lag7,0.0,28
lgbm_v2_noclimate,4,10,cases_lag8,0.0,28
lgbm_v2_noclimate,4,10,cases_lag9,26.010700225830078,28
lgbm_v2_noclimate,4,10,cases_lag10,28.77280044555664,28
lgbm_v2_noclimate,4,10,cases_lag11,0.0,28
lgbm_v2_noclimate,4,10,cases_lag12,216.54230117797852,28
lgbm_v2_noclimate,4,10,cases_mean4,346.8386993408203,28
lgbm_v2_noclimate,4,10,cases_mean8,192.9652976989746,28
lgbm_v2_noclimate,4,10,cases_mean12,425.96299934387207,28
lgbm_v2_noclimate,4,10,cases_max12,1465.9512157440186,28
lgbm_v2_noclimate,4,10,cases_diff1,6582.007272720337,28
lgbm_v2_noclimate,4,10,cases_diff4,559.0000972747803,28
lgbm_v2_noclimate,4,10,neighbour_cases,1226.526201248169,28
lgbm_v2_noclimate,4,10,neighbour_diff4,169.32769966125488,28
lgbm_v2_noclimate,4,10,national_cases,6075.8368854522705,28
lgbm_v2_noclimate,4,10,national_diff4,1002.8833961486816,28
lgbm_v2_noclimate,4,10,district,10402.362926483154,28
lgbm_v2_noclimate,4,10,target_doy_sin,7680.249526977539,28
lgbm_v2_noclimate,4,10,target_doy_cos,9145.600799560547,28
lgbm_v2_climatology,4,10,cases_log1p,31116.657236099243,25
lgbm_v2_climatology,4,10,rainfall_daily_mean_mm,314.7513008117676,25
lgbm_v2_climatology,4,10,rainy_days_frac,2597.1978092193604,25
lgbm_v2_climatology,4,10,temperature_mean_c,214.34870147705078,25
lgbm_v2_climatology,4,10,diurnal_range_c,101.10650062561035,25
lgbm_v2_climatology,4,10,dewpoint_mean_c,175.5438003540039,25
lgbm_v2_climatology,4,10,relative_humidity_mean,265.12270164489746,25
lgbm_v2_climatology,4,10,wind_speed_mean,28.576799392700195,25
lgbm_v2_climatology,4,10,doy_sin,1560.4600048065186,25
lgbm_v2_climatology,4,10,doy_cos,670.3339099884033,25
lgbm_v2_climatology,4,10,weather_observed,0.0,25
lgbm_v2_climatology,4,10,case_observed,0.0,25
lgbm_v2_climatology,4,10,centroid_lat,725.3476982116699,25
lgbm_v2_climatology,4,10,centroid_lon,129.70209884643555,25
lgbm_v2_climatology,4,10,rainfall_daily_mean_mm_roll4,600.2285060882568,25
lgbm_v2_climatology,4,10,rainfall_daily_mean_mm_roll8,0.0,25
lgbm_v2_climatology,4,10,rainfall_daily_mean_mm_roll12,87.6348991394043,25
lgbm_v2_climatology,4,10,temperature_mean_c_roll4,70.3156967163086,25
lgbm_v2_climatology,4,10,temperature_mean_c_roll8,195.92410278320312,25
lgbm_v2_climatology,4,10,temperature_mean_c_roll12,63.735300064086914,25
lgbm_v2_climatology,4,10,relative_humidity_mean_roll4,66.85619926452637,25
lgbm_v2_climatology,4,10,relative_humidity_mean_roll8,62.28069877624512,25
lgbm_v2_climatology,4,10,relative_humidity_mean_roll12,302.5011100769043,25
lgbm_v2_climatology,4,10,national_wave_rank,1688.9645023345947,25
lgbm_v2_climatology,4,10,trailing_52_cumulative_cases,3266.182502746582,25
lgbm_v2_climatology,4,10,cases_lag1,29.579500198364258,25
lgbm_v2_climatology,4,10,cases_lag2,31.89310073852539,25
lgbm_v2_climatology,4,10,cases_lag3,0.0,25
lgbm_v2_climatology,4,10,cases_lag4,0.0,25
lgbm_v2_climatology,4,10,cases_lag5,30.45560073852539,25
lgbm_v2_climatology,4,10,cases_lag6,0.0,25
lgbm_v2_climatology,4,10,cases_lag7,0.0,25
lgbm_v2_climatology,4,10,cases_lag8,52.58409881591797,25
lgbm_v2_climatology,4,10,cases_lag9,0.0,25
lgbm_v2_climatology,4,10,cases_lag10,0.0,25
lgbm_v2_climatology,4,10,cases_lag11,0.0,25
lgbm_v2_climatology,4,10,cases_lag12,286.291898727417,25
lgbm_v2_climatology,4,10,cases_mean4,200.85890197753906,25
lgbm_v2_climatology,4,10,cases_mean8,275.0741996765137,25
lgbm_v2_climatology,4,10,cases_mean12,219.00850105285645,25
lgbm_v2_climatology,4,10,cases_max12,895.8766918182373,25
lgbm_v2_climatology,4,10,cases_diff1,4525.198690414429,25
lgbm_v2_climatology,4,10,cases_diff4,1093.4284191131592,25
lgbm_v2_climatology,4,10,rain_roll4_lag4,78.61299896240234,25
lgbm_v2_climatology,4,10,rain_roll4_lag8,31.234100341796875,25
lgbm_v2_climatology,4,10,humid_roll4_lag4,170.33939743041992,25
lgbm_v2_climatology,4,10,humid_roll4_lag8,0.0,25
lgbm_v2_climatology,4,10,temp_roll4_lag4,120.29509925842285,25
lgbm_v2_climatology,4,10,temp_roll4_lag8,146.93149948120117,25
lgbm_v2_climatology,4,10,rain_roll12_lag12,29.26449966430664,25
lgbm_v2_climatology,4,10,neighbour_cases,778.2098922729492,25
lgbm_v2_climatology,4,10,neighbour_diff4,72.91220092773438,25
lgbm_v2_climatology,4,10,national_cases,4737.0336055755615,25
lgbm_v2_climatology,4,10,national_diff4,1104.9810981750488,25
lgbm_v2_climatology,4,10,district,7919.99200630188,25
lgbm_v2_climatology,4,10,target_doy_sin,8135.036720275879,25
lgbm_v2_climatology,4,10,target_doy_cos,6613.811923980713,25
lgbm_v2,4,12,cases_log1p,48143.358295440674,138
lgbm_v2,4,12,rainfall_daily_mean_mm,208.82409858703613,138
lgbm_v2,4,12,rainy_days_frac,121.62580108642578,138
lgbm_v2,4,12,temperature_mean_c,993.1686487197876,138
lgbm_v2,4,12,diurnal_range_c,431.97736072540283,138
lgbm_v2,4,12,dewpoint_mean_c,1014.8016581535339,138
lgbm_v2,4,12,relative_humidity_mean,485.9299478530884,138
lgbm_v2,4,12,wind_speed_mean,915.5209789276123,138
lgbm_v2,4,12,doy_sin,4164.02020406723,138
lgbm_v2,4,12,doy_cos,2715.5759811401367,138
lgbm_v2,4,12,weather_observed,0.0,138
lgbm_v2,4,12,case_observed,0.0,138
lgbm_v2,4,12,centroid_lat,2865.978663444519,138
lgbm_v2,4,12,centroid_lon,906.3913288116455,138
lgbm_v2,4,12,rainfall_daily_mean_mm_roll4,153.3212308883667,138
lgbm_v2,4,12,rainfall_daily_mean_mm_roll8,289.0069885253906,138
lgbm_v2,4,12,rainfall_daily_mean_mm_roll12,1699.402112007141,138
lgbm_v2,4,12,temperature_mean_c_roll4,829.4524669647217,138
lgbm_v2,4,12,temperature_mean_c_roll8,405.3610830307007,138
lgbm_v2,4,12,temperature_mean_c_roll12,991.6287059783936,138
lgbm_v2,4,12,relative_humidity_mean_roll4,469.73563957214355,138
lgbm_v2,4,12,relative_humidity_mean_roll8,635.1275987625122,138
lgbm_v2,4,12,relative_humidity_mean_roll12,2119.350049972534,138
lgbm_v2,4,12,national_wave_rank,5391.6280879974365,138
lgbm_v2,4,12,trailing_52_cumulative_cases,7756.148882865906,138
lgbm_v2,4,12,cases_lag1,553.0718841552734,138
lgbm_v2,4,12,cases_lag2,59.70238971710205,138
lgbm_v2,4,12,cases_lag3,165.52291011810303,138
lgbm_v2,4,12,cases_lag4,106.10735034942627,138
lgbm_v2,4,12,cases_lag5,77.39355182647705,138
lgbm_v2,4,12,cases_lag6,53.87753963470459,138
lgbm_v2,4,12,cases_lag7,102.25779724121094,138
lgbm_v2,4,12,cases_lag8,195.49485969543457,138
lgbm_v2,4,12,cases_lag9,156.33349800109863,138
lgbm_v2,4,12,cases_lag10,256.4375982284546,138
lgbm_v2,4,12,cases_lag11,323.5193967819214,138
lgbm_v2,4,12,cases_lag12,352.56602573394775,138
lgbm_v2,4,12,cases_mean4,849.1503734588623,138
lgbm_v2,4,12,cases_mean8,630.4715213775635,138
lgbm_v2,4,12,cases_mean12,1088.4114294052124,138
lgbm_v2,4,12,cases_max12,3509.5167388916016,138
lgbm_v2,4,12,cases_diff1,7281.086102485657,138
lgbm_v2,4,12,cases_diff4,2909.8641843795776,138
lgbm_v2,4,12,rain_roll4_lag4,1499.9736194610596,138
lgbm_v2,4,12,rain_roll4_lag8,4433.270179748535,138
lgbm_v2,4,12,humid_roll4_lag4,2369.374213218689,138
lgbm_v2,4,12,humid_roll4_lag8,3386.881999015808,138
lgbm_v2,4,12,temp_roll4_lag4,587.1456871032715,138
lgbm_v2,4,12,temp_roll4_lag8,1407.3275690078735,138
lgbm_v2,4,12,rain_roll12_lag12,1251.5601468086243,138
lgbm_v2,4,12,neighbour_cases,1568.4190425872803,138
lgbm_v2,4,12,neighbour_diff4,184.4237117767334,138
lgbm_v2,4,12,national_cases,13936.239105701447,138
lgbm_v2,4,12,national_diff4,3018.677314758301,138
lgbm_v2,4,12,district,23930.024788856506,138
lgbm_v2,4,12,target_doy_sin,12920.586941242218,138
lgbm_v2,4,12,target_doy_cos,10838.40764093399,138
lgbm_v2_noclimate,4,12,cases_log1p,28551.196975708008,20
lgbm_v2_noclimate,4,12,doy_sin,2043.4333953857422,20
lgbm_v2_noclimate,4,12,doy_cos,2065.2682209014893,20
lgbm_v2_noclimate,4,12,weather_observed,0.0,20
lgbm_v2_noclimate,4,12,case_observed,0.0,20
lgbm_v2_noclimate,4,12,centroid_lat,1120.4180030822754,20
lgbm_v2_noclimate,4,12,centroid_lon,453.3879985809326,20
lgbm_v2_noclimate,4,12,national_wave_rank,2495.194990158081,20
lgbm_v2_noclimate,4,12,trailing_52_cumulative_cases,3050.9755897521973,20
lgbm_v2_noclimate,4,12,cases_lag1,448.73370361328125,20
lgbm_v2_noclimate,4,12,cases_lag2,0.0,20
lgbm_v2_noclimate,4,12,cases_lag3,24.77400016784668,20
lgbm_v2_noclimate,4,12,cases_lag4,0.0,20
lgbm_v2_noclimate,4,12,cases_lag5,0.0,20
lgbm_v2_noclimate,4,12,cases_lag6,0.0,20
lgbm_v2_noclimate,4,12,cases_lag7,0.0,20
lgbm_v2_noclimate,4,12,cases_lag8,0.0,20
lgbm_v2_noclimate,4,12,cases_lag9,0.0,20
lgbm_v2_noclimate,4,12,cases_lag10,38.3843994140625,20
lgbm_v2_noclimate,4,12,cases_lag11,32.43389892578125,20
lgbm_v2_noclimate,4,12,cases_lag12,447.11169815063477,20
lgbm_v2_noclimate,4,12,cases_mean4,181.7463035583496,20
lgbm_v2_noclimate,4,12,cases_mean8,45.73590087890625,20
lgbm_v2_noclimate,4,12,cases_mean12,118.93619918823242,20
lgbm_v2_noclimate,4,12,cases_max12,1540.0944862365723,20
lgbm_v2_noclimate,4,12,cases_diff1,3841.3552169799805,20
lgbm_v2_noclimate,4,12,cases_diff4,1756.175380706787,20
lgbm_v2_noclimate,4,12,neighbour_cases,458.1030025482178,20
lgbm_v2_noclimate,4,12,neighbour_diff4,43.3578987121582,20
lgbm_v2_noclimate,4,12,national_cases,6790.739337921143,20
lgbm_v2_noclimate,4,12,national_diff4,850.980110168457,20
lgbm_v2_noclimate,4,12,district,8790.90265083313,20
lgbm_v2_noclimate,4,12,target_doy_sin,7069.291170120239,20
lgbm_v2_noclimate,4,12,target_doy_cos,6966.451358795166,20
lgbm_v2_climatology,4,12,cases_log1p,36920.08211326599,25
lgbm_v2_climatology,4,12,rainfall_daily_mean_mm,564.0841007232666,25
lgbm_v2_climatology,4,12,rainy_days_frac,2749.0373935699463,25
lgbm_v2_climatology,4,12,temperature_mean_c,379.62230491638184,25
lgbm_v2_climatology,4,12,diurnal_range_c,140.70880126953125,25
lgbm_v2_climatology,4,12,dewpoint_mean_c,179.6962013244629,25
lgbm_v2_climatology,4,12,relative_humidity_mean,421.9546947479248,25
lgbm_v2_climatology,4,12,wind_speed_mean,65.9877986907959,25
lgbm_v2_climatology,4,12,doy_sin,1604.8142051696777,25
lgbm_v2_climatology,4,12,doy_cos,406.07579803466797,25
lgbm_v2_climatology,4,12,weather_observed,0.0,25
lgbm_v2_climatology,4,12,case_observed,0.0,25
lgbm_v2_climatology,4,12,centroid_lat,954.0247097015381,25
lgbm_v2_climatology,4,12,centroid_lon,119.40929794311523,25
lgbm_v2_climatology,4,12,rainfall_daily_mean_mm_roll4,31.51759910583496,25
lgbm_v2_climatology,4,12,rainfall_daily_mean_mm_roll8,43.23619842529297,25
lgbm_v2_climatology,4,12,rainfall_daily_mean_mm_roll12,41.53129959106445,25
lgbm_v2_climatology,4,12,temperature_mean_c_roll4,55.25790023803711,25
lgbm_v2_climatology,4,12,temperature_mean_c_roll8,131.44059944152832,25
lgbm_v2_climatology,4,12,temperature_mean_c_roll12,106.49009704589844,25
lgbm_v2_climatology,4,12,relative_humidity_mean_roll4,185.54940032958984,25
lgbm_v2_climatology,4,12,relative_humidity_mean_roll8,167.40110206604004,25
lgbm_v2_climatology,4,12,relative_humidity_mean_roll12,0.0,25
lgbm_v2_climatology,4,12,national_wave_rank,1800.2038974761963,25
lgbm_v2_climatology,4,12,trailing_52_cumulative_cases,3409.394781112671,25
lgbm_v2_climatology,4,12,cases_lag1,0.0,25
lgbm_v2_climatology,4,12,cases_lag2,0.0,25
lgbm_v2_climatology,4,12,cases_lag3,0.0,25
lgbm_v2_climatology,4,12,cases_lag4,0.0,25
lgbm_v2_climatology,4,12,cases_lag5,0.0,25
lgbm_v2_climatology,4,12,cases_lag6,0.0,25
lgbm_v2_climatology,4,12,cases_lag7,0.0,25
lgbm_v2_climatology,4,12,cases_lag8,55.930599212646484,25
lgbm_v2_climatology,4,12,cases_lag9,0.0,25
lgbm_v2_climatology,4,12,cases_lag10,29.977800369262695,25
lgbm_v2_climatology,4,12,cases_lag11,214.4866943359375,25
lgbm_v2_climatology,4,12,cases_lag12,158.72430038452148,25
lgbm_v2_climatology,4,12,cases_mean4,37.82600021362305,25
lgbm_v2_climatology,4,12,cases_mean8,66.15410041809082,25
lgbm_v2_climatology,4,12,cases_mean12,376.1821975708008,25
lgbm_v2_climatology,4,12,cases_max12,1344.3561172485352,25
lgbm_v2_climatology,4,12,cases_diff1,2536.832300186157,25
lgbm_v2_climatology,4,12,cases_diff4,1487.9523029327393,25
lgbm_v2_climatology,4,12,rain_roll4_lag4,0.0,25
lgbm_v2_climatology,4,12,rain_roll4_lag8,34.80720138549805,25
lgbm_v2_climatology,4,12,humid_roll4_lag4,72.90810012817383,25
lgbm_v2_climatology,4,12,humid_roll4_lag8,117.07270431518555,25
lgbm_v2_climatology,4,12,temp_roll4_lag4,67.51140022277832,25
lgbm_v2_climatology,4,12,temp_roll4_lag8,421.99549674987793,25
lgbm_v2_climatology,4,12,rain_roll12_lag12,0.0,25
lgbm_v2_climatology,4,12,neighbour_cases,207.2981014251709,25
lgbm_v2_climatology,4,12,neighbour_diff4,105.71490097045898,25
lgbm_v2_climatology,4,12,national_cases,7065.490804672241,25
lgbm_v2_climatology,4,12,national_diff4,899.4157028198242,25
lgbm_v2_climatology,4,12,district,10041.113679885864,25
lgbm_v2_climatology,4,12,target_doy_sin,9900.102422714233,25
lgbm_v2_climatology,4,12,target_doy_cos,6851.6827964782715,25
lgbm_v2,5,1,cases_log1p,4895.58765912056,211
lgbm_v2,5,1,rainfall_daily_mean_mm,418.15113949775696,211
lgbm_v2,5,1,rainy_days_frac,93.38683044910431,211
lgbm_v2,5,1,temperature_mean_c,260.23635029792786,211
lgbm_v2,5,1,diurnal_range_c,208.75725042819977,211
lgbm_v2,5,1,dewpoint_mean_c,272.9064893722534,211
lgbm_v2,5,1,relative_humidity_mean,347.68436908721924,211
lgbm_v2,5,1,wind_speed_mean,207.03355026245117,211
lgbm_v2,5,1,doy_sin,2327.167579293251,211
lgbm_v2,5,1,doy_cos,979.068467259407,211
lgbm_v2,5,1,weather_observed,0.0,211
lgbm_v2,5,1,case_observed,0.0,211
lgbm_v2,5,1,centroid_lat,221.62749886512756,211
lgbm_v2,5,1,centroid_lon,64.75284099578857,211
lgbm_v2,5,1,rainfall_daily_mean_mm_roll4,202.37795066833496,211
lgbm_v2,5,1,rainfall_daily_mean_mm_roll8,601.9292063713074,211
lgbm_v2,5,1,rainfall_daily_mean_mm_roll12,206.39464950561523,211
lgbm_v2,5,1,temperature_mean_c_roll4,178.21356058120728,211
lgbm_v2,5,1,temperature_mean_c_roll8,161.0023410320282,211
lgbm_v2,5,1,temperature_mean_c_roll12,175.23021006584167,211
lgbm_v2,5,1,relative_humidity_mean_roll4,357.32101905345917,211
lgbm_v2,5,1,relative_humidity_mean_roll8,265.61248087882996,211
lgbm_v2,5,1,relative_humidity_mean_roll12,141.63650059700012,211
lgbm_v2,5,1,national_wave_rank,1656.035191655159,211
lgbm_v2,5,1,trailing_52_cumulative_cases,948.2709233760834,211
lgbm_v2,5,1,cases_lag1,528.6289095878601,211
lgbm_v2,5,1,cases_lag2,2222.365332841873,211
lgbm_v2,5,1,cases_lag3,756.1303495168686,211
lgbm_v2,5,1,cases_lag4,412.8931016921997,211
lgbm_v2,5,1,cases_lag5,252.23742175102234,211
lgbm_v2,5,1,cases_lag6,212.76003909111023,211
lgbm_v2,5,1,cases_lag7,189.32137966156006,211
lgbm_v2,5,1,cases_lag8,280.0653591156006,211
lgbm_v2,5,1,cases_lag9,149.7497899532318,211
lgbm_v2,5,1,cases_lag10,107.94015955924988,211
lgbm_v2,5,1,cases_lag11,240.4842517375946,211
lgbm_v2,5,1,cases_lag12,155.33396983146667,211
lgbm_v2,5,1,cases_mean4,449.6303907632828,211
lgbm_v2,5,1,cases_mean8,335.1076605319977,211
lgbm_v2,5,1,cases_mean12,561.6289715766907,211
lgbm_v2,5,1,cases_max12,223.69188046455383,211
lgbm_v2,5,1,cases_diff1,18538.680468916893,211
lgbm_v2,5,1,cases_diff4,6046.896304607391,211
lgbm_v2,5,1,rain_roll4_lag4,864.2533593177795,211
lgbm_v2,5,1,rain_roll4_lag8,335.27520990371704,211
lgbm_v2,5,1,humid_roll4_lag4,220.24329042434692,211
lgbm_v2,5,1,humid_roll4_lag8,469.29435896873474,211
lgbm_v2,5,1,temp_roll4_lag4,229.51068925857544,211
lgbm_v2,5,1,temp_roll4_lag8,292.5245991945267,211
lgbm_v2,5,1,rain_roll12_lag12,536.4751091003418,211
lgbm_v2,5,1,neighbour_cases,986.7942513227463,211
lgbm_v2,5,1,neighbour_diff4,787.6824387311935,211
lgbm_v2,5,1,national_cases,1137.915715932846,211
lgbm_v2,5,1,national_diff4,2073.6469082832336,211
lgbm_v2,5,1,district,3851.224118590355,211
lgbm_v2,5,1,target_doy_sin,855.8015930652618,211
lgbm_v2,5,1,target_doy_cos,756.8258202075958,211
lgbm_v2_noclimate,5,1,cases_log1p,4633.108148813248,179
lgbm_v2_noclimate,5,1,doy_sin,2520.209759950638,179
lgbm_v2_noclimate,5,1,doy_cos,1069.1276710033417,179
lgbm_v2_noclimate,5,1,weather_observed,0.0,179
lgbm_v2_noclimate,5,1,case_observed,0.0,179
lgbm_v2_noclimate,5,1,centroid_lat,245.43382024765015,179
lgbm_v2_noclimate,5,1,centroid_lon,106.85901987552643,179
lgbm_v2_noclimate,5,1,national_wave_rank,1598.3947185277939,179
lgbm_v2_noclimate,5,1,trailing_52_cumulative_cases,1099.399017214775,179
lgbm_v2_noclimate,5,1,cases_lag1,617.0898997783661,179
lgbm_v2_noclimate,5,1,cases_lag2,1956.6448855400085,179
lgbm_v2_noclimate,5,1,cases_lag3,744.578192949295,179
lgbm_v2_noclimate,5,1,cases_lag4,348.13245844841003,179
lgbm_v2_noclimate,5,1,cases_lag5,214.2676498889923,179
lgbm_v2_noclimate,5,1,cases_lag6,224.72309041023254,179
lgbm_v2_noclimate,5,1,cases_lag7,230.26234984397888,179
lgbm_v2_noclimate,5,1,cases_lag8,231.8774893283844,179
lgbm_v2_noclimate,5,1,cases_lag9,125.11774945259094,179
lgbm_v2_noclimate,5,1,cases_lag10,98.08867979049683,179
lgbm_v2_noclimate,5,1,cases_lag11,197.0999710559845,179
lgbm_v2_noclimate,5,1,cases_lag12,150.824049949646,179
lgbm_v2_noclimate,5,1,cases_mean4,810.8592799901962,179
lgbm_v2_noclimate,5,1,cases_mean8,425.465669631958,179
lgbm_v2_noclimate,5,1,cases_mean12,631.9155538082123,179
lgbm_v2_noclimate,5,1,cases_max12,243.94855904579163,179
lgbm_v2_noclimate,5,1,cases_diff1,19194.66418147087,179
lgbm_v2_noclimate,5,1,cases_diff4,5613.746112346649,179
lgbm_v2_noclimate,5,1,neighbour_cases,1349.6529321670532,179
lgbm_v2_noclimate,5,1,neighbour_diff4,948.6762292385101,179
lgbm_v2_noclimate,5,1,national_cases,1627.818287372589,179
lgbm_v2_noclimate,5,1,national_diff4,2366.648895263672,179
lgbm_v2_noclimate,5,1,district,3823.701296687126,179
lgbm_v2_noclimate,5,1,target_doy_sin,1313.464340686798,179
lgbm_v2_noclimate,5,1,target_doy_cos,915.0679609775543,179
lgbm_v2_climatology,5,1,cases_log1p,4902.273656487465,215
lgbm_v2_climatology,5,1,rainfall_daily_mean_mm,383.1051094532013,215
lgbm_v2_climatology,5,1,rainy_days_frac,424.6953468322754,215
lgbm_v2_climatology,5,1,temperature_mean_c,203.26946926116943,215
lgbm_v2_climatology,5,1,diurnal_range_c,400.4664087295532,215
lgbm_v2_climatology,5,1,dewpoint_mean_c,252.98313057422638,215
lgbm_v2_climatology,5,1,relative_humidity_mean,193.00233936309814,215
lgbm_v2_climatology,5,1,wind_speed_mean,226.3087191581726,215
lgbm_v2_climatology,5,1,doy_sin,2362.4006671905518,215
lgbm_v2_climatology,5,1,doy_cos,924.2045592069626,215
lgbm_v2_climatology,5,1,weather_observed,0.0,215
lgbm_v2_climatology,5,1,case_observed,0.0,215
lgbm_v2_climatology,5,1,centroid_lat,192.37077856063843,215
lgbm_v2_climatology,5,1,centroid_lon,126.96544933319092,215
lgbm_v2_climatology,5,1,rainfall_daily_mean_mm_roll4,313.15959918498993,215
lgbm_v2_climatology,5,1,rainfall_daily_mean_mm_roll8,517.8669376373291,215
lgbm_v2_climatology,5,1,rainfall_daily_mean_mm_roll12,237.04309010505676,215
lgbm_v2_climatology,5,1,temperature_mean_c_roll4,144.21028053760529,215
lgbm_v2_climatology,5,1,temperature_mean_c_roll8,157.6240302324295,215
lgbm_v2_climatology,5,1,temperature_mean_c_roll12,139.89915132522583,215
lgbm_v2_climatology,5,1,relative_humidity_mean_roll4,178.0235711336136,215
lgbm_v2_climatology,5,1,relative_humidity_mean_roll8,76.60325980186462,215
lgbm_v2_climatology,5,1,relative_humidity_mean_roll12,220.8444106578827,215
lgbm_v2_climatology,5,1,national_wave_rank,1645.0506346225739,215
lgbm_v2_climatology,5,1,trailing_52_cumulative_cases,1069.9281442165375,215
lgbm_v2_climatology,5,1,cases_lag1,547.2946699857712,215
lgbm_v2_climatology,5,1,cases_lag2,2224.4131305217743,215
lgbm_v2_climatology,5,1,cases_lag3,724.0049105882645,215
lgbm_v2_climatology,5,1,cases_lag4,434.06926369667053,215
lgbm_v2_climatology,5,1,cases_lag5,260.8313812017441,215
lgbm_v2_climatology,5,1,cases_lag6,228.91061985492706,215
lgbm_v2_climatology,5,1,cases_lag7,184.7994089126587,215
lgbm_v2_climatology,5,1,cases_lag8,268.8397512435913,215
lgbm_v2_climatology,5,1,cases_lag9,169.03941941261292,215
lgbm_v2_climatology,5,1,cases_lag10,155.7412691116333,215
lgbm_v2_climatology,5,1,cases_lag11,210.57577967643738,215
lgbm_v2_climatology,5,1,cases_lag12,148.26411986351013,215
lgbm_v2_climatology,5,1,cases_mean4,547.0892219543457,215
lgbm_v2_climatology,5,1,cases_mean8,373.9289813041687,215
lgbm_v2_climatology,5,1,cases_mean12,572.7108423709869,215
lgbm_v2_climatology,5,1,cases_max12,282.79337787628174,215
lgbm_v2_climatology,5,1,cases_diff1,18599.359208226204,215
lgbm_v2_climatology,5,1,cases_diff4,6021.053996562958,215
lgbm_v2_climatology,5,1,rain_roll4_lag4,517.4831998348236,215
lgbm_v2_climatology,5,1,rain_roll4_lag8,164.87880945205688,215
lgbm_v2_climatology,5,1,humid_roll4_lag4,221.34762930870056,215
lgbm_v2_climatology,5,1,humid_roll4_lag8,212.7466298341751,215
lgbm_v2_climatology,5,1,temp_roll4_lag4,139.5277988910675,215
lgbm_v2_climatology,5,1,temp_roll4_lag8,299.3956801891327,215
lgbm_v2_climatology,5,1,rain_roll12_lag12,194.4214507341385,215
lgbm_v2_climatology,5,1,neighbour_cases,1116.7511825561523,215
lgbm_v2_climatology,5,1,neighbour_diff4,769.1251883506775,215
lgbm_v2_climatology,5,1,national_cases,1339.6417599916458,215
lgbm_v2_climatology,5,1,national_diff4,2457.622058749199,215
lgbm_v2_climatology,5,1,district,3475.996888756752,215
lgbm_v2_climatology,5,1,target_doy_sin,912.6924721002579,215
lgbm_v2_climatology,5,1,target_doy_cos,701.7911220788956,215
lgbm_v2,5,2,cases_log1p,5740.31255531311,259
lgbm_v2,5,2,rainfall_daily_mean_mm,551.936710357666,259
lgbm_v2,5,2,rainy_days_frac,132.18872046470642,259
lgbm_v2,5,2,temperature_mean_c,562.0405093431473,259
lgbm_v2,5,2,diurnal_range_c,327.6132502555847,259
lgbm_v2,5,2,dewpoint_mean_c,508.4709391593933,259
lgbm_v2,5,2,relative_humidity_mean,493.8938488960266,259
lgbm_v2,5,2,wind_speed_mean,399.7814996242523,259
lgbm_v2,5,2,doy_sin,2583.4784638881683,259
lgbm_v2,5,2,doy_cos,1083.8302088975906,259
lgbm_v2,5,2,weather_observed,0.0,259
lgbm_v2,5,2,case_observed,0.0,259
lgbm_v2,5,2,centroid_lat,262.7696397304535,259
lgbm_v2,5,2,centroid_lon,171.6961796283722,259
lgbm_v2,5,2,rainfall_daily_mean_mm_roll4,912.0756155252457,259
lgbm_v2,5,2,rainfall_daily_mean_mm_roll8,1366.8107740879059,259
lgbm_v2,5,2,rainfall_daily_mean_mm_roll12,326.27809047698975,259
lgbm_v2,5,2,temperature_mean_c_roll4,371.5429606437683,259
lgbm_v2,5,2,temperature_mean_c_roll8,255.2816083431244,259
lgbm_v2,5,2,temperature_mean_c_roll12,272.1842305660248,259
lgbm_v2,5,2,relative_humidity_mean_roll4,808.343656539917,259
lgbm_v2,5,2,relative_humidity_mean_roll8,390.931391954422,259
lgbm_v2,5,2,relative_humidity_mean_roll12,210.88655996322632,259
lgbm_v2,5,2,national_wave_rank,2091.897698163986,259
lgbm_v2,5,2,trailing_52_cumulative_cases,1335.767184495926,259
lgbm_v2,5,2,cases_lag1,543.7364712953568,259
lgbm_v2,5,2,cases_lag2,1587.0746215581894,259
lgbm_v2,5,2,cases_lag3,807.0464873313904,259
lgbm_v2,5,2,cases_lag4,488.6094483137131,259
lgbm_v2,5,2,cases_lag5,296.68674075603485,259
lgbm_v2,5,2,cases_lag6,264.47400975227356,259
lgbm_v2,5,2,cases_lag7,323.7893388271332,259
lgbm_v2,5,2,cases_lag8,261.7882807254791,259
lgbm_v2,5,2,cases_lag9,237.7631709575653,259
lgbm_v2,5,2,cases_lag10,214.88465023040771,259
lgbm_v2,5,2,cases_lag11,217.11899065971375,259
lgbm_v2,5,2,cases_lag12,228.98581910133362,259
lgbm_v2,5,2,cases_mean4,831.2042988538742,259
lgbm_v2,5,2,cases_mean8,483.7893178462982,259
lgbm_v2,5,2,cases_mean12,710.4889566898346,259
lgbm_v2,5,2,cases_max12,391.6750268936157,259
lgbm_v2,5,2,cases_diff1,19944.22840631008,259
lgbm_v2,5,2,cases_diff4,5513.973872303963,259
lgbm_v2,5,2,rain_roll4_lag4,1084.7599130868912,259
lgbm_v2,5,2,rain_roll4_lag8,873.1935695409775,259
lgbm_v2,5,2,humid_roll4_lag4,379.62286925315857,259
lgbm_v2,5,2,humid_roll4_lag8,1146.3476866483688,259
lgbm_v2,5,2,temp_roll4_lag4,241.44878935813904,259
lgbm_v2,5,2,temp_roll4_lag8,342.0219204425812,259
lgbm_v2,5,2,rain_roll12_lag12,878.2176189422607,259
lgbm_v2,5,2,neighbour_cases,1043.8535408973694,259
lgbm_v2,5,2,neighbour_diff4,597.1453304290771,259
lgbm_v2,5,2,national_cases,1620.9771848917007,259
lgbm_v2,5,2,national_diff4,3306.543090701103,259
lgbm_v2,5,2,district,5445.267468333244,259
lgbm_v2,5,2,target_doy_sin,2151.066006422043,259
lgbm_v2,5,2,target_doy_cos,2243.474982738495,259
lgbm_v2_noclimate,5,2,cases_log1p,5763.823798537254,316
lgbm_v2_noclimate,5,2,doy_sin,3728.4959174394608,316
lgbm_v2_noclimate,5,2,doy_cos,2085.4772070646286,316
lgbm_v2_noclimate,5,2,weather_observed,0.0,316
lgbm_v2_noclimate,5,2,case_observed,0.0,316
lgbm_v2_noclimate,5,2,centroid_lat,577.3114615678787,316
lgbm_v2_noclimate,5,2,centroid_lon,336.6683211326599,316
lgbm_v2_noclimate,5,2,national_wave_rank,2076.409968972206,316
lgbm_v2_noclimate,5,2,trailing_52_cumulative_cases,2052.743413209915,316
lgbm_v2_noclimate,5,2,cases_lag1,998.1168100833893,316
lgbm_v2_noclimate,5,2,cases_lag2,1902.9800082445145,316
lgbm_v2_noclimate,5,2,cases_lag3,1098.1307908296585,316
lgbm_v2_noclimate,5,2,cases_lag4,486.03912901878357,316
lgbm_v2_noclimate,5,2,cases_lag5,568.7974313497543,316
lgbm_v2_noclimate,5,2,cases_lag6,464.0572284460068,316
lgbm_v2_noclimate,5,2,cases_lag7,467.1449599266052,316
lgbm_v2_noclimate,5,2,cases_lag8,491.9391485452652,316
lgbm_v2_noclimate,5,2,cases_lag9,457.826509475708,316
lgbm_v2_noclimate,5,2,cases_lag10,390.36248564720154,316
lgbm_v2_noclimate,5,2,cases_lag11,393.4111000299454,316
lgbm_v2_noclimate,5,2,cases_lag12,449.16070997714996,316
lgbm_v2_noclimate,5,2,cases_mean4,1150.7726455926895,316
lgbm_v2_noclimate,5,2,cases_mean8,571.7497888803482,316
lgbm_v2_noclimate,5,2,cases_mean12,919.7818373441696,316
lgbm_v2_noclimate,5,2,cases_max12,689.4142813682556,316
lgbm_v2_noclimate,5,2,cases_diff1,20845.830383896828,316
lgbm_v2_noclimate,5,2,cases_diff4,5444.042894482613,316
lgbm_v2_noclimate,5,2,neighbour_cases,1792.2188576459885,316
lgbm_v2_noclimate,5,2,neighbour_diff4,1458.1682904958725,316
lgbm_v2_noclimate,5,2,national_cases,3119.8034737706184,316
lgbm_v2_noclimate,5,2,national_diff4,4423.183033466339,316
lgbm_v2_noclimate,5,2,district,6161.703032016754,316
lgbm_v2_noclimate,5,2,target_doy_sin,2779.0279299020767,316
lgbm_v2_noclimate,5,2,target_doy_cos,3140.7116176486015,316
lgbm_v2_climatology,5,2,cases_log1p,5993.634999394417,338
lgbm_v2_climatology,5,2,rainfall_daily_mean_mm,539.4402176141739,338
lgbm_v2_climatology,5,2,rainy_days_frac,767.4073051214218,338
lgbm_v2_climatology,5,2,temperature_mean_c,348.57524955272675,338
lgbm_v2_climatology,5,2,diurnal_range_c,679.05533015728,338
lgbm_v2_climatology,5,2,dewpoint_mean_c,551.0070621967316,338
lgbm_v2_climatology,5,2,relative_humidity_mean,378.1283001899719,338
lgbm_v2_climatology,5,2,wind_speed_mean,313.92495131492615,338
lgbm_v2_climatology,5,2,doy_sin,2925.901768565178,338
lgbm_v2_climatology,5,2,doy_cos,1151.2972594499588,338
lgbm_v2_climatology,5,2,weather_observed,0.0,338
lgbm_v2_climatology,5,2,case_observed,0.0,338
lgbm_v2_climatology,5,2,centroid_lat,238.3278192281723,338
lgbm_v2_climatology,5,2,centroid_lon,180.99317181110382,338
lgbm_v2_climatology,5,2,rainfall_daily_mean_mm_roll4,847.0992126464844,338
lgbm_v2_climatology,5,2,rainfall_daily_mean_mm_roll8,753.8704191446304,338
lgbm_v2_climatology,5,2,rainfall_daily_mean_mm_roll12,228.13501977920532,338
lgbm_v2_climatology,5,2,temperature_mean_c_roll4,327.5634697675705,338
lgbm_v2_climatology,5,2,temperature_mean_c_roll8,237.82536149024963,338
lgbm_v2_climatology,5,2,temperature_mean_c_roll12,252.865509390831,338
lgbm_v2_climatology,5,2,relative_humidity_mean_roll4,440.37555062770844,338
lgbm_v2_climatology,5,2,relative_humidity_mean_roll8,347.23256850242615,338
lgbm_v2_climatology,5,2,relative_humidity_mean_roll12,322.8366595506668,338
lgbm_v2_climatology,5,2,national_wave_rank,2364.328015565872,338
lgbm_v2_climatology,5,2,trailing_52_cumulative_cases,1725.1468691825867,338
lgbm_v2_climatology,5,2,cases_lag1,696.678447842598,338
lgbm_v2_climatology,5,2,cases_lag2,1789.6444311141968,338
lgbm_v2_climatology,5,2,cases_lag3,966.9479216337204,338
lgbm_v2_climatology,5,2,cases_lag4,580.9128397703171,338
lgbm_v2_climatology,5,2,cases_lag5,459.5342515707016,338
lgbm_v2_climatology,5,2,cases_lag6,427.2216898202896,338
lgbm_v2_climatology,5,2,cases_lag7,380.08175003528595,338
lgbm_v2_climatology,5,2,cases_lag8,471.7444306612015,338
lgbm_v2_climatology,5,2,cases_lag9,267.21522212028503,338
lgbm_v2_climatology,5,2,cases_lag10,409.57207095623016,338
lgbm_v2_climatology,5,2,cases_lag11,380.7692483663559,338
lgbm_v2_climatology,5,2,cases_lag12,386.2194993495941,338
lgbm_v2_climatology,5,2,cases_mean4,1007.5011774301529,338
lgbm_v2_climatology,5,2,cases_mean8,672.4722105264664,338
lgbm_v2_climatology,5,2,cases_mean12,919.8640747070312,338
lgbm_v2_climatology,5,2,cases_max12,509.32597970962524,338
lgbm_v2_climatology,5,2,cases_diff1,20097.97111415863,338
lgbm_v2_climatology,5,2,cases_diff4,5842.982837200165,338
lgbm_v2_climatology,5,2,rain_roll4_lag4,547.9206321239471,338
lgbm_v2_climatology,5,2,rain_roll4_lag8,268.6095789670944,338
lgbm_v2_climatology,5,2,humid_roll4_lag4,379.9763079881668,338
lgbm_v2_climatology,5,2,humid_roll4_lag8,488.74116241931915,338
lgbm_v2_climatology,5,2,temp_roll4_lag4,376.44669127464294,338
lgbm_v2_climatology,5,2,temp_roll4_lag8,399.6363505125046,338
lgbm_v2_climatology,5,2,rain_roll12_lag12,377.2056599855423,338
lgbm_v2_climatology,5,2,neighbour_cases,1323.8681421279907,338
lgbm_v2_climatology,5,2,neighbour_diff4,1183.7991683483124,338
lgbm_v2_climatology,5,2,national_cases,2658.317281484604,338
lgbm_v2_climatology,5,2,national_diff4,3840.200286269188,338
lgbm_v2_climatology,5,2,district,5560.977933645248,338
lgbm_v2_climatology,5,2,target_doy_sin,2274.354628801346,338
lgbm_v2_climatology,5,2,target_doy_cos,2543.948864221573,338
lgbm_v2,5,3,cases_log1p,7545.750165939331,177
lgbm_v2,5,3,rainfall_daily_mean_mm,512.0267193317413,177
lgbm_v2,5,3,rainy_days_frac,66.7176902294159,177
lgbm_v2,5,3,temperature_mean_c,419.2831494808197,177
lgbm_v2,5,3,diurnal_range_c,240.33208870887756,177
lgbm_v2,5,3,dewpoint_mean_c,377.6733193397522,177
lgbm_v2,5,3,relative_humidity_mean,400.22919273376465,177
lgbm_v2,5,3,wind_speed_mean,294.78692841529846,177
lgbm_v2,5,3,doy_sin,2449.121438741684,177
lgbm_v2,5,3,doy_cos,1201.5500695705414,177
lgbm_v2,5,3,weather_observed,0.0,177
lgbm_v2,5,3,case_observed,0.0,177
lgbm_v2,5,3,centroid_lat,390.5444676876068,177
lgbm_v2,5,3,centroid_lon,94.66554164886475,177
lgbm_v2,5,3,rainfall_daily_mean_mm_roll4,1322.7273845672607,177
lgbm_v2,5,3,rainfall_daily_mean_mm_roll8,1896.3783266544342,177
lgbm_v2,5,3,rainfall_daily_mean_mm_roll12,141.74406003952026,177
lgbm_v2,5,3,temperature_mean_c_roll4,394.96736884117126,177
lgbm_v2,5,3,temperature_mean_c_roll8,301.84904170036316,177
lgbm_v2,5,3,temperature_mean_c_roll12,219.66838908195496,177
lgbm_v2,5,3,relative_humidity_mean_roll4,987.7034668922424,177
lgbm_v2,5,3,relative_humidity_mean_roll8,347.3561587333679,177
lgbm_v2,5,3,relative_humidity_mean_roll12,288.3278088569641,177
lgbm_v2,5,3,national_wave_rank,2691.5129442214966,177
lgbm_v2,5,3,trailing_52_cumulative_cases,1511.7351484298706,177
lgbm_v2,5,3,cases_lag1,387.86697912216187,177
lgbm_v2,5,3,cases_lag2,1378.0107834339142,177
lgbm_v2,5,3,cases_lag3,345.57394909858704,177
lgbm_v2,5,3,cases_lag4,242.83160614967346,177
lgbm_v2,5,3,cases_lag5,155.22293996810913,177
lgbm_v2,5,3,cases_lag6,207.83320951461792,177
lgbm_v2,5,3,cases_lag7,94.88160943984985,177
lgbm_v2,5,3,cases_lag8,145.38773894309998,177
lgbm_v2,5,3,cases_lag9,125.4008903503418,177
lgbm_v2,5,3,cases_lag10,86.09377002716064,177
lgbm_v2,5,3,cases_lag11,227.8630018234253,177
lgbm_v2,5,3,cases_lag12,170.0625605583191,177
lgbm_v2,5,3,cases_mean4,399.4853801727295,177
lgbm_v2,5,3,cases_mean8,669.3792059421539,177
lgbm_v2,5,3,cases_mean12,689.8392269611359,177
lgbm_v2,5,3,cases_max12,601.1088800430298,177
lgbm_v2,5,3,cases_diff1,19561.12548518181,177
lgbm_v2,5,3,cases_diff4,3963.966413259506,177
lgbm_v2,5,3,rain_roll4_lag4,604.2061486244202,177
lgbm_v2,5,3,rain_roll4_lag8,1227.270779132843,177
lgbm_v2,5,3,humid_roll4_lag4,300.7709903717041,177
lgbm_v2,5,3,humid_roll4_lag8,2066.482954978943,177
lgbm_v2,5,3,temp_roll4_lag4,347.2596399784088,177
lgbm_v2,5,3,temp_roll4_lag8,408.3638496398926,177
lgbm_v2,5,3,rain_roll12_lag12,659.0095920562744,177
lgbm_v2,5,3,neighbour_cases,1015.8526611328125,177
lgbm_v2,5,3,neighbour_diff4,662.8407475948334,177
lgbm_v2,5,3,national_cases,2181.7561452388763,177
lgbm_v2,5,3,national_diff4,4053.3663935661316,177
lgbm_v2,5,3,district,6335.445920228958,177
lgbm_v2,5,3,target_doy_sin,2167.3434422016144,177
lgbm_v2,5,3,target_doy_cos,2678.6341943740845,177
lgbm_v2_noclimate,5,3,cases_log1p,7609.9138333797455,193
lgbm_v2_noclimate,5,3,doy_sin,3855.50812458992,193
lgbm_v2_noclimate,5,3,doy_cos,2061.983684539795,193
lgbm_v2_noclimate,5,3,weather_observed,0.0,193
lgbm_v2_noclimate,5,3,case_observed,0.0,193
lgbm_v2_noclimate,5,3,centroid_lat,583.9254071712494,193
lgbm_v2_noclimate,5,3,centroid_lon,272.1010913848877,193
lgbm_v2_noclimate,5,3,national_wave_rank,2598.09326004982,193
lgbm_v2_noclimate,5,3,trailing_52_cumulative_cases,2129.301738500595,193
lgbm_v2_noclimate,5,3,cases_lag1,703.6240735054016,193
lgbm_v2_noclimate,5,3,cases_lag2,1291.161009311676,193
lgbm_v2_noclimate,5,3,cases_lag3,508.22638869285583,193
lgbm_v2_noclimate,5,3,cases_lag4,351.1722414493561,193
lgbm_v2_noclimate,5,3,cases_lag5,229.83187985420227,193
lgbm_v2_noclimate,5,3,cases_lag6,326.31102108955383,193
lgbm_v2_noclimate,5,3,cases_lag7,139.15123009681702,193
lgbm_v2_noclimate,5,3,cases_lag8,269.6150600910187,193
lgbm_v2_noclimate,5,3,cases_lag9,145.98191905021667,193
lgbm_v2_noclimate,5,3,cases_lag10,176.3233997821808,193
lgbm_v2_noclimate,5,3,cases_lag11,331.2966411113739,193
lgbm_v2_noclimate,5,3,cases_lag12,248.80048847198486,193
lgbm_v2_noclimate,5,3,cases_mean4,581.5646295547485,193
lgbm_v2_noclimate,5,3,cases_mean8,725.8346049785614,193
lgbm_v2_noclimate,5,3,cases_mean12,740.5240552425385,193
lgbm_v2_noclimate,5,3,cases_max12,934.6037712097168,193
lgbm_v2_noclimate,5,3,cases_diff1,20277.576252937317,193
lgbm_v2_noclimate,5,3,cases_diff4,3668.4997277259827,193
lgbm_v2_noclimate,5,3,neighbour_cases,1522.6743068695068,193
lgbm_v2_noclimate,5,3,neighbour_diff4,1101.2475514411926,193
lgbm_v2_noclimate,5,3,national_cases,4024.1602263450623,193
lgbm_v2_noclimate,5,3,national_diff4,5309.306658744812,193
lgbm_v2_noclimate,5,3,district,7026.4591588974,193
lgbm_v2_noclimate,5,3,target_doy_sin,3461.4378304481506,193
lgbm_v2_noclimate,5,3,target_doy_cos,3992.4640617370605,193
lgbm_v2_climatology,5,3,cases_log1p,7615.7515280246735,176
lgbm_v2_climatology,5,3,rainfall_daily_mean_mm,209.23622846603394,176
lgbm_v2_climatology,5,3,rainy_days_frac,1225.5300707817078,176
lgbm_v2_climatology,5,3,temperature_mean_c,446.2474317550659,176
lgbm_v2_climatology,5,3,diurnal_range_c,328.2120907306671,176
lgbm_v2_climatology,5,3,dewpoint_mean_c,307.5542802810669,176
lgbm_v2_climatology,5,3,relative_humidity_mean,423.78075766563416,176
lgbm_v2_climatology,5,3,wind_speed_mean,136.43588018417358,176
lgbm_v2_climatology,5,3,doy_sin,3098.2530007362366,176
lgbm_v2_climatology,5,3,doy_cos,986.9028372764587,176
lgbm_v2_climatology,5,3,weather_observed,0.0,176
lgbm_v2_climatology,5,3,case_observed,0.0,176
lgbm_v2_climatology,5,3,centroid_lat,238.86740016937256,176
lgbm_v2_climatology,5,3,centroid_lon,136.61343145370483,176
lgbm_v2_climatology,5,3,rainfall_daily_mean_mm_roll4,907.1336798667908,176
lgbm_v2_climatology,5,3,rainfall_daily_mean_mm_roll8,957.7778639793396,176
lgbm_v2_climatology,5,3,rainfall_daily_mean_mm_roll12,290.4740500450134,176
lgbm_v2_climatology,5,3,temperature_mean_c_roll4,301.74016070365906,176
lgbm_v2_climatology,5,3,temperature_mean_c_roll8,238.78363013267517,176
lgbm_v2_climatology,5,3,temperature_mean_c_roll12,230.445650100708,176
lgbm_v2_climatology,5,3,relative_humidity_mean_roll4,297.4216420650482,176
lgbm_v2_climatology,5,3,relative_humidity_mean_roll8,282.50882148742676,176
lgbm_v2_climatology,5,3,relative_humidity_mean_roll12,259.7695679664612,176
lgbm_v2_climatology,5,3,national_wave_rank,2676.489494562149,176
lgbm_v2_climatology,5,3,trailing_52_cumulative_cases,1793.2487034797668,176
lgbm_v2_climatology,5,3,cases_lag1,444.02590918540955,176
lgbm_v2_climatology,5,3,cases_lag2,1350.7699890136719,176
lgbm_v2_climatology,5,3,cases_lag3,365.2023215293884,176
lgbm_v2_climatology,5,3,cases_lag4,287.10526847839355,176
lgbm_v2_climatology,5,3,cases_lag5,217.68381905555725,176
lgbm_v2_climatology,5,3,cases_lag6,191.6713104248047,176
lgbm_v2_climatology,5,3,cases_lag7,106.62247037887573,176
lgbm_v2_climatology,5,3,cases_lag8,166.53249096870422,176
lgbm_v2_climatology,5,3,cases_lag9,128.76275992393494,176
lgbm_v2_climatology,5,3,cases_lag10,112.48520088195801,176
lgbm_v2_climatology,5,3,cases_lag11,210.11779022216797,176
lgbm_v2_climatology,5,3,cases_lag12,180.06424021720886,176
lgbm_v2_climatology,5,3,cases_mean4,471.651239156723,176
lgbm_v2_climatology,5,3,cases_mean8,687.9103775024414,176
lgbm_v2_climatology,5,3,cases_mean12,610.4740445613861,176
lgbm_v2_climatology,5,3,cases_max12,730.736074924469,176
lgbm_v2_climatology,5,3,cases_diff1,19503.963490247726,176
lgbm_v2_climatology,5,3,cases_diff4,3861.9938213825226,176
lgbm_v2_climatology,5,3,rain_roll4_lag4,351.2986490726471,176
lgbm_v2_climatology,5,3,rain_roll4_lag8,285.6130394935608,176
lgbm_v2_climatology,5,3,humid_roll4_lag4,348.91833877563477,176
lgbm_v2_climatology,5,3,humid_roll4_lag8,659.061311006546,176
lgbm_v2_climatology,5,3,temp_roll4_lag4,388.09187364578247,176
lgbm_v2_climatology,5,3,temp_roll4_lag8,221.5818808078766,176
lgbm_v2_climatology,5,3,rain_roll12_lag12,190.96205019950867,176
lgbm_v2_climatology,5,3,neighbour_cases,1020.5850782394409,176
lgbm_v2_climatology,5,3,neighbour_diff4,895.0862283706665,176
lgbm_v2_climatology,5,3,national_cases,3287.954554796219,176
lgbm_v2_climatology,5,3,national_diff4,4514.413795948029,176
lgbm_v2_climatology,5,3,district,5996.199557542801,176
lgbm_v2_climatology,5,3,target_doy_sin,2158.4369401931763,176
lgbm_v2_climatology,5,3,target_doy_cos,2691.994592189789,176
lgbm_v2,5,4,cases_log1p,10613.010785579681,140
lgbm_v2,5,4,rainfall_daily_mean_mm,213.1244912147522,140
lgbm_v2,5,4,rainy_days_frac,23.322829723358154,140
lgbm_v2,5,4,temperature_mean_c,417.9212369918823,140
lgbm_v2,5,4,diurnal_range_c,163.99146127700806,140
lgbm_v2,5,4,dewpoint_mean_c,263.4947900772095,140
lgbm_v2,5,4,relative_humidity_mean,322.7660322189331,140
lgbm_v2,5,4,wind_speed_mean,341.1799192428589,140
lgbm_v2,5,4,doy_sin,2167.811121940613,140
lgbm_v2,5,4,doy_cos,1858.8613324165344,140
lgbm_v2,5,4,weather_observed,0.0,140
lgbm_v2,5,4,case_observed,0.0,140
lgbm_v2,5,4,centroid_lat,428.85227966308594,140
lgbm_v2,5,4,centroid_lon,249.60013818740845,140
lgbm_v2,5,4,rainfall_daily_mean_mm_roll4,2414.987127304077,140
lgbm_v2,5,4,rainfall_daily_mean_mm_roll8,2144.528489589691,140
lgbm_v2,5,4,rainfall_daily_mean_mm_roll12,191.16562032699585,140
lgbm_v2,5,4,temperature_mean_c_roll4,361.2127103805542,140
lgbm_v2,5,4,temperature_mean_c_roll8,356.50683093070984,140
lgbm_v2,5,4,temperature_mean_c_roll12,247.96654176712036,140
lgbm_v2,5,4,relative_humidity_mean_roll4,1363.970712184906,140
lgbm_v2,5,4,relative_humidity_mean_roll8,296.0567584037781,140
lgbm_v2,5,4,relative_humidity_mean_roll12,128.70714950561523,140
lgbm_v2,5,4,national_wave_rank,3300.4409561157227,140
lgbm_v2,5,4,trailing_52_cumulative_cases,1835.2053804397583,140
lgbm_v2,5,4,cases_lag1,276.4307909011841,140
lgbm_v2,5,4,cases_lag2,1042.1576137542725,140
lgbm_v2,5,4,cases_lag3,380.1417512893677,140
lgbm_v2,5,4,cases_lag4,154.68117237091064,140
lgbm_v2,5,4,cases_lag5,192.96188068389893,140
lgbm_v2,5,4,cases_lag6,59.695279121398926,140
lgbm_v2,5,4,cases_lag7,108.14045000076294,140
lgbm_v2,5,4,cases_lag8,45.459970474243164,140
lgbm_v2,5,4,cases_lag9,57.86588954925537,140
lgbm_v2,5,4,cases_lag10,108.84954786300659,140
lgbm_v2,5,4,cases_lag11,139.83866930007935,140
lgbm_v2,5,4,cases_lag12,123.83537817001343,140
lgbm_v2,5,4,cases_mean4,366.7819776535034,140
lgbm_v2,5,4,cases_mean8,346.1657190322876,140
lgbm_v2,5,4,cases_mean12,718.5563378334045,140
lgbm_v2,5,4,cases_max12,1220.9003086090088,140
lgbm_v2,5,4,cases_diff1,18560.06816649437,140
lgbm_v2,5,4,cases_diff4,2995.54434967041,140
lgbm_v2,5,4,rain_roll4_lag4,214.16384887695312,140
lgbm_v2,5,4,rain_roll4_lag8,1765.9064240455627,140
lgbm_v2,5,4,humid_roll4_lag4,118.83955097198486,140
lgbm_v2,5,4,humid_roll4_lag8,2875.5962295532227,140
lgbm_v2,5,4,temp_roll4_lag4,488.5525178909302,140
lgbm_v2,5,4,temp_roll4_lag8,482.371835231781,140
lgbm_v2,5,4,rain_roll12_lag12,804.4391899108887,140
lgbm_v2,5,4,neighbour_cases,1343.388346672058,140
lgbm_v2,5,4,neighbour_diff4,470.6246600151062,140
lgbm_v2,5,4,national_cases,2578.0131816864014,140
lgbm_v2,5,4,national_diff4,3347.5290184020996,140
lgbm_v2,5,4,district,7106.659695148468,140
lgbm_v2,5,4,target_doy_sin,3024.539605140686,140
lgbm_v2,5,4,target_doy_cos,2669.112154006958,140
lgbm_v2_noclimate,5,4,cases_log1p,10145.05938243866,136
lgbm_v2_noclimate,5,4,doy_sin,3815.4704916477203,136
lgbm_v2_noclimate,5,4,doy_cos,2982.2657771110535,136
lgbm_v2_noclimate,5,4,weather_observed,0.0,136
lgbm_v2_noclimate,5,4,case_observed,0.0,136
lgbm_v2_noclimate,5,4,centroid_lat,918.6944074630737,136
lgbm_v2_noclimate,5,4,centroid_lon,400.74111795425415,136
lgbm_v2_noclimate,5,4,national_wave_rank,3173.083960533142,136
lgbm_v2_noclimate,5,4,trailing_52_cumulative_cases,2579.186550617218,136
lgbm_v2_noclimate,5,4,cases_lag1,512.0311317443848,136
lgbm_v2_noclimate,5,4,cases_lag2,801.6194934844971,136
lgbm_v2_noclimate,5,4,cases_lag3,503.0326018333435,136
lgbm_v2_noclimate,5,4,cases_lag4,149.84640169143677,136
lgbm_v2_noclimate,5,4,cases_lag5,140.86390161514282,136
lgbm_v2_noclimate,5,4,cases_lag6,149.1226978302002,136
lgbm_v2_noclimate,5,4,cases_lag7,121.00396013259888,136
lgbm_v2_noclimate,5,4,cases_lag8,146.15821886062622,136
lgbm_v2_noclimate,5,4,cases_lag9,90.53733921051025,136
lgbm_v2_noclimate,5,4,cases_lag10,99.22288084030151,136
lgbm_v2_noclimate,5,4,cases_lag11,175.7388195991516,136
lgbm_v2_noclimate,5,4,cases_lag12,145.61881971359253,136
lgbm_v2_noclimate,5,4,cases_mean4,622.2145266532898,136
lgbm_v2_noclimate,5,4,cases_mean8,454.79499769210815,136
lgbm_v2_noclimate,5,4,cases_mean12,1007.4794406890869,136
lgbm_v2_noclimate,5,4,cases_max12,1156.7149662971497,136
lgbm_v2_noclimate,5,4,cases_diff1,19104.569562911987,136
lgbm_v2_noclimate,5,4,cases_diff4,2403.9901237487793,136
lgbm_v2_noclimate,5,4,neighbour_cases,1669.9991278648376,136
lgbm_v2_noclimate,5,4,neighbour_diff4,819.3862891197205,136
lgbm_v2_noclimate,5,4,national_cases,4838.220303058624,136
lgbm_v2_noclimate,5,4,national_diff4,4384.365786790848,136
lgbm_v2_noclimate,5,4,district,7699.159858942032,136
lgbm_v2_noclimate,5,4,target_doy_sin,4547.298095464706,136
lgbm_v2_noclimate,5,4,target_doy_cos,4142.448830127716,136
lgbm_v2_climatology,5,4,cases_log1p,10676.445722818375,171
lgbm_v2_climatology,5,4,rainfall_daily_mean_mm,735.0565593242645,171
lgbm_v2_climatology,5,4,rainy_days_frac,1969.2783403396606,171
lgbm_v2_climatology,5,4,temperature_mean_c,443.295592546463,171
lgbm_v2_climatology,5,4,diurnal_range_c,367.7987730503082,171
lgbm_v2_climatology,5,4,dewpoint_mean_c,221.80303931236267,171
lgbm_v2_climatology,5,4,relative_humidity_mean,482.2211437225342,171
lgbm_v2_climatology,5,4,wind_speed_mean,317.1947407722473,171
lgbm_v2_climatology,5,4,doy_sin,2885.451221227646,171
lgbm_v2_climatology,5,4,doy_cos,2177.201903820038,171
lgbm_v2_climatology,5,4,weather_observed,0.0,171
lgbm_v2_climatology,5,4,case_observed,0.0,171
lgbm_v2_climatology,5,4,centroid_lat,292.803719997406,171
lgbm_v2_climatology,5,4,centroid_lon,280.50828886032104,171
lgbm_v2_climatology,5,4,rainfall_daily_mean_mm_roll4,1327.2308163642883,171
lgbm_v2_climatology,5,4,rainfall_daily_mean_mm_roll8,818.3205361366272,171
lgbm_v2_climatology,5,4,rainfall_daily_mean_mm_roll12,223.29732060432434,171
lgbm_v2_climatology,5,4,temperature_mean_c_roll4,418.3295075893402,171
lgbm_v2_climatology,5,4,temperature_mean_c_roll8,347.6248199939728,171
lgbm_v2_climatology,5,4,temperature_mean_c_roll12,246.95028066635132,171
lgbm_v2_climatology,5,4,relative_humidity_mean_roll4,312.895959854126,171
lgbm_v2_climatology,5,4,relative_humidity_mean_roll8,137.43743991851807,171
lgbm_v2_climatology,5,4,relative_humidity_mean_roll12,280.73206877708435,171
lgbm_v2_climatology,5,4,national_wave_rank,3461.9485034942627,171
lgbm_v2_climatology,5,4,trailing_52_cumulative_cases,2124.8094594478607,171
lgbm_v2_climatology,5,4,cases_lag1,367.8757312297821,171
lgbm_v2_climatology,5,4,cases_lag2,1192.461237192154,171
lgbm_v2_climatology,5,4,cases_lag3,470.8762512207031,171
lgbm_v2_climatology,5,4,cases_lag4,244.2764196395874,171
lgbm_v2_climatology,5,4,cases_lag5,301.9456570148468,171
lgbm_v2_climatology,5,4,cases_lag6,127.57143902778625,171
lgbm_v2_climatology,5,4,cases_lag7,156.11211919784546,171
lgbm_v2_climatology,5,4,cases_lag8,162.4708685874939,171
lgbm_v2_climatology,5,4,cases_lag9,114.38626956939697,171
lgbm_v2_climatology,5,4,cases_lag10,151.22183966636658,171
lgbm_v2_climatology,5,4,cases_lag11,173.53035879135132,171
lgbm_v2_climatology,5,4,cases_lag12,213.4413194656372,171
lgbm_v2_climatology,5,4,cases_mean4,664.3869616985321,171
lgbm_v2_climatology,5,4,cases_mean8,463.3271040916443,171
lgbm_v2_climatology,5,4,cases_mean12,737.2718169689178,171
lgbm_v2_climatology,5,4,cases_max12,1185.173461675644,171
lgbm_v2_climatology,5,4,cases_diff1,18729.702500104904,171
lgbm_v2_climatology,5,4,cases_diff4,3108.704920530319,171
lgbm_v2_climatology,5,4,rain_roll4_lag4,435.8437602519989,171
lgbm_v2_climatology,5,4,rain_roll4_lag8,254.65708112716675,171
lgbm_v2_climatology,5,4,humid_roll4_lag4,264.33055901527405,171
lgbm_v2_climatology,5,4,humid_roll4_lag8,457.1193091869354,171
lgbm_v2_climatology,5,4,temp_roll4_lag4,628.9007468223572,171
lgbm_v2_climatology,5,4,temp_roll4_lag8,253.90660047531128,171
lgbm_v2_climatology,5,4,rain_roll12_lag12,285.6849114894867,171
lgbm_v2_climatology,5,4,neighbour_cases,1576.6688849925995,171
lgbm_v2_climatology,5,4,neighbour_diff4,626.3253016471863,171
lgbm_v2_climatology,5,4,national_cases,4263.980518341064,171
lgbm_v2_climatology,5,4,national_diff4,4593.238827228546,171
lgbm_v2_climatology,5,4,district,7023.3048005104065,171
lgbm_v2_climatology,5,4,target_doy_sin,3266.595582485199,171
lgbm_v2_climatology,5,4,target_doy_cos,3453.781421661377,171
lgbm_v2,5,6,cases_log1p,19077.994803905487,151
lgbm_v2,5,6,rainfall_daily_mean_mm,143.50952100753784,151
lgbm_v2,5,6,rainy_days_frac,89.62783813476562,151
lgbm_v2,5,6,temperature_mean_c,787.1436324119568,151
lgbm_v2,5,6,diurnal_range_c,399.66476249694824,151
lgbm_v2,5,6,dewpoint_mean_c,922.364372253418,151
lgbm_v2,5,6,relative_humidity_mean,756.156644821167,151
lgbm_v2,5,6,wind_speed_mean,407.95123291015625,151
lgbm_v2,5,6,doy_sin,3275.4703121185303,151
lgbm_v2,5,6,doy_cos,1920.2100324630737,151
lgbm_v2,5,6,weather_observed,0.0,151
lgbm_v2,5,6,case_observed,0.0,151
lgbm_v2,5,6,centroid_lat,662.5824718475342,151
lgbm_v2,5,6,centroid_lon,272.2055606842041,151
lgbm_v2,5,6,rainfall_daily_mean_mm_roll4,6131.505244255066,151
lgbm_v2,5,6,rainfall_daily_mean_mm_roll8,713.8038020133972,151
lgbm_v2,5,6,rainfall_daily_mean_mm_roll12,380.16430950164795,151
lgbm_v2,5,6,temperature_mean_c_roll4,581.2305302619934,151
lgbm_v2,5,6,temperature_mean_c_roll8,477.7958846092224,151
lgbm_v2,5,6,temperature_mean_c_roll12,217.79269933700562,151
lgbm_v2,5,6,relative_humidity_mean_roll4,1134.4237747192383,151
lgbm_v2,5,6,relative_humidity_mean_roll8,151.8197798728943,151
lgbm_v2,5,6,relative_humidity_mean_roll12,359.8124084472656,151
lgbm_v2,5,6,national_wave_rank,4814.311047554016,151
lgbm_v2,5,6,trailing_52_cumulative_cases,3007.214038848877,151
lgbm_v2,5,6,cases_lag1,324.8054337501526,151
lgbm_v2,5,6,cases_lag2,303.5231294631958,151
lgbm_v2,5,6,cases_lag3,251.58073902130127,151
lgbm_v2,5,6,cases_lag4,150.3441710472107,151
lgbm_v2,5,6,cases_lag5,97.01607894897461,151
lgbm_v2,5,6,cases_lag6,134.39270067214966,151
lgbm_v2,5,6,cases_lag7,83.16921043395996,151
lgbm_v2,5,6,cases_lag8,65.70157098770142,151
lgbm_v2,5,6,cases_lag9,164.51773071289062,151
lgbm_v2,5,6,cases_lag10,121.01635026931763,151
lgbm_v2,5,6,cases_lag11,169.49228048324585,151
lgbm_v2,5,6,cases_lag12,249.0807399749756,151
lgbm_v2,5,6,cases_mean4,520.4656972885132,151
lgbm_v2,5,6,cases_mean8,418.00988960266113,151
lgbm_v2,5,6,cases_mean12,738.4469876289368,151
lgbm_v2,5,6,cases_max12,1269.4581022262573,151
lgbm_v2,5,6,cases_diff1,13602.694950580597,151
lgbm_v2,5,6,cases_diff4,3534.924346446991,151
lgbm_v2,5,6,rain_roll4_lag4,442.86119270324707,151
lgbm_v2,5,6,rain_roll4_lag8,3259.6953916549683,151
lgbm_v2,5,6,humid_roll4_lag4,569.5733075141907,151
lgbm_v2,5,6,humid_roll4_lag8,4829.721080780029,151
lgbm_v2,5,6,temp_roll4_lag4,745.84161901474,151
lgbm_v2,5,6,temp_roll4_lag8,685.5249156951904,151
lgbm_v2,5,6,rain_roll12_lag12,1086.7067008018494,151
lgbm_v2,5,6,neighbour_cases,2121.6894006729126,151
lgbm_v2,5,6,neighbour_diff4,255.3939905166626,151
lgbm_v2,5,6,national_cases,4596.702725887299,151
lgbm_v2,5,6,national_diff4,4261.672754764557,151
lgbm_v2,5,6,district,12277.809491634369,151
lgbm_v2,5,6,target_doy_sin,4164.110803604126,151
lgbm_v2,5,6,target_doy_cos,5798.4765820503235,151
lgbm_v2_noclimate,5,6,cases_log1p,20563.006941318512,197
lgbm_v2_noclimate,5,6,doy_sin,7919.6902141571045,197
lgbm_v2_noclimate,5,6,doy_cos,3846.4126529693604,197
lgbm_v2_noclimate,5,6,weather_observed,0.0,197
lgbm_v2_noclimate,5,6,case_observed,0.0,197
lgbm_v2_noclimate,5,6,centroid_lat,1418.3071417808533,197
lgbm_v2_noclimate,5,6,centroid_lon,777.4654004573822,197
lgbm_v2_noclimate,5,6,national_wave_rank,4137.005693912506,197
lgbm_v2_noclimate,5,6,trailing_52_cumulative_cases,4867.7217581272125,197
lgbm_v2_noclimate,5,6,cases_lag1,710.3972117900848,197
lgbm_v2_noclimate,5,6,cases_lag2,452.30984020233154,197
lgbm_v2_noclimate,5,6,cases_lag3,474.8128595352173,197
lgbm_v2_noclimate,5,6,cases_lag4,332.245609998703,197
lgbm_v2_noclimate,5,6,cases_lag5,247.71001195907593,197
lgbm_v2_noclimate,5,6,cases_lag6,130.27632999420166,197
lgbm_v2_noclimate,5,6,cases_lag7,180.59931802749634,197
lgbm_v2_noclimate,5,6,cases_lag8,181.73931097984314,197
lgbm_v2_noclimate,5,6,cases_lag9,271.55235052108765,197
lgbm_v2_noclimate,5,6,cases_lag10,337.1872797012329,197
lgbm_v2_noclimate,5,6,cases_lag11,354.89018964767456,197
lgbm_v2_noclimate,5,6,cases_lag12,427.3863637447357,197
lgbm_v2_noclimate,5,6,cases_mean4,1389.602771282196,197
lgbm_v2_noclimate,5,6,cases_mean8,662.1454994678497,197
lgbm_v2_noclimate,5,6,cases_mean12,718.821581363678,197
lgbm_v2_noclimate,5,6,cases_max12,2331.816060066223,197
lgbm_v2_noclimate,5,6,cases_diff1,12857.62569975853,197
lgbm_v2_noclimate,5,6,cases_diff4,3626.82418012619,197
lgbm_v2_noclimate,5,6,neighbour_cases,2568.5330781936646,197
lgbm_v2_noclimate,5,6,neighbour_diff4,687.6326477527618,197
lgbm_v2_noclimate,5,6,national_cases,9011.30766415596,197
lgbm_v2_noclimate,5,6,national_diff4,6131.471992731094,197
lgbm_v2_noclimate,5,6,district,14273.479249477386,197
lgbm_v2_noclimate,5,6,target_doy_sin,6732.362727880478,197
lgbm_v2_noclimate,5,6,target_doy_cos,9444.8128926754,197
lgbm_v2_climatology,5,6,cases_log1p,20183.621935606003,197
lgbm_v2_climatology,5,6,rainfall_daily_mean_mm,560.433027267456,197
lgbm_v2_climatology,5,6,rainy_days_frac,3122.690230846405,197
lgbm_v2_climatology,5,6,temperature_mean_c,882.9324371814728,197
lgbm_v2_climatology,5,6,diurnal_range_c,479.47236919403076,197
lgbm_v2_climatology,5,6,dewpoint_mean_c,506.0342607498169,197
lgbm_v2_climatology,5,6,relative_humidity_mean,505.7933211326599,197
lgbm_v2_climatology,5,6,wind_speed_mean,238.51287007331848,197
lgbm_v2_climatology,5,6,doy_sin,5768.5515723228455,197
lgbm_v2_climatology,5,6,doy_cos,2684.7713811397552,197
lgbm_v2_climatology,5,6,weather_observed,0.0,197
lgbm_v2_climatology,5,6,case_observed,0.0,197
lgbm_v2_climatology,5,6,centroid_lat,502.04777240753174,197
lgbm_v2_climatology,5,6,centroid_lon,366.9584107398987,197
lgbm_v2_climatology,5,6,rainfall_daily_mean_mm_roll4,2182.326525449753,197
lgbm_v2_climatology,5,6,rainfall_daily_mean_mm_roll8,997.072817325592,197
lgbm_v2_climatology,5,6,rainfall_daily_mean_mm_roll12,351.90096855163574,197
lgbm_v2_climatology,5,6,temperature_mean_c_roll4,706.4231474399567,197
lgbm_v2_climatology,5,6,temperature_mean_c_roll8,444.9991979598999,197
lgbm_v2_climatology,5,6,temperature_mean_c_roll12,396.01536798477173,197
lgbm_v2_climatology,5,6,relative_humidity_mean_roll4,290.3520212173462,197
lgbm_v2_climatology,5,6,relative_humidity_mean_roll8,216.40819001197815,197
lgbm_v2_climatology,5,6,relative_humidity_mean_roll12,426.1818504333496,197
lgbm_v2_climatology,5,6,national_wave_rank,4432.2517619133,197
lgbm_v2_climatology,5,6,trailing_52_cumulative_cases,4263.286047458649,197
lgbm_v2_climatology,5,6,cases_lag1,571.3313610553741,197
lgbm_v2_climatology,5,6,cases_lag2,568.5181612968445,197
lgbm_v2_climatology,5,6,cases_lag3,409.85559344291687,197
lgbm_v2_climatology,5,6,cases_lag4,307.11453652381897,197
lgbm_v2_climatology,5,6,cases_lag5,152.64550065994263,197
lgbm_v2_climatology,5,6,cases_lag6,113.50279951095581,197
lgbm_v2_climatology,5,6,cases_lag7,163.6595902442932,197
lgbm_v2_climatology,5,6,cases_lag8,194.7508189678192,197
lgbm_v2_climatology,5,6,cases_lag9,232.71110892295837,197
lgbm_v2_climatology,5,6,cases_lag10,246.61684894561768,197
lgbm_v2_climatology,5,6,cases_lag11,266.2440881729126,197
lgbm_v2_climatology,5,6,cases_lag12,412.8419888019562,197
lgbm_v2_climatology,5,6,cases_mean4,745.9470453262329,197
lgbm_v2_climatology,5,6,cases_mean8,544.5762610435486,197
lgbm_v2_climatology,5,6,cases_mean12,640.1987578868866,197
lgbm_v2_climatology,5,6,cases_max12,1898.2241656780243,197
lgbm_v2_climatology,5,6,cases_diff1,12942.366074562073,197
lgbm_v2_climatology,5,6,cases_diff4,3567.534017801285,197
lgbm_v2_climatology,5,6,rain_roll4_lag4,332.55465149879456,197
lgbm_v2_climatology,5,6,rain_roll4_lag8,437.88289070129395,197
lgbm_v2_climatology,5,6,humid_roll4_lag4,229.2833080291748,197
lgbm_v2_climatology,5,6,humid_roll4_lag8,778.0297555923462,197
lgbm_v2_climatology,5,6,temp_roll4_lag4,496.4192476272583,197
lgbm_v2_climatology,5,6,temp_roll4_lag8,361.93563175201416,197
lgbm_v2_climatology,5,6,rain_roll12_lag12,381.5068414211273,197
lgbm_v2_climatology,5,6,neighbour_cases,2224.9955112934113,197
lgbm_v2_climatology,5,6,neighbour_diff4,403.760728597641,197
lgbm_v2_climatology,5,6,national_cases,7564.855842828751,197
lgbm_v2_climatology,5,6,national_diff4,6199.712283611298,197
lgbm_v2_climatology,5,6,district,12673.00289607048,197
lgbm_v2_climatology,5,6,target_doy_sin,5938.495055913925,197
lgbm_v2_climatology,5,6,target_doy_cos,6447.287939310074,197
lgbm_v2,5,8,cases_log1p,28446.95943403244,152
lgbm_v2,5,8,rainfall_daily_mean_mm,647.9013891220093,152
lgbm_v2,5,8,rainy_days_frac,1194.302562236786,152
lgbm_v2,5,8,temperature_mean_c,851.8471527099609,152
lgbm_v2,5,8,diurnal_range_c,244.67137670516968,152
lgbm_v2,5,8,dewpoint_mean_c,1133.150333404541,152
lgbm_v2,5,8,relative_humidity_mean,1238.7269387245178,152
lgbm_v2,5,8,wind_speed_mean,472.0877208709717,152
lgbm_v2,5,8,doy_sin,4880.425102710724,152
lgbm_v2,5,8,doy_cos,2469.160892009735,152
lgbm_v2,5,8,weather_observed,0.0,152
lgbm_v2,5,8,case_observed,0.0,152
lgbm_v2,5,8,centroid_lat,1333.9895973205566,152
lgbm_v2,5,8,centroid_lon,449.50627851486206,152
lgbm_v2,5,8,rainfall_daily_mean_mm_roll4,4299.278419971466,152
lgbm_v2,5,8,rainfall_daily_mean_mm_roll8,332.92523193359375,152
lgbm_v2,5,8,rainfall_daily_mean_mm_roll12,571.9142990112305,152
lgbm_v2,5,8,temperature_mean_c_roll4,513.3949990272522,152
lgbm_v2,5,8,temperature_mean_c_roll8,624.6240200996399,152
lgbm_v2,5,8,temperature_mean_c_roll12,591.8989148139954,152
lgbm_v2,5,8,relative_humidity_mean_roll4,898.668872833252,152
lgbm_v2,5,8,relative_humidity_mean_roll8,305.4695281982422,152
lgbm_v2,5,8,relative_humidity_mean_roll12,1004.2811279296875,152
lgbm_v2,5,8,national_wave_rank,5165.42150592804,152
lgbm_v2,5,8,trailing_52_cumulative_cases,4319.774405956268,152
lgbm_v2,5,8,cases_lag1,269.46913051605225,152
lgbm_v2,5,8,cases_lag2,195.3443684577942,152
lgbm_v2,5,8,cases_lag3,115.4966688156128,152
lgbm_v2,5,8,cases_lag4,232.2314100265503,152
lgbm_v2,5,8,cases_lag5,70.34689903259277,152
lgbm_v2,5,8,cases_lag6,54.734559535980225,152
lgbm_v2,5,8,cases_lag7,188.25002193450928,152
lgbm_v2,5,8,cases_lag8,98.95659828186035,152
lgbm_v2,5,8,cases_lag9,132.41906070709229,152
lgbm_v2,5,8,cases_lag10,94.24048042297363,152
lgbm_v2,5,8,cases_lag11,147.34253883361816,152
lgbm_v2,5,8,cases_lag12,202.02715969085693,152
lgbm_v2,5,8,cases_mean4,306.7434015274048,152
lgbm_v2,5,8,cases_mean8,551.8254752159119,152
lgbm_v2,5,8,cases_mean12,494.8629608154297,152
lgbm_v2,5,8,cases_max12,2742.8462619781494,152
lgbm_v2,5,8,cases_diff1,12194.270050525665,152
lgbm_v2,5,8,cases_diff4,4276.84680557251,152
lgbm_v2,5,8,rain_roll4_lag4,789.0519614219666,152
lgbm_v2,5,8,rain_roll4_lag8,5213.081791400909,152
lgbm_v2,5,8,humid_roll4_lag4,1364.46049451828,152
lgbm_v2,5,8,humid_roll4_lag8,4060.244547843933,152
lgbm_v2,5,8,temp_roll4_lag4,891.0029335021973,152
lgbm_v2,5,8,temp_roll4_lag8,598.618613243103,152
lgbm_v2,5,8,rain_roll12_lag12,1669.6629509925842,152
lgbm_v2,5,8,neighbour_cases,2422.2682271003723,152
lgbm_v2,5,8,neighbour_diff4,127.73717784881592,152
lgbm_v2,5,8,national_cases,7112.64855670929,152
lgbm_v2,5,8,national_diff4,4030.7411193847656,152
lgbm_v2,5,8,district,19060.34564256668,152
lgbm_v2,5,8,target_doy_sin,5244.387825012207,152
lgbm_v2,5,8,target_doy_cos,11414.014620304108,152
lgbm_v2_noclimate,5,8,cases_log1p,27949.518540859222,135
lgbm_v2_noclimate,5,8,doy_sin,7560.6783056259155,135
lgbm_v2_noclimate,5,8,doy_cos,3702.8030681610107,135
lgbm_v2_noclimate,5,8,weather_observed,0.0,135
lgbm_v2_noclimate,5,8,case_observed,0.0,135
lgbm_v2_noclimate,5,8,centroid_lat,1961.4839873313904,135
lgbm_v2_noclimate,5,8,centroid_lon,766.6713919639587,135
lgbm_v2_noclimate,5,8,national_wave_rank,4818.287538051605,135
lgbm_v2_noclimate,5,8,trailing_52_cumulative_cases,5537.232981681824,135
lgbm_v2_noclimate,5,8,cases_lag1,418.236186504364,135
lgbm_v2_noclimate,5,8,cases_lag2,370.2978296279907,135
lgbm_v2_noclimate,5,8,cases_lag3,241.82857847213745,135
lgbm_v2_noclimate,5,8,cases_lag4,196.7017798423767,135
lgbm_v2_noclimate,5,8,cases_lag5,20.471189498901367,135
lgbm_v2_noclimate,5,8,cases_lag6,76.48827981948853,135
lgbm_v2_noclimate,5,8,cases_lag7,200.87491703033447,135
lgbm_v2_noclimate,5,8,cases_lag8,237.13333082199097,135
lgbm_v2_noclimate,5,8,cases_lag9,116.62233924865723,135
lgbm_v2_noclimate,5,8,cases_lag10,241.75697994232178,135
lgbm_v2_noclimate,5,8,cases_lag11,271.4446325302124,135
lgbm_v2_noclimate,5,8,cases_lag12,364.7363533973694,135
lgbm_v2_noclimate,5,8,cases_mean4,918.331759929657,135
lgbm_v2_noclimate,5,8,cases_mean8,813.1464138031006,135
lgbm_v2_noclimate,5,8,cases_mean12,654.6182503700256,135
lgbm_v2_noclimate,5,8,cases_max12,3074.463837146759,135
lgbm_v2_noclimate,5,8,cases_diff1,12751.649794578552,135
lgbm_v2_noclimate,5,8,cases_diff4,4031.381908416748,135
lgbm_v2_noclimate,5,8,neighbour_cases,2726.0105447769165,135
lgbm_v2_noclimate,5,8,neighbour_diff4,375.0302972793579,135
lgbm_v2_noclimate,5,8,national_cases,9977.300975322723,135
lgbm_v2_noclimate,5,8,national_diff4,5386.808537006378,135
lgbm_v2_noclimate,5,8,district,18241.58913564682,135
lgbm_v2_noclimate,5,8,target_doy_sin,7311.640803337097,135
lgbm_v2_noclimate,5,8,target_doy_cos,15424.601470470428,135
lgbm_v2_climatology,5,8,cases_log1p,27810.860978603363,140
lgbm_v2_climatology,5,8,rainfall_daily_mean_mm,1169.9372310638428,140
lgbm_v2_climatology,5,8,rainy_days_frac,6677.6676869392395,140
lgbm_v2_climatology,5,8,temperature_mean_c,1370.7871179580688,140
lgbm_v2_climatology,5,8,diurnal_range_c,346.51879692077637,140
lgbm_v2_climatology,5,8,dewpoint_mean_c,570.3794889450073,140
lgbm_v2_climatology,5,8,relative_humidity_mean,476.30880308151245,140
lgbm_v2_climatology,5,8,wind_speed_mean,207.0745301246643,140
lgbm_v2_climatology,5,8,doy_sin,6795.557436466217,140
lgbm_v2_climatology,5,8,doy_cos,2851.6450986862183,140
lgbm_v2_climatology,5,8,weather_observed,0.0,140
lgbm_v2_climatology,5,8,case_observed,0.0,140
lgbm_v2_climatology,5,8,centroid_lat,952.2021698951721,140
lgbm_v2_climatology,5,8,centroid_lon,586.7148103713989,140
lgbm_v2_climatology,5,8,rainfall_daily_mean_mm_roll4,1179.1778421401978,140
lgbm_v2_climatology,5,8,rainfall_daily_mean_mm_roll8,443.00050258636475,140
lgbm_v2_climatology,5,8,rainfall_daily_mean_mm_roll12,150.5744285583496,140
lgbm_v2_climatology,5,8,temperature_mean_c_roll4,445.99120235443115,140
lgbm_v2_climatology,5,8,temperature_mean_c_roll8,299.4379940032959,140
lgbm_v2_climatology,5,8,temperature_mean_c_roll12,154.79530000686646,140
lgbm_v2_climatology,5,8,relative_humidity_mean_roll4,134.15335845947266,140
lgbm_v2_climatology,5,8,relative_humidity_mean_roll8,133.86424922943115,140
lgbm_v2_climatology,5,8,relative_humidity_mean_roll12,375.7079486846924,140
lgbm_v2_climatology,5,8,national_wave_rank,5222.440746307373,140
lgbm_v2_climatology,5,8,trailing_52_cumulative_cases,5298.2815990448,140
lgbm_v2_climatology,5,8,cases_lag1,411.8511381149292,140
lgbm_v2_climatology,5,8,cases_lag2,342.7108988761902,140
lgbm_v2_climatology,5,8,cases_lag3,145.353741645813,140
lgbm_v2_climatology,5,8,cases_lag4,254.1354160308838,140
lgbm_v2_climatology,5,8,cases_lag5,55.165489196777344,140
lgbm_v2_climatology,5,8,cases_lag6,135.90675926208496,140
lgbm_v2_climatology,5,8,cases_lag7,260.7951407432556,140
lgbm_v2_climatology,5,8,cases_lag8,82.99954891204834,140
lgbm_v2_climatology,5,8,cases_lag9,65.62754964828491,140
lgbm_v2_climatology,5,8,cases_lag10,175.27364826202393,140
lgbm_v2_climatology,5,8,cases_lag11,200.69633150100708,140
lgbm_v2_climatology,5,8,cases_lag12,212.20419025421143,140
lgbm_v2_climatology,5,8,cases_mean4,429.0400400161743,140
lgbm_v2_climatology,5,8,cases_mean8,874.7614140510559,140
lgbm_v2_climatology,5,8,cases_mean12,693.1272730827332,140
lgbm_v2_climatology,5,8,cases_max12,2822.887908935547,140
lgbm_v2_climatology,5,8,cases_diff1,11813.768731594086,140
lgbm_v2_climatology,5,8,cases_diff4,4280.804490566254,140
lgbm_v2_climatology,5,8,rain_roll4_lag4,231.56028079986572,140
lgbm_v2_climatology,5,8,rain_roll4_lag8,725.5045256614685,140
lgbm_v2_climatology,5,8,humid_roll4_lag4,245.95721006393433,140
lgbm_v2_climatology,5,8,humid_roll4_lag8,275.6724581718445,140
lgbm_v2_climatology,5,8,temp_roll4_lag4,854.7355999946594,140
lgbm_v2_climatology,5,8,temp_roll4_lag8,244.99533891677856,140
lgbm_v2_climatology,5,8,rain_roll12_lag12,197.37959146499634,140
lgbm_v2_climatology,5,8,neighbour_cases,2143.1394696235657,140
lgbm_v2_climatology,5,8,neighbour_diff4,228.97142028808594,140
lgbm_v2_climatology,5,8,national_cases,8749.394445419312,140
lgbm_v2_climatology,5,8,national_diff4,5589.23797416687,140
lgbm_v2_climatology,5,8,district,16164.591578483582,140
lgbm_v2_climatology,5,8,target_doy_sin,7787.560169696808,140
lgbm_v2_climatology,5,8,target_doy_cos,8693.192294120789,140
lgbm_v2,5,10,cases_log1p,38914.01889419556,172
lgbm_v2,5,10,rainfall_daily_mean_mm,686.0664620399475,172
lgbm_v2,5,10,rainy_days_frac,715.2287015914917,172
lgbm_v2,5,10,temperature_mean_c,1129.008888721466,172
lgbm_v2,5,10,diurnal_range_c,275.0782995223999,172
lgbm_v2,5,10,dewpoint_mean_c,1110.3681645393372,172
lgbm_v2,5,10,relative_humidity_mean,994.9085764884949,172
lgbm_v2,5,10,wind_speed_mean,1297.164566040039,172
lgbm_v2,5,10,doy_sin,4914.344622135162,172
lgbm_v2,5,10,doy_cos,3233.815617084503,172
lgbm_v2,5,10,weather_observed,0.0,172
lgbm_v2,5,10,case_observed,0.0,172
lgbm_v2,5,10,centroid_lat,2020.858157157898,172
lgbm_v2,5,10,centroid_lon,907.1588587760925,172
lgbm_v2,5,10,rainfall_daily_mean_mm_roll4,1591.1316032409668,172
lgbm_v2,5,10,rainfall_daily_mean_mm_roll8,444.62691259384155,172
lgbm_v2,5,10,rainfall_daily_mean_mm_roll12,1020.2221922874451,172
lgbm_v2,5,10,temperature_mean_c_roll4,711.250813961029,172
lgbm_v2,5,10,temperature_mean_c_roll8,603.2017049789429,172
lgbm_v2,5,10,temperature_mean_c_roll12,814.9101800918579,172
lgbm_v2,5,10,relative_humidity_mean_roll4,742.1316003799438,172
lgbm_v2,5,10,relative_humidity_mean_roll8,620.9318428039551,172
lgbm_v2,5,10,relative_humidity_mean_roll12,1292.9997849464417,172
lgbm_v2,5,10,national_wave_rank,5772.0161209106445,172
lgbm_v2,5,10,trailing_52_cumulative_cases,7060.263615131378,172
lgbm_v2,5,10,cases_lag1,279.13216972351074,172
lgbm_v2,5,10,cases_lag2,443.8587689399719,172
lgbm_v2,5,10,cases_lag3,124.42419862747192,172
lgbm_v2,5,10,cases_lag4,160.38111114501953,172
lgbm_v2,5,10,cases_lag5,209.42692947387695,172
lgbm_v2,5,10,cases_lag6,60.14894962310791,172
lgbm_v2,5,10,cases_lag7,34.56224060058594,172
lgbm_v2,5,10,cases_lag8,90.85124969482422,172
lgbm_v2,5,10,cases_lag9,142.4278106689453,172
lgbm_v2,5,10,cases_lag10,105.70229911804199,172
lgbm_v2,5,10,cases_lag11,360.88793897628784,172
lgbm_v2,5,10,cases_lag12,591.3425335884094,172
lgbm_v2,5,10,cases_mean4,901.7235894203186,172
lgbm_v2,5,10,cases_mean8,810.9711227416992,172
lgbm_v2,5,10,cases_mean12,906.1501498222351,172
lgbm_v2,5,10,cases_max12,3089.4462752342224,172
lgbm_v2,5,10,cases_diff1,9713.498537540436,172
lgbm_v2,5,10,cases_diff4,2668.2288751602173,172
lgbm_v2,5,10,rain_roll4_lag4,1575.8132123947144,172
lgbm_v2,5,10,rain_roll4_lag8,4616.153687953949,172
lgbm_v2,5,10,humid_roll4_lag4,2484.3733677864075,172
lgbm_v2,5,10,humid_roll4_lag8,4336.809061050415,172
lgbm_v2,5,10,temp_roll4_lag4,1173.2390069961548,172
lgbm_v2,5,10,temp_roll4_lag8,1123.7021021842957,172
lgbm_v2,5,10,rain_roll12_lag12,2626.710292816162,172
lgbm_v2,5,10,neighbour_cases,2810.1573600769043,172
lgbm_v2,5,10,neighbour_diff4,444.57439851760864,172
lgbm_v2,5,10,national_cases,10189.498195648193,172
lgbm_v2,5,10,national_diff4,3766.6532583236694,172
lgbm_v2,5,10,district,24048.298627376556,172
lgbm_v2,5,10,target_doy_sin,7410.212157249451,172
lgbm_v2,5,10,target_doy_cos,15444.857133865356,172
lgbm_v2_noclimate,5,10,cases_log1p,38109.7944303751,474
lgbm_v2_noclimate,5,10,doy_sin,14185.55207490921,474
lgbm_v2_noclimate,5,10,doy_cos,7506.070297956467,474
lgbm_v2_noclimate,5,10,weather_observed,0.0,474
lgbm_v2_noclimate,5,10,case_observed,0.0,474
lgbm_v2_noclimate,5,10,centroid_lat,3153.9777431488037,474
lgbm_v2_noclimate,5,10,centroid_lon,1433.2608127593994,474
lgbm_v2_noclimate,5,10,national_wave_rank,7050.774628043175,474
lgbm_v2_noclimate,5,10,trailing_52_cumulative_cases,13149.307192206383,474
lgbm_v2_noclimate,5,10,cases_lag1,1046.4779378175735,474
lgbm_v2_noclimate,5,10,cases_lag2,1413.0206422805786,474
lgbm_v2_noclimate,5,10,cases_lag3,612.366480588913,474
lgbm_v2_noclimate,5,10,cases_lag4,730.074352145195,474
lgbm_v2_noclimate,5,10,cases_lag5,681.9545682668686,474
lgbm_v2_noclimate,5,10,cases_lag6,485.9554308652878,474
lgbm_v2_noclimate,5,10,cases_lag7,466.94376027584076,474
lgbm_v2_noclimate,5,10,cases_lag8,563.2532788515091,474
lgbm_v2_noclimate,5,10,cases_lag9,630.4263006448746,474
lgbm_v2_noclimate,5,10,cases_lag10,690.0350692272186,474
lgbm_v2_noclimate,5,10,cases_lag11,1085.6559101343155,474
lgbm_v2_noclimate,5,10,cases_lag12,1490.013505578041,474
lgbm_v2_noclimate,5,10,cases_mean4,2101.5401767492294,474
lgbm_v2_noclimate,5,10,cases_mean8,2168.958494782448,474
lgbm_v2_noclimate,5,10,cases_mean12,2267.9318593740463,474
lgbm_v2_noclimate,5,10,cases_max12,6579.771369934082,474
lgbm_v2_noclimate,5,10,cases_diff1,11462.429690241814,474
lgbm_v2_noclimate,5,10,cases_diff4,2758.2589136362076,474
lgbm_v2_noclimate,5,10,neighbour_cases,4266.421738386154,474
lgbm_v2_noclimate,5,10,neighbour_diff4,1605.822872042656,474
lgbm_v2_noclimate,5,10,national_cases,20553.46592116356,474
lgbm_v2_noclimate,5,10,national_diff4,9300.221027255058,474
lgbm_v2_noclimate,5,10,district,29569.000915050507,474
lgbm_v2_noclimate,5,10,target_doy_sin,10835.254768133163,474
lgbm_v2_noclimate,5,10,target_doy_cos,20798.722740530968,474
lgbm_v2_climatology,5,10,cases_log1p,38909.50855231285,270
lgbm_v2_climatology,5,10,rainfall_daily_mean_mm,788.9241526126862,270
lgbm_v2_climatology,5,10,rainy_days_frac,5058.734346151352,270
lgbm_v2_climatology,5,10,temperature_mean_c,1843.4226512908936,270
lgbm_v2_climatology,5,10,diurnal_range_c,704.0410151481628,270
lgbm_v2_climatology,5,10,dewpoint_mean_c,792.3619165420532,270
lgbm_v2_climatology,5,10,relative_humidity_mean,601.6822845935822,270
lgbm_v2_climatology,5,10,wind_speed_mean,530.656667470932,270
lgbm_v2_climatology,5,10,doy_sin,10904.650933265686,270
lgbm_v2_climatology,5,10,doy_cos,4179.579147100449,270
lgbm_v2_climatology,5,10,weather_observed,0.0,270
lgbm_v2_climatology,5,10,case_observed,0.0,270
lgbm_v2_climatology,5,10,centroid_lat,1532.6283810138702,270
lgbm_v2_climatology,5,10,centroid_lon,861.468460559845,270
lgbm_v2_climatology,5,10,rainfall_daily_mean_mm_roll4,1576.7077236175537,270
lgbm_v2_climatology,5,10,rainfall_daily_mean_mm_roll8,578.6489882469177,270
lgbm_v2_climatology,5,10,rainfall_daily_mean_mm_roll12,489.60936880111694,270
lgbm_v2_climatology,5,10,temperature_mean_c_roll4,855.516485452652,270
lgbm_v2_climatology,5,10,temperature_mean_c_roll8,634.7465190887451,270
lgbm_v2_climatology,5,10,temperature_mean_c_roll12,807.0331387519836,270
lgbm_v2_climatology,5,10,relative_humidity_mean_roll4,439.0917706489563,270
lgbm_v2_climatology,5,10,relative_humidity_mean_roll8,247.9587197303772,270
lgbm_v2_climatology,5,10,relative_humidity_mean_roll12,478.5915050506592,270
lgbm_v2_climatology,5,10,national_wave_rank,6424.522274494171,270
lgbm_v2_climatology,5,10,trailing_52_cumulative_cases,9517.688624382019,270
lgbm_v2_climatology,5,10,cases_lag1,604.1955142021179,270
lgbm_v2_climatology,5,10,cases_lag2,714.1089107990265,270
lgbm_v2_climatology,5,10,cases_lag3,299.6104989051819,270
lgbm_v2_climatology,5,10,cases_lag4,361.3154411315918,270
lgbm_v2_climatology,5,10,cases_lag5,277.8479208946228,270
lgbm_v2_climatology,5,10,cases_lag6,234.57457041740417,270
lgbm_v2_climatology,5,10,cases_lag7,183.07118844985962,270
lgbm_v2_climatology,5,10,cases_lag8,223.6813588142395,270
lgbm_v2_climatology,5,10,cases_lag9,284.72786808013916,270
lgbm_v2_climatology,5,10,cases_lag10,405.17214918136597,270
lgbm_v2_climatology,5,10,cases_lag11,441.7080283164978,270
lgbm_v2_climatology,5,10,cases_lag12,917.6337933540344,270
lgbm_v2_climatology,5,10,cases_mean4,988.5607242584229,270
lgbm_v2_climatology,5,10,cases_mean8,1363.0400669574738,270
lgbm_v2_climatology,5,10,cases_mean12,1551.9042000770569,270
lgbm_v2_climatology,5,10,cases_max12,5002.6250467300415,270
lgbm_v2_climatology,5,10,cases_diff1,9697.090517520905,270
lgbm_v2_climatology,5,10,cases_diff4,2964.926285982132,270
lgbm_v2_climatology,5,10,rain_roll4_lag4,291.51061034202576,270
lgbm_v2_climatology,5,10,rain_roll4_lag8,667.4578137397766,270
lgbm_v2_climatology,5,10,humid_roll4_lag4,749.5356111526489,270
lgbm_v2_climatology,5,10,humid_roll4_lag8,455.2813687324524,270
lgbm_v2_climatology,5,10,temp_roll4_lag4,799.4527230262756,270
lgbm_v2_climatology,5,10,temp_roll4_lag8,648.1663682460785,270
lgbm_v2_climatology,5,10,rain_roll12_lag12,784.2064809799194,270
lgbm_v2_climatology,5,10,neighbour_cases,2676.2399842739105,270
lgbm_v2_climatology,5,10,neighbour_diff4,768.1908695697784,270
lgbm_v2_climatology,5,10,national_cases,15467.768652439117,270
lgbm_v2_climatology,5,10,national_diff4,7531.567674160004,270
lgbm_v2_climatology,5,10,district,24298.57925271988,270
lgbm_v2_climatology,5,10,target_doy_sin,8325.221342802048,270
lgbm_v2_climatology,5,10,target_doy_cos,16543.319744348526,270
lgbm_v2,5,12,cases_log1p,46546.633733034134,412
lgbm_v2,5,12,rainfall_daily_mean_mm,767.2747083902359,412
lgbm_v2,5,12,rainy_days_frac,371.19239234924316,412
lgbm_v2,5,12,temperature_mean_c,1577.434314250946,412
lgbm_v2,5,12,diurnal_range_c,800.4019875526428,412
lgbm_v2,5,12,dewpoint_mean_c,1521.5204932689667,412
lgbm_v2,5,12,relative_humidity_mean,1120.0037724971771,412
lgbm_v2,5,12,wind_speed_mean,2104.74529671669,412
lgbm_v2,5,12,doy_sin,7275.212561130524,412
lgbm_v2,5,12,doy_cos,5204.621125817299,412
lgbm_v2,5,12,weather_observed,0.0,412
lgbm_v2,5,12,case_observed,0.0,412
lgbm_v2,5,12,centroid_lat,3577.9072093963623,412
lgbm_v2,5,12,centroid_lon,1238.2992272377014,412
lgbm_v2,5,12,rainfall_daily_mean_mm_roll4,1313.2740595340729,412
lgbm_v2,5,12,rainfall_daily_mean_mm_roll8,1308.5153621435165,412
lgbm_v2,5,12,rainfall_daily_mean_mm_roll12,2696.681461572647,412
lgbm_v2,5,12,temperature_mean_c_roll4,1597.413172006607,412
lgbm_v2,5,12,temperature_mean_c_roll8,1061.0190124511719,412
lgbm_v2,5,12,temperature_mean_c_roll12,1517.9019403457642,412
lgbm_v2,5,12,relative_humidity_mean_roll4,1007.2067120075226,412
lgbm_v2,5,12,relative_humidity_mean_roll8,1540.9039931297302,412
lgbm_v2,5,12,relative_humidity_mean_roll12,3632.8388884067535,412
lgbm_v2,5,12,national_wave_rank,6493.979840993881,412
lgbm_v2,5,12,trailing_52_cumulative_cases,11373.335837364197,412
lgbm_v2,5,12,cases_lag1,950.1354092359543,412
lgbm_v2,5,12,cases_lag2,392.672847032547,412
lgbm_v2,5,12,cases_lag3,309.46032786369324,412
lgbm_v2,5,12,cases_lag4,310.3707594871521,412
lgbm_v2,5,12,cases_lag5,214.91432094573975,412
lgbm_v2,5,12,cases_lag6,327.906619310379,412
lgbm_v2,5,12,cases_lag7,290.26731872558594,412
lgbm_v2,5,12,cases_lag8,625.2301003932953,412
lgbm_v2,5,12,cases_lag9,366.7874801158905,412
lgbm_v2,5,12,cases_lag10,482.1008334159851,412
lgbm_v2,5,12,cases_lag11,905.5479449033737,412
lgbm_v2,5,12,cases_lag12,881.2613878250122,412
lgbm_v2,5,12,cases_mean4,1574.1251628398895,412
lgbm_v2,5,12,cases_mean8,1142.8287675380707,412
lgbm_v2,5,12,cases_mean12,1864.4001789093018,412
lgbm_v2,5,12,cases_max12,6398.19424700737,412
lgbm_v2,5,12,cases_diff1,8818.069744586945,412
lgbm_v2,5,12,cases_diff4,3386.5124007463455,412
lgbm_v2,5,12,rain_roll4_lag4,2331.7223494052887,412
lgbm_v2,5,12,rain_roll4_lag8,6778.854845285416,412
lgbm_v2,5,12,humid_roll4_lag4,3127.954374551773,412
lgbm_v2,5,12,humid_roll4_lag8,5317.871179819107,412
lgbm_v2,5,12,temp_roll4_lag4,1375.4503545761108,412
lgbm_v2,5,12,temp_roll4_lag8,3911.8657443523407,412
lgbm_v2,5,12,rain_roll12_lag12,4032.898467898369,412
lgbm_v2,5,12,neighbour_cases,2883.3430010080338,412
lgbm_v2,5,12,neighbour_diff4,506.6900899410248,412
lgbm_v2,5,12,national_cases,16445.244511008263,412
lgbm_v2,5,12,national_diff4,6707.528436183929,412
lgbm_v2,5,12,district,33186.345596551895,412
lgbm_v2,5,12,target_doy_sin,10018.500941753387,412
lgbm_v2,5,12,target_doy_cos,15974.896944761276,412
lgbm_v2_noclimate,5,12,cases_log1p,44400.98643839359,565
lgbm_v2_noclimate,5,12,doy_sin,14529.01733982563,565
lgbm_v2_noclimate,5,12,doy_cos,7957.552806317806,565
lgbm_v2_noclimate,5,12,weather_observed,0.0,565
lgbm_v2_noclimate,5,12,case_observed,0.0,565
lgbm_v2_noclimate,5,12,centroid_lat,4410.36081635952,565
lgbm_v2_noclimate,5,12,centroid_lon,2235.8558683395386,565
lgbm_v2_noclimate,5,12,national_wave_rank,8116.921965718269,565
lgbm_v2_noclimate,5,12,trailing_52_cumulative_cases,17772.72635090351,565
lgbm_v2_noclimate,5,12,cases_lag1,1335.7671595811844,565
lgbm_v2_noclimate,5,12,cases_lag2,791.0278316736221,565
lgbm_v2_noclimate,5,12,cases_lag3,712.0343092679977,565
lgbm_v2_noclimate,5,12,cases_lag4,682.366260766983,565
lgbm_v2_noclimate,5,12,cases_lag5,803.7756700515747,565
lgbm_v2_noclimate,5,12,cases_lag6,619.0283758640289,565
lgbm_v2_noclimate,5,12,cases_lag7,528.030899643898,565
lgbm_v2_noclimate,5,12,cases_lag8,907.1848731040955,565
lgbm_v2_noclimate,5,12,cases_lag9,788.8287403583527,565
lgbm_v2_noclimate,5,12,cases_lag10,863.310707449913,565
lgbm_v2_noclimate,5,12,cases_lag11,1289.3738806247711,565
lgbm_v2_noclimate,5,12,cases_lag12,1583.7464945316315,565
lgbm_v2_noclimate,5,12,cases_mean4,2410.613431096077,565
lgbm_v2_noclimate,5,12,cases_mean8,3023.23345887661,565
lgbm_v2_noclimate,5,12,cases_mean12,3198.427468061447,565
lgbm_v2_noclimate,5,12,cases_max12,7670.623378992081,565
lgbm_v2_noclimate,5,12,cases_diff1,10121.503186702728,565
lgbm_v2_noclimate,5,12,cases_diff4,3587.7164660692215,565
lgbm_v2_noclimate,5,12,neighbour_cases,4604.138820767403,565
lgbm_v2_noclimate,5,12,neighbour_diff4,1553.271892786026,565
lgbm_v2_noclimate,5,12,national_cases,25569.467871665955,565
lgbm_v2_noclimate,5,12,national_diff4,12194.282119393349,565
lgbm_v2_noclimate,5,12,district,34133.33465921879,565
lgbm_v2_noclimate,5,12,target_doy_sin,13069.20197570324,565
lgbm_v2_noclimate,5,12,target_doy_cos,21358.716549277306,565
lgbm_v2_climatology,5,12,cases_log1p,46223.18532156944,261
lgbm_v2_climatology,5,12,rainfall_daily_mean_mm,1139.0423791408539,261
lgbm_v2_climatology,5,12,rainy_days_frac,6807.345191240311,261
lgbm_v2_climatology,5,12,temperature_mean_c,1513.7419662475586,261
lgbm_v2_climatology,5,12,diurnal_range_c,905.71613073349,261
lgbm_v2_climatology,5,12,dewpoint_mean_c,1161.7677121162415,261
lgbm_v2_climatology,5,12,relative_humidity_mean,852.943000793457,261
lgbm_v2_climatology,5,12,wind_speed_mean,696.591824054718,261
lgbm_v2_climatology,5,12,doy_sin,9792.030416488647,261
lgbm_v2_climatology,5,12,doy_cos,4375.324384212494,261
lgbm_v2_climatology,5,12,weather_observed,0.0,261
lgbm_v2_climatology,5,12,case_observed,0.0,261
lgbm_v2_climatology,5,12,centroid_lat,1763.8182637691498,261
lgbm_v2_climatology,5,12,centroid_lon,790.832649230957,261
lgbm_v2_climatology,5,12,rainfall_daily_mean_mm_roll4,927.936797618866,261
lgbm_v2_climatology,5,12,rainfall_daily_mean_mm_roll8,434.9434847831726,261
lgbm_v2_climatology,5,12,rainfall_daily_mean_mm_roll12,429.3907151222229,261
lgbm_v2_climatology,5,12,temperature_mean_c_roll4,1017.1782352924347,261
lgbm_v2_climatology,5,12,temperature_mean_c_roll8,389.10372138023376,261
lgbm_v2_climatology,5,12,temperature_mean_c_roll12,843.5386185646057,261
lgbm_v2_climatology,5,12,relative_humidity_mean_roll4,417.47859048843384,261
lgbm_v2_climatology,5,12,relative_humidity_mean_roll8,596.9537851810455,261
lgbm_v2_climatology,5,12,relative_humidity_mean_roll12,403.82108783721924,261
lgbm_v2_climatology,5,12,national_wave_rank,6495.403302192688,261
lgbm_v2_climatology,5,12,trailing_52_cumulative_cases,11779.532751321793,261
lgbm_v2_climatology,5,12,cases_lag1,912.4835391044617,261
lgbm_v2_climatology,5,12,cases_lag2,322.19209814071655,261
lgbm_v2_climatology,5,12,cases_lag3,240.59824919700623,261
lgbm_v2_climatology,5,12,cases_lag4,348.6093249320984,261
lgbm_v2_climatology,5,12,cases_lag5,231.73324966430664,261
lgbm_v2_climatology,5,12,cases_lag6,199.64920210838318,261
lgbm_v2_climatology,5,12,cases_lag7,288.418888092041,261
lgbm_v2_climatology,5,12,cases_lag8,335.6299681663513,261
lgbm_v2_climatology,5,12,cases_lag9,307.8713607788086,261
lgbm_v2_climatology,5,12,cases_lag10,395.28607392311096,261
lgbm_v2_climatology,5,12,cases_lag11,707.1533348560333,261
lgbm_v2_climatology,5,12,cases_lag12,1115.1182532310486,261
lgbm_v2_climatology,5,12,cases_mean4,1276.5618994235992,261
lgbm_v2_climatology,5,12,cases_mean8,1364.5243928432465,261
lgbm_v2_climatology,5,12,cases_mean12,1800.49321103096,261
lgbm_v2_climatology,5,12,cases_max12,5364.75300526619,261
lgbm_v2_climatology,5,12,cases_diff1,8090.670257329941,261
lgbm_v2_climatology,5,12,cases_diff4,3619.462703227997,261
lgbm_v2_climatology,5,12,rain_roll4_lag4,382.4230086803436,261
lgbm_v2_climatology,5,12,rain_roll4_lag8,1290.0414445400238,261
lgbm_v2_climatology,5,12,humid_roll4_lag4,393.1705889701843,261
lgbm_v2_climatology,5,12,humid_roll4_lag8,500.56252336502075,261
lgbm_v2_climatology,5,12,temp_roll4_lag4,268.6769576072693,261
lgbm_v2_climatology,5,12,temp_roll4_lag8,1361.2886638641357,261
lgbm_v2_climatology,5,12,rain_roll12_lag12,1024.04855966568,261
lgbm_v2_climatology,5,12,neighbour_cases,2213.974118232727,261
lgbm_v2_climatology,5,12,neighbour_diff4,535.8658027648926,261
lgbm_v2_climatology,5,12,national_cases,19611.98862862587,261
lgbm_v2_climatology,5,12,national_diff4,9292.881685256958,261
lgbm_v2_climatology,5,12,district,28128.28027844429,261
lgbm_v2_climatology,5,12,target_doy_sin,10367.58835363388,261
lgbm_v2_climatology,5,12,target_doy_cos,16146.71490073204,261
lgbm_v2,6,1,cases_log1p,4902.067497253418,163
lgbm_v2,6,1,rainfall_daily_mean_mm,254.589120388031,163
lgbm_v2,6,1,rainy_days_frac,67.75750946998596,163
lgbm_v2,6,1,temperature_mean_c,150.66749906539917,163
lgbm_v2,6,1,diurnal_range_c,179.83244013786316,163
lgbm_v2,6,1,dewpoint_mean_c,171.24832034111023,163
lgbm_v2,6,1,relative_humidity_mean,275.1299891471863,163
lgbm_v2,6,1,wind_speed_mean,128.71951985359192,163
lgbm_v2,6,1,doy_sin,1867.5664699077606,163
lgbm_v2,6,1,doy_cos,812.4604027271271,163
lgbm_v2,6,1,weather_observed,0.0,163
lgbm_v2,6,1,case_observed,0.0,163
lgbm_v2,6,1,centroid_lat,243.6626398563385,163
lgbm_v2,6,1,centroid_lon,119.13757967948914,163
lgbm_v2,6,1,rainfall_daily_mean_mm_roll4,287.53406953811646,163
lgbm_v2,6,1,rainfall_daily_mean_mm_roll8,804.6684513092041,163
lgbm_v2,6,1,rainfall_daily_mean_mm_roll12,202.78193831443787,163
lgbm_v2,6,1,temperature_mean_c_roll4,177.39361953735352,163
lgbm_v2,6,1,temperature_mean_c_roll8,126.54987978935242,163
lgbm_v2,6,1,temperature_mean_c_roll12,122.2815101146698,163
lgbm_v2,6,1,relative_humidity_mean_roll4,272.9370274543762,163
lgbm_v2,6,1,relative_humidity_mean_roll8,271.4447400569916,163
lgbm_v2,6,1,relative_humidity_mean_roll12,96.80631017684937,163
lgbm_v2,6,1,national_wave_rank,1736.1126823425293,163
lgbm_v2,6,1,trailing_52_cumulative_cases,785.8297736644745,163
lgbm_v2,6,1,cases_lag1,521.444742679596,163
lgbm_v2,6,1,cases_lag2,2036.7063670158386,163
lgbm_v2,6,1,cases_lag3,762.0336611270905,163
lgbm_v2,6,1,cases_lag4,233.8441298007965,163
lgbm_v2,6,1,cases_lag5,162.11616015434265,163
lgbm_v2,6,1,cases_lag6,188.31926941871643,163
lgbm_v2,6,1,cases_lag7,184.49679970741272,163
lgbm_v2,6,1,cases_lag8,171.6069004535675,163
lgbm_v2,6,1,cases_lag9,84.805428981781,163
lgbm_v2,6,1,cases_lag10,109.68660974502563,163
lgbm_v2,6,1,cases_lag11,157.57921934127808,163
lgbm_v2,6,1,cases_lag12,167.20942950248718,163
lgbm_v2,6,1,cases_mean4,523.9271404743195,163
lgbm_v2,6,1,cases_mean8,318.7645025253296,163
lgbm_v2,6,1,cases_mean12,388.73132038116455,163
lgbm_v2,6,1,cases_max12,206.85031938552856,163
lgbm_v2,6,1,cases_diff1,20079.179384708405,163
lgbm_v2,6,1,cases_diff4,5806.76330780983,163
lgbm_v2,6,1,rain_roll4_lag4,637.7601397037506,163
lgbm_v2,6,1,rain_roll4_lag8,198.9046413898468,163
lgbm_v2,6,1,humid_roll4_lag4,175.78752994537354,163
lgbm_v2,6,1,humid_roll4_lag8,405.1518301963806,163
lgbm_v2,6,1,temp_roll4_lag4,181.9386806488037,163
lgbm_v2,6,1,temp_roll4_lag8,199.52341032028198,163
lgbm_v2,6,1,rain_roll12_lag12,458.22844791412354,163
lgbm_v2,6,1,neighbour_cases,770.6664109230042,163
lgbm_v2,6,1,neighbour_diff4,779.0272397994995,163
lgbm_v2,6,1,national_cases,909.8208565711975,163
lgbm_v2,6,1,national_diff4,2378.4294633865356,163
lgbm_v2,6,1,district,3578.2308995723724,163
lgbm_v2,6,1,target_doy_sin,852.7304866313934,163
lgbm_v2,6,1,target_doy_cos,537.7079503536224,163
lgbm_v2_noclimate,6,1,cases_log1p,5196.541344165802,197
lgbm_v2_noclimate,6,1,doy_sin,2633.225646138191,197
lgbm_v2_noclimate,6,1,doy_cos,1140.6165605783463,197
lgbm_v2_noclimate,6,1,weather_observed,0.0,197
lgbm_v2_noclimate,6,1,case_observed,0.0,197
lgbm_v2_noclimate,6,1,centroid_lat,354.07533717155457,197
lgbm_v2_noclimate,6,1,centroid_lon,130.32510018348694,197
lgbm_v2_noclimate,6,1,national_wave_rank,1652.1468167304993,197
lgbm_v2_noclimate,6,1,trailing_52_cumulative_cases,953.8763720989227,197
lgbm_v2_noclimate,6,1,cases_lag1,710.9325879812241,197
lgbm_v2_noclimate,6,1,cases_lag2,1820.5123111009598,197
lgbm_v2_noclimate,6,1,cases_lag3,1014.9755612611771,197
lgbm_v2_noclimate,6,1,cases_lag4,300.0185499191284,197
lgbm_v2_noclimate,6,1,cases_lag5,245.86376023292542,197
lgbm_v2_noclimate,6,1,cases_lag6,292.4511386156082,197
lgbm_v2_noclimate,6,1,cases_lag7,241.99737930297852,197
lgbm_v2_noclimate,6,1,cases_lag8,269.53639960289,197
lgbm_v2_noclimate,6,1,cases_lag9,167.97171926498413,197
lgbm_v2_noclimate,6,1,cases_lag10,156.85215973854065,197
lgbm_v2_noclimate,6,1,cases_lag11,313.32661044597626,197
lgbm_v2_noclimate,6,1,cases_lag12,206.61134028434753,197
lgbm_v2_noclimate,6,1,cases_mean4,777.6490550041199,197
lgbm_v2_noclimate,6,1,cases_mean8,508.2365303039551,197
lgbm_v2_noclimate,6,1,cases_mean12,619.5447926521301,197
lgbm_v2_noclimate,6,1,cases_max12,326.93678998947144,197
lgbm_v2_noclimate,6,1,cases_diff1,21016.25827372074,197
lgbm_v2_noclimate,6,1,cases_diff4,5354.705451369286,197
lgbm_v2_noclimate,6,1,neighbour_cases,1199.466138958931,197
lgbm_v2_noclimate,6,1,neighbour_diff4,1108.076628446579,197
lgbm_v2_noclimate,6,1,national_cases,1716.346312403679,197
lgbm_v2_noclimate,6,1,national_diff4,2927.812302470207,197
lgbm_v2_noclimate,6,1,district,4174.475764989853,197
lgbm_v2_noclimate,6,1,target_doy_sin,1649.6939698457718,197
lgbm_v2_noclimate,6,1,target_doy_cos,918.091940164566,197
lgbm_v2_climatology,6,1,cases_log1p,4870.4217410087585,145
lgbm_v2_climatology,6,1,rainfall_daily_mean_mm,344.5338785648346,145
lgbm_v2_climatology,6,1,rainy_days_frac,414.6192102432251,145
lgbm_v2_climatology,6,1,temperature_mean_c,71.90481042861938,145
lgbm_v2_climatology,6,1,diurnal_range_c,416.3686623573303,145
lgbm_v2_climatology,6,1,dewpoint_mean_c,149.0319902896881,145
lgbm_v2_climatology,6,1,relative_humidity_mean,95.75385046005249,145
lgbm_v2_climatology,6,1,wind_speed_mean,119.06399965286255,145
lgbm_v2_climatology,6,1,doy_sin,1851.355800628662,145
lgbm_v2_climatology,6,1,doy_cos,675.4620313644409,145
lgbm_v2_climatology,6,1,weather_observed,0.0,145
lgbm_v2_climatology,6,1,case_observed,0.0,145
lgbm_v2_climatology,6,1,centroid_lat,226.56404876708984,145
lgbm_v2_climatology,6,1,centroid_lon,97.23450994491577,145
lgbm_v2_climatology,6,1,rainfall_daily_mean_mm_roll4,231.8783724308014,145
lgbm_v2_climatology,6,1,rainfall_daily_mean_mm_roll8,371.6852378845215,145
lgbm_v2_climatology,6,1,rainfall_daily_mean_mm_roll12,123.5518102645874,145
lgbm_v2_climatology,6,1,temperature_mean_c_roll4,77.52669048309326,145
lgbm_v2_climatology,6,1,temperature_mean_c_roll8,141.1764998435974,145
lgbm_v2_climatology,6,1,temperature_mean_c_roll12,107.43253898620605,145
lgbm_v2_climatology,6,1,relative_humidity_mean_roll4,146.314359664917,145
lgbm_v2_climatology,6,1,relative_humidity_mean_roll8,101.45437979698181,145
lgbm_v2_climatology,6,1,relative_humidity_mean_roll12,161.32441926002502,145
lgbm_v2_climatology,6,1,national_wave_rank,1709.5260603427887,145
lgbm_v2_climatology,6,1,trailing_52_cumulative_cases,727.8694903850555,145
lgbm_v2_climatology,6,1,cases_lag1,465.3554582595825,145
lgbm_v2_climatology,6,1,cases_lag2,1974.621503353119,145
lgbm_v2_climatology,6,1,cases_lag3,731.6489984989166,145
lgbm_v2_climatology,6,1,cases_lag4,204.4915111064911,145
lgbm_v2_climatology,6,1,cases_lag5,162.56433033943176,145
lgbm_v2_climatology,6,1,cases_lag6,114.86910080909729,145
lgbm_v2_climatology,6,1,cases_lag7,204.9709599018097,145
lgbm_v2_climatology,6,1,cases_lag8,155.01776909828186,145
lgbm_v2_climatology,6,1,cases_lag9,88.43452000617981,145
lgbm_v2_climatology,6,1,cases_lag10,73.63127970695496,145
lgbm_v2_climatology,6,1,cases_lag11,215.3051300048828,145
lgbm_v2_climatology,6,1,cases_lag12,159.3859498500824,145
lgbm_v2_climatology,6,1,cases_mean4,598.2357394695282,145
lgbm_v2_climatology,6,1,cases_mean8,315.99996161460876,145
lgbm_v2_climatology,6,1,cases_mean12,353.28660106658936,145
lgbm_v2_climatology,6,1,cases_max12,172.5513882637024,145
lgbm_v2_climatology,6,1,cases_diff1,20045.24205851555,145
lgbm_v2_climatology,6,1,cases_diff4,5718.863368272781,145
lgbm_v2_climatology,6,1,rain_roll4_lag4,447.77156805992126,145
lgbm_v2_climatology,6,1,rain_roll4_lag8,98.86649107933044,145
lgbm_v2_climatology,6,1,humid_roll4_lag4,123.3816397190094,145
lgbm_v2_climatology,6,1,humid_roll4_lag8,126.34676051139832,145
lgbm_v2_climatology,6,1,temp_roll4_lag4,88.90478920936584,145
lgbm_v2_climatology,6,1,temp_roll4_lag8,209.49700021743774,145
lgbm_v2_climatology,6,1,rain_roll12_lag12,157.66230988502502,145
lgbm_v2_climatology,6,1,neighbour_cases,680.1111912727356,145
lgbm_v2_climatology,6,1,neighbour_diff4,708.4417703151703,145
lgbm_v2_climatology,6,1,national_cases,911.6234393119812,145
lgbm_v2_climatology,6,1,national_diff4,2430.1012151241302,145
lgbm_v2_climatology,6,1,district,3187.330543756485,145
lgbm_v2_climatology,6,1,target_doy_sin,870.5906190872192,145
lgbm_v2_climatology,6,1,target_doy_cos,441.6191897392273,145
lgbm_v2,6,2,cases_log1p,6778.824910640717,191
lgbm_v2,6,2,rainfall_daily_mean_mm,339.39346075057983,191
lgbm_v2,6,2,rainy_days_frac,53.038079500198364,191
lgbm_v2,6,2,temperature_mean_c,389.10969948768616,191
lgbm_v2,6,2,diurnal_range_c,232.26086950302124,191
lgbm_v2,6,2,dewpoint_mean_c,572.1438686847687,191
lgbm_v2,6,2,relative_humidity_mean,446.74570393562317,191
lgbm_v2,6,2,wind_speed_mean,269.22681951522827,191
lgbm_v2,6,2,doy_sin,2297.30655002594,191
lgbm_v2,6,2,doy_cos,1046.6057386398315,191
lgbm_v2,6,2,weather_observed,0.0,191
lgbm_v2,6,2,case_observed,0.0,191
lgbm_v2,6,2,centroid_lat,406.960072517395,191
lgbm_v2,6,2,centroid_lon,239.67637991905212,191
lgbm_v2,6,2,rainfall_daily_mean_mm_roll4,773.2311594486237,191
lgbm_v2,6,2,rainfall_daily_mean_mm_roll8,1571.2106113433838,191
lgbm_v2,6,2,rainfall_daily_mean_mm_roll12,184.30522084236145,191
lgbm_v2,6,2,temperature_mean_c_roll4,313.4233891963959,191
lgbm_v2,6,2,temperature_mean_c_roll8,211.1518201828003,191
lgbm_v2,6,2,temperature_mean_c_roll12,227.18372869491577,191
lgbm_v2,6,2,relative_humidity_mean_roll4,775.1631767749786,191
lgbm_v2,6,2,relative_humidity_mean_roll8,423.97473883628845,191
lgbm_v2,6,2,relative_humidity_mean_roll12,218.2306911945343,191
lgbm_v2,6,2,national_wave_rank,2207.778762817383,191
lgbm_v2,6,2,trailing_52_cumulative_cases,782.1069848537445,191
lgbm_v2,6,2,cases_lag1,430.503009557724,191
lgbm_v2,6,2,cases_lag2,1635.7367029190063,191
lgbm_v2,6,2,cases_lag3,637.5005302429199,191
lgbm_v2,6,2,cases_lag4,262.8052611351013,191
lgbm_v2,6,2,cases_lag5,229.82978010177612,191
lgbm_v2,6,2,cases_lag6,197.7000710964203,191
lgbm_v2,6,2,cases_lag7,168.87479901313782,191
lgbm_v2,6,2,cases_lag8,172.58107948303223,191
lgbm_v2,6,2,cases_lag9,179.82787919044495,191
lgbm_v2,6,2,cases_lag10,165.04537081718445,191
lgbm_v2,6,2,cases_lag11,200.90003895759583,191
lgbm_v2,6,2,cases_lag12,155.12810039520264,191
lgbm_v2,6,2,cases_mean4,677.8905253410339,191
lgbm_v2,6,2,cases_mean8,378.73300075531006,191
lgbm_v2,6,2,cases_mean12,522.0091559886932,191
lgbm_v2,6,2,cases_max12,475.13894176483154,191
lgbm_v2,6,2,cases_diff1,20523.85632252693,191
lgbm_v2,6,2,cases_diff4,4570.89669585228,191
lgbm_v2,6,2,rain_roll4_lag4,906.2822542190552,191
lgbm_v2,6,2,rain_roll4_lag8,810.3781206607819,191
lgbm_v2,6,2,humid_roll4_lag4,211.9931402206421,191
lgbm_v2,6,2,humid_roll4_lag8,1336.354285955429,191
lgbm_v2,6,2,temp_roll4_lag4,124.55848908424377,191
lgbm_v2,6,2,temp_roll4_lag8,247.3019199371338,191
lgbm_v2,6,2,rain_roll12_lag12,649.3772292137146,191
lgbm_v2,6,2,neighbour_cases,888.2160427570343,191
lgbm_v2,6,2,neighbour_diff4,667.2305467128754,191
lgbm_v2,6,2,national_cases,1294.4702715873718,191
lgbm_v2,6,2,national_diff4,3235.860731601715,191
lgbm_v2,6,2,district,5382.129853010178,191
lgbm_v2,6,2,target_doy_sin,2064.602368593216,191
lgbm_v2,6,2,target_doy_cos,1884.912499666214,191
lgbm_v2_noclimate,6,2,cases_log1p,6558.898449420929,148
lgbm_v2_noclimate,6,2,doy_sin,2845.1626670360565,148
lgbm_v2_noclimate,6,2,doy_cos,1182.0957126617432,148
lgbm_v2_noclimate,6,2,weather_observed,0.0,148
lgbm_v2_noclimate,6,2,case_observed,0.0,148
lgbm_v2_noclimate,6,2,centroid_lat,415.2132308483124,148
lgbm_v2_noclimate,6,2,centroid_lon,203.18843984603882,148
lgbm_v2_noclimate,6,2,national_wave_rank,1884.6968140602112,148
lgbm_v2_noclimate,6,2,trailing_52_cumulative_cases,1123.5102574825287,148
lgbm_v2_noclimate,6,2,cases_lag1,548.920910358429,148
lgbm_v2_noclimate,6,2,cases_lag2,1428.5013132095337,148
lgbm_v2_noclimate,6,2,cases_lag3,598.1337397098541,148
lgbm_v2_noclimate,6,2,cases_lag4,156.08833932876587,148
lgbm_v2_noclimate,6,2,cases_lag5,188.75681853294373,148
lgbm_v2_noclimate,6,2,cases_lag6,227.47993230819702,148
lgbm_v2_noclimate,6,2,cases_lag7,122.64173197746277,148
lgbm_v2_noclimate,6,2,cases_lag8,234.672860622406,148
lgbm_v2_noclimate,6,2,cases_lag9,154.95762944221497,148
lgbm_v2_noclimate,6,2,cases_lag10,122.24226069450378,148
lgbm_v2_noclimate,6,2,cases_lag11,262.18337082862854,148
lgbm_v2_noclimate,6,2,cases_lag12,178.39232063293457,148
lgbm_v2_noclimate,6,2,cases_mean4,763.2588512897491,148
lgbm_v2_noclimate,6,2,cases_mean8,234.28672075271606,148
lgbm_v2_noclimate,6,2,cases_mean12,540.3861734867096,148
lgbm_v2_noclimate,6,2,cases_max12,423.52495646476746,148
lgbm_v2_noclimate,6,2,cases_diff1,21470.28997349739,148
lgbm_v2_noclimate,6,2,cases_diff4,3893.8108310699463,148
lgbm_v2_noclimate,6,2,neighbour_cases,1215.6025052070618,148
lgbm_v2_noclimate,6,2,neighbour_diff4,1019.9316127300262,148
lgbm_v2_noclimate,6,2,national_cases,2107.0677003860474,148
lgbm_v2_noclimate,6,2,national_diff4,3686.4863288402557,148
lgbm_v2_noclimate,6,2,district,5229.177944898605,148
lgbm_v2_noclimate,6,2,target_doy_sin,2768.8618903160095,148
lgbm_v2_noclimate,6,2,target_doy_cos,2074.831037044525,148
lgbm_v2_climatology,6,2,cases_log1p,6524.832774400711,144
lgbm_v2_climatology,6,2,rainfall_daily_mean_mm,273.71420073509216,144
lgbm_v2_climatology,6,2,rainy_days_frac,838.6590547561646,144
lgbm_v2_climatology,6,2,temperature_mean_c,135.0200800895691,144
lgbm_v2_climatology,6,2,diurnal_range_c,321.2872304916382,144
lgbm_v2_climatology,6,2,dewpoint_mean_c,294.2623996734619,144
lgbm_v2_climatology,6,2,relative_humidity_mean,510.7203121185303,144
lgbm_v2_climatology,6,2,wind_speed_mean,101.84942078590393,144
lgbm_v2_climatology,6,2,doy_sin,2163.4893941879272,144
lgbm_v2_climatology,6,2,doy_cos,719.1254925727844,144
lgbm_v2_climatology,6,2,weather_observed,0.0,144
lgbm_v2_climatology,6,2,case_observed,0.0,144
lgbm_v2_climatology,6,2,centroid_lat,278.86857986450195,144
lgbm_v2_climatology,6,2,centroid_lon,142.89068937301636,144
lgbm_v2_climatology,6,2,rainfall_daily_mean_mm_roll4,557.3320617675781,144
lgbm_v2_climatology,6,2,rainfall_daily_mean_mm_roll8,575.1811370849609,144
lgbm_v2_climatology,6,2,rainfall_daily_mean_mm_roll12,134.00969076156616,144
lgbm_v2_climatology,6,2,temperature_mean_c_roll4,157.421950340271,144
lgbm_v2_climatology,6,2,temperature_mean_c_roll8,170.85532927513123,144
lgbm_v2_climatology,6,2,temperature_mean_c_roll12,238.96060180664062,144
lgbm_v2_climatology,6,2,relative_humidity_mean_roll4,189.73262929916382,144
lgbm_v2_climatology,6,2,relative_humidity_mean_roll8,235.52973222732544,144
lgbm_v2_climatology,6,2,relative_humidity_mean_roll12,155.326509475708,144
lgbm_v2_climatology,6,2,national_wave_rank,2023.7811975479126,144
lgbm_v2_climatology,6,2,trailing_52_cumulative_cases,855.9649386405945,144
lgbm_v2_climatology,6,2,cases_lag1,400.042409658432,144
lgbm_v2_climatology,6,2,cases_lag2,1446.8395171165466,144
lgbm_v2_climatology,6,2,cases_lag3,555.2017116546631,144
lgbm_v2_climatology,6,2,cases_lag4,217.32695889472961,144
lgbm_v2_climatology,6,2,cases_lag5,185.10204887390137,144
lgbm_v2_climatology,6,2,cases_lag6,209.62813091278076,144
lgbm_v2_climatology,6,2,cases_lag7,125.77910995483398,144
lgbm_v2_climatology,6,2,cases_lag8,170.29491758346558,144
lgbm_v2_climatology,6,2,cases_lag9,120.90826988220215,144
lgbm_v2_climatology,6,2,cases_lag10,160.55772137641907,144
lgbm_v2_climatology,6,2,cases_lag11,174.10932874679565,144
lgbm_v2_climatology,6,2,cases_lag12,159.42217993736267,144
lgbm_v2_climatology,6,2,cases_mean4,630.8684487342834,144
lgbm_v2_climatology,6,2,cases_mean8,489.7908525466919,144
lgbm_v2_climatology,6,2,cases_mean12,440.913542509079,144
lgbm_v2_climatology,6,2,cases_max12,419.99512004852295,144
lgbm_v2_climatology,6,2,cases_diff1,20590.97851419449,144
lgbm_v2_climatology,6,2,cases_diff4,4411.241267442703,144
lgbm_v2_climatology,6,2,rain_roll4_lag4,368.1376779079437,144
lgbm_v2_climatology,6,2,rain_roll4_lag8,119.6553885936737,144
lgbm_v2_climatology,6,2,humid_roll4_lag4,178.0821807384491,144
lgbm_v2_climatology,6,2,humid_roll4_lag8,296.61838030815125,144
lgbm_v2_climatology,6,2,temp_roll4_lag4,290.4238991737366,144
lgbm_v2_climatology,6,2,temp_roll4_lag8,206.6920506954193,144
lgbm_v2_climatology,6,2,rain_roll12_lag12,225.58493852615356,144
lgbm_v2_climatology,6,2,neighbour_cases,752.1589579582214,144
lgbm_v2_climatology,6,2,neighbour_diff4,628.3989691734314,144
lgbm_v2_climatology,6,2,national_cases,1354.7092308998108,144
lgbm_v2_climatology,6,2,national_diff4,3283.6644852161407,144
lgbm_v2_climatology,6,2,district,4591.565667390823,144
lgbm_v2_climatology,6,2,target_doy_sin,2071.4794404506683,144
lgbm_v2_climatology,6,2,target_doy_cos,1516.437674999237,144
lgbm_v2,6,3,cases_log1p,8970.762841701508,205
lgbm_v2,6,3,rainfall_daily_mean_mm,518.1785790920258,205
lgbm_v2,6,3,rainy_days_frac,122.17093920707703,205
lgbm_v2,6,3,temperature_mean_c,514.8673806190491,205
lgbm_v2,6,3,diurnal_range_c,207.81871795654297,205
lgbm_v2,6,3,dewpoint_mean_c,543.8758401870728,205
lgbm_v2,6,3,relative_humidity_mean,613.8056914806366,205
lgbm_v2,6,3,wind_speed_mean,331.0353982448578,205
lgbm_v2,6,3,doy_sin,2811.487655878067,205
lgbm_v2,6,3,doy_cos,1334.820705652237,205
lgbm_v2,6,3,weather_observed,0.0,205
lgbm_v2,6,3,case_observed,0.0,205
lgbm_v2,6,3,centroid_lat,276.16488885879517,205
lgbm_v2,6,3,centroid_lon,288.22902035713196,205
lgbm_v2,6,3,rainfall_daily_mean_mm_roll4,1752.5310382843018,205
lgbm_v2,6,3,rainfall_daily_mean_mm_roll8,2654.086288690567,205
lgbm_v2,6,3,rainfall_daily_mean_mm_roll12,264.1717607975006,205
lgbm_v2,6,3,temperature_mean_c_roll4,496.7337419986725,205
lgbm_v2,6,3,temperature_mean_c_roll8,263.70795011520386,205
lgbm_v2,6,3,temperature_mean_c_roll12,194.15364265441895,205
lgbm_v2,6,3,relative_humidity_mean_roll4,994.7854309082031,205
lgbm_v2,6,3,relative_humidity_mean_roll8,377.6549000740051,205
lgbm_v2,6,3,relative_humidity_mean_roll12,222.08191967010498,205
lgbm_v2,6,3,national_wave_rank,2813.2182796001434,205
lgbm_v2,6,3,trailing_52_cumulative_cases,1140.8631200790405,205
lgbm_v2,6,3,cases_lag1,501.7928719520569,205
lgbm_v2,6,3,cases_lag2,1211.924332857132,205
lgbm_v2,6,3,cases_lag3,438.33585143089294,205
lgbm_v2,6,3,cases_lag4,283.7548701763153,205
lgbm_v2,6,3,cases_lag5,217.72560000419617,205
lgbm_v2,6,3,cases_lag6,200.36612033843994,205
lgbm_v2,6,3,cases_lag7,89.75434041023254,205
lgbm_v2,6,3,cases_lag8,263.6115629673004,205
lgbm_v2,6,3,cases_lag9,147.58547925949097,205
lgbm_v2,6,3,cases_lag10,160.14749026298523,205
lgbm_v2,6,3,cases_lag11,307.39808917045593,205
lgbm_v2,6,3,cases_lag12,179.97731065750122,205
lgbm_v2,6,3,cases_mean4,697.0523641109467,205
lgbm_v2,6,3,cases_mean8,760.3689253330231,205
lgbm_v2,6,3,cases_mean12,523.075436592102,205
lgbm_v2,6,3,cases_max12,643.4224631786346,205
lgbm_v2,6,3,cases_diff1,20673.11593770981,205
lgbm_v2,6,3,cases_diff4,4123.240389585495,205
lgbm_v2,6,3,rain_roll4_lag4,414.9575786590576,205
lgbm_v2,6,3,rain_roll4_lag8,1353.1987490653992,205
lgbm_v2,6,3,humid_roll4_lag4,423.14528942108154,205
lgbm_v2,6,3,humid_roll4_lag8,2295.915742635727,205
lgbm_v2,6,3,temp_roll4_lag4,293.9434518814087,205
lgbm_v2,6,3,temp_roll4_lag8,301.8055408000946,205
lgbm_v2,6,3,rain_roll12_lag12,709.8014290332794,205
lgbm_v2,6,3,neighbour_cases,971.3519866466522,205
lgbm_v2,6,3,neighbour_diff4,823.089608669281,205
lgbm_v2,6,3,national_cases,2455.787994623184,205
lgbm_v2,6,3,national_diff4,4993.893025636673,205
lgbm_v2,6,3,district,7370.812956094742,205
lgbm_v2,6,3,target_doy_sin,3123.9484362602234,205
lgbm_v2,6,3,target_doy_cos,2786.138073205948,205
lgbm_v2_noclimate,6,3,cases_log1p,8512.90928697586,166
lgbm_v2_noclimate,6,3,doy_sin,3717.391060590744,166
lgbm_v2_noclimate,6,3,doy_cos,1831.8698563575745,166
lgbm_v2_noclimate,6,3,weather_observed,0.0,166
lgbm_v2_noclimate,6,3,case_observed,0.0,166
lgbm_v2_noclimate,6,3,centroid_lat,550.9061694145203,166
lgbm_v2_noclimate,6,3,centroid_lon,417.624449968338,166
lgbm_v2_noclimate,6,3,national_wave_rank,2686.8889796733856,166
lgbm_v2_noclimate,6,3,trailing_52_cumulative_cases,1557.0503604412079,166
lgbm_v2_noclimate,6,3,cases_lag1,629.0478887557983,166
lgbm_v2_noclimate,6,3,cases_lag2,1217.440335035324,166
lgbm_v2_noclimate,6,3,cases_lag3,407.6855595111847,166
lgbm_v2_noclimate,6,3,cases_lag4,243.97860193252563,166
lgbm_v2_noclimate,6,3,cases_lag5,238.39929866790771,166
lgbm_v2_noclimate,6,3,cases_lag6,243.4293613433838,166
lgbm_v2_noclimate,6,3,cases_lag7,142.30400013923645,166
lgbm_v2_noclimate,6,3,cases_lag8,253.4506711959839,166
lgbm_v2_noclimate,6,3,cases_lag9,161.47030901908875,166
lgbm_v2_noclimate,6,3,cases_lag10,156.7730095386505,166
lgbm_v2_noclimate,6,3,cases_lag11,294.7354984283447,166
lgbm_v2_noclimate,6,3,cases_lag12,205.71209907531738,166
lgbm_v2_noclimate,6,3,cases_mean4,458.86875462532043,166
lgbm_v2_noclimate,6,3,cases_mean8,561.3522174358368,166
lgbm_v2_noclimate,6,3,cases_mean12,876.6948556900024,166
lgbm_v2_noclimate,6,3,cases_max12,812.3249921798706,166
lgbm_v2_noclimate,6,3,cases_diff1,21535.89180445671,166
lgbm_v2_noclimate,6,3,cases_diff4,3590.370088338852,166
lgbm_v2_noclimate,6,3,neighbour_cases,1309.4615807533264,166
lgbm_v2_noclimate,6,3,neighbour_diff4,1052.8348886966705,166
lgbm_v2_noclimate,6,3,national_cases,4181.716154575348,166
lgbm_v2_noclimate,6,3,national_diff4,5977.161845445633,166
lgbm_v2_noclimate,6,3,district,6988.085930585861,166
lgbm_v2_noclimate,6,3,target_doy_sin,4322.204095363617,166
lgbm_v2_noclimate,6,3,target_doy_cos,3511.076492547989,166
lgbm_v2_climatology,6,3,cases_log1p,9087.874204158783,201
lgbm_v2_climatology,6,3,rainfall_daily_mean_mm,312.59290957450867,201
lgbm_v2_climatology,6,3,rainy_days_frac,1478.6721048355103,201
lgbm_v2_climatology,6,3,temperature_mean_c,321.1827435493469,201
lgbm_v2_climatology,6,3,diurnal_range_c,366.68760871887207,201
lgbm_v2_climatology,6,3,dewpoint_mean_c,439.1309857368469,201
lgbm_v2_climatology,6,3,relative_humidity_mean,550.1933138370514,201
lgbm_v2_climatology,6,3,wind_speed_mean,155.0417115688324,201
lgbm_v2_climatology,6,3,doy_sin,3257.9289174079895,201
lgbm_v2_climatology,6,3,doy_cos,1250.7234082221985,201
lgbm_v2_climatology,6,3,weather_observed,0.0,201
lgbm_v2_climatology,6,3,case_observed,0.0,201
lgbm_v2_climatology,6,3,centroid_lat,216.54333972930908,201
lgbm_v2_climatology,6,3,centroid_lon,322.87397718429565,201
lgbm_v2_climatology,6,3,rainfall_daily_mean_mm_roll4,1243.4804303646088,201
lgbm_v2_climatology,6,3,rainfall_daily_mean_mm_roll8,725.032751083374,201
lgbm_v2_climatology,6,3,rainfall_daily_mean_mm_roll12,335.9571478366852,201
lgbm_v2_climatology,6,3,temperature_mean_c_roll4,312.4758713245392,201
lgbm_v2_climatology,6,3,temperature_mean_c_roll8,248.81153798103333,201
lgbm_v2_climatology,6,3,temperature_mean_c_roll12,299.56728196144104,201
lgbm_v2_climatology,6,3,relative_humidity_mean_roll4,269.1229832172394,201
lgbm_v2_climatology,6,3,relative_humidity_mean_roll8,331.14682936668396,201
lgbm_v2_climatology,6,3,relative_humidity_mean_roll12,249.8199906349182,201
lgbm_v2_climatology,6,3,national_wave_rank,2785.5425024032593,201
lgbm_v2_climatology,6,3,trailing_52_cumulative_cases,1461.6113595962524,201
lgbm_v2_climatology,6,3,cases_lag1,591.5138862133026,201
lgbm_v2_climatology,6,3,cases_lag2,1317.8431282043457,201
lgbm_v2_climatology,6,3,cases_lag3,492.9094202518463,201
lgbm_v2_climatology,6,3,cases_lag4,325.16391015052795,201
lgbm_v2_climatology,6,3,cases_lag5,263.2537007331848,201
lgbm_v2_climatology,6,3,cases_lag6,305.6987805366516,201
lgbm_v2_climatology,6,3,cases_lag7,102.03152918815613,201
lgbm_v2_climatology,6,3,cases_lag8,181.1794512271881,201
lgbm_v2_climatology,6,3,cases_lag9,239.1793396472931,201
lgbm_v2_climatology,6,3,cases_lag10,183.13638925552368,201
lgbm_v2_climatology,6,3,cases_lag11,354.7622289657593,201
lgbm_v2_climatology,6,3,cases_lag12,158.12345051765442,201
lgbm_v2_climatology,6,3,cases_mean4,750.0081493854523,201
lgbm_v2_climatology,6,3,cases_mean8,800.5435156822205,201
lgbm_v2_climatology,6,3,cases_mean12,590.4500389099121,201
lgbm_v2_climatology,6,3,cases_max12,822.2821197509766,201
lgbm_v2_climatology,6,3,cases_diff1,20880.823710680008,201
lgbm_v2_climatology,6,3,cases_diff4,3832.8723363876343,201
lgbm_v2_climatology,6,3,rain_roll4_lag4,348.602126121521,201
lgbm_v2_climatology,6,3,rain_roll4_lag8,270.7259294986725,201
lgbm_v2_climatology,6,3,humid_roll4_lag4,375.75289940834045,201
lgbm_v2_climatology,6,3,humid_roll4_lag8,600.708019733429,201
lgbm_v2_climatology,6,3,temp_roll4_lag4,431.7565574645996,201
lgbm_v2_climatology,6,3,temp_roll4_lag8,261.15124106407166,201
lgbm_v2_climatology,6,3,rain_roll12_lag12,195.5342206954956,201
lgbm_v2_climatology,6,3,neighbour_cases,942.9626591205597,201
lgbm_v2_climatology,6,3,neighbour_diff4,918.5962903499603,201
lgbm_v2_climatology,6,3,national_cases,3694.8773062229156,201
lgbm_v2_climatology,6,3,national_diff4,6027.548171520233,201
lgbm_v2_climatology,6,3,district,6646.935849428177,201
lgbm_v2_climatology,6,3,target_doy_sin,3257.551937818527,201
lgbm_v2_climatology,6,3,target_doy_cos,2759.0444622039795,201
lgbm_v2,6,4,cases_log1p,12619.534295678139,339
lgbm_v2,6,4,rainfall_daily_mean_mm,565.1276696920395,339
lgbm_v2,6,4,rainy_days_frac,156.26647090911865,339
lgbm_v2,6,4,temperature_mean_c,848.2591111660004,339
lgbm_v2,6,4,diurnal_range_c,488.9294607639313,339
lgbm_v2,6,4,dewpoint_mean_c,822.580793261528,339
lgbm_v2,6,4,relative_humidity_mean,960.3592483997345,339
lgbm_v2,6,4,wind_speed_mean,723.7583085298538,339
lgbm_v2,6,4,doy_sin,3876.5212680101395,339
lgbm_v2,6,4,doy_cos,2368.9390634298325,339
lgbm_v2,6,4,weather_observed,0.0,339
lgbm_v2,6,4,case_observed,0.0,339
lgbm_v2,6,4,centroid_lat,669.6340497732162,339
lgbm_v2,6,4,centroid_lon,323.54042077064514,339
lgbm_v2,6,4,rainfall_daily_mean_mm_roll4,3660.8548498153687,339
lgbm_v2,6,4,rainfall_daily_mean_mm_roll8,3062.816022157669,339
lgbm_v2,6,4,rainfall_daily_mean_mm_roll12,519.4737102985382,339
lgbm_v2,6,4,temperature_mean_c_roll4,729.0784888267517,339
lgbm_v2,6,4,temperature_mean_c_roll8,645.2944312095642,339
lgbm_v2,6,4,temperature_mean_c_roll12,658.9694802761078,339
lgbm_v2,6,4,relative_humidity_mean_roll4,1750.4251427650452,339
lgbm_v2,6,4,relative_humidity_mean_roll8,510.92679023742676,339
lgbm_v2,6,4,relative_humidity_mean_roll12,391.28989934921265,339
lgbm_v2,6,4,national_wave_rank,4029.8197860717773,339
lgbm_v2,6,4,trailing_52_cumulative_cases,2267.1789016723633,339
lgbm_v2,6,4,cases_lag1,757.7597912549973,339
lgbm_v2,6,4,cases_lag2,1426.9803680181503,339
lgbm_v2,6,4,cases_lag3,781.7474493980408,339
lgbm_v2,6,4,cases_lag4,599.9184682369232,339
lgbm_v2,6,4,cases_lag5,470.6875092983246,339
lgbm_v2,6,4,cases_lag6,160.19876873493195,339
lgbm_v2,6,4,cases_lag7,205.63154911994934,339
lgbm_v2,6,4,cases_lag8,312.9452805519104,339
lgbm_v2,6,4,cases_lag9,305.87817883491516,339
lgbm_v2,6,4,cases_lag10,307.35136103630066,339
lgbm_v2,6,4,cases_lag11,357.65089225769043,339
lgbm_v2,6,4,cases_lag12,487.7485706806183,339
lgbm_v2,6,4,cases_mean4,800.0279109477997,339
lgbm_v2,6,4,cases_mean8,487.78797602653503,339
lgbm_v2,6,4,cases_mean12,1032.7631475925446,339
lgbm_v2,6,4,cases_max12,1977.0382344722748,339
lgbm_v2,6,4,cases_diff1,20081.720148563385,339
lgbm_v2,6,4,cases_diff4,3563.703145503998,339
lgbm_v2,6,4,rain_roll4_lag4,706.2608020305634,339
lgbm_v2,6,4,rain_roll4_lag8,2297.9062634706497,339
lgbm_v2,6,4,humid_roll4_lag4,674.0271490812302,339
lgbm_v2,6,4,humid_roll4_lag8,4335.455397605896,339
lgbm_v2,6,4,temp_roll4_lag4,682.0765068531036,339
lgbm_v2,6,4,temp_roll4_lag8,602.7994995117188,339
lgbm_v2,6,4,rain_roll12_lag12,1106.8164402246475,339
lgbm_v2,6,4,neighbour_cases,1776.444350361824,339
lgbm_v2,6,4,neighbour_diff4,1136.276349067688,339
lgbm_v2,6,4,national_cases,4111.48578953743,339
lgbm_v2,6,4,national_diff4,5614.760473608971,339
lgbm_v2,6,4,district,10766.356698870659,339
lgbm_v2,6,4,target_doy_sin,5008.1524822711945,339
lgbm_v2,6,4,target_doy_cos,3425.2073152065277,339
lgbm_v2_noclimate,6,4,cases_log1p,13188.084318816662,489
lgbm_v2_noclimate,6,4,doy_sin,6998.025580883026,489
lgbm_v2_noclimate,6,4,doy_cos,4912.856981396675,489
lgbm_v2_noclimate,6,4,weather_observed,0.0,489
lgbm_v2_noclimate,6,4,case_observed,0.0,489
lgbm_v2_noclimate,6,4,centroid_lat,1292.161717414856,489
lgbm_v2_noclimate,6,4,centroid_lon,908.8636882305145,489
lgbm_v2_noclimate,6,4,national_wave_rank,3957.728944540024,489
lgbm_v2_noclimate,6,4,trailing_52_cumulative_cases,4050.6166273355484,489
lgbm_v2_noclimate,6,4,cases_lag1,1569.5827066898346,489
lgbm_v2_noclimate,6,4,cases_lag2,1707.0223594903946,489
lgbm_v2_noclimate,6,4,cases_lag3,1194.8416441679,489
lgbm_v2_noclimate,6,4,cases_lag4,893.5996623039246,489
lgbm_v2_noclimate,6,4,cases_lag5,850.7562903761864,489
lgbm_v2_noclimate,6,4,cases_lag6,553.0368912220001,489
lgbm_v2_noclimate,6,4,cases_lag7,520.2949398756027,489
lgbm_v2_noclimate,6,4,cases_lag8,859.5809291601181,489
lgbm_v2_noclimate,6,4,cases_lag9,620.7871886491776,489
lgbm_v2_noclimate,6,4,cases_lag10,745.1555792093277,489
lgbm_v2_noclimate,6,4,cases_lag11,863.8458617925644,489
lgbm_v2_noclimate,6,4,cases_lag12,1054.9663345813751,489
lgbm_v2_noclimate,6,4,cases_mean4,1700.4697028398514,489
lgbm_v2_noclimate,6,4,cases_mean8,1179.3386639356613,489
lgbm_v2_noclimate,6,4,cases_mean12,1489.1183770895004,489
lgbm_v2_noclimate,6,4,cases_max12,2368.726981282234,489
lgbm_v2_noclimate,6,4,cases_diff1,20708.774263083935,489
lgbm_v2_noclimate,6,4,cases_diff4,3616.4336946606636,489
lgbm_v2_noclimate,6,4,neighbour_cases,2944.933659553528,489
lgbm_v2_noclimate,6,4,neighbour_diff4,2012.5159170627594,489
lgbm_v2_noclimate,6,4,national_cases,8701.579960346222,489
lgbm_v2_noclimate,6,4,national_diff4,8484.099819719791,489
lgbm_v2_noclimate,6,4,district,12625.987318515778,489
lgbm_v2_noclimate,6,4,target_doy_sin,6932.195905447006,489
lgbm_v2_noclimate,6,4,target_doy_cos,6376.555012285709,489
lgbm_v2_climatology,6,4,cases_log1p,12523.588817954063,292
lgbm_v2_climatology,6,4,rainfall_daily_mean_mm,1048.476271390915,292
lgbm_v2_climatology,6,4,rainy_days_frac,2978.9447437524796,292
lgbm_v2_climatology,6,4,temperature_mean_c,565.437518119812,292
lgbm_v2_climatology,6,4,diurnal_range_c,561.5631107091904,292
lgbm_v2_climatology,6,4,dewpoint_mean_c,385.94249987602234,292
lgbm_v2_climatology,6,4,relative_humidity_mean,424.0989599227905,292
lgbm_v2_climatology,6,4,wind_speed_mean,398.865567445755,292
lgbm_v2_climatology,6,4,doy_sin,4314.967924952507,292
lgbm_v2_climatology,6,4,doy_cos,2571.4906009435654,292
lgbm_v2_climatology,6,4,weather_observed,0.0,292
lgbm_v2_climatology,6,4,case_observed,0.0,292
lgbm_v2_climatology,6,4,centroid_lat,385.9829406738281,292
lgbm_v2_climatology,6,4,centroid_lon,290.4973406791687,292
lgbm_v2_climatology,6,4,rainfall_daily_mean_mm_roll4,1453.284652709961,292
lgbm_v2_climatology,6,4,rainfall_daily_mean_mm_roll8,1102.764400959015,292
lgbm_v2_climatology,6,4,rainfall_daily_mean_mm_roll12,462.37084102630615,292
lgbm_v2_climatology,6,4,temperature_mean_c_roll4,610.8624312877655,292
lgbm_v2_climatology,6,4,temperature_mean_c_roll8,388.90110874176025,292
lgbm_v2_climatology,6,4,temperature_mean_c_roll12,404.0675082206726,292
lgbm_v2_climatology,6,4,relative_humidity_mean_roll4,649.0349185466766,292
lgbm_v2_climatology,6,4,relative_humidity_mean_roll8,325.07558965682983,292
lgbm_v2_climatology,6,4,relative_humidity_mean_roll12,365.52184796333313,292
lgbm_v2_climatology,6,4,national_wave_rank,3804.6591626405716,292
lgbm_v2_climatology,6,4,trailing_52_cumulative_cases,2196.1918075084686,292
lgbm_v2_climatology,6,4,cases_lag1,595.1336772441864,292
lgbm_v2_climatology,6,4,cases_lag2,1454.9451081752777,292
lgbm_v2_climatology,6,4,cases_lag3,782.2141882181168,292
lgbm_v2_climatology,6,4,cases_lag4,612.4322373867035,292
lgbm_v2_climatology,6,4,cases_lag5,481.0186998844147,292
lgbm_v2_climatology,6,4,cases_lag6,228.10532927513123,292
lgbm_v2_climatology,6,4,cases_lag7,344.3911590576172,292
lgbm_v2_climatology,6,4,cases_lag8,374.16287183761597,292
lgbm_v2_climatology,6,4,cases_lag9,360.56862330436707,292
lgbm_v2_climatology,6,4,cases_lag10,383.4839196205139,292
lgbm_v2_climatology,6,4,cases_lag11,461.32763934135437,292
lgbm_v2_climatology,6,4,cases_lag12,593.1300599575043,292
lgbm_v2_climatology,6,4,cases_mean4,841.3979313373566,292
lgbm_v2_climatology,6,4,cases_mean8,574.9001314640045,292
lgbm_v2_climatology,6,4,cases_mean12,1129.5662622451782,292
lgbm_v2_climatology,6,4,cases_max12,1804.4853780269623,292
lgbm_v2_climatology,6,4,cases_diff1,19865.822435975075,292
lgbm_v2_climatology,6,4,cases_diff4,3450.1701151132584,292
lgbm_v2_climatology,6,4,rain_roll4_lag4,489.19917845726013,292
lgbm_v2_climatology,6,4,rain_roll4_lag8,474.6763916015625,292
lgbm_v2_climatology,6,4,humid_roll4_lag4,280.57574939727783,292
lgbm_v2_climatology,6,4,humid_roll4_lag8,874.6032273769379,292
lgbm_v2_climatology,6,4,temp_roll4_lag4,554.7797701358795,292
lgbm_v2_climatology,6,4,temp_roll4_lag8,476.99840009212494,292
lgbm_v2_climatology,6,4,rain_roll12_lag12,526.4230101108551,292
lgbm_v2_climatology,6,4,neighbour_cases,1806.6976644992828,292
lgbm_v2_climatology,6,4,neighbour_diff4,1021.6814476251602,292
lgbm_v2_climatology,6,4,national_cases,5780.462957143784,292
lgbm_v2_climatology,6,4,national_diff4,6911.921347260475,292
lgbm_v2_climatology,6,4,district,9514.207516789436,292
lgbm_v2_climatology,6,4,target_doy_sin,5363.436671614647,292
lgbm_v2_climatology,6,4,target_doy_cos,3789.1561534404755,292
lgbm_v2,6,6,cases_log1p,24607.76031935215,429
lgbm_v2,6,6,rainfall_daily_mean_mm,890.0889497995377,429
lgbm_v2,6,6,rainy_days_frac,359.324627995491,429
lgbm_v2,6,6,temperature_mean_c,1434.1439797878265,429
lgbm_v2,6,6,diurnal_range_c,631.0312708616257,429
lgbm_v2,6,6,dewpoint_mean_c,1821.7408866882324,429
lgbm_v2,6,6,relative_humidity_mean,949.2342485189438,429
lgbm_v2,6,6,wind_speed_mean,772.0336315631866,429
lgbm_v2,6,6,doy_sin,5825.0669984817505,429
lgbm_v2,6,6,doy_cos,3867.251609444618,429
lgbm_v2,6,6,weather_observed,0.0,429
lgbm_v2,6,6,case_observed,0.0,429
lgbm_v2,6,6,centroid_lat,996.9325499534607,429
lgbm_v2,6,6,centroid_lon,433.57850646972656,429
lgbm_v2,6,6,rainfall_daily_mean_mm_roll4,8707.17982494831,429
lgbm_v2,6,6,rainfall_daily_mean_mm_roll8,1394.9013831615448,429
lgbm_v2,6,6,rainfall_daily_mean_mm_roll12,787.3148797750473,429
lgbm_v2,6,6,temperature_mean_c_roll4,1116.6382184028625,429
lgbm_v2,6,6,temperature_mean_c_roll8,943.4054415225983,429
lgbm_v2,6,6,temperature_mean_c_roll12,820.7939356565475,429
lgbm_v2,6,6,relative_humidity_mean_roll4,2404.8041207790375,429
lgbm_v2,6,6,relative_humidity_mean_roll8,587.1767292022705,429
lgbm_v2,6,6,relative_humidity_mean_roll12,647.58061170578,429
lgbm_v2,6,6,national_wave_rank,5004.539717078209,429
lgbm_v2,6,6,trailing_52_cumulative_cases,3466.424514770508,429
lgbm_v2,6,6,cases_lag1,781.432594537735,429
lgbm_v2,6,6,cases_lag2,963.659850358963,429
lgbm_v2,6,6,cases_lag3,859.016629576683,429
lgbm_v2,6,6,cases_lag4,621.0174806118011,429
lgbm_v2,6,6,cases_lag5,246.3984887599945,429
lgbm_v2,6,6,cases_lag6,379.7796195745468,429
lgbm_v2,6,6,cases_lag7,348.4829008579254,429
lgbm_v2,6,6,cases_lag8,343.59317088127136,429
lgbm_v2,6,6,cases_lag9,447.79643297195435,429
lgbm_v2,6,6,cases_lag10,489.3464596271515,429
lgbm_v2,6,6,cases_lag11,531.982328414917,429
lgbm_v2,6,6,cases_lag12,816.2797204256058,429
lgbm_v2,6,6,cases_mean4,1022.4408710002899,429
lgbm_v2,6,6,cases_mean8,900.3818280696869,429
lgbm_v2,6,6,cases_mean12,1101.9542768001556,429
lgbm_v2,6,6,cases_max12,2747.400438427925,429
lgbm_v2,6,6,cases_diff1,14249.873227596283,429
lgbm_v2,6,6,cases_diff4,4269.440991401672,429
lgbm_v2,6,6,rain_roll4_lag4,1394.7264320850372,429
lgbm_v2,6,6,rain_roll4_lag8,4611.273332238197,429
lgbm_v2,6,6,humid_roll4_lag4,1182.0410763025284,429
lgbm_v2,6,6,humid_roll4_lag8,6031.16899895668,429
lgbm_v2,6,6,temp_roll4_lag4,1211.237123966217,429
lgbm_v2,6,6,temp_roll4_lag8,1028.6409122943878,429
lgbm_v2,6,6,rain_roll12_lag12,1773.6618821620941,429
lgbm_v2,6,6,neighbour_cases,2859.08920609951,429
lgbm_v2,6,6,neighbour_diff4,904.860738158226,429
lgbm_v2,6,6,national_cases,7732.283415436745,429
lgbm_v2,6,6,national_diff4,7747.913966178894,429
lgbm_v2,6,6,district,18155.74764275551,429
lgbm_v2,6,6,target_doy_sin,7870.210598826408,429
lgbm_v2,6,6,target_doy_cos,6358.530388355255,429
lgbm_v2_noclimate,6,6,cases_log1p,25045.83047258854,549
lgbm_v2_noclimate,6,6,doy_sin,11771.06942808628,549
lgbm_v2_noclimate,6,6,doy_cos,6286.226898908615,549
lgbm_v2_noclimate,6,6,weather_observed,0.0,549
lgbm_v2_noclimate,6,6,case_observed,0.0,549
lgbm_v2_noclimate,6,6,centroid_lat,2276.5405884981155,549
lgbm_v2_noclimate,6,6,centroid_lon,1340.2511026859283,549
lgbm_v2_noclimate,6,6,national_wave_rank,5117.167627573013,549
lgbm_v2_noclimate,6,6,trailing_52_cumulative_cases,5892.695563197136,549
lgbm_v2_noclimate,6,6,cases_lag1,1374.6036381721497,549
lgbm_v2_noclimate,6,6,cases_lag2,1292.7333414554596,549
lgbm_v2_noclimate,6,6,cases_lag3,1155.53103017807,549
lgbm_v2_noclimate,6,6,cases_lag4,922.1210078001022,549
lgbm_v2_noclimate,6,6,cases_lag5,605.7491223812103,549
lgbm_v2_noclimate,6,6,cases_lag6,777.6923606395721,549
lgbm_v2_noclimate,6,6,cases_lag7,687.6372666358948,549
lgbm_v2_noclimate,6,6,cases_lag8,858.6977876424789,549
lgbm_v2_noclimate,6,6,cases_lag9,1086.3269698619843,549
lgbm_v2_noclimate,6,6,cases_lag10,1325.6157785654068,549
lgbm_v2_noclimate,6,6,cases_lag11,1148.625628709793,549
lgbm_v2_noclimate,6,6,cases_lag12,1164.2751632332802,549
lgbm_v2_noclimate,6,6,cases_mean4,1885.9383463859558,549
lgbm_v2_noclimate,6,6,cases_mean8,1474.993157505989,549
lgbm_v2_noclimate,6,6,cases_mean12,1879.5538139343262,549
lgbm_v2_noclimate,6,6,cases_max12,4008.6557142734528,549
lgbm_v2_noclimate,6,6,cases_diff1,14290.853941559792,549
lgbm_v2_noclimate,6,6,cases_diff4,4446.318346977234,549
lgbm_v2_noclimate,6,6,neighbour_cases,4183.88994461298,549
lgbm_v2_noclimate,6,6,neighbour_diff4,1745.082849264145,549
lgbm_v2_noclimate,6,6,national_cases,13023.861264586449,549
lgbm_v2_noclimate,6,6,national_diff4,11659.527013599873,549
lgbm_v2_noclimate,6,6,district,20077.808733940125,549
lgbm_v2_noclimate,6,6,target_doy_sin,12155.811524748802,549
lgbm_v2_noclimate,6,6,target_doy_cos,9989.690300226212,549
lgbm_v2_climatology,6,6,cases_log1p,24776.418105244637,344
lgbm_v2_climatology,6,6,rainfall_daily_mean_mm,803.373119354248,344
lgbm_v2_climatology,6,6,rainy_days_frac,3762.070491552353,344
lgbm_v2_climatology,6,6,temperature_mean_c,1033.223461151123,344
lgbm_v2_climatology,6,6,diurnal_range_c,527.7401585578918,344
lgbm_v2_climatology,6,6,dewpoint_mean_c,688.9019088745117,344
lgbm_v2_climatology,6,6,relative_humidity_mean,688.5560829639435,344
lgbm_v2_climatology,6,6,wind_speed_mean,594.2058317661285,344
lgbm_v2_climatology,6,6,doy_sin,7706.184928536415,344
lgbm_v2_climatology,6,6,doy_cos,3987.8353374004364,344
lgbm_v2_climatology,6,6,weather_observed,0.0,344
lgbm_v2_climatology,6,6,case_observed,0.0,344
lgbm_v2_climatology,6,6,centroid_lat,656.8640179634094,344
lgbm_v2_climatology,6,6,centroid_lon,523.3844285011292,344
lgbm_v2_climatology,6,6,rainfall_daily_mean_mm_roll4,2360.5796959400177,344
lgbm_v2_climatology,6,6,rainfall_daily_mean_mm_roll8,1119.6667162179947,344
lgbm_v2_climatology,6,6,rainfall_daily_mean_mm_roll12,478.6287190914154,344
lgbm_v2_climatology,6,6,temperature_mean_c_roll4,1007.9968421459198,344
lgbm_v2_climatology,6,6,temperature_mean_c_roll8,579.0726813077927,344
lgbm_v2_climatology,6,6,temperature_mean_c_roll12,267.4828510284424,344
lgbm_v2_climatology,6,6,relative_humidity_mean_roll4,358.3394088745117,344
lgbm_v2_climatology,6,6,relative_humidity_mean_roll8,305.74487113952637,344
lgbm_v2_climatology,6,6,relative_humidity_mean_roll12,243.66430115699768,344
lgbm_v2_climatology,6,6,national_wave_rank,4524.382732152939,344
lgbm_v2_climatology,6,6,trailing_52_cumulative_cases,3858.965922355652,344
lgbm_v2_climatology,6,6,cases_lag1,787.8467004299164,344
lgbm_v2_climatology,6,6,cases_lag2,766.8918807506561,344
lgbm_v2_climatology,6,6,cases_lag3,744.4711620807648,344
lgbm_v2_climatology,6,6,cases_lag4,679.4498609304428,344
lgbm_v2_climatology,6,6,cases_lag5,209.97725009918213,344
lgbm_v2_climatology,6,6,cases_lag6,352.8878481388092,344
lgbm_v2_climatology,6,6,cases_lag7,422.2840002775192,344
lgbm_v2_climatology,6,6,cases_lag8,424.54547119140625,344
lgbm_v2_climatology,6,6,cases_lag9,471.58469700813293,344
lgbm_v2_climatology,6,6,cases_lag10,607.2352433204651,344
lgbm_v2_climatology,6,6,cases_lag11,809.6672298908234,344
lgbm_v2_climatology,6,6,cases_lag12,930.5645799636841,344
lgbm_v2_climatology,6,6,cases_mean4,1306.4273879528046,344
lgbm_v2_climatology,6,6,cases_mean8,899.3341394662857,344
lgbm_v2_climatology,6,6,cases_mean12,1366.386957168579,344
lgbm_v2_climatology,6,6,cases_max12,2834.918516397476,344
lgbm_v2_climatology,6,6,cases_diff1,13524.087415456772,344
lgbm_v2_climatology,6,6,cases_diff4,4043.902143239975,344
lgbm_v2_climatology,6,6,rain_roll4_lag4,491.09837222099304,344
lgbm_v2_climatology,6,6,rain_roll4_lag8,964.6354417800903,344
lgbm_v2_climatology,6,6,humid_roll4_lag4,419.7152371406555,344
lgbm_v2_climatology,6,6,humid_roll4_lag8,1071.540288925171,344
lgbm_v2_climatology,6,6,temp_roll4_lag4,805.3230268955231,344
lgbm_v2_climatology,6,6,temp_roll4_lag8,560.2906076908112,344
lgbm_v2_climatology,6,6,rain_roll12_lag12,425.584610581398,344
lgbm_v2_climatology,6,6,neighbour_cases,2584.5220267772675,344
lgbm_v2_climatology,6,6,neighbour_diff4,791.6597397327423,344
lgbm_v2_climatology,6,6,national_cases,10844.924800872803,344
lgbm_v2_climatology,6,6,national_diff4,10449.724794268608,344
lgbm_v2_climatology,6,6,district,16249.599917531013,344
lgbm_v2_climatology,6,6,target_doy_sin,9705.631508708,344
lgbm_v2_climatology,6,6,target_doy_cos,6615.1185166835785,344
lgbm_v2,6,8,cases_log1p,34584.16692173481,443
lgbm_v2,6,8,rainfall_daily_mean_mm,1676.0378994941711,443
lgbm_v2,6,8,rainy_days_frac,1098.752453804016,443
lgbm_v2,6,8,temperature_mean_c,1637.1948329210281,443
lgbm_v2,6,8,diurnal_range_c,705.9720323085785,443
lgbm_v2,6,8,dewpoint_mean_c,1597.3937623500824,443
lgbm_v2,6,8,relative_humidity_mean,1058.3550938367844,443
lgbm_v2,6,8,wind_speed_mean,1609.440178155899,443
lgbm_v2,6,8,doy_sin,7772.299065709114,443
lgbm_v2,6,8,doy_cos,5097.142902851105,443
lgbm_v2,6,8,weather_observed,0.0,443
lgbm_v2,6,8,case_observed,0.0,443
lgbm_v2,6,8,centroid_lat,2044.7530761957169,443
lgbm_v2,6,8,centroid_lon,813.9440324306488,443
lgbm_v2,6,8,rainfall_daily_mean_mm_roll4,6907.156344771385,443
lgbm_v2,6,8,rainfall_daily_mean_mm_roll8,1036.704859137535,443
lgbm_v2,6,8,rainfall_daily_mean_mm_roll12,1257.0978323221207,443
lgbm_v2,6,8,temperature_mean_c_roll4,1286.2732472419739,443
lgbm_v2,6,8,temperature_mean_c_roll8,964.3998262882233,443
lgbm_v2,6,8,temperature_mean_c_roll12,655.0182905197144,443
lgbm_v2,6,8,relative_humidity_mean_roll4,1257.316107749939,443
lgbm_v2,6,8,relative_humidity_mean_roll8,711.3222085237503,443
lgbm_v2,6,8,relative_humidity_mean_roll12,1619.552037358284,443
lgbm_v2,6,8,national_wave_rank,5602.526002407074,443
lgbm_v2,6,8,trailing_52_cumulative_cases,5426.164457559586,443
lgbm_v2,6,8,cases_lag1,758.3033175468445,443
lgbm_v2,6,8,cases_lag2,765.8032799959183,443
lgbm_v2,6,8,cases_lag3,484.10654187202454,443
lgbm_v2,6,8,cases_lag4,608.4129300117493,443
lgbm_v2,6,8,cases_lag5,329.47542119026184,443
lgbm_v2,6,8,cases_lag6,265.89224100112915,443
lgbm_v2,6,8,cases_lag7,490.2469539642334,443
lgbm_v2,6,8,cases_lag8,741.3132998943329,443
lgbm_v2,6,8,cases_lag9,512.8897407054901,443
lgbm_v2,6,8,cases_lag10,477.0933496952057,443
lgbm_v2,6,8,cases_lag11,685.838582277298,443
lgbm_v2,6,8,cases_lag12,1168.5908071994781,443
lgbm_v2,6,8,cases_mean4,828.620126247406,443
lgbm_v2,6,8,cases_mean8,1126.0316387414932,443
lgbm_v2,6,8,cases_mean12,1223.1579904556274,443
lgbm_v2,6,8,cases_max12,4964.055237293243,443
lgbm_v2,6,8,cases_diff1,13334.240908265114,443
lgbm_v2,6,8,cases_diff4,4889.085432291031,443
lgbm_v2,6,8,rain_roll4_lag4,2143.855522751808,443
lgbm_v2,6,8,rain_roll4_lag8,5967.207859516144,443
lgbm_v2,6,8,humid_roll4_lag4,1917.1190716028214,443
lgbm_v2,6,8,humid_roll4_lag8,5966.675621390343,443
lgbm_v2,6,8,temp_roll4_lag4,1924.001231789589,443
lgbm_v2,6,8,temp_roll4_lag8,1773.8699880838394,443
lgbm_v2,6,8,rain_roll12_lag12,3165.2836997509003,443
lgbm_v2,6,8,neighbour_cases,2928.695277929306,443
lgbm_v2,6,8,neighbour_diff4,877.7392799854279,443
lgbm_v2,6,8,national_cases,12646.845620512962,443
lgbm_v2,6,8,national_diff4,6592.50964486599,443
lgbm_v2,6,8,district,24743.58044731617,443
lgbm_v2,6,8,target_doy_sin,15493.320728063583,443
lgbm_v2,6,8,target_doy_cos,8955.309928536415,443
lgbm_v2_noclimate,6,8,cases_log1p,33352.97433638573,236
lgbm_v2_noclimate,6,8,doy_sin,11638.7288980484,236
lgbm_v2_noclimate,6,8,doy_cos,5744.914310932159,236
lgbm_v2_noclimate,6,8,weather_observed,0.0,236
lgbm_v2_noclimate,6,8,case_observed,0.0,236
lgbm_v2_noclimate,6,8,centroid_lat,2744.13920378685,236
lgbm_v2_noclimate,6,8,centroid_lon,1305.0149264335632,236
lgbm_v2_noclimate,6,8,national_wave_rank,5032.454593896866,236
lgbm_v2_noclimate,6,8,trailing_52_cumulative_cases,5227.140593767166,236
lgbm_v2_noclimate,6,8,cases_lag1,587.6107044219971,236
lgbm_v2_noclimate,6,8,cases_lag2,600.7413947582245,236
lgbm_v2_noclimate,6,8,cases_lag3,345.5728681087494,236
lgbm_v2_noclimate,6,8,cases_lag4,510.88905024528503,236
lgbm_v2_noclimate,6,8,cases_lag5,171.9762110710144,236
lgbm_v2_noclimate,6,8,cases_lag6,326.9730396270752,236
lgbm_v2_noclimate,6,8,cases_lag7,328.3910233974457,236
lgbm_v2_noclimate,6,8,cases_lag8,813.495504617691,236
lgbm_v2_noclimate,6,8,cases_lag9,372.3776295185089,236
lgbm_v2_noclimate,6,8,cases_lag10,904.3509321212769,236
lgbm_v2_noclimate,6,8,cases_lag11,713.3937246799469,236
lgbm_v2_noclimate,6,8,cases_lag12,1085.640146970749,236
lgbm_v2_noclimate,6,8,cases_mean4,1285.498851299286,236
lgbm_v2_noclimate,6,8,cases_mean8,881.7933719158173,236
lgbm_v2_noclimate,6,8,cases_mean12,1255.4734921455383,236
lgbm_v2_noclimate,6,8,cases_max12,4815.538575172424,236
lgbm_v2_noclimate,6,8,cases_diff1,13670.89354300499,236
lgbm_v2_noclimate,6,8,cases_diff4,4478.436871767044,236
lgbm_v2_noclimate,6,8,neighbour_cases,2934.5778439044952,236
lgbm_v2_noclimate,6,8,neighbour_diff4,861.2969307899475,236
lgbm_v2_noclimate,6,8,national_cases,16410.33441734314,236
lgbm_v2_noclimate,6,8,national_diff4,8123.244516134262,236
lgbm_v2_noclimate,6,8,district,23840.31020474434,236
lgbm_v2_noclimate,6,8,target_doy_sin,18100.467765569687,236
lgbm_v2_noclimate,6,8,target_doy_cos,11364.178607463837,236
lgbm_v2_climatology,6,8,cases_log1p,34489.988862514496,316
lgbm_v2_climatology,6,8,rainfall_daily_mean_mm,1630.3124415874481,316
lgbm_v2_climatology,6,8,rainy_days_frac,5888.983154535294,316
lgbm_v2_climatology,6,8,temperature_mean_c,1525.526923418045,316
lgbm_v2_climatology,6,8,diurnal_range_c,782.6931779384613,316
lgbm_v2_climatology,6,8,dewpoint_mean_c,681.4853692054749,316
lgbm_v2_climatology,6,8,relative_humidity_mean,778.075347661972,316
lgbm_v2_climatology,6,8,wind_speed_mean,773.6742854118347,316
lgbm_v2_climatology,6,8,doy_sin,10630.341041564941,316
lgbm_v2_climatology,6,8,doy_cos,5659.949566602707,316
lgbm_v2_climatology,6,8,weather_observed,0.0,316
lgbm_v2_climatology,6,8,case_observed,0.0,316
lgbm_v2_climatology,6,8,centroid_lat,815.964394569397,316
lgbm_v2_climatology,6,8,centroid_lon,634.3142623901367,316
lgbm_v2_climatology,6,8,rainfall_daily_mean_mm_roll4,1286.7570164203644,316
lgbm_v2_climatology,6,8,rainfall_daily_mean_mm_roll8,464.46943831443787,316
lgbm_v2_climatology,6,8,rainfall_daily_mean_mm_roll12,352.72298550605774,316
lgbm_v2_climatology,6,8,temperature_mean_c_roll4,784.1905417442322,316
lgbm_v2_climatology,6,8,temperature_mean_c_roll8,571.5741384029388,316
lgbm_v2_climatology,6,8,temperature_mean_c_roll12,392.108690738678,316
lgbm_v2_climatology,6,8,relative_humidity_mean_roll4,437.2138295173645,316
lgbm_v2_climatology,6,8,relative_humidity_mean_roll8,300.5287983417511,316
lgbm_v2_climatology,6,8,relative_humidity_mean_roll12,419.34546995162964,316
lgbm_v2_climatology,6,8,national_wave_rank,5597.760471582413,316
lgbm_v2_climatology,6,8,trailing_52_cumulative_cases,5800.782403707504,316
lgbm_v2_climatology,6,8,cases_lag1,739.7305595874786,316
lgbm_v2_climatology,6,8,cases_lag2,647.5420203208923,316
lgbm_v2_climatology,6,8,cases_lag3,271.72121810913086,316
lgbm_v2_climatology,6,8,cases_lag4,546.0816602706909,316
lgbm_v2_climatology,6,8,cases_lag5,148.96444964408875,316
lgbm_v2_climatology,6,8,cases_lag6,257.4738698005676,316
lgbm_v2_climatology,6,8,cases_lag7,577.6254570484161,316
lgbm_v2_climatology,6,8,cases_lag8,698.6276607513428,316
lgbm_v2_climatology,6,8,cases_lag9,478.1068506240845,316
lgbm_v2_climatology,6,8,cases_lag10,709.2588455677032,316
lgbm_v2_climatology,6,8,cases_lag11,535.1649708747864,316
lgbm_v2_climatology,6,8,cases_lag12,1181.5584406852722,316
lgbm_v2_climatology,6,8,cases_mean4,836.0501890182495,316
lgbm_v2_climatology,6,8,cases_mean8,1048.8236317634583,316
lgbm_v2_climatology,6,8,cases_mean12,1057.5952234268188,316
lgbm_v2_climatology,6,8,cases_max12,5835.389067411423,316
lgbm_v2_climatology,6,8,cases_diff1,12528.602307796478,316
lgbm_v2_climatology,6,8,cases_diff4,4832.506160020828,316
lgbm_v2_climatology,6,8,rain_roll4_lag4,463.1113178730011,316
lgbm_v2_climatology,6,8,rain_roll4_lag8,950.7359278202057,316
lgbm_v2_climatology,6,8,humid_roll4_lag4,467.65857696533203,316
lgbm_v2_climatology,6,8,humid_roll4_lag8,841.8393137454987,316
lgbm_v2_climatology,6,8,temp_roll4_lag4,833.6748199462891,316
lgbm_v2_climatology,6,8,temp_roll4_lag8,635.3011107444763,316
lgbm_v2_climatology,6,8,rain_roll12_lag12,569.6538178920746,316
lgbm_v2_climatology,6,8,neighbour_cases,2326.8313493728638,316
lgbm_v2_climatology,6,8,neighbour_diff4,762.5436689853668,316
lgbm_v2_climatology,6,8,national_cases,16746.728673696518,316
lgbm_v2_climatology,6,8,national_diff4,9327.304655313492,316
lgbm_v2_climatology,6,8,district,22197.878212451935,316
lgbm_v2_climatology,6,8,target_doy_sin,16661.353674650192,316
lgbm_v2_climatology,6,8,target_doy_cos,8478.27567434311,316
lgbm_v2,6,10,cases_log1p,45787.36363172531,315
lgbm_v2,6,10,rainfall_daily_mean_mm,1087.8088955879211,315
lgbm_v2,6,10,rainy_days_frac,842.3485078811646,315
lgbm_v2,6,10,temperature_mean_c,1514.9152722358704,315
lgbm_v2,6,10,diurnal_range_c,402.8166415691376,315
lgbm_v2,6,10,dewpoint_mean_c,1389.9260761737823,315
lgbm_v2,6,10,relative_humidity_mean,935.8571500778198,315
lgbm_v2,6,10,wind_speed_mean,1898.6432452201843,315
lgbm_v2,6,10,doy_sin,7608.9420483112335,315
lgbm_v2,6,10,doy_cos,5396.528705835342,315
lgbm_v2,6,10,weather_observed,0.0,315
lgbm_v2,6,10,case_observed,0.0,315
lgbm_v2,6,10,centroid_lat,2745.2760915756226,315
lgbm_v2,6,10,centroid_lon,984.2537565231323,315
lgbm_v2,6,10,rainfall_daily_mean_mm_roll4,3351.848904132843,315
lgbm_v2,6,10,rainfall_daily_mean_mm_roll8,889.8335700035095,315
lgbm_v2,6,10,rainfall_daily_mean_mm_roll12,1626.9533004760742,315
lgbm_v2,6,10,temperature_mean_c_roll4,1042.386637687683,315
lgbm_v2,6,10,temperature_mean_c_roll8,679.4911456108093,315
lgbm_v2,6,10,temperature_mean_c_roll12,656.3001680374146,315
lgbm_v2,6,10,relative_humidity_mean_roll4,1003.473792552948,315
lgbm_v2,6,10,relative_humidity_mean_roll8,840.912220954895,315
lgbm_v2,6,10,relative_humidity_mean_roll12,1829.1256046295166,315
lgbm_v2,6,10,national_wave_rank,7037.5423793792725,315
lgbm_v2,6,10,trailing_52_cumulative_cases,6920.865526199341,315
lgbm_v2,6,10,cases_lag1,730.8854110240936,315
lgbm_v2,6,10,cases_lag2,987.5565667152405,315
lgbm_v2,6,10,cases_lag3,367.80160903930664,315
lgbm_v2,6,10,cases_lag4,305.9301311969757,315
lgbm_v2,6,10,cases_lag5,240.9368507862091,315
lgbm_v2,6,10,cases_lag6,334.4986000061035,315
lgbm_v2,6,10,cases_lag7,163.83248019218445,315
lgbm_v2,6,10,cases_lag8,145.51969122886658,315
lgbm_v2,6,10,cases_lag9,364.35843300819397,315
lgbm_v2,6,10,cases_lag10,501.6121792793274,315
lgbm_v2,6,10,cases_lag11,550.9826304912567,315
lgbm_v2,6,10,cases_lag12,998.7158448696136,315
lgbm_v2,6,10,cases_mean4,906.5776600837708,315
lgbm_v2,6,10,cases_mean8,1188.5141496658325,315
lgbm_v2,6,10,cases_mean12,2220.47203373909,315
lgbm_v2,6,10,cases_max12,4477.534617185593,315
lgbm_v2,6,10,cases_diff1,10646.907411575317,315
lgbm_v2,6,10,cases_diff4,3468.7692210674286,315
lgbm_v2,6,10,rain_roll4_lag4,2285.1719381809235,315
lgbm_v2,6,10,rain_roll4_lag8,5849.714266777039,315
lgbm_v2,6,10,humid_roll4_lag4,3423.828566789627,315
lgbm_v2,6,10,humid_roll4_lag8,6183.407137155533,315
lgbm_v2,6,10,temp_roll4_lag4,1114.8725020885468,315
lgbm_v2,6,10,temp_roll4_lag8,2782.1955246925354,315
lgbm_v2,6,10,rain_roll12_lag12,3228.0098519325256,315
lgbm_v2,6,10,neighbour_cases,2891.902052640915,315
lgbm_v2,6,10,neighbour_diff4,821.8073999881744,315
lgbm_v2,6,10,national_cases,16317.31788611412,315
lgbm_v2,6,10,national_diff4,6734.151646852493,315
lgbm_v2,6,10,district,29721.681636095047,315
lgbm_v2,6,10,target_doy_sin,20676.025676488876,315
lgbm_v2,6,10,target_doy_cos,9979.898046255112,315
lgbm_v2_noclimate,6,10,cases_log1p,44959.022267222404,416
lgbm_v2_noclimate,6,10,doy_sin,14903.853093028069,416
lgbm_v2_noclimate,6,10,doy_cos,7411.292755126953,416
lgbm_v2_noclimate,6,10,weather_observed,0.0,416
lgbm_v2_noclimate,6,10,case_observed,0.0,416
lgbm_v2_noclimate,6,10,centroid_lat,3630.6586896181107,416
lgbm_v2_noclimate,6,10,centroid_lon,1709.6763474941254,416
lgbm_v2_noclimate,6,10,national_wave_rank,7102.858357548714,416
lgbm_v2_noclimate,6,10,trailing_52_cumulative_cases,10975.151401877403,416
lgbm_v2_noclimate,6,10,cases_lag1,936.667001247406,416
lgbm_v2_noclimate,6,10,cases_lag2,1384.113919377327,416
lgbm_v2_noclimate,6,10,cases_lag3,591.0065772533417,416
lgbm_v2_noclimate,6,10,cases_lag4,581.4848576784134,416
lgbm_v2_noclimate,6,10,cases_lag5,862.5055521726608,416
lgbm_v2_noclimate,6,10,cases_lag6,631.0692715644836,416
lgbm_v2_noclimate,6,10,cases_lag7,426.2738814353943,416
lgbm_v2_noclimate,6,10,cases_lag8,578.3046419620514,416
lgbm_v2_noclimate,6,10,cases_lag9,717.3705312013626,416
lgbm_v2_noclimate,6,10,cases_lag10,1254.3286360502243,416
lgbm_v2_noclimate,6,10,cases_lag11,849.3428913354874,416
lgbm_v2_noclimate,6,10,cases_lag12,2345.7855217456818,416
lgbm_v2_noclimate,6,10,cases_mean4,1774.7182338237762,416
lgbm_v2_noclimate,6,10,cases_mean8,1848.2584507465363,416
lgbm_v2_noclimate,6,10,cases_mean12,2781.521923303604,416
lgbm_v2_noclimate,6,10,cases_max12,6701.08790230751,416
lgbm_v2_noclimate,6,10,cases_diff1,12028.258119940758,416
lgbm_v2_noclimate,6,10,cases_diff4,3217.367938876152,416
lgbm_v2_noclimate,6,10,neighbour_cases,3860.954510331154,416
lgbm_v2_noclimate,6,10,neighbour_diff4,1487.6221405267715,416
lgbm_v2_noclimate,6,10,national_cases,23181.214270234108,416
lgbm_v2_noclimate,6,10,national_diff4,10466.088933825493,416
lgbm_v2_noclimate,6,10,district,32217.539266228676,416
lgbm_v2_noclimate,6,10,target_doy_sin,24456.819449305534,416
lgbm_v2_noclimate,6,10,target_doy_cos,15494.447231769562,416
lgbm_v2_climatology,6,10,cases_log1p,46319.93512535095,352
lgbm_v2_climatology,6,10,rainfall_daily_mean_mm,1163.7012634277344,352
lgbm_v2_climatology,6,10,rainy_days_frac,5881.075483560562,352
lgbm_v2_climatology,6,10,temperature_mean_c,2278.0699717998505,352
lgbm_v2_climatology,6,10,diurnal_range_c,870.0933182239532,352
lgbm_v2_climatology,6,10,dewpoint_mean_c,845.0180015563965,352
lgbm_v2_climatology,6,10,relative_humidity_mean,585.7801172733307,352
lgbm_v2_climatology,6,10,wind_speed_mean,659.5817170143127,352
lgbm_v2_climatology,6,10,doy_sin,11399.688429355621,352
lgbm_v2_climatology,6,10,doy_cos,6732.4650094509125,352
lgbm_v2_climatology,6,10,weather_observed,0.0,352
lgbm_v2_climatology,6,10,case_observed,0.0,352
lgbm_v2_climatology,6,10,centroid_lat,1304.5495374202728,352
lgbm_v2_climatology,6,10,centroid_lon,937.338680267334,352
lgbm_v2_climatology,6,10,rainfall_daily_mean_mm_roll4,1501.4203522205353,352
lgbm_v2_climatology,6,10,rainfall_daily_mean_mm_roll8,717.5746781826019,352
lgbm_v2_climatology,6,10,rainfall_daily_mean_mm_roll12,580.4791402816772,352
lgbm_v2_climatology,6,10,temperature_mean_c_roll4,816.4279758930206,352
lgbm_v2_climatology,6,10,temperature_mean_c_roll8,702.6250410079956,352
lgbm_v2_climatology,6,10,temperature_mean_c_roll12,584.9661002159119,352
lgbm_v2_climatology,6,10,relative_humidity_mean_roll4,390.3864896297455,352
lgbm_v2_climatology,6,10,relative_humidity_mean_roll8,278.30331015586853,352
lgbm_v2_climatology,6,10,relative_humidity_mean_roll12,761.708265542984,352
lgbm_v2_climatology,6,10,national_wave_rank,6252.405309438705,352
lgbm_v2_climatology,6,10,trailing_52_cumulative_cases,9200.208437919617,352
lgbm_v2_climatology,6,10,cases_lag1,645.0682437419891,352
lgbm_v2_climatology,6,10,cases_lag2,943.1523487567902,352
lgbm_v2_climatology,6,10,cases_lag3,521.4873995780945,352
lgbm_v2_climatology,6,10,cases_lag4,553.2493991851807,352
lgbm_v2_climatology,6,10,cases_lag5,449.52284026145935,352
lgbm_v2_climatology,6,10,cases_lag6,416.03395199775696,352
lgbm_v2_climatology,6,10,cases_lag7,225.86096954345703,352
lgbm_v2_climatology,6,10,cases_lag8,375.3240270614624,352
lgbm_v2_climatology,6,10,cases_lag9,557.8002209663391,352
lgbm_v2_climatology,6,10,cases_lag10,803.3352146148682,352
lgbm_v2_climatology,6,10,cases_lag11,817.3199651241302,352
lgbm_v2_climatology,6,10,cases_lag12,1714.1335835456848,352
lgbm_v2_climatology,6,10,cases_mean4,1369.6703085899353,352
lgbm_v2_climatology,6,10,cases_mean8,1867.0504610538483,352
lgbm_v2_climatology,6,10,cases_mean12,2426.8809580802917,352
lgbm_v2_climatology,6,10,cases_max12,5988.849483728409,352
lgbm_v2_climatology,6,10,cases_diff1,10413.510739088058,352
lgbm_v2_climatology,6,10,cases_diff4,3523.566977739334,352
lgbm_v2_climatology,6,10,rain_roll4_lag4,571.6076781749725,352
lgbm_v2_climatology,6,10,rain_roll4_lag8,909.4369492530823,352
lgbm_v2_climatology,6,10,humid_roll4_lag4,1151.548151254654,352
lgbm_v2_climatology,6,10,humid_roll4_lag8,601.4191992282867,352
lgbm_v2_climatology,6,10,temp_roll4_lag4,538.214597940445,352
lgbm_v2_climatology,6,10,temp_roll4_lag8,1201.7242476940155,352
lgbm_v2_climatology,6,10,rain_roll12_lag12,812.7263095378876,352
lgbm_v2_climatology,6,10,neighbour_cases,2701.320382833481,352
lgbm_v2_climatology,6,10,neighbour_diff4,1128.3581745624542,352
lgbm_v2_climatology,6,10,national_cases,20758.46510362625,352
lgbm_v2_climatology,6,10,national_diff4,10445.076686739922,352
lgbm_v2_climatology,6,10,district,28275.838698983192,352
lgbm_v2_climatology,6,10,target_doy_sin,23060.354791402817,352
lgbm_v2_climatology,6,10,target_doy_cos,9446.256527423859,352
lgbm_v2,6,12,cases_log1p,54816.83078920841,553
lgbm_v2,6,12,rainfall_daily_mean_mm,1533.162758231163,553
lgbm_v2,6,12,rainy_days_frac,580.120810508728,553
lgbm_v2,6,12,temperature_mean_c,2058.1104369163513,553
lgbm_v2,6,12,diurnal_range_c,1068.3039103746414,553
lgbm_v2,6,12,dewpoint_mean_c,1467.6051238775253,553
lgbm_v2,6,12,relative_humidity_mean,1130.9118473529816,553
lgbm_v2,6,12,wind_speed_mean,2547.1640309095383,553
lgbm_v2,6,12,doy_sin,7723.971495747566,553
lgbm_v2,6,12,doy_cos,7881.121822357178,553
lgbm_v2,6,12,weather_observed,0.0,553
lgbm_v2,6,12,case_observed,0.0,553
lgbm_v2,6,12,centroid_lat,4354.914838314056,553
lgbm_v2,6,12,centroid_lon,1514.045287013054,553
lgbm_v2,6,12,rainfall_daily_mean_mm_roll4,2735.185578107834,553
lgbm_v2,6,12,rainfall_daily_mean_mm_roll8,1671.2060894966125,553
lgbm_v2,6,12,rainfall_daily_mean_mm_roll12,2867.751314997673,553
lgbm_v2,6,12,temperature_mean_c_roll4,1825.0655462741852,553
lgbm_v2,6,12,temperature_mean_c_roll8,1305.3231899738312,553
lgbm_v2,6,12,temperature_mean_c_roll12,1337.1110489368439,553
lgbm_v2,6,12,relative_humidity_mean_roll4,1249.610545873642,553
lgbm_v2,6,12,relative_humidity_mean_roll8,1875.6665807962418,553
lgbm_v2,6,12,relative_humidity_mean_roll12,3493.7102570533752,553
lgbm_v2,6,12,national_wave_rank,7292.797669410706,553
lgbm_v2,6,12,trailing_52_cumulative_cases,10553.25942325592,553
lgbm_v2,6,12,cases_lag1,1004.8194109201431,553
lgbm_v2,6,12,cases_lag2,674.3163832426071,553
lgbm_v2,6,12,cases_lag3,709.6712012290955,553
lgbm_v2,6,12,cases_lag4,539.0671389102936,553
lgbm_v2,6,12,cases_lag5,410.03784143924713,553
lgbm_v2,6,12,cases_lag6,580.7954980134964,553
lgbm_v2,6,12,cases_lag7,458.2544311285019,553
lgbm_v2,6,12,cases_lag8,528.8561656475067,553
lgbm_v2,6,12,cases_lag9,694.4238308668137,553
lgbm_v2,6,12,cases_lag10,692.6489006280899,553
lgbm_v2,6,12,cases_lag11,1258.855686545372,553
lgbm_v2,6,12,cases_lag12,1297.3227878808975,553
lgbm_v2,6,12,cases_mean4,1591.0667412281036,553
lgbm_v2,6,12,cases_mean8,1907.8786101341248,553
lgbm_v2,6,12,cases_mean12,2742.2477934360504,553
lgbm_v2,6,12,cases_max12,5945.067397356033,553
lgbm_v2,6,12,cases_diff1,10150.917603492737,553
lgbm_v2,6,12,cases_diff4,4683.620033025742,553
lgbm_v2,6,12,rain_roll4_lag4,3259.3673104047775,553
lgbm_v2,6,12,rain_roll4_lag8,8774.18765950203,553
lgbm_v2,6,12,humid_roll4_lag4,3944.638184905052,553
lgbm_v2,6,12,humid_roll4_lag8,6438.778751134872,553
lgbm_v2,6,12,temp_roll4_lag4,1462.559351682663,553
lgbm_v2,6,12,temp_roll4_lag8,4748.196125388145,553
lgbm_v2,6,12,rain_roll12_lag12,4870.657869458199,553
lgbm_v2,6,12,neighbour_cases,2810.19280064106,553
lgbm_v2,6,12,neighbour_diff4,792.2537281513214,553
lgbm_v2,6,12,national_cases,24446.14443421364,553
lgbm_v2,6,12,national_diff4,8652.979295492172,553
lgbm_v2,6,12,district,36484.407670259476,553
lgbm_v2,6,12,target_doy_sin,24149.437120079994,553
lgbm_v2,6,12,target_doy_cos,8839.527834415436,553
lgbm_v2_noclimate,6,12,cases_log1p,52806.63965880871,426
lgbm_v2_noclimate,6,12,doy_sin,12635.743013381958,426
lgbm_v2_noclimate,6,12,doy_cos,10679.46631371975,426
lgbm_v2_noclimate,6,12,weather_observed,0.0,426
lgbm_v2_noclimate,6,12,case_observed,0.0,426
lgbm_v2_noclimate,6,12,centroid_lat,4193.840265512466,426
lgbm_v2_noclimate,6,12,centroid_lon,2363.571551799774,426
lgbm_v2_noclimate,6,12,national_wave_rank,7882.763241887093,426
lgbm_v2_noclimate,6,12,trailing_52_cumulative_cases,13562.278595209122,426
lgbm_v2_noclimate,6,12,cases_lag1,1008.9024392366409,426
lgbm_v2_noclimate,6,12,cases_lag2,680.1561493873596,426
lgbm_v2_noclimate,6,12,cases_lag3,708.594318151474,426
lgbm_v2_noclimate,6,12,cases_lag4,449.38493859767914,426
lgbm_v2_noclimate,6,12,cases_lag5,345.40380024909973,426
lgbm_v2_noclimate,6,12,cases_lag6,539.8460013866425,426
lgbm_v2_noclimate,6,12,cases_lag7,494.80396342277527,426
lgbm_v2_noclimate,6,12,cases_lag8,633.5166840553284,426
lgbm_v2_noclimate,6,12,cases_lag9,925.9089894294739,426
lgbm_v2_noclimate,6,12,cases_lag10,1238.0432946681976,426
lgbm_v2_noclimate,6,12,cases_lag11,1598.118506193161,426
lgbm_v2_noclimate,6,12,cases_lag12,1884.4581382274628,426
lgbm_v2_noclimate,6,12,cases_mean4,3332.5665097236633,426
lgbm_v2_noclimate,6,12,cases_mean8,2660.0890847444534,426
lgbm_v2_noclimate,6,12,cases_mean12,4172.645475387573,426
lgbm_v2_noclimate,6,12,cases_max12,7680.627448558807,426
lgbm_v2_noclimate,6,12,cases_diff1,10482.61137163639,426
lgbm_v2_noclimate,6,12,cases_diff4,4676.071471333504,426
lgbm_v2_noclimate,6,12,neighbour_cases,3909.426653981209,426
lgbm_v2_noclimate,6,12,neighbour_diff4,1427.9268412590027,426
lgbm_v2_noclimate,6,12,national_cases,28960.54821753502,426
lgbm_v2_noclimate,6,12,national_diff4,13866.415692806244,426
lgbm_v2_noclimate,6,12,district,36316.94029021263,426
lgbm_v2_noclimate,6,12,target_doy_sin,28187.856316924095,426
lgbm_v2_noclimate,6,12,target_doy_cos,14370.545393586159,426
lgbm_v2_climatology,6,12,cases_log1p,54495.97350311279,255
lgbm_v2_climatology,6,12,rainfall_daily_mean_mm,1969.9355201721191,255
lgbm_v2_climatology,6,12,rainy_days_frac,6817.3895218372345,255
lgbm_v2_climatology,6,12,temperature_mean_c,1678.5987620353699,255
lgbm_v2_climatology,6,12,diurnal_range_c,576.6990892887115,255
lgbm_v2_climatology,6,12,dewpoint_mean_c,1249.6538352966309,255
lgbm_v2_climatology,6,12,relative_humidity_mean,1004.873128414154,255
lgbm_v2_climatology,6,12,wind_speed_mean,773.7650740146637,255
lgbm_v2_climatology,6,12,doy_sin,9203.576402902603,255
lgbm_v2_climatology,6,12,doy_cos,7688.448535442352,255
lgbm_v2_climatology,6,12,weather_observed,0.0,255
lgbm_v2_climatology,6,12,case_observed,0.0,255
lgbm_v2_climatology,6,12,centroid_lat,1704.626281261444,255
lgbm_v2_climatology,6,12,centroid_lon,1229.7748255729675,255
lgbm_v2_climatology,6,12,rainfall_daily_mean_mm_roll4,968.1103718280792,255
lgbm_v2_climatology,6,12,rainfall_daily_mean_mm_roll8,725.0851502418518,255
lgbm_v2_climatology,6,12,rainfall_daily_mean_mm_roll12,421.50714898109436,255
lgbm_v2_climatology,6,12,temperature_mean_c_roll4,670.4113121032715,255
lgbm_v2_climatology,6,12,temperature_mean_c_roll8,367.9898900985718,255
lgbm_v2_climatology,6,12,temperature_mean_c_roll12,578.2612943649292,255
lgbm_v2_climatology,6,12,relative_humidity_mean_roll4,532.2451043128967,255
lgbm_v2_climatology,6,12,relative_humidity_mean_roll8,387.8534576892853,255
lgbm_v2_climatology,6,12,relative_humidity_mean_roll12,668.8275282382965,255
lgbm_v2_climatology,6,12,national_wave_rank,6937.815020561218,255
lgbm_v2_climatology,6,12,trailing_52_cumulative_cases,8717.42006778717,255
lgbm_v2_climatology,6,12,cases_lag1,624.8447160720825,255
lgbm_v2_climatology,6,12,cases_lag2,274.17407298088074,255
lgbm_v2_climatology,6,12,cases_lag3,654.9477381706238,255
lgbm_v2_climatology,6,12,cases_lag4,257.9689302444458,255
lgbm_v2_climatology,6,12,cases_lag5,172.86509895324707,255
lgbm_v2_climatology,6,12,cases_lag6,337.8476538658142,255
lgbm_v2_climatology,6,12,cases_lag7,189.7398910522461,255
lgbm_v2_climatology,6,12,cases_lag8,459.53801107406616,255
lgbm_v2_climatology,6,12,cases_lag9,490.2963423728943,255
lgbm_v2_climatology,6,12,cases_lag10,906.9027109146118,255
lgbm_v2_climatology,6,12,cases_lag11,874.9827480316162,255
lgbm_v2_climatology,6,12,cases_lag12,1319.0699753761292,255
lgbm_v2_climatology,6,12,cases_mean4,1427.270937204361,255
lgbm_v2_climatology,6,12,cases_mean8,1890.7011897563934,255
lgbm_v2_climatology,6,12,cases_mean12,2415.1012139320374,255
lgbm_v2_climatology,6,12,cases_max12,5016.093158721924,255
lgbm_v2_climatology,6,12,cases_diff1,9059.174347162247,255
lgbm_v2_climatology,6,12,cases_diff4,4698.01581120491,255
lgbm_v2_climatology,6,12,rain_roll4_lag4,522.3006601333618,255
lgbm_v2_climatology,6,12,rain_roll4_lag8,457.95081615448,255
lgbm_v2_climatology,6,12,humid_roll4_lag4,799.717821598053,255
lgbm_v2_climatology,6,12,humid_roll4_lag8,851.8951935768127,255
lgbm_v2_climatology,6,12,temp_roll4_lag4,431.7359118461609,255
lgbm_v2_climatology,6,12,temp_roll4_lag8,2374.0100994110107,255
lgbm_v2_climatology,6,12,rain_roll12_lag12,1012.1571910381317,255
lgbm_v2_climatology,6,12,neighbour_cases,2415.826324701309,255
lgbm_v2_climatology,6,12,neighbour_diff4,627.8901045322418,255
lgbm_v2_climatology,6,12,national_cases,24780.984079122543,255
lgbm_v2_climatology,6,12,national_diff4,11427.058194160461,255
lgbm_v2_climatology,6,12,district,29597.45515871048,255
lgbm_v2_climatology,6,12,target_doy_sin,26113.36913585663,255
lgbm_v2_climatology,6,12,target_doy_cos,7951.867261648178,255
lgbm_v2,7,1,cases_log1p,5598.210788965225,306
lgbm_v2,7,1,rainfall_daily_mean_mm,573.7169201374054,306
lgbm_v2,7,1,rainy_days_frac,151.66625034809113,306
lgbm_v2,7,1,temperature_mean_c,367.7491992712021,306
lgbm_v2,7,1,diurnal_range_c,270.932621717453,306
lgbm_v2,7,1,dewpoint_mean_c,418.10870003700256,306
lgbm_v2,7,1,relative_humidity_mean,558.1712828874588,306
lgbm_v2,7,1,wind_speed_mean,444.64569103717804,306
lgbm_v2,7,1,doy_sin,2574.7151675224304,306
lgbm_v2,7,1,doy_cos,1266.3881595134735,306
lgbm_v2,7,1,weather_observed,0.0,306
lgbm_v2,7,1,case_observed,0.0,306
lgbm_v2,7,1,centroid_lat,186.13643074035645,306
lgbm_v2,7,1,centroid_lon,127.86659014225006,306
lgbm_v2,7,1,rainfall_daily_mean_mm_roll4,608.8682889938354,306
lgbm_v2,7,1,rainfall_daily_mean_mm_roll8,837.0840404033661,306
lgbm_v2,7,1,rainfall_daily_mean_mm_roll12,327.42202937602997,306
lgbm_v2,7,1,temperature_mean_c_roll4,294.3542894124985,306
lgbm_v2,7,1,temperature_mean_c_roll8,249.3630690574646,306
lgbm_v2,7,1,temperature_mean_c_roll12,199.6745878458023,306
lgbm_v2,7,1,relative_humidity_mean_roll4,502.4210196733475,306
lgbm_v2,7,1,relative_humidity_mean_roll8,358.94088995456696,306
lgbm_v2,7,1,relative_humidity_mean_roll12,240.1327497959137,306
lgbm_v2,7,1,national_wave_rank,2073.4896231889725,306
lgbm_v2,7,1,trailing_52_cumulative_cases,997.3742296695709,306
lgbm_v2,7,1,cases_lag1,780.9874539375305,306
lgbm_v2,7,1,cases_lag2,1809.2802765369415,306
lgbm_v2,7,1,cases_lag3,1054.1600707769394,306
lgbm_v2,7,1,cases_lag4,478.4247008562088,306
lgbm_v2,7,1,cases_lag5,324.0044803619385,306
lgbm_v2,7,1,cases_lag6,379.9123194217682,306
lgbm_v2,7,1,cases_lag7,236.61665999889374,306
lgbm_v2,7,1,cases_lag8,258.3792402744293,306
lgbm_v2,7,1,cases_lag9,236.52978038787842,306
lgbm_v2,7,1,cases_lag10,213.866459608078,306
lgbm_v2,7,1,cases_lag11,370.0421413183212,306
lgbm_v2,7,1,cases_lag12,311.9091691970825,306
lgbm_v2,7,1,cases_mean4,882.9695596694946,306
lgbm_v2,7,1,cases_mean8,807.440914273262,306
lgbm_v2,7,1,cases_mean12,494.693461894989,306
lgbm_v2,7,1,cases_max12,357.7554941177368,306
lgbm_v2,7,1,cases_diff1,21677.617382645607,306
lgbm_v2,7,1,cases_diff4,6647.325429558754,306
lgbm_v2,7,1,rain_roll4_lag4,971.2757472991943,306
lgbm_v2,7,1,rain_roll4_lag8,467.11813962459564,306
lgbm_v2,7,1,humid_roll4_lag4,279.3290594816208,306
lgbm_v2,7,1,humid_roll4_lag8,572.6498388051987,306
lgbm_v2,7,1,temp_roll4_lag4,332.43185019493103,306
lgbm_v2,7,1,temp_roll4_lag8,434.3333396911621,306
lgbm_v2,7,1,rain_roll12_lag12,713.8483097553253,306
lgbm_v2,7,1,neighbour_cases,1106.589273929596,306
lgbm_v2,7,1,neighbour_diff4,1089.1184494495392,306
lgbm_v2,7,1,national_cases,1702.1203966140747,306
lgbm_v2,7,1,national_diff4,3209.8153663873672,306
lgbm_v2,7,1,district,4816.611683130264,306
lgbm_v2,7,1,target_doy_sin,1084.5560861825943,306
lgbm_v2,7,1,target_doy_cos,931.4362100362778,306
lgbm_v2_noclimate,7,1,cases_log1p,5584.834550142288,223
lgbm_v2_noclimate,7,1,doy_sin,2985.044013977051,223
lgbm_v2_noclimate,7,1,doy_cos,1314.7741875648499,223
lgbm_v2_noclimate,7,1,weather_observed,0.0,223
lgbm_v2_noclimate,7,1,case_observed,0.0,223
lgbm_v2_noclimate,7,1,centroid_lat,277.67129945755005,223
lgbm_v2_noclimate,7,1,centroid_lon,136.79085910320282,223
lgbm_v2_noclimate,7,1,national_wave_rank,1731.0740057229996,223
lgbm_v2_noclimate,7,1,trailing_52_cumulative_cases,1077.9671045541763,223
lgbm_v2_noclimate,7,1,cases_lag1,792.4704295396805,223
lgbm_v2_noclimate,7,1,cases_lag2,1696.3229489326477,223
lgbm_v2_noclimate,7,1,cases_lag3,1030.9026013612747,223
lgbm_v2_noclimate,7,1,cases_lag4,379.0731999874115,223
lgbm_v2_noclimate,7,1,cases_lag5,284.1165500879288,223
lgbm_v2_noclimate,7,1,cases_lag6,405.5411993265152,223
lgbm_v2_noclimate,7,1,cases_lag7,292.82533025741577,223
lgbm_v2_noclimate,7,1,cases_lag8,338.2908899784088,223
lgbm_v2_noclimate,7,1,cases_lag9,253.83125030994415,223
lgbm_v2_noclimate,7,1,cases_lag10,208.02772915363312,223
lgbm_v2_noclimate,7,1,cases_lag11,331.2792295217514,223
lgbm_v2_noclimate,7,1,cases_lag12,230.9903999567032,223
lgbm_v2_noclimate,7,1,cases_mean4,1048.4598088264465,223
lgbm_v2_noclimate,7,1,cases_mean8,478.1303095817566,223
lgbm_v2_noclimate,7,1,cases_mean12,688.6732087135315,223
lgbm_v2_noclimate,7,1,cases_max12,260.10987973213196,223
lgbm_v2_noclimate,7,1,cases_diff1,22396.358759760857,223
lgbm_v2_noclimate,7,1,cases_diff4,5961.799075245857,223
lgbm_v2_noclimate,7,1,neighbour_cases,1316.4844644069672,223
lgbm_v2_noclimate,7,1,neighbour_diff4,1222.6348439455032,223
lgbm_v2_noclimate,7,1,national_cases,1937.079681277275,223
lgbm_v2_noclimate,7,1,national_diff4,3490.3922860622406,223
lgbm_v2_noclimate,7,1,district,4820.05308842659,223
lgbm_v2_noclimate,7,1,target_doy_sin,1351.0336402654648,223
lgbm_v2_noclimate,7,1,target_doy_cos,1251.6558970212936,223
lgbm_v2_climatology,7,1,cases_log1p,5313.053546667099,174
lgbm_v2_climatology,7,1,rainfall_daily_mean_mm,484.7238185405731,174
lgbm_v2_climatology,7,1,rainy_days_frac,368.91540360450745,174
lgbm_v2_climatology,7,1,temperature_mean_c,131.63070106506348,174
lgbm_v2_climatology,7,1,diurnal_range_c,383.6396884918213,174
lgbm_v2_climatology,7,1,dewpoint_mean_c,182.93113040924072,174
lgbm_v2_climatology,7,1,relative_humidity_mean,138.03133034706116,174
lgbm_v2_climatology,7,1,wind_speed_mean,101.51806092262268,174
lgbm_v2_climatology,7,1,doy_sin,2017.8558731079102,174
lgbm_v2_climatology,7,1,doy_cos,906.0962798595428,174
lgbm_v2_climatology,7,1,weather_observed,0.0,174
lgbm_v2_climatology,7,1,case_observed,0.0,174
lgbm_v2_climatology,7,1,centroid_lat,174.30157923698425,174
lgbm_v2_climatology,7,1,centroid_lon,91.16555047035217,174
lgbm_v2_climatology,7,1,rainfall_daily_mean_mm_roll4,266.2341010570526,174
lgbm_v2_climatology,7,1,rainfall_daily_mean_mm_roll8,462.12475776672363,174
lgbm_v2_climatology,7,1,rainfall_daily_mean_mm_roll12,166.68330001831055,174
lgbm_v2_climatology,7,1,temperature_mean_c_roll4,115.7403199672699,174
lgbm_v2_climatology,7,1,temperature_mean_c_roll8,105.87529993057251,174
lgbm_v2_climatology,7,1,temperature_mean_c_roll12,183.3203399181366,174
lgbm_v2_climatology,7,1,relative_humidity_mean_roll4,106.10135006904602,174
lgbm_v2_climatology,7,1,relative_humidity_mean_roll8,131.68738865852356,174
lgbm_v2_climatology,7,1,relative_humidity_mean_roll12,122.44007015228271,174
lgbm_v2_climatology,7,1,national_wave_rank,1934.1233401298523,174
lgbm_v2_climatology,7,1,trailing_52_cumulative_cases,800.0332403182983,174
lgbm_v2_climatology,7,1,cases_lag1,554.7023668289185,174
lgbm_v2_climatology,7,1,cases_lag2,1646.2073514461517,174
lgbm_v2_climatology,7,1,cases_lag3,718.693178653717,174
lgbm_v2_climatology,7,1,cases_lag4,313.1179200410843,174
lgbm_v2_climatology,7,1,cases_lag5,183.60981965065002,174
lgbm_v2_climatology,7,1,cases_lag6,209.29954051971436,174
lgbm_v2_climatology,7,1,cases_lag7,135.03051114082336,174
lgbm_v2_climatology,7,1,cases_lag8,233.0104296207428,174
lgbm_v2_climatology,7,1,cases_lag9,128.9900200366974,174
lgbm_v2_climatology,7,1,cases_lag10,128.69322991371155,174
lgbm_v2_climatology,7,1,cases_lag11,253.90855050086975,174
lgbm_v2_climatology,7,1,cases_lag12,158.25575995445251,174
lgbm_v2_climatology,7,1,cases_mean4,712.7587530612946,174
lgbm_v2_climatology,7,1,cases_mean8,516.3188328742981,174
lgbm_v2_climatology,7,1,cases_mean12,417.0488290786743,174
lgbm_v2_climatology,7,1,cases_max12,199.24129986763,174
lgbm_v2_climatology,7,1,cases_diff1,21415.007280111313,174
lgbm_v2_climatology,7,1,cases_diff4,6321.348770141602,174
lgbm_v2_climatology,7,1,rain_roll4_lag4,625.560200214386,174
lgbm_v2_climatology,7,1,rain_roll4_lag8,45.51359033584595,174
lgbm_v2_climatology,7,1,humid_roll4_lag4,160.47797894477844,174
lgbm_v2_climatology,7,1,humid_roll4_lag8,138.58677053451538,174
lgbm_v2_climatology,7,1,temp_roll4_lag4,105.88220977783203,174
lgbm_v2_climatology,7,1,temp_roll4_lag8,235.88985896110535,174
lgbm_v2_climatology,7,1,rain_roll12_lag12,203.32412910461426,174
lgbm_v2_climatology,7,1,neighbour_cases,772.427330493927,174
lgbm_v2_climatology,7,1,neighbour_diff4,863.8990216255188,174
lgbm_v2_climatology,7,1,national_cases,1130.0559010505676,174
lgbm_v2_climatology,7,1,national_diff4,3038.598216533661,174
lgbm_v2_climatology,7,1,district,3874.4385285377502,174
lgbm_v2_climatology,7,1,target_doy_sin,887.3709480762482,174
lgbm_v2_climatology,7,1,target_doy_cos,644.4239692687988,174
lgbm_v2,7,2,cases_log1p,7313.328548669815,217
lgbm_v2,7,2,rainfall_daily_mean_mm,478.27740025520325,217
lgbm_v2,7,2,rainy_days_frac,75.48429942131042,217
lgbm_v2,7,2,temperature_mean_c,483.3775498867035,217
lgbm_v2,7,2,diurnal_range_c,288.57530903816223,217
lgbm_v2,7,2,dewpoint_mean_c,473.35682916641235,217
lgbm_v2,7,2,relative_humidity_mean,579.9938004016876,217
lgbm_v2,7,2,wind_speed_mean,263.0310697555542,217
lgbm_v2,7,2,doy_sin,2478.2535297870636,217
lgbm_v2,7,2,doy_cos,1170.8286719322205,217
lgbm_v2,7,2,weather_observed,0.0,217
lgbm_v2,7,2,case_observed,0.0,217
lgbm_v2,7,2,centroid_lat,419.6653883457184,217
lgbm_v2,7,2,centroid_lon,165.2924792766571,217
lgbm_v2,7,2,rainfall_daily_mean_mm_roll4,977.2279136180878,217
lgbm_v2,7,2,rainfall_daily_mean_mm_roll8,1768.529244184494,217
lgbm_v2,7,2,rainfall_daily_mean_mm_roll12,313.27079010009766,217
lgbm_v2,7,2,temperature_mean_c_roll4,341.59089946746826,217
lgbm_v2,7,2,temperature_mean_c_roll8,268.2976589202881,217
lgbm_v2,7,2,temperature_mean_c_roll12,400.440500497818,217
lgbm_v2,7,2,relative_humidity_mean_roll4,635.6799902915955,217
lgbm_v2,7,2,relative_humidity_mean_roll8,317.45024824142456,217
lgbm_v2,7,2,relative_humidity_mean_roll12,259.8967583179474,217
lgbm_v2,7,2,national_wave_rank,2625.0813801288605,217
lgbm_v2,7,2,trailing_52_cumulative_cases,1036.7604699134827,217
lgbm_v2,7,2,cases_lag1,523.9391634464264,217
lgbm_v2,7,2,cases_lag2,1539.7067592144012,217
lgbm_v2,7,2,cases_lag3,598.3045983314514,217
lgbm_v2,7,2,cases_lag4,222.56975030899048,217
lgbm_v2,7,2,cases_lag5,223.9863691329956,217
lgbm_v2,7,2,cases_lag6,303.5356824398041,217
lgbm_v2,7,2,cases_lag7,202.0045211315155,217
lgbm_v2,7,2,cases_lag8,249.63698172569275,217
lgbm_v2,7,2,cases_lag9,147.53030943870544,217
lgbm_v2,7,2,cases_lag10,135.07504963874817,217
lgbm_v2,7,2,cases_lag11,232.66311025619507,217
lgbm_v2,7,2,cases_lag12,226.90242838859558,217
lgbm_v2,7,2,cases_mean4,827.6342597007751,217
lgbm_v2,7,2,cases_mean8,564.224871635437,217
lgbm_v2,7,2,cases_mean12,448.90334582328796,217
lgbm_v2,7,2,cases_max12,462.9616024494171,217
lgbm_v2,7,2,cases_diff1,21575.57031941414,217
lgbm_v2,7,2,cases_diff4,4963.164912223816,217
lgbm_v2,7,2,rain_roll4_lag4,892.9820981025696,217
lgbm_v2,7,2,rain_roll4_lag8,774.4906113147736,217
lgbm_v2,7,2,humid_roll4_lag4,281.4434390068054,217
lgbm_v2,7,2,humid_roll4_lag8,1169.4282689094543,217
lgbm_v2,7,2,temp_roll4_lag4,151.65825963020325,217
lgbm_v2,7,2,temp_roll4_lag8,336.75985169410706,217
lgbm_v2,7,2,rain_roll12_lag12,677.6076529026031,217
lgbm_v2,7,2,neighbour_cases,935.4901907444,217
lgbm_v2,7,2,neighbour_diff4,837.0156915187836,217
lgbm_v2,7,2,national_cases,1697.5664167404175,217
lgbm_v2,7,2,national_diff4,3799.8609235286713,217
lgbm_v2,7,2,district,6240.394488096237,217
lgbm_v2,7,2,target_doy_sin,2286.929855823517,217
lgbm_v2,7,2,target_doy_cos,2157.857628107071,217
lgbm_v2_noclimate,7,2,cases_log1p,7389.604268193245,252
lgbm_v2_noclimate,7,2,doy_sin,3759.8205267190933,252
lgbm_v2_noclimate,7,2,doy_cos,1888.6087489128113,252
lgbm_v2_noclimate,7,2,weather_observed,0.0,252
lgbm_v2_noclimate,7,2,case_observed,0.0,252
lgbm_v2_noclimate,7,2,centroid_lat,582.6461281776428,252
lgbm_v2_noclimate,7,2,centroid_lon,300.11320877075195,252
lgbm_v2_noclimate,7,2,national_wave_rank,2410.6482380628586,252
lgbm_v2_noclimate,7,2,trailing_52_cumulative_cases,1570.983934521675,252
lgbm_v2_noclimate,7,2,cases_lag1,918.0791304111481,252
lgbm_v2_noclimate,7,2,cases_lag2,1613.27228140831,252
lgbm_v2_noclimate,7,2,cases_lag3,711.214259147644,252
lgbm_v2_noclimate,7,2,cases_lag4,371.99507105350494,252
lgbm_v2_noclimate,7,2,cases_lag5,394.2672507762909,252
lgbm_v2_noclimate,7,2,cases_lag6,378.0240317583084,252
lgbm_v2_noclimate,7,2,cases_lag7,357.74818873405457,252
lgbm_v2_noclimate,7,2,cases_lag8,444.263799905777,252
lgbm_v2_noclimate,7,2,cases_lag9,389.1313706636429,252
lgbm_v2_noclimate,7,2,cases_lag10,277.92752969264984,252
lgbm_v2_noclimate,7,2,cases_lag11,308.3451199531555,252
lgbm_v2_noclimate,7,2,cases_lag12,413.64389848709106,252
lgbm_v2_noclimate,7,2,cases_mean4,1150.102219581604,252
lgbm_v2_noclimate,7,2,cases_mean8,753.9460484981537,252
lgbm_v2_noclimate,7,2,cases_mean12,656.9729323387146,252
lgbm_v2_noclimate,7,2,cases_max12,577.3192598819733,252
lgbm_v2_noclimate,7,2,cases_diff1,22296.89216852188,252
lgbm_v2_noclimate,7,2,cases_diff4,4788.351832151413,252
lgbm_v2_noclimate,7,2,neighbour_cases,1589.0534883737564,252
lgbm_v2_noclimate,7,2,neighbour_diff4,1341.4340707063675,252
lgbm_v2_noclimate,7,2,national_cases,3061.15491271019,252
lgbm_v2_noclimate,7,2,national_diff4,5122.395773291588,252
lgbm_v2_noclimate,7,2,district,7145.848583817482,252
lgbm_v2_noclimate,7,2,target_doy_sin,3341.4467039108276,252
lgbm_v2_noclimate,7,2,target_doy_cos,3362.87342107296,252
lgbm_v2_climatology,7,2,cases_log1p,7451.900257110596,328
lgbm_v2_climatology,7,2,rainfall_daily_mean_mm,582.5676816701889,328
lgbm_v2_climatology,7,2,rainy_days_frac,1124.6056863069534,328
lgbm_v2_climatology,7,2,temperature_mean_c,280.60841953754425,328
lgbm_v2_climatology,7,2,diurnal_range_c,569.5263017416,328
lgbm_v2_climatology,7,2,dewpoint_mean_c,479.64919006824493,328
lgbm_v2_climatology,7,2,relative_humidity_mean,653.9135397672653,328
lgbm_v2_climatology,7,2,wind_speed_mean,325.35921025276184,328
lgbm_v2_climatology,7,2,doy_sin,3263.0797502994537,328
lgbm_v2_climatology,7,2,doy_cos,1375.7788597345352,328
lgbm_v2_climatology,7,2,weather_observed,0.0,328
lgbm_v2_climatology,7,2,case_observed,0.0,328
lgbm_v2_climatology,7,2,centroid_lat,336.4994604587555,328
lgbm_v2_climatology,7,2,centroid_lon,210.80077171325684,328
lgbm_v2_climatology,7,2,rainfall_daily_mean_mm_roll4,778.5552494525909,328
lgbm_v2_climatology,7,2,rainfall_daily_mean_mm_roll8,677.0141336917877,328
lgbm_v2_climatology,7,2,rainfall_daily_mean_mm_roll12,200.59364080429077,328
lgbm_v2_climatology,7,2,temperature_mean_c_roll4,275.55583906173706,328
lgbm_v2_climatology,7,2,temperature_mean_c_roll8,259.07693231105804,328
lgbm_v2_climatology,7,2,temperature_mean_c_roll12,279.51146948337555,328
lgbm_v2_climatology,7,2,relative_humidity_mean_roll4,380.92324018478394,328
lgbm_v2_climatology,7,2,relative_humidity_mean_roll8,378.30427980422974,328
lgbm_v2_climatology,7,2,relative_humidity_mean_roll12,385.1796498298645,328
lgbm_v2_climatology,7,2,national_wave_rank,2642.142005085945,328
lgbm_v2_climatology,7,2,trailing_52_cumulative_cases,1554.2023891210556,328
lgbm_v2_climatology,7,2,cases_lag1,762.6252896785736,328
lgbm_v2_climatology,7,2,cases_lag2,1902.802402496338,328
lgbm_v2_climatology,7,2,cases_lag3,889.7635420560837,328
lgbm_v2_climatology,7,2,cases_lag4,415.8613773584366,328
lgbm_v2_climatology,7,2,cases_lag5,399.20384883880615,328
lgbm_v2_climatology,7,2,cases_lag6,500.6732808351517,328
lgbm_v2_climatology,7,2,cases_lag7,382.88777101039886,328
lgbm_v2_climatology,7,2,cases_lag8,455.17579984664917,328
lgbm_v2_climatology,7,2,cases_lag9,386.28053057193756,328
lgbm_v2_climatology,7,2,cases_lag10,294.92411983013153,328
lgbm_v2_climatology,7,2,cases_lag11,436.8913505077362,328
lgbm_v2_climatology,7,2,cases_lag12,381.5204710960388,328
lgbm_v2_climatology,7,2,cases_mean4,1082.9962365627289,328
lgbm_v2_climatology,7,2,cases_mean8,770.2511211633682,328
lgbm_v2_climatology,7,2,cases_mean12,732.8864243030548,328
lgbm_v2_climatology,7,2,cases_max12,621.9903575181961,328
lgbm_v2_climatology,7,2,cases_diff1,21989.885617494583,328
lgbm_v2_climatology,7,2,cases_diff4,5147.648950815201,328
lgbm_v2_climatology,7,2,rain_roll4_lag4,592.371742606163,328
lgbm_v2_climatology,7,2,rain_roll4_lag8,300.5961298942566,328
lgbm_v2_climatology,7,2,humid_roll4_lag4,297.8587521314621,328
lgbm_v2_climatology,7,2,humid_roll4_lag8,555.4063605070114,328
lgbm_v2_climatology,7,2,temp_roll4_lag4,530.3470324277878,328
lgbm_v2_climatology,7,2,temp_roll4_lag8,358.4717789888382,328
lgbm_v2_climatology,7,2,rain_roll12_lag12,416.475150346756,328
lgbm_v2_climatology,7,2,neighbour_cases,1211.6223413944244,328
lgbm_v2_climatology,7,2,neighbour_diff4,1376.693898677826,328
lgbm_v2_climatology,7,2,national_cases,2943.4602164030075,328
lgbm_v2_climatology,7,2,national_diff4,5033.657976746559,328
lgbm_v2_climatology,7,2,district,6517.950396299362,328
lgbm_v2_climatology,7,2,target_doy_sin,2682.257025241852,328
lgbm_v2_climatology,7,2,target_doy_cos,2795.498048901558,328
lgbm_v2,7,3,cases_log1p,9840.926137447357,167
lgbm_v2,7,3,rainfall_daily_mean_mm,425.2465009689331,167
lgbm_v2,7,3,rainy_days_frac,27.153160095214844,167
lgbm_v2,7,3,temperature_mean_c,494.8684000968933,167
lgbm_v2,7,3,diurnal_range_c,193.88338041305542,167
lgbm_v2,7,3,dewpoint_mean_c,435.82698917388916,167
lgbm_v2,7,3,relative_humidity_mean,464.5735011100769,167
lgbm_v2,7,3,wind_speed_mean,211.42860889434814,167
lgbm_v2,7,3,doy_sin,2844.0049736499786,167
lgbm_v2,7,3,doy_cos,1227.864300251007,167
lgbm_v2,7,3,weather_observed,0.0,167
lgbm_v2,7,3,case_observed,0.0,167
lgbm_v2,7,3,centroid_lat,289.86640977859497,167
lgbm_v2,7,3,centroid_lon,228.84668922424316,167
lgbm_v2,7,3,rainfall_daily_mean_mm_roll4,1674.2583150863647,167
lgbm_v2,7,3,rainfall_daily_mean_mm_roll8,2796.5909366607666,167
lgbm_v2,7,3,rainfall_daily_mean_mm_roll12,180.27156019210815,167
lgbm_v2,7,3,temperature_mean_c_roll4,389.90022897720337,167
lgbm_v2,7,3,temperature_mean_c_roll8,244.5521388053894,167
lgbm_v2,7,3,temperature_mean_c_roll12,286.07939863204956,167
lgbm_v2,7,3,relative_humidity_mean_roll4,975.3713059425354,167
lgbm_v2,7,3,relative_humidity_mean_roll8,337.8313798904419,167
lgbm_v2,7,3,relative_humidity_mean_roll12,160.3400101661682,167
lgbm_v2,7,3,national_wave_rank,3018.423131465912,167
lgbm_v2,7,3,trailing_52_cumulative_cases,1158.1660656929016,167
lgbm_v2,7,3,cases_lag1,352.7135992050171,167
lgbm_v2,7,3,cases_lag2,1257.1234827041626,167
lgbm_v2,7,3,cases_lag3,374.79371881484985,167
lgbm_v2,7,3,cases_lag4,253.65059995651245,167
lgbm_v2,7,3,cases_lag5,84.23032999038696,167
lgbm_v2,7,3,cases_lag6,158.89748907089233,167
lgbm_v2,7,3,cases_lag7,112.69951915740967,167
lgbm_v2,7,3,cases_lag8,147.8371889591217,167
lgbm_v2,7,3,cases_lag9,142.12561988830566,167
lgbm_v2,7,3,cases_lag10,127.56142902374268,167
lgbm_v2,7,3,cases_lag11,218.5555591583252,167
lgbm_v2,7,3,cases_lag12,127.05257987976074,167
lgbm_v2,7,3,cases_mean4,503.98526668548584,167
lgbm_v2,7,3,cases_mean8,534.0181946754456,167
lgbm_v2,7,3,cases_mean12,733.8788013458252,167
lgbm_v2,7,3,cases_max12,599.3146347999573,167
lgbm_v2,7,3,cases_diff1,21507.599594593048,167
lgbm_v2,7,3,cases_diff4,4434.766845464706,167
lgbm_v2,7,3,rain_roll4_lag4,372.4507112503052,167
lgbm_v2,7,3,rain_roll4_lag8,1242.7413067817688,167
lgbm_v2,7,3,humid_roll4_lag4,247.57903003692627,167
lgbm_v2,7,3,humid_roll4_lag8,2111.8954496383667,167
lgbm_v2,7,3,temp_roll4_lag4,251.72456216812134,167
lgbm_v2,7,3,temp_roll4_lag8,429.69036960601807,167
lgbm_v2,7,3,rain_roll12_lag12,625.4171314239502,167
lgbm_v2,7,3,neighbour_cases,843.025233745575,167
lgbm_v2,7,3,neighbour_diff4,873.5732045173645,167
lgbm_v2,7,3,national_cases,2123.118757724762,167
lgbm_v2,7,3,national_diff4,4616.183519124985,167
lgbm_v2,7,3,district,7764.839914798737,167
lgbm_v2,7,3,target_doy_sin,2779.494431734085,167
lgbm_v2,7,3,target_doy_cos,2823.5312960147858,167
lgbm_v2_noclimate,7,3,cases_log1p,10175.148919224739,444
lgbm_v2_noclimate,7,3,doy_sin,5783.861898005009,444
lgbm_v2_noclimate,7,3,doy_cos,3631.0671812295914,444
lgbm_v2_noclimate,7,3,weather_observed,0.0,444
lgbm_v2_noclimate,7,3,case_observed,0.0,444
lgbm_v2_noclimate,7,3,centroid_lat,923.8513026237488,444
lgbm_v2_noclimate,7,3,centroid_lon,702.1061999797821,444
lgbm_v2_noclimate,7,3,national_wave_rank,3237.698749065399,444
lgbm_v2_noclimate,7,3,trailing_52_cumulative_cases,3113.818477511406,444
lgbm_v2_noclimate,7,3,cases_lag1,1393.5916835665703,444
lgbm_v2_noclimate,7,3,cases_lag2,1876.0268568992615,444
lgbm_v2_noclimate,7,3,cases_lag3,908.3128395080566,444
lgbm_v2_noclimate,7,3,cases_lag4,750.5665205717087,444
lgbm_v2_noclimate,7,3,cases_lag5,613.4295501708984,444
lgbm_v2_noclimate,7,3,cases_lag6,686.9375796318054,444
lgbm_v2_noclimate,7,3,cases_lag7,508.03832948207855,444
lgbm_v2_noclimate,7,3,cases_lag8,631.3016768693924,444
lgbm_v2_noclimate,7,3,cases_lag9,561.1025772094727,444
lgbm_v2_noclimate,7,3,cases_lag10,545.3392404317856,444
lgbm_v2_noclimate,7,3,cases_lag11,893.7618724107742,444
lgbm_v2_noclimate,7,3,cases_lag12,805.3679000139236,444
lgbm_v2_noclimate,7,3,cases_mean4,1197.06149828434,444
lgbm_v2_noclimate,7,3,cases_mean8,1000.8953770399094,444
lgbm_v2_noclimate,7,3,cases_mean12,1410.5602741241455,444
lgbm_v2_noclimate,7,3,cases_max12,1662.661471247673,444
lgbm_v2_noclimate,7,3,cases_diff1,23287.783517837524,444
lgbm_v2_noclimate,7,3,cases_diff4,5041.838901638985,444
lgbm_v2_noclimate,7,3,neighbour_cases,2613.2784928679466,444
lgbm_v2_noclimate,7,3,neighbour_diff4,2118.2559644579887,444
lgbm_v2_noclimate,7,3,national_cases,6809.965054392815,444
lgbm_v2_noclimate,7,3,national_diff4,8229.153960108757,444
lgbm_v2_noclimate,7,3,district,10393.8502972126,444
lgbm_v2_noclimate,7,3,target_doy_sin,5484.955094873905,444
lgbm_v2_noclimate,7,3,target_doy_cos,5229.256063222885,444
lgbm_v2_climatology,7,3,cases_log1p,10483.029724001884,333
lgbm_v2_climatology,7,3,rainfall_daily_mean_mm,635.8384268283844,333
lgbm_v2_climatology,7,3,rainy_days_frac,1770.5732502937317,333
lgbm_v2_climatology,7,3,temperature_mean_c,490.70040118694305,333
lgbm_v2_climatology,7,3,diurnal_range_c,638.6154119968414,333
lgbm_v2_climatology,7,3,dewpoint_mean_c,419.8725885152817,333
lgbm_v2_climatology,7,3,relative_humidity_mean,564.7857699394226,333
lgbm_v2_climatology,7,3,wind_speed_mean,373.7485704421997,333
lgbm_v2_climatology,7,3,doy_sin,4296.312715291977,333
lgbm_v2_climatology,7,3,doy_cos,1753.0736359357834,333
lgbm_v2_climatology,7,3,weather_observed,0.0,333
lgbm_v2_climatology,7,3,case_observed,0.0,333
lgbm_v2_climatology,7,3,centroid_lat,304.87061953544617,333
lgbm_v2_climatology,7,3,centroid_lon,376.3538498878479,333
lgbm_v2_climatology,7,3,rainfall_daily_mean_mm_roll4,1456.477616906166,333
lgbm_v2_climatology,7,3,rainfall_daily_mean_mm_roll8,1006.2322939634323,333
lgbm_v2_climatology,7,3,rainfall_daily_mean_mm_roll12,414.38911259174347,333
lgbm_v2_climatology,7,3,temperature_mean_c_roll4,519.5141091346741,333
lgbm_v2_climatology,7,3,temperature_mean_c_roll8,390.5916200876236,333
lgbm_v2_climatology,7,3,temperature_mean_c_roll12,424.958078622818,333
lgbm_v2_climatology,7,3,relative_humidity_mean_roll4,477.6143596172333,333
lgbm_v2_climatology,7,3,relative_humidity_mean_roll8,400.62542843818665,333
lgbm_v2_climatology,7,3,relative_humidity_mean_roll12,270.7207000255585,333
lgbm_v2_climatology,7,3,national_wave_rank,3202.2348165512085,333
lgbm_v2_climatology,7,3,trailing_52_cumulative_cases,1900.3551007509232,333
lgbm_v2_climatology,7,3,cases_lag1,832.4529789686203,333
lgbm_v2_climatology,7,3,cases_lag2,1602.120166182518,333
lgbm_v2_climatology,7,3,cases_lag3,625.2573319673538,333
lgbm_v2_climatology,7,3,cases_lag4,523.4782582521439,333
lgbm_v2_climatology,7,3,cases_lag5,376.5877299308777,333
lgbm_v2_climatology,7,3,cases_lag6,534.8124994039536,333
lgbm_v2_climatology,7,3,cases_lag7,275.45109152793884,333
lgbm_v2_climatology,7,3,cases_lag8,338.1901476383209,333
lgbm_v2_climatology,7,3,cases_lag9,390.2927483320236,333
lgbm_v2_climatology,7,3,cases_lag10,503.95341861248016,333
lgbm_v2_climatology,7,3,cases_lag11,506.71679973602295,333
lgbm_v2_climatology,7,3,cases_lag12,378.352850317955,333
lgbm_v2_climatology,7,3,cases_mean4,893.5399663448334,333
lgbm_v2_climatology,7,3,cases_mean8,854.0485056638718,333
lgbm_v2_climatology,7,3,cases_mean12,1081.8262397050858,333
lgbm_v2_climatology,7,3,cases_max12,1206.1485228538513,333
lgbm_v2_climatology,7,3,cases_diff1,22100.267725467682,333
lgbm_v2_climatology,7,3,cases_diff4,4713.7773052453995,333
lgbm_v2_climatology,7,3,rain_roll4_lag4,435.34000873565674,333
lgbm_v2_climatology,7,3,rain_roll4_lag8,449.95225274562836,333
lgbm_v2_climatology,7,3,humid_roll4_lag4,500.22527968883514,333
lgbm_v2_climatology,7,3,humid_roll4_lag8,631.2154566049576,333
lgbm_v2_climatology,7,3,temp_roll4_lag4,516.5049803256989,333
lgbm_v2_climatology,7,3,temp_roll4_lag8,417.6030104160309,333
lgbm_v2_climatology,7,3,rain_roll12_lag12,332.87390875816345,333
lgbm_v2_climatology,7,3,neighbour_cases,1372.0012139081955,333
lgbm_v2_climatology,7,3,neighbour_diff4,1532.4971623420715,333
lgbm_v2_climatology,7,3,national_cases,4918.723885655403,333
lgbm_v2_climatology,7,3,national_diff4,6936.0933557748795,333
lgbm_v2_climatology,7,3,district,8369.070689797401,333
lgbm_v2_climatology,7,3,target_doy_sin,3890.9319684505463,333
lgbm_v2_climatology,7,3,target_doy_cos,4001.2651611566544,333
lgbm_v2,7,4,cases_log1p,13252.263438224792,117
lgbm_v2,7,4,rainfall_daily_mean_mm,99.6441593170166,117
lgbm_v2,7,4,rainy_days_frac,0.0,117
lgbm_v2,7,4,temperature_mean_c,409.8257141113281,117
lgbm_v2,7,4,diurnal_range_c,136.92085075378418,117
lgbm_v2,7,4,dewpoint_mean_c,201.42425203323364,117
lgbm_v2,7,4,relative_humidity_mean,410.61497831344604,117
lgbm_v2,7,4,wind_speed_mean,157.45622062683105,117
lgbm_v2,7,4,doy_sin,1741.3183455467224,117
lgbm_v2,7,4,doy_cos,1925.1555442810059,117
lgbm_v2,7,4,weather_observed,0.0,117
lgbm_v2,7,4,case_observed,0.0,117
lgbm_v2,7,4,centroid_lat,466.0025191307068,117
lgbm_v2,7,4,centroid_lon,195.5741491317749,117
lgbm_v2,7,4,rainfall_daily_mean_mm_roll4,3908.0732140541077,117
lgbm_v2,7,4,rainfall_daily_mean_mm_roll8,2964.8487210273743,117
lgbm_v2,7,4,rainfall_daily_mean_mm_roll12,112.51162004470825,117
lgbm_v2,7,4,temperature_mean_c_roll4,331.5838403701782,117
lgbm_v2,7,4,temperature_mean_c_roll8,271.00992822647095,117
lgbm_v2,7,4,temperature_mean_c_roll12,426.429358959198,117
lgbm_v2,7,4,relative_humidity_mean_roll4,1063.9057207107544,117
lgbm_v2,7,4,relative_humidity_mean_roll8,167.11658143997192,117
lgbm_v2,7,4,relative_humidity_mean_roll12,67.9573802947998,117
lgbm_v2,7,4,national_wave_rank,3385.1935153007507,117
lgbm_v2,7,4,trailing_52_cumulative_cases,1264.1332926750183,117
lgbm_v2,7,4,cases_lag1,196.8533124923706,117
lgbm_v2,7,4,cases_lag2,812.5165328979492,117
lgbm_v2,7,4,cases_lag3,328.1625895500183,117
lgbm_v2,7,4,cases_lag4,352.92461824417114,117
lgbm_v2,7,4,cases_lag5,205.43676233291626,117
lgbm_v2,7,4,cases_lag6,23.873009204864502,117
lgbm_v2,7,4,cases_lag7,38.61832904815674,117
lgbm_v2,7,4,cases_lag8,68.40531969070435,117
lgbm_v2,7,4,cases_lag9,103.4163408279419,117
lgbm_v2,7,4,cases_lag10,84.43991994857788,117
lgbm_v2,7,4,cases_lag11,110.50697994232178,117
lgbm_v2,7,4,cases_lag12,262.76530838012695,117
lgbm_v2,7,4,cases_mean4,620.5695328712463,117
lgbm_v2,7,4,cases_mean8,338.4860429763794,117
lgbm_v2,7,4,cases_mean12,666.8828887939453,117
lgbm_v2,7,4,cases_max12,955.767418384552,117
lgbm_v2,7,4,cases_diff1,20997.504702091217,117
lgbm_v2,7,4,cases_diff4,3592.4215593338013,117
lgbm_v2,7,4,rain_roll4_lag4,209.70148038864136,117
lgbm_v2,7,4,rain_roll4_lag8,1344.7196125984192,117
lgbm_v2,7,4,humid_roll4_lag4,171.56918001174927,117
lgbm_v2,7,4,humid_roll4_lag8,3016.572070121765,117
lgbm_v2,7,4,temp_roll4_lag4,248.69543170928955,117
lgbm_v2,7,4,temp_roll4_lag8,380.108829498291,117
lgbm_v2,7,4,rain_roll12_lag12,573.503436088562,117
lgbm_v2,7,4,neighbour_cases,881.9286723136902,117
lgbm_v2,7,4,neighbour_diff4,852.7928581237793,117
lgbm_v2,7,4,national_cases,2287.0618052482605,117
lgbm_v2,7,4,national_diff4,4348.724094867706,117
lgbm_v2,7,4,district,8331.971203327179,117
lgbm_v2,7,4,target_doy_sin,3811.3634147644043,117
lgbm_v2,7,4,target_doy_cos,2250.71728849411,117
lgbm_v2_noclimate,7,4,cases_log1p,13801.629334449768,205
lgbm_v2_noclimate,7,4,doy_sin,5464.643749237061,205
lgbm_v2_noclimate,7,4,doy_cos,4061.81552529335,205
lgbm_v2_noclimate,7,4,weather_observed,0.0,205
lgbm_v2_noclimate,7,4,case_observed,0.0,205
lgbm_v2_noclimate,7,4,centroid_lat,881.1773836612701,205
lgbm_v2_noclimate,7,4,centroid_lon,726.4518551826477,205
lgbm_v2_noclimate,7,4,national_wave_rank,3428.7099330425262,205
lgbm_v2_noclimate,7,4,trailing_52_cumulative_cases,2153.2860062122345,205
lgbm_v2_noclimate,7,4,cases_lag1,816.5833251476288,205
lgbm_v2_noclimate,7,4,cases_lag2,943.0895566940308,205
lgbm_v2_noclimate,7,4,cases_lag3,615.7410907745361,205
lgbm_v2_noclimate,7,4,cases_lag4,357.22123098373413,205
lgbm_v2_noclimate,7,4,cases_lag5,242.2763488292694,205
lgbm_v2_noclimate,7,4,cases_lag6,211.56365180015564,205
lgbm_v2_noclimate,7,4,cases_lag7,299.0624279975891,205
lgbm_v2_noclimate,7,4,cases_lag8,409.89723801612854,205
lgbm_v2_noclimate,7,4,cases_lag9,259.02152013778687,205
lgbm_v2_noclimate,7,4,cases_lag10,350.63508009910583,205
lgbm_v2_noclimate,7,4,cases_lag11,370.9776701927185,205
lgbm_v2_noclimate,7,4,cases_lag12,539.5921325683594,205
lgbm_v2_noclimate,7,4,cases_mean4,1244.130404472351,205
lgbm_v2_noclimate,7,4,cases_mean8,596.5411214828491,205
lgbm_v2_noclimate,7,4,cases_mean12,1076.63907289505,205
lgbm_v2_noclimate,7,4,cases_max12,1554.6760144233704,205
lgbm_v2_noclimate,7,4,cases_diff1,21638.424558401108,205
lgbm_v2_noclimate,7,4,cases_diff4,3428.841756105423,205
lgbm_v2_noclimate,7,4,neighbour_cases,1914.45139336586,205
lgbm_v2_noclimate,7,4,neighbour_diff4,1306.3658137321472,205
lgbm_v2_noclimate,7,4,national_cases,6573.66268157959,205
lgbm_v2_noclimate,7,4,national_diff4,7150.45921587944,205
lgbm_v2_noclimate,7,4,district,11525.608967065811,205
lgbm_v2_noclimate,7,4,target_doy_sin,6008.772445440292,205
lgbm_v2_noclimate,7,4,target_doy_cos,5298.672152757645,205
lgbm_v2_climatology,7,4,cases_log1p,13385.89940905571,152
lgbm_v2_climatology,7,4,rainfall_daily_mean_mm,1556.5362091064453,152
lgbm_v2_climatology,7,4,rainy_days_frac,2436.704613685608,152
lgbm_v2_climatology,7,4,temperature_mean_c,383.70635986328125,152
lgbm_v2_climatology,7,4,diurnal_range_c,374.77961111068726,152
lgbm_v2_climatology,7,4,dewpoint_mean_c,304.1245799064636,152
lgbm_v2_climatology,7,4,relative_humidity_mean,296.33938789367676,152
lgbm_v2_climatology,7,4,wind_speed_mean,137.90557956695557,152
lgbm_v2_climatology,7,4,doy_sin,2906.9834299087524,152
lgbm_v2_climatology,7,4,doy_cos,2082.520865917206,152
lgbm_v2_climatology,7,4,weather_observed,0.0,152
lgbm_v2_climatology,7,4,case_observed,0.0,152
lgbm_v2_climatology,7,4,centroid_lat,355.64537239074707,152
lgbm_v2_climatology,7,4,centroid_lon,252.82720851898193,152
lgbm_v2_climatology,7,4,rainfall_daily_mean_mm_roll4,1468.954162120819,152
lgbm_v2_climatology,7,4,rainfall_daily_mean_mm_roll8,853.5567264556885,152
lgbm_v2_climatology,7,4,rainfall_daily_mean_mm_roll12,310.2873020172119,152
lgbm_v2_climatology,7,4,temperature_mean_c_roll4,503.95160388946533,152
lgbm_v2_climatology,7,4,temperature_mean_c_roll8,361.18477964401245,152
lgbm_v2_climatology,7,4,temperature_mean_c_roll12,286.6050100326538,152
lgbm_v2_climatology,7,4,relative_humidity_mean_roll4,317.5385603904724,152
lgbm_v2_climatology,7,4,relative_humidity_mean_roll8,156.28820896148682,152
lgbm_v2_climatology,7,4,relative_humidity_mean_roll12,192.5952696800232,152
lgbm_v2_climatology,7,4,national_wave_rank,3821.043290615082,152
lgbm_v2_climatology,7,4,trailing_52_cumulative_cases,1390.743483543396,152
lgbm_v2_climatology,7,4,cases_lag1,360.2691159248352,152
lgbm_v2_climatology,7,4,cases_lag2,988.8385548591614,152
lgbm_v2_climatology,7,4,cases_lag3,392.996946811676,152
lgbm_v2_climatology,7,4,cases_lag4,476.6929740905762,152
lgbm_v2_climatology,7,4,cases_lag5,205.36864042282104,152
lgbm_v2_climatology,7,4,cases_lag6,97.05149984359741,152
lgbm_v2_climatology,7,4,cases_lag7,138.19662046432495,152
lgbm_v2_climatology,7,4,cases_lag8,209.42231130599976,152
lgbm_v2_climatology,7,4,cases_lag9,216.63555240631104,152
lgbm_v2_climatology,7,4,cases_lag10,125.836989402771,152
lgbm_v2_climatology,7,4,cases_lag11,230.78128147125244,152
lgbm_v2_climatology,7,4,cases_lag12,294.93115043640137,152
lgbm_v2_climatology,7,4,cases_mean4,487.7893409729004,152
lgbm_v2_climatology,7,4,cases_mean8,408.23430156707764,152
lgbm_v2_climatology,7,4,cases_mean12,789.889190196991,152
lgbm_v2_climatology,7,4,cases_max12,1018.7264790534973,152
lgbm_v2_climatology,7,4,cases_diff1,21162.510483264923,152
lgbm_v2_climatology,7,4,cases_diff4,3850.7741117477417,152
lgbm_v2_climatology,7,4,rain_roll4_lag4,451.2267484664917,152
lgbm_v2_climatology,7,4,rain_roll4_lag8,407.81735372543335,152
lgbm_v2_climatology,7,4,humid_roll4_lag4,228.21545839309692,152
lgbm_v2_climatology,7,4,humid_roll4_lag8,463.80533933639526,152
lgbm_v2_climatology,7,4,temp_roll4_lag4,540.8794417381287,152
lgbm_v2_climatology,7,4,temp_roll4_lag8,221.90467262268066,152
lgbm_v2_climatology,7,4,rain_roll12_lag12,324.64262294769287,152
lgbm_v2_climatology,7,4,neighbour_cases,994.2209515571594,152
lgbm_v2_climatology,7,4,neighbour_diff4,1082.2032527923584,152
lgbm_v2_climatology,7,4,national_cases,4087.3417739868164,152
lgbm_v2_climatology,7,4,national_diff4,5794.457324981689,152
lgbm_v2_climatology,7,4,district,8924.236664295197,152
lgbm_v2_climatology,7,4,target_doy_sin,4412.358437538147,152
lgbm_v2_climatology,7,4,target_doy_cos,3253.870927333832,152
lgbm_v2,7,6,cases_log1p,26718.345820903778,165
lgbm_v2,7,6,rainfall_daily_mean_mm,441.84134817123413,165
lgbm_v2,7,6,rainy_days_frac,407.83577728271484,165
lgbm_v2,7,6,temperature_mean_c,826.2989020347595,165
lgbm_v2,7,6,diurnal_range_c,330.2624535560608,165
lgbm_v2,7,6,dewpoint_mean_c,1107.0493335723877,165
lgbm_v2,7,6,relative_humidity_mean,602.3517723083496,165
lgbm_v2,7,6,wind_speed_mean,328.888671875,165
lgbm_v2,7,6,doy_sin,3966.8487129211426,165
lgbm_v2,7,6,doy_cos,3205.5902581214905,165
lgbm_v2,7,6,weather_observed,0.0,165
lgbm_v2,7,6,case_observed,0.0,165
lgbm_v2,7,6,centroid_lat,1016.3753304481506,165
lgbm_v2,7,6,centroid_lon,370.04927015304565,165
lgbm_v2,7,6,rainfall_daily_mean_mm_roll4,8753.832335948944,165
lgbm_v2,7,6,rainfall_daily_mean_mm_roll8,964.4450674057007,165
lgbm_v2,7,6,rainfall_daily_mean_mm_roll12,334.24228858947754,165
lgbm_v2,7,6,temperature_mean_c_roll4,696.6011700630188,165
lgbm_v2,7,6,temperature_mean_c_roll8,469.0076208114624,165
lgbm_v2,7,6,temperature_mean_c_roll12,348.04593801498413,165
lgbm_v2,7,6,relative_humidity_mean_roll4,1431.9410519599915,165
lgbm_v2,7,6,relative_humidity_mean_roll8,132.9885106086731,165
lgbm_v2,7,6,relative_humidity_mean_roll12,326.42642068862915,165
lgbm_v2,7,6,national_wave_rank,4420.4110455513,165
lgbm_v2,7,6,trailing_52_cumulative_cases,1987.7713932991028,165
lgbm_v2,7,6,cases_lag1,366.45006036758423,165
lgbm_v2,7,6,cases_lag2,363.88326120376587,165
lgbm_v2,7,6,cases_lag3,415.4067692756653,165
lgbm_v2,7,6,cases_lag4,243.845929145813,165
lgbm_v2,7,6,cases_lag5,107.72126960754395,165
lgbm_v2,7,6,cases_lag6,131.85111141204834,165
lgbm_v2,7,6,cases_lag7,205.50068140029907,165
lgbm_v2,7,6,cases_lag8,145.37973928451538,165
lgbm_v2,7,6,cases_lag9,196.6792507171631,165
lgbm_v2,7,6,cases_lag10,236.6666784286499,165
lgbm_v2,7,6,cases_lag11,172.0438094139099,165
lgbm_v2,7,6,cases_lag12,266.1374092102051,165
lgbm_v2,7,6,cases_mean4,587.9721908569336,165
lgbm_v2,7,6,cases_mean8,438.853262424469,165
lgbm_v2,7,6,cases_mean12,867.4294400215149,165
lgbm_v2,7,6,cases_max12,2153.6031923294067,165
lgbm_v2,7,6,cases_diff1,14000.81580543518,165
lgbm_v2,7,6,cases_diff4,4142.196650505066,165
lgbm_v2,7,6,rain_roll4_lag4,502.31009244918823,165
lgbm_v2,7,6,rain_roll4_lag8,3179.8291058540344,165
lgbm_v2,7,6,humid_roll4_lag4,575.8177876472473,165
lgbm_v2,7,6,humid_roll4_lag8,5893.497325897217,165
lgbm_v2,7,6,temp_roll4_lag4,634.988317489624,165
lgbm_v2,7,6,temp_roll4_lag8,607.5015802383423,165
lgbm_v2,7,6,rain_roll12_lag12,1067.7673711776733,165
lgbm_v2,7,6,neighbour_cases,1830.0013313293457,165
lgbm_v2,7,6,neighbour_diff4,253.37665796279907,165
lgbm_v2,7,6,national_cases,5737.908979415894,165
lgbm_v2,7,6,national_diff4,6223.373916149139,165
lgbm_v2,7,6,district,15875.616212368011,165
lgbm_v2,7,6,target_doy_sin,5728.216341495514,165
lgbm_v2,7,6,target_doy_cos,6109.371106147766,165
lgbm_v2_noclimate,7,6,cases_log1p,26876.791483402252,158
lgbm_v2_noclimate,7,6,doy_sin,6993.288756370544,158
lgbm_v2_noclimate,7,6,doy_cos,4753.058616161346,158
lgbm_v2_noclimate,7,6,weather_observed,0.0,158
lgbm_v2_noclimate,7,6,case_observed,0.0,158
lgbm_v2_noclimate,7,6,centroid_lat,1747.5183110237122,158
lgbm_v2_noclimate,7,6,centroid_lon,800.0323085784912,158
lgbm_v2_noclimate,7,6,national_wave_rank,3997.007520198822,158
lgbm_v2_noclimate,7,6,trailing_52_cumulative_cases,2839.2657618522644,158
lgbm_v2_noclimate,7,6,cases_lag1,521.5901188850403,158
lgbm_v2_noclimate,7,6,cases_lag2,252.00755071640015,158
lgbm_v2_noclimate,7,6,cases_lag3,389.8600697517395,158
lgbm_v2_noclimate,7,6,cases_lag4,266.7230191230774,158
lgbm_v2_noclimate,7,6,cases_lag5,126.45224952697754,158
lgbm_v2_noclimate,7,6,cases_lag6,236.3316307067871,158
lgbm_v2_noclimate,7,6,cases_lag7,301.2972502708435,158
lgbm_v2_noclimate,7,6,cases_lag8,234.37055015563965,158
lgbm_v2_noclimate,7,6,cases_lag9,351.71526050567627,158
lgbm_v2_noclimate,7,6,cases_lag10,562.3937015533447,158
lgbm_v2_noclimate,7,6,cases_lag11,267.6774296760559,158
lgbm_v2_noclimate,7,6,cases_lag12,446.371458530426,158
lgbm_v2_noclimate,7,6,cases_mean4,833.6597671508789,158
lgbm_v2_noclimate,7,6,cases_mean8,661.7126321792603,158
lgbm_v2_noclimate,7,6,cases_mean12,848.3828840255737,158
lgbm_v2_noclimate,7,6,cases_max12,2457.349395275116,158
lgbm_v2_noclimate,7,6,cases_diff1,13748.773468017578,158
lgbm_v2_noclimate,7,6,cases_diff4,3954.1787247657776,158
lgbm_v2_noclimate,7,6,neighbour_cases,2418.8904490470886,158
lgbm_v2_noclimate,7,6,neighbour_diff4,584.3115572929382,158
lgbm_v2_noclimate,7,6,national_cases,9381.190642356873,158
lgbm_v2_noclimate,7,6,national_diff4,8647.501629829407,158
lgbm_v2_noclimate,7,6,district,16989.46582174301,158
lgbm_v2_noclimate,7,6,target_doy_sin,10102.393970489502,158
lgbm_v2_noclimate,7,6,target_doy_cos,8703.981401920319,158
lgbm_v2_climatology,7,6,cases_log1p,27261.111088752747,165
lgbm_v2_climatology,7,6,rainfall_daily_mean_mm,1167.3118782043457,165
lgbm_v2_climatology,7,6,rainy_days_frac,4079.9530386924744,165
lgbm_v2_climatology,7,6,temperature_mean_c,1032.8693852424622,165
lgbm_v2_climatology,7,6,diurnal_range_c,339.37211084365845,165
lgbm_v2_climatology,7,6,dewpoint_mean_c,333.70587062835693,165
lgbm_v2_climatology,7,6,relative_humidity_mean,506.8880753517151,165
lgbm_v2_climatology,7,6,wind_speed_mean,264.8652710914612,165
lgbm_v2_climatology,7,6,doy_sin,5535.555773735046,165
lgbm_v2_climatology,7,6,doy_cos,3221.360641479492,165
lgbm_v2_climatology,7,6,weather_observed,0.0,165
lgbm_v2_climatology,7,6,case_observed,0.0,165
lgbm_v2_climatology,7,6,centroid_lat,562.3275752067566,165
lgbm_v2_climatology,7,6,centroid_lon,643.0184960365295,165
lgbm_v2_climatology,7,6,rainfall_daily_mean_mm_roll4,2067.5609464645386,165
lgbm_v2_climatology,7,6,rainfall_daily_mean_mm_roll8,993.1397151947021,165
lgbm_v2_climatology,7,6,rainfall_daily_mean_mm_roll12,397.9012575149536,165
lgbm_v2_climatology,7,6,temperature_mean_c_roll4,687.7594819068909,165
lgbm_v2_climatology,7,6,temperature_mean_c_roll8,496.7955813407898,165
lgbm_v2_climatology,7,6,temperature_mean_c_roll12,262.1465401649475,165
lgbm_v2_climatology,7,6,relative_humidity_mean_roll4,130.61368799209595,165
lgbm_v2_climatology,7,6,relative_humidity_mean_roll8,163.32853317260742,165
lgbm_v2_climatology,7,6,relative_humidity_mean_roll12,228.10688734054565,165
lgbm_v2_climatology,7,6,national_wave_rank,4384.555384159088,165
lgbm_v2_climatology,7,6,trailing_52_cumulative_cases,2399.2003507614136,165
lgbm_v2_climatology,7,6,cases_lag1,393.379629611969,165
lgbm_v2_climatology,7,6,cases_lag2,426.19207763671875,165
lgbm_v2_climatology,7,6,cases_lag3,418.0360589027405,165
lgbm_v2_climatology,7,6,cases_lag4,379.5340304374695,165
lgbm_v2_climatology,7,6,cases_lag5,112.97557830810547,165
lgbm_v2_climatology,7,6,cases_lag6,222.7447624206543,165
lgbm_v2_climatology,7,6,cases_lag7,228.72160816192627,165
lgbm_v2_climatology,7,6,cases_lag8,263.9079098701477,165
lgbm_v2_climatology,7,6,cases_lag9,352.50049114227295,165
lgbm_v2_climatology,7,6,cases_lag10,420.8169512748718,165
lgbm_v2_climatology,7,6,cases_lag11,420.2019600868225,165
lgbm_v2_climatology,7,6,cases_lag12,443.69948387145996,165
lgbm_v2_climatology,7,6,cases_mean4,797.1641025543213,165
lgbm_v2_climatology,7,6,cases_mean8,645.1783623695374,165
lgbm_v2_climatology,7,6,cases_mean12,894.4142506122589,165
lgbm_v2_climatology,7,6,cases_max12,2353.9050946235657,165
lgbm_v2_climatology,7,6,cases_diff1,13425.176432609558,165
lgbm_v2_climatology,7,6,cases_diff4,4121.034346580505,165
lgbm_v2_climatology,7,6,rain_roll4_lag4,370.6024098396301,165
lgbm_v2_climatology,7,6,rain_roll4_lag8,524.7018547058105,165
lgbm_v2_climatology,7,6,humid_roll4_lag4,270.2474603652954,165
lgbm_v2_climatology,7,6,humid_roll4_lag8,770.1176514625549,165
lgbm_v2_climatology,7,6,temp_roll4_lag4,635.1747145652771,165
lgbm_v2_climatology,7,6,temp_roll4_lag8,451.8665771484375,165
lgbm_v2_climatology,7,6,rain_roll12_lag12,257.91378831863403,165
lgbm_v2_climatology,7,6,neighbour_cases,1877.0484108924866,165
lgbm_v2_climatology,7,6,neighbour_diff4,414.49857091903687,165
lgbm_v2_climatology,7,6,national_cases,8019.251828193665,165
lgbm_v2_climatology,7,6,national_diff4,8713.129865646362,165
lgbm_v2_climatology,7,6,district,14656.1946144104,165
lgbm_v2_climatology,7,6,target_doy_sin,7428.146873950958,165
lgbm_v2_climatology,7,6,target_doy_cos,6163.232339382172,165
lgbm_v2,7,8,cases_log1p,37836.81784248352,204
lgbm_v2,7,8,rainfall_daily_mean_mm,1525.584255695343,204
lgbm_v2,7,8,rainy_days_frac,1473.7374029159546,204
lgbm_v2,7,8,temperature_mean_c,1174.1906199455261,204
lgbm_v2,7,8,diurnal_range_c,274.51968002319336,204
lgbm_v2,7,8,dewpoint_mean_c,928.6373424530029,204
lgbm_v2,7,8,relative_humidity_mean,856.6216173171997,204
lgbm_v2,7,8,wind_speed_mean,778.3963603973389,204
lgbm_v2,7,8,doy_sin,5533.350958347321,204
lgbm_v2,7,8,doy_cos,5594.143894672394,204
lgbm_v2,7,8,weather_observed,0.0,204
lgbm_v2,7,8,case_observed,0.0,204
lgbm_v2,7,8,centroid_lat,1649.476155757904,204
lgbm_v2,7,8,centroid_lon,835.9335808753967,204
lgbm_v2,7,8,rainfall_daily_mean_mm_roll4,7334.283603191376,204
lgbm_v2,7,8,rainfall_daily_mean_mm_roll8,533.0900087356567,204
lgbm_v2,7,8,rainfall_daily_mean_mm_roll12,718.8846807479858,204
lgbm_v2,7,8,temperature_mean_c_roll4,852.4205675125122,204
lgbm_v2,7,8,temperature_mean_c_roll8,588.9015321731567,204
lgbm_v2,7,8,temperature_mean_c_roll12,515.0789213180542,204
lgbm_v2,7,8,relative_humidity_mean_roll4,650.2660918235779,204
lgbm_v2,7,8,relative_humidity_mean_roll8,289.22246170043945,204
lgbm_v2,7,8,relative_humidity_mean_roll12,1031.7101602554321,204
lgbm_v2,7,8,national_wave_rank,5552.921594142914,204
lgbm_v2,7,8,trailing_52_cumulative_cases,3365.536735534668,204
lgbm_v2,7,8,cases_lag1,340.4214825630188,204
lgbm_v2,7,8,cases_lag2,346.8819274902344,204
lgbm_v2,7,8,cases_lag3,156.0086007118225,204
lgbm_v2,7,8,cases_lag4,362.1195888519287,204
lgbm_v2,7,8,cases_lag5,64.35837078094482,204
lgbm_v2,7,8,cases_lag6,237.47890853881836,204
lgbm_v2,7,8,cases_lag7,333.10405254364014,204
lgbm_v2,7,8,cases_lag8,557.7814717292786,204
lgbm_v2,7,8,cases_lag9,233.99082326889038,204
lgbm_v2,7,8,cases_lag10,455.5423936843872,204
lgbm_v2,7,8,cases_lag11,450.54550075531006,204
lgbm_v2,7,8,cases_lag12,597.0743179321289,204
lgbm_v2,7,8,cases_mean4,717.4298310279846,204
lgbm_v2,7,8,cases_mean8,891.3210353851318,204
lgbm_v2,7,8,cases_mean12,1316.5289545059204,204
lgbm_v2,7,8,cases_max12,3809.9958157539368,204
lgbm_v2,7,8,cases_diff1,13026.772520542145,204
lgbm_v2,7,8,cases_diff4,5061.097228050232,204
lgbm_v2,7,8,rain_roll4_lag4,1080.006115436554,204
lgbm_v2,7,8,rain_roll4_lag8,5553.879971504211,204
lgbm_v2,7,8,humid_roll4_lag4,1304.2199625968933,204
lgbm_v2,7,8,humid_roll4_lag8,6653.082919120789,204
lgbm_v2,7,8,temp_roll4_lag4,1326.2176461219788,204
lgbm_v2,7,8,temp_roll4_lag8,1095.6899285316467,204
lgbm_v2,7,8,rain_roll12_lag12,2021.8159656524658,204
lgbm_v2,7,8,neighbour_cases,2048.873056411743,204
lgbm_v2,7,8,neighbour_diff4,330.7637906074524,204
lgbm_v2,7,8,national_cases,9964.731999874115,204
lgbm_v2,7,8,national_diff4,5620.978219985962,204
lgbm_v2,7,8,district,23722.276020526886,204
lgbm_v2,7,8,target_doy_sin,12084.906877994537,204
lgbm_v2,7,8,target_doy_cos,8226.170732975006,204
lgbm_v2_noclimate,7,8,cases_log1p,36399.32275056839,172
lgbm_v2_noclimate,7,8,doy_sin,9068.162720680237,172
lgbm_v2_noclimate,7,8,doy_cos,6725.629881858826,172
lgbm_v2_noclimate,7,8,weather_observed,0.0,172
lgbm_v2_noclimate,7,8,case_observed,0.0,172
lgbm_v2_noclimate,7,8,centroid_lat,2421.0328483581543,172
lgbm_v2_noclimate,7,8,centroid_lon,1448.417588710785,172
lgbm_v2_noclimate,7,8,national_wave_rank,5224.214624404907,172
lgbm_v2_noclimate,7,8,trailing_52_cumulative_cases,4594.221880912781,172
lgbm_v2_noclimate,7,8,cases_lag1,541.0642428398132,172
lgbm_v2_noclimate,7,8,cases_lag2,398.91425943374634,172
lgbm_v2_noclimate,7,8,cases_lag3,108.79941034317017,172
lgbm_v2_noclimate,7,8,cases_lag4,351.50224018096924,172
lgbm_v2_noclimate,7,8,cases_lag5,110.679452419281,172
lgbm_v2_noclimate,7,8,cases_lag6,219.70401239395142,172
lgbm_v2_noclimate,7,8,cases_lag7,254.5140519142151,172
lgbm_v2_noclimate,7,8,cases_lag8,729.5368642807007,172
lgbm_v2_noclimate,7,8,cases_lag9,342.0324296951294,172
lgbm_v2_noclimate,7,8,cases_lag10,494.8763189315796,172
lgbm_v2_noclimate,7,8,cases_lag11,607.4558320045471,172
lgbm_v2_noclimate,7,8,cases_lag12,740.3487215042114,172
lgbm_v2_noclimate,7,8,cases_mean4,1061.2931189537048,172
lgbm_v2_noclimate,7,8,cases_mean8,758.6245894432068,172
lgbm_v2_noclimate,7,8,cases_mean12,1306.3429985046387,172
lgbm_v2_noclimate,7,8,cases_max12,4597.246840000153,172
lgbm_v2_noclimate,7,8,cases_diff1,13923.409725666046,172
lgbm_v2_noclimate,7,8,cases_diff4,4429.001881122589,172
lgbm_v2_noclimate,7,8,neighbour_cases,2097.421877861023,172
lgbm_v2_noclimate,7,8,neighbour_diff4,604.3941297531128,172
lgbm_v2_noclimate,7,8,national_cases,14817.865121364594,172
lgbm_v2_noclimate,7,8,national_diff4,8038.473104953766,172
lgbm_v2_noclimate,7,8,district,24161.3925242424,172
lgbm_v2_noclimate,7,8,target_doy_sin,16766.961635112762,172
lgbm_v2_noclimate,7,8,target_doy_cos,11306.242463111877,172
lgbm_v2_climatology,7,8,cases_log1p,37582.77039575577,162
lgbm_v2_climatology,7,8,rainfall_daily_mean_mm,1323.2198486328125,162
lgbm_v2_climatology,7,8,rainy_days_frac,8710.882401943207,162
lgbm_v2_climatology,7,8,temperature_mean_c,1717.5180039405823,162
lgbm_v2_climatology,7,8,diurnal_range_c,371.958589553833,162
lgbm_v2_climatology,7,8,dewpoint_mean_c,556.2166090011597,162
lgbm_v2_climatology,7,8,relative_humidity_mean,544.7061376571655,162
lgbm_v2_climatology,7,8,wind_speed_mean,184.82449054718018,162
lgbm_v2_climatology,7,8,doy_sin,7603.54496383667,162
lgbm_v2_climatology,7,8,doy_cos,6500.743564605713,162
lgbm_v2_climatology,7,8,weather_observed,0.0,162
lgbm_v2_climatology,7,8,case_observed,0.0,162
lgbm_v2_climatology,7,8,centroid_lat,950.0385403633118,162
lgbm_v2_climatology,7,8,centroid_lon,763.5208292007446,162
lgbm_v2_climatology,7,8,rainfall_daily_mean_mm_roll4,1301.082998752594,162
lgbm_v2_climatology,7,8,rainfall_daily_mean_mm_roll8,357.43657207489014,162
lgbm_v2_climatology,7,8,rainfall_daily_mean_mm_roll12,119.61424970626831,162
lgbm_v2_climatology,7,8,temperature_mean_c_roll4,978.5044364929199,162
lgbm_v2_climatology,7,8,temperature_mean_c_roll8,169.5168800354004,162
lgbm_v2_climatology,7,8,temperature_mean_c_roll12,211.97673511505127,162
lgbm_v2_climatology,7,8,relative_humidity_mean_roll4,249.28319787979126,162
lgbm_v2_climatology,7,8,relative_humidity_mean_roll8,94.05484819412231,162
lgbm_v2_climatology,7,8,relative_humidity_mean_roll12,194.4767303466797,162
lgbm_v2_climatology,7,8,national_wave_rank,5204.302298545837,162
lgbm_v2_climatology,7,8,trailing_52_cumulative_cases,3577.3863973617554,162
lgbm_v2_climatology,7,8,cases_lag1,375.0604166984558,162
lgbm_v2_climatology,7,8,cases_lag2,350.54725074768066,162
lgbm_v2_climatology,7,8,cases_lag3,261.2154788970947,162
lgbm_v2_climatology,7,8,cases_lag4,397.23005056381226,162
lgbm_v2_climatology,7,8,cases_lag5,99.09048175811768,162
lgbm_v2_climatology,7,8,cases_lag6,142.94633054733276,162
lgbm_v2_climatology,7,8,cases_lag7,298.12858867645264,162
lgbm_v2_climatology,7,8,cases_lag8,539.7890329360962,162
lgbm_v2_climatology,7,8,cases_lag9,165.62550830841064,162
lgbm_v2_climatology,7,8,cases_lag10,439.49167108535767,162
lgbm_v2_climatology,7,8,cases_lag11,373.0995206832886,162
lgbm_v2_climatology,7,8,cases_lag12,640.8386826515198,162
lgbm_v2_climatology,7,8,cases_mean4,566.8149681091309,162
lgbm_v2_climatology,7,8,cases_mean8,926.9326133728027,162
lgbm_v2_climatology,7,8,cases_mean12,1034.649465560913,162
lgbm_v2_climatology,7,8,cases_max12,4071.731180667877,162
lgbm_v2_climatology,7,8,cases_diff1,12628.169649124146,162
lgbm_v2_climatology,7,8,cases_diff4,4591.1146330833435,162
lgbm_v2_climatology,7,8,rain_roll4_lag4,219.56848764419556,162
lgbm_v2_climatology,7,8,rain_roll4_lag8,593.7179126739502,162
lgbm_v2_climatology,7,8,humid_roll4_lag4,402.42744064331055,162
lgbm_v2_climatology,7,8,humid_roll4_lag8,1001.3904104232788,162
lgbm_v2_climatology,7,8,temp_roll4_lag4,605.1429629325867,162
lgbm_v2_climatology,7,8,temp_roll4_lag8,737.0574932098389,162
lgbm_v2_climatology,7,8,rain_roll12_lag12,444.80526065826416,162
lgbm_v2_climatology,7,8,neighbour_cases,1572.368772983551,162
lgbm_v2_climatology,7,8,neighbour_diff4,429.839150428772,162
lgbm_v2_climatology,7,8,national_cases,13016.764549255371,162
lgbm_v2_climatology,7,8,national_diff4,7541.095695018768,162
lgbm_v2_climatology,7,8,district,20367.5324010849,162
lgbm_v2_climatology,7,8,target_doy_sin,12591.412727832794,162
lgbm_v2_climatology,7,8,target_doy_cos,6851.0509305000305,162
lgbm_v2,7,10,cases_log1p,49818.29307985306,211
lgbm_v2,7,10,rainfall_daily_mean_mm,1331.452977180481,211
lgbm_v2,7,10,rainy_days_frac,728.9409008026123,211
lgbm_v2,7,10,temperature_mean_c,1653.3943815231323,211
lgbm_v2,7,10,diurnal_range_c,287.4530415534973,211
lgbm_v2,7,10,dewpoint_mean_c,1026.4041051864624,211
lgbm_v2,7,10,relative_humidity_mean,946.5206122398376,211
lgbm_v2,7,10,wind_speed_mean,1362.558678150177,211
lgbm_v2,7,10,doy_sin,6797.063397884369,211
lgbm_v2,7,10,doy_cos,6487.931809425354,211
lgbm_v2,7,10,weather_observed,0.0,211
lgbm_v2,7,10,case_observed,0.0,211
lgbm_v2,7,10,centroid_lat,2548.1028003692627,211
lgbm_v2,7,10,centroid_lon,1137.141722202301,211
lgbm_v2,7,10,rainfall_daily_mean_mm_roll4,3395.6389741897583,211
lgbm_v2,7,10,rainfall_daily_mean_mm_roll8,781.4966616630554,211
lgbm_v2,7,10,rainfall_daily_mean_mm_roll12,945.7024493217468,211
lgbm_v2,7,10,temperature_mean_c_roll4,1108.3329343795776,211
lgbm_v2,7,10,temperature_mean_c_roll8,661.2516350746155,211
lgbm_v2,7,10,temperature_mean_c_roll12,390.5773010253906,211
lgbm_v2,7,10,relative_humidity_mean_roll4,613.0866189002991,211
lgbm_v2,7,10,relative_humidity_mean_roll8,630.8582520484924,211
lgbm_v2,7,10,relative_humidity_mean_roll12,1553.4949111938477,211
lgbm_v2,7,10,national_wave_rank,6618.709894657135,211
lgbm_v2,7,10,trailing_52_cumulative_cases,5545.625069618225,211
lgbm_v2,7,10,cases_lag1,235.95872735977173,211
lgbm_v2,7,10,cases_lag2,752.7274107933044,211
lgbm_v2,7,10,cases_lag3,119.04727935791016,211
lgbm_v2,7,10,cases_lag4,292.628098487854,211
lgbm_v2,7,10,cases_lag5,288.70963191986084,211
lgbm_v2,7,10,cases_lag6,158.70918655395508,211
lgbm_v2,7,10,cases_lag7,149.04439735412598,211
lgbm_v2,7,10,cases_lag8,146.81930875778198,211
lgbm_v2,7,10,cases_lag9,294.4646301269531,211
lgbm_v2,7,10,cases_lag10,320.10203742980957,211
lgbm_v2,7,10,cases_lag11,447.75224924087524,211
lgbm_v2,7,10,cases_lag12,717.8774728775024,211
lgbm_v2,7,10,cases_mean4,990.5409188270569,211
lgbm_v2,7,10,cases_mean8,1006.9403657913208,211
lgbm_v2,7,10,cases_mean12,2735.9188146591187,211
lgbm_v2,7,10,cases_max12,3597.4220180511475,211
lgbm_v2,7,10,cases_diff1,10795.136884689331,211
lgbm_v2,7,10,cases_diff4,4236.484596729279,211
lgbm_v2,7,10,rain_roll4_lag4,1691.2925901412964,211
lgbm_v2,7,10,rain_roll4_lag8,5854.427001953125,211
lgbm_v2,7,10,humid_roll4_lag4,3007.961762905121,211
lgbm_v2,7,10,humid_roll4_lag8,6288.1844754219055,211
lgbm_v2,7,10,temp_roll4_lag4,1136.817066669464,211
lgbm_v2,7,10,temp_roll4_lag8,2514.673399925232,211
lgbm_v2,7,10,rain_roll12_lag12,2350.2119994163513,211
lgbm_v2,7,10,neighbour_cases,2350.4331946372986,211
lgbm_v2,7,10,neighbour_diff4,604.5260004997253,211
lgbm_v2,7,10,national_cases,15942.206973075867,211
lgbm_v2,7,10,national_diff4,5902.274488925934,211
lgbm_v2,7,10,district,30276.628092765808,211
lgbm_v2,7,10,target_doy_sin,18056.06641101837,211
lgbm_v2,7,10,target_doy_cos,9096.295754432678,211
lgbm_v2_noclimate,7,10,cases_log1p,49389.439853191376,159
lgbm_v2_noclimate,7,10,doy_sin,10811.104525566101,159
lgbm_v2_noclimate,7,10,doy_cos,5912.051696777344,159
lgbm_v2_noclimate,7,10,weather_observed,0.0,159
lgbm_v2_noclimate,7,10,case_observed,0.0,159
lgbm_v2_noclimate,7,10,centroid_lat,3104.28715467453,159
lgbm_v2_noclimate,7,10,centroid_lon,1483.731671333313,159
lgbm_v2_noclimate,7,10,national_wave_rank,5945.777955055237,159
lgbm_v2_noclimate,7,10,trailing_52_cumulative_cases,5937.273459911346,159
lgbm_v2_noclimate,7,10,cases_lag1,370.877001285553,159
lgbm_v2_noclimate,7,10,cases_lag2,447.05351543426514,159
lgbm_v2_noclimate,7,10,cases_lag3,194.64602756500244,159
lgbm_v2_noclimate,7,10,cases_lag4,211.69885730743408,159
lgbm_v2_noclimate,7,10,cases_lag5,290.7558398246765,159
lgbm_v2_noclimate,7,10,cases_lag6,276.82706928253174,159
lgbm_v2_noclimate,7,10,cases_lag7,205.7520513534546,159
lgbm_v2_noclimate,7,10,cases_lag8,618.1551485061646,159
lgbm_v2_noclimate,7,10,cases_lag9,343.13965940475464,159
lgbm_v2_noclimate,7,10,cases_lag10,761.0682187080383,159
lgbm_v2_noclimate,7,10,cases_lag11,388.5170350074768,159
lgbm_v2_noclimate,7,10,cases_lag12,905.2357559204102,159
lgbm_v2_noclimate,7,10,cases_mean4,1132.1660141944885,159
lgbm_v2_noclimate,7,10,cases_mean8,925.6492357254028,159
lgbm_v2_noclimate,7,10,cases_mean12,2738.095389842987,159
lgbm_v2_noclimate,7,10,cases_max12,4733.656597137451,159
lgbm_v2_noclimate,7,10,cases_diff1,12057.680634498596,159
lgbm_v2_noclimate,7,10,cases_diff4,2925.280387401581,159
lgbm_v2_noclimate,7,10,neighbour_cases,2420.2078428268433,159
lgbm_v2_noclimate,7,10,neighbour_diff4,668.5726699829102,159
lgbm_v2_noclimate,7,10,national_cases,17947.893787384033,159
lgbm_v2_noclimate,7,10,national_diff4,8033.406835079193,159
lgbm_v2_noclimate,7,10,district,29149.856610774994,159
lgbm_v2_noclimate,7,10,target_doy_sin,20629.005434513092,159
lgbm_v2_noclimate,7,10,target_doy_cos,13813.646630764008,159
lgbm_v2_climatology,7,10,cases_log1p,49623.22860097885,156
lgbm_v2_climatology,7,10,rainfall_daily_mean_mm,1182.365638256073,156
lgbm_v2_climatology,7,10,rainy_days_frac,7226.038025856018,156
lgbm_v2_climatology,7,10,temperature_mean_c,2228.556818008423,156
lgbm_v2_climatology,7,10,diurnal_range_c,482.22491693496704,156
lgbm_v2_climatology,7,10,dewpoint_mean_c,439.164719581604,156
lgbm_v2_climatology,7,10,relative_humidity_mean,502.17479181289673,156
lgbm_v2_climatology,7,10,wind_speed_mean,242.9100866317749,156
lgbm_v2_climatology,7,10,doy_sin,7676.4476890563965,156
lgbm_v2_climatology,7,10,doy_cos,6954.6229820251465,156
lgbm_v2_climatology,7,10,weather_observed,0.0,156
lgbm_v2_climatology,7,10,case_observed,0.0,156
lgbm_v2_climatology,7,10,centroid_lat,1382.0369424819946,156
lgbm_v2_climatology,7,10,centroid_lon,1029.3841280937195,156
lgbm_v2_climatology,7,10,rainfall_daily_mean_mm_roll4,1044.6124439239502,156
lgbm_v2_climatology,7,10,rainfall_daily_mean_mm_roll8,388.1482124328613,156
lgbm_v2_climatology,7,10,rainfall_daily_mean_mm_roll12,127.53239917755127,156
lgbm_v2_climatology,7,10,temperature_mean_c_roll4,869.9712219238281,156
lgbm_v2_climatology,7,10,temperature_mean_c_roll8,502.9632911682129,156
lgbm_v2_climatology,7,10,temperature_mean_c_roll12,307.6091585159302,156
lgbm_v2_climatology,7,10,relative_humidity_mean_roll4,331.6400909423828,156
lgbm_v2_climatology,7,10,relative_humidity_mean_roll8,185.2127013206482,156
lgbm_v2_climatology,7,10,relative_humidity_mean_roll12,349.4924216270447,156
lgbm_v2_climatology,7,10,national_wave_rank,5787.446860790253,156
lgbm_v2_climatology,7,10,trailing_52_cumulative_cases,5435.202003479004,156
lgbm_v2_climatology,7,10,cases_lag1,489.7981424331665,156
lgbm_v2_climatology,7,10,cases_lag2,643.4471893310547,156
lgbm_v2_climatology,7,10,cases_lag3,317.48456382751465,156
lgbm_v2_climatology,7,10,cases_lag4,250.9550199508667,156
lgbm_v2_climatology,7,10,cases_lag5,81.0226697921753,156
lgbm_v2_climatology,7,10,cases_lag6,98.6886191368103,156
lgbm_v2_climatology,7,10,cases_lag7,151.6270399093628,156
lgbm_v2_climatology,7,10,cases_lag8,215.20662260055542,156
lgbm_v2_climatology,7,10,cases_lag9,233.76667976379395,156
lgbm_v2_climatology,7,10,cases_lag10,342.9930396080017,156
lgbm_v2_climatology,7,10,cases_lag11,458.6339340209961,156
lgbm_v2_climatology,7,10,cases_lag12,764.8116459846497,156
lgbm_v2_climatology,7,10,cases_mean4,716.0797095298767,156
lgbm_v2_climatology,7,10,cases_mean8,1161.8830819129944,156
lgbm_v2_climatology,7,10,cases_mean12,2858.1549954414368,156
lgbm_v2_climatology,7,10,cases_max12,4267.222566127777,156
lgbm_v2_climatology,7,10,cases_diff1,10048.676966667175,156
lgbm_v2_climatology,7,10,cases_diff4,4119.432085990906,156
lgbm_v2_climatology,7,10,rain_roll4_lag4,339.4710750579834,156
lgbm_v2_climatology,7,10,rain_roll4_lag8,477.88803005218506,156
lgbm_v2_climatology,7,10,humid_roll4_lag4,630.4514980316162,156
lgbm_v2_climatology,7,10,humid_roll4_lag8,548.4436225891113,156
lgbm_v2_climatology,7,10,temp_roll4_lag4,345.55631923675537,156
lgbm_v2_climatology,7,10,temp_roll4_lag8,1191.8388600349426,156
lgbm_v2_climatology,7,10,rain_roll12_lag12,479.51236724853516,156
lgbm_v2_climatology,7,10,neighbour_cases,1821.035749912262,156
lgbm_v2_climatology,7,10,neighbour_diff4,531.7152700424194,156
lgbm_v2_climatology,7,10,national_cases,16084.832677841187,156
lgbm_v2_climatology,7,10,national_diff4,7720.048572063446,156
lgbm_v2_climatology,7,10,district,25842.96421957016,156
lgbm_v2_climatology,7,10,target_doy_sin,20639.28312921524,156
lgbm_v2_climatology,7,10,target_doy_cos,7478.761620044708,156
lgbm_v2,7,12,cases_log1p,59475.8667216301,344
lgbm_v2,7,12,rainfall_daily_mean_mm,1278.7415812015533,344
lgbm_v2,7,12,rainy_days_frac,447.79929208755493,344
lgbm_v2,7,12,temperature_mean_c,1699.1144711971283,344
lgbm_v2,7,12,diurnal_range_c,795.144722700119,344
lgbm_v2,7,12,dewpoint_mean_c,1394.832902431488,344
lgbm_v2,7,12,relative_humidity_mean,740.0634293556213,344
lgbm_v2,7,12,wind_speed_mean,2024.4004034996033,344
lgbm_v2,7,12,doy_sin,6968.344405889511,344
lgbm_v2,7,12,doy_cos,8219.048817873001,344
lgbm_v2,7,12,weather_observed,0.0,344
lgbm_v2,7,12,case_observed,0.0,344
lgbm_v2,7,12,centroid_lat,3923.245370388031,344
lgbm_v2,7,12,centroid_lon,2190.869436979294,344
lgbm_v2,7,12,rainfall_daily_mean_mm_roll4,2450.025055885315,344
lgbm_v2,7,12,rainfall_daily_mean_mm_roll8,1051.800169467926,344
lgbm_v2,7,12,rainfall_daily_mean_mm_roll12,2501.7445793151855,344
lgbm_v2,7,12,temperature_mean_c_roll4,1672.2473287582397,344
lgbm_v2,7,12,temperature_mean_c_roll8,669.8828780651093,344
lgbm_v2,7,12,temperature_mean_c_roll12,1069.7677431106567,344
lgbm_v2,7,12,relative_humidity_mean_roll4,775.52361536026,344
lgbm_v2,7,12,relative_humidity_mean_roll8,1732.9785249233246,344
lgbm_v2,7,12,relative_humidity_mean_roll12,2358.5432007312775,344
lgbm_v2,7,12,national_wave_rank,7078.863049507141,344
lgbm_v2,7,12,trailing_52_cumulative_cases,8774.98385810852,344
lgbm_v2,7,12,cases_lag1,586.6192729473114,344
lgbm_v2,7,12,cases_lag2,368.7528998851776,344
lgbm_v2,7,12,cases_lag3,557.4657855033875,344
lgbm_v2,7,12,cases_lag4,313.37138843536377,344
lgbm_v2,7,12,cases_lag5,400.07771253585815,344
lgbm_v2,7,12,cases_lag6,329.1459393501282,344
lgbm_v2,7,12,cases_lag7,366.9826834201813,344
lgbm_v2,7,12,cases_lag8,490.8209116458893,344
lgbm_v2,7,12,cases_lag9,516.89124751091,344
lgbm_v2,7,12,cases_lag10,592.6100962162018,344
lgbm_v2,7,12,cases_lag11,971.0007781982422,344
lgbm_v2,7,12,cases_lag12,1124.6303083896637,344
lgbm_v2,7,12,cases_mean4,1316.7850914001465,344
lgbm_v2,7,12,cases_mean8,1712.6581580638885,344
lgbm_v2,7,12,cases_mean12,2307.5200119018555,344
lgbm_v2,7,12,cases_max12,5840.5330901145935,344
lgbm_v2,7,12,cases_diff1,9915.109741687775,344
lgbm_v2,7,12,cases_diff4,5144.459977388382,344
lgbm_v2,7,12,rain_roll4_lag4,3042.1132028102875,344
lgbm_v2,7,12,rain_roll4_lag8,8565.3987159729,344
lgbm_v2,7,12,humid_roll4_lag4,4040.321033716202,344
lgbm_v2,7,12,humid_roll4_lag8,6542.65708398819,344
lgbm_v2,7,12,temp_roll4_lag4,1248.4287133216858,344
lgbm_v2,7,12,temp_roll4_lag8,4171.764396190643,344
lgbm_v2,7,12,rain_roll12_lag12,4051.756616592407,344
lgbm_v2,7,12,neighbour_cases,2145.470423936844,344
lgbm_v2,7,12,neighbour_diff4,496.63784313201904,344
lgbm_v2,7,12,national_cases,24136.039831876755,344
lgbm_v2,7,12,national_diff4,7741.087461709976,344
lgbm_v2,7,12,district,38428.60938668251,344
lgbm_v2,7,12,target_doy_sin,21047.292167901993,344
lgbm_v2,7,12,target_doy_cos,9320.931479930878,344
lgbm_v2_noclimate,7,12,cases_log1p,57565.315193891525,341
lgbm_v2_noclimate,7,12,doy_sin,11556.23515677452,341
lgbm_v2_noclimate,7,12,doy_cos,10114.77234506607,341
lgbm_v2_noclimate,7,12,weather_observed,0.0,341
lgbm_v2_noclimate,7,12,case_observed,0.0,341
lgbm_v2_noclimate,7,12,centroid_lat,4552.056433439255,341
lgbm_v2_noclimate,7,12,centroid_lon,2407.5200242996216,341
lgbm_v2_noclimate,7,12,national_wave_rank,7555.136827945709,341
lgbm_v2_noclimate,7,12,trailing_52_cumulative_cases,12962.942335605621,341
lgbm_v2_noclimate,7,12,cases_lag1,734.2586650848389,341
lgbm_v2_noclimate,7,12,cases_lag2,602.0045902729034,341
lgbm_v2_noclimate,7,12,cases_lag3,793.8144581317902,341
lgbm_v2_noclimate,7,12,cases_lag4,349.2856376171112,341
lgbm_v2_noclimate,7,12,cases_lag5,373.95859241485596,341
lgbm_v2_noclimate,7,12,cases_lag6,402.19222044944763,341
lgbm_v2_noclimate,7,12,cases_lag7,416.09003019332886,341
lgbm_v2_noclimate,7,12,cases_lag8,642.7304295301437,341
lgbm_v2_noclimate,7,12,cases_lag9,629.4526784420013,341
lgbm_v2_noclimate,7,12,cases_lag10,1226.697096824646,341
lgbm_v2_noclimate,7,12,cases_lag11,1443.366198539734,341
lgbm_v2_noclimate,7,12,cases_lag12,1386.7143909931183,341
lgbm_v2_noclimate,7,12,cases_mean4,2978.8903868198395,341
lgbm_v2_noclimate,7,12,cases_mean8,2183.1563260555267,341
lgbm_v2_noclimate,7,12,cases_mean12,4430.42677116394,341
lgbm_v2_noclimate,7,12,cases_max12,7034.993277668953,341
lgbm_v2_noclimate,7,12,cases_diff1,10418.167499303818,341
lgbm_v2_noclimate,7,12,cases_diff4,5010.345381855965,341
lgbm_v2_noclimate,7,12,neighbour_cases,3448.9886503219604,341
lgbm_v2_noclimate,7,12,neighbour_diff4,1354.985095024109,341
lgbm_v2_noclimate,7,12,national_cases,30493.318134903908,341
lgbm_v2_noclimate,7,12,national_diff4,12779.799305915833,341
lgbm_v2_noclimate,7,12,district,37819.0781018734,341
lgbm_v2_noclimate,7,12,target_doy_sin,25833.054775714874,341
lgbm_v2_noclimate,7,12,target_doy_cos,15844.593643426895,341
lgbm_v2_climatology,7,12,cases_log1p,59256.298797369,357
lgbm_v2_climatology,7,12,rainfall_daily_mean_mm,2148.759226322174,357
lgbm_v2_climatology,7,12,rainy_days_frac,6085.924367189407,357
lgbm_v2_climatology,7,12,temperature_mean_c,2706.5654747486115,357
lgbm_v2_climatology,7,12,diurnal_range_c,1268.2328329086304,357
lgbm_v2_climatology,7,12,dewpoint_mean_c,1339.6149463653564,357
lgbm_v2_climatology,7,12,relative_humidity_mean,1031.0914707183838,357
lgbm_v2_climatology,7,12,wind_speed_mean,835.4770307540894,357
lgbm_v2_climatology,7,12,doy_sin,10025.622628688812,357
lgbm_v2_climatology,7,12,doy_cos,8860.945476055145,357
lgbm_v2_climatology,7,12,weather_observed,0.0,357
lgbm_v2_climatology,7,12,case_observed,0.0,357
lgbm_v2_climatology,7,12,centroid_lat,2088.013331890106,357
lgbm_v2_climatology,7,12,centroid_lon,1400.4321620464325,357
lgbm_v2_climatology,7,12,rainfall_daily_mean_mm_roll4,1427.1398272514343,357
lgbm_v2_climatology,7,12,rainfall_daily_mean_mm_roll8,510.52558636665344,357
lgbm_v2_climatology,7,12,rainfall_daily_mean_mm_roll12,445.72101354599,357
lgbm_v2_climatology,7,12,temperature_mean_c_roll4,1298.8829851150513,357
lgbm_v2_climatology,7,12,temperature_mean_c_roll8,625.7714376449585,357
lgbm_v2_climatology,7,12,temperature_mean_c_roll12,716.1311933994293,357
lgbm_v2_climatology,7,12,relative_humidity_mean_roll4,533.9323101043701,357
lgbm_v2_climatology,7,12,relative_humidity_mean_roll8,687.4972319602966,357
lgbm_v2_climatology,7,12,relative_humidity_mean_roll12,707.6081931591034,357
lgbm_v2_climatology,7,12,national_wave_rank,7361.58056640625,357
lgbm_v2_climatology,7,12,trailing_52_cumulative_cases,11297.02838730812,357
lgbm_v2_climatology,7,12,cases_lag1,858.451101064682,357
lgbm_v2_climatology,7,12,cases_lag2,388.66296219825745,357
lgbm_v2_climatology,7,12,cases_lag3,653.590149641037,357
lgbm_v2_climatology,7,12,cases_lag4,428.6831257343292,357
lgbm_v2_climatology,7,12,cases_lag5,299.6427798271179,357
lgbm_v2_climatology,7,12,cases_lag6,392.0639855861664,357
lgbm_v2_climatology,7,12,cases_lag7,259.6869614124298,357
lgbm_v2_climatology,7,12,cases_lag8,634.5645685195923,357
lgbm_v2_climatology,7,12,cases_lag9,387.96302914619446,357
lgbm_v2_climatology,7,12,cases_lag10,1284.3210399150848,357
lgbm_v2_climatology,7,12,cases_lag11,1527.4365928173065,357
lgbm_v2_climatology,7,12,cases_lag12,1438.364712715149,357
lgbm_v2_climatology,7,12,cases_mean4,2003.5878462791443,357
lgbm_v2_climatology,7,12,cases_mean8,2299.581596136093,357
lgbm_v2_climatology,7,12,cases_mean12,2774.854617357254,357
lgbm_v2_climatology,7,12,cases_max12,6119.62362742424,357
lgbm_v2_climatology,7,12,cases_diff1,9462.036618947983,357
lgbm_v2_climatology,7,12,cases_diff4,5439.4900159835815,357
lgbm_v2_climatology,7,12,rain_roll4_lag4,499.95905804634094,357
lgbm_v2_climatology,7,12,rain_roll4_lag8,748.2301144599915,357
lgbm_v2_climatology,7,12,humid_roll4_lag4,612.047518491745,357
lgbm_v2_climatology,7,12,humid_roll4_lag8,1009.4874300956726,357
lgbm_v2_climatology,7,12,temp_roll4_lag4,591.503634929657,357
lgbm_v2_climatology,7,12,temp_roll4_lag8,3038.126371383667,357
lgbm_v2_climatology,7,12,rain_roll12_lag12,1374.6139945983887,357
lgbm_v2_climatology,7,12,neighbour_cases,2540.261622905731,357
lgbm_v2_climatology,7,12,neighbour_diff4,1027.086566209793,357
lgbm_v2_climatology,7,12,national_cases,30048.854600191116,357
lgbm_v2_climatology,7,12,national_diff4,12440.80360531807,357
lgbm_v2_climatology,7,12,district,33976.89375805855,357
lgbm_v2_climatology,7,12,target_doy_sin,24898.36762070656,357
lgbm_v2_climatology,7,12,target_doy_cos,9948.737565994263,357
lgbm_v2,8,1,cases_log1p,5979.119934082031,288
lgbm_v2,8,1,rainfall_daily_mean_mm,550.4440211057663,288
lgbm_v2,8,1,rainy_days_frac,148.2929093837738,288
lgbm_v2,8,1,temperature_mean_c,369.12842082977295,288
lgbm_v2,8,1,diurnal_range_c,347.3214603662491,288
lgbm_v2,8,1,dewpoint_mean_c,260.2142516374588,288
lgbm_v2,8,1,relative_humidity_mean,516.1092046499252,288
lgbm_v2,8,1,wind_speed_mean,350.42478919029236,288
lgbm_v2,8,1,doy_sin,2898.0929964780807,288
lgbm_v2,8,1,doy_cos,1320.0164331197739,288
lgbm_v2,8,1,weather_observed,0.0,288
lgbm_v2,8,1,case_observed,0.0,288
lgbm_v2,8,1,centroid_lat,237.6045594215393,288
lgbm_v2,8,1,centroid_lon,149.37835097312927,288
lgbm_v2,8,1,rainfall_daily_mean_mm_roll4,564.1040087938309,288
lgbm_v2,8,1,rainfall_daily_mean_mm_roll8,791.1284209489822,288
lgbm_v2,8,1,rainfall_daily_mean_mm_roll12,384.7705183029175,288
lgbm_v2,8,1,temperature_mean_c_roll4,286.46733939647675,288
lgbm_v2,8,1,temperature_mean_c_roll8,221.38663959503174,288
lgbm_v2,8,1,temperature_mean_c_roll12,181.68496000766754,288
lgbm_v2,8,1,relative_humidity_mean_roll4,522.1020410060883,288
lgbm_v2,8,1,relative_humidity_mean_roll8,354.43783938884735,288
lgbm_v2,8,1,relative_humidity_mean_roll12,225.33565056324005,288
lgbm_v2,8,1,national_wave_rank,1990.9801571369171,288
lgbm_v2,8,1,trailing_52_cumulative_cases,1041.167088150978,288
lgbm_v2,8,1,cases_lag1,916.6950249671936,288
lgbm_v2,8,1,cases_lag2,1787.6550831794739,288
lgbm_v2,8,1,cases_lag3,1044.1114118099213,288
lgbm_v2,8,1,cases_lag4,428.1785715818405,288
lgbm_v2,8,1,cases_lag5,293.52411103248596,288
lgbm_v2,8,1,cases_lag6,270.4600602388382,288
lgbm_v2,8,1,cases_lag7,325.868390917778,288
lgbm_v2,8,1,cases_lag8,347.88459074497223,288
lgbm_v2,8,1,cases_lag9,225.85262036323547,288
lgbm_v2,8,1,cases_lag10,255.73322057724,288
lgbm_v2,8,1,cases_lag11,344.77102994918823,288
lgbm_v2,8,1,cases_lag12,210.78852081298828,288
lgbm_v2,8,1,cases_mean4,942.5239658355713,288
lgbm_v2,8,1,cases_mean8,900.4378213882446,288
lgbm_v2,8,1,cases_mean12,596.1359812021255,288
lgbm_v2,8,1,cases_max12,265.77309012413025,288
lgbm_v2,8,1,cases_diff1,25240.447453975677,288
lgbm_v2,8,1,cases_diff4,7276.130027294159,288
lgbm_v2,8,1,rain_roll4_lag4,860.6652517318726,288
lgbm_v2,8,1,rain_roll4_lag8,437.07316040992737,288
lgbm_v2,8,1,humid_roll4_lag4,312.94853007793427,288
lgbm_v2,8,1,humid_roll4_lag8,581.3737884759903,288
lgbm_v2,8,1,temp_roll4_lag4,320.09394001960754,288
lgbm_v2,8,1,temp_roll4_lag8,376.6234393119812,288
lgbm_v2,8,1,rain_roll12_lag12,804.0439777374268,288
lgbm_v2,8,1,neighbour_cases,1179.9316617250443,288
lgbm_v2,8,1,neighbour_diff4,1115.2651928663254,288
lgbm_v2,8,1,national_cases,1403.1375106573105,288
lgbm_v2,8,1,national_diff4,3314.0798419713974,288
lgbm_v2,8,1,district,5054.183284163475,288
lgbm_v2,8,1,target_doy_sin,1248.576736330986,288
lgbm_v2,8,1,target_doy_cos,1411.056421995163,288
lgbm_v2_noclimate,8,1,cases_log1p,5717.433621168137,170
lgbm_v2_noclimate,8,1,doy_sin,2799.6532578468323,170
lgbm_v2_noclimate,8,1,doy_cos,1178.3122589588165,170
lgbm_v2_noclimate,8,1,weather_observed,0.0,170
lgbm_v2_noclimate,8,1,case_observed,0.0,170
lgbm_v2_noclimate,8,1,centroid_lat,258.88429832458496,170
lgbm_v2_noclimate,8,1,centroid_lon,125.83940982818604,170
lgbm_v2_noclimate,8,1,national_wave_rank,1762.9188628196716,170
lgbm_v2_noclimate,8,1,trailing_52_cumulative_cases,1025.8085134029388,170
lgbm_v2_noclimate,8,1,cases_lag1,728.4013702869415,170
lgbm_v2_noclimate,8,1,cases_lag2,1535.6446597576141,170
lgbm_v2_noclimate,8,1,cases_lag3,1192.247543811798,170
lgbm_v2_noclimate,8,1,cases_lag4,231.15147066116333,170
lgbm_v2_noclimate,8,1,cases_lag5,188.61667943000793,170
lgbm_v2_noclimate,8,1,cases_lag6,261.77121090888977,170
lgbm_v2_noclimate,8,1,cases_lag7,222.9161787033081,170
lgbm_v2_noclimate,8,1,cases_lag8,144.6776602268219,170
lgbm_v2_noclimate,8,1,cases_lag9,176.3364098072052,170
lgbm_v2_noclimate,8,1,cases_lag10,187.91058015823364,170
lgbm_v2_noclimate,8,1,cases_lag11,258.4606702327728,170
lgbm_v2_noclimate,8,1,cases_lag12,136.6278109550476,170
lgbm_v2_noclimate,8,1,cases_mean4,1108.8776268959045,170
lgbm_v2_noclimate,8,1,cases_mean8,566.4334330558777,170
lgbm_v2_noclimate,8,1,cases_mean12,584.0305581092834,170
lgbm_v2_noclimate,8,1,cases_max12,241.82716870307922,170
lgbm_v2_noclimate,8,1,cases_diff1,25883.111218690872,170
lgbm_v2_noclimate,8,1,cases_diff4,6149.010440349579,170
lgbm_v2_noclimate,8,1,neighbour_cases,1115.9199523925781,170
lgbm_v2_noclimate,8,1,neighbour_diff4,1076.2074670791626,170
lgbm_v2_noclimate,8,1,national_cases,1463.5541276931763,170
lgbm_v2_noclimate,8,1,national_diff4,3192.7553923130035,170
lgbm_v2_noclimate,8,1,district,4663.901208400726,170
lgbm_v2_noclimate,8,1,target_doy_sin,1470.6263918876648,170
lgbm_v2_noclimate,8,1,target_doy_cos,1278.2877655029297,170
lgbm_v2_climatology,8,1,cases_log1p,5470.745894670486,140
lgbm_v2_climatology,8,1,rainfall_daily_mean_mm,343.11400175094604,140
lgbm_v2_climatology,8,1,rainy_days_frac,309.44504165649414,140
lgbm_v2_climatology,8,1,temperature_mean_c,121.59443044662476,140
lgbm_v2_climatology,8,1,diurnal_range_c,395.2469606399536,140
lgbm_v2_climatology,8,1,dewpoint_mean_c,91.14608907699585,140
lgbm_v2_climatology,8,1,relative_humidity_mean,137.55644035339355,140
lgbm_v2_climatology,8,1,wind_speed_mean,162.5658299922943,140
lgbm_v2_climatology,8,1,doy_sin,2018.839631319046,140
lgbm_v2_climatology,8,1,doy_cos,625.2546591758728,140
lgbm_v2_climatology,8,1,weather_observed,0.0,140
lgbm_v2_climatology,8,1,case_observed,0.0,140
lgbm_v2_climatology,8,1,centroid_lat,179.2636787891388,140
lgbm_v2_climatology,8,1,centroid_lon,80.43784046173096,140
lgbm_v2_climatology,8,1,rainfall_daily_mean_mm_roll4,219.3994688987732,140
lgbm_v2_climatology,8,1,rainfall_daily_mean_mm_roll8,373.5478174686432,140
lgbm_v2_climatology,8,1,rainfall_daily_mean_mm_roll12,193.47545075416565,140
lgbm_v2_climatology,8,1,temperature_mean_c_roll4,84.54596996307373,140
lgbm_v2_climatology,8,1,temperature_mean_c_roll8,113.36313080787659,140
lgbm_v2_climatology,8,1,temperature_mean_c_roll12,121.78846979141235,140
lgbm_v2_climatology,8,1,relative_humidity_mean_roll4,73.837149143219,140
lgbm_v2_climatology,8,1,relative_humidity_mean_roll8,126.59515929222107,140
lgbm_v2_climatology,8,1,relative_humidity_mean_roll12,145.16448092460632,140
lgbm_v2_climatology,8,1,national_wave_rank,1707.5324153900146,140
lgbm_v2_climatology,8,1,trailing_52_cumulative_cases,818.4960861206055,140
lgbm_v2_climatology,8,1,cases_lag1,634.2695782184601,140
lgbm_v2_climatology,8,1,cases_lag2,1420.524611234665,140
lgbm_v2_climatology,8,1,cases_lag3,784.4139676094055,140
lgbm_v2_climatology,8,1,cases_lag4,226.47995972633362,140
lgbm_v2_climatology,8,1,cases_lag5,76.3183205127716,140
lgbm_v2_climatology,8,1,cases_lag6,113.28371000289917,140
lgbm_v2_climatology,8,1,cases_lag7,161.6048400402069,140
lgbm_v2_climatology,8,1,cases_lag8,155.8364896774292,140
lgbm_v2_climatology,8,1,cases_lag9,65.5351893901825,140
lgbm_v2_climatology,8,1,cases_lag10,207.90473055839539,140
lgbm_v2_climatology,8,1,cases_lag11,211.41331934928894,140
lgbm_v2_climatology,8,1,cases_lag12,83.2904303073883,140
lgbm_v2_climatology,8,1,cases_mean4,874.9686439037323,140
lgbm_v2_climatology,8,1,cases_mean8,715.9733765125275,140
lgbm_v2_climatology,8,1,cases_mean12,470.9015214443207,140
lgbm_v2_climatology,8,1,cases_max12,194.08114743232727,140
lgbm_v2_climatology,8,1,cases_diff1,24914.456865787506,140
lgbm_v2_climatology,8,1,cases_diff4,6934.58731007576,140
lgbm_v2_climatology,8,1,rain_roll4_lag4,457.0908098220825,140
lgbm_v2_climatology,8,1,rain_roll4_lag8,101.84277081489563,140
lgbm_v2_climatology,8,1,humid_roll4_lag4,156.60244917869568,140
lgbm_v2_climatology,8,1,humid_roll4_lag8,137.3158197402954,140
lgbm_v2_climatology,8,1,temp_roll4_lag4,130.1677098274231,140
lgbm_v2_climatology,8,1,temp_roll4_lag8,228.73127913475037,140
lgbm_v2_climatology,8,1,rain_roll12_lag12,185.81216192245483,140
lgbm_v2_climatology,8,1,neighbour_cases,763.5724470615387,140
lgbm_v2_climatology,8,1,neighbour_diff4,761.797563791275,140
lgbm_v2_climatology,8,1,national_cases,804.5397324562073,140
lgbm_v2_climatology,8,1,national_diff4,2766.2700774669647,140
lgbm_v2_climatology,8,1,district,3524.991983652115,140
lgbm_v2_climatology,8,1,target_doy_sin,844.9152421951294,140
lgbm_v2_climatology,8,1,target_doy_cos,768.9875292778015,140
lgbm_v2,8,2,cases_log1p,7919.80371427536,221
lgbm_v2,8,2,rainfall_daily_mean_mm,527.0783908367157,221
lgbm_v2,8,2,rainy_days_frac,105.04268002510071,221
lgbm_v2,8,2,temperature_mean_c,680.3954429626465,221
lgbm_v2,8,2,diurnal_range_c,225.23754000663757,221
lgbm_v2,8,2,dewpoint_mean_c,569.774491071701,221
lgbm_v2,8,2,relative_humidity_mean,576.1171119213104,221
lgbm_v2,8,2,wind_speed_mean,254.51881957054138,221
lgbm_v2,8,2,doy_sin,2808.815356016159,221
lgbm_v2,8,2,doy_cos,1040.437260389328,221
lgbm_v2,8,2,weather_observed,0.0,221
lgbm_v2,8,2,case_observed,0.0,221
lgbm_v2,8,2,centroid_lat,370.75578022003174,221
lgbm_v2,8,2,centroid_lon,169.21581935882568,221
lgbm_v2,8,2,rainfall_daily_mean_mm_roll4,1041.7447066307068,221
lgbm_v2,8,2,rainfall_daily_mean_mm_roll8,1920.2464084625244,221
lgbm_v2,8,2,rainfall_daily_mean_mm_roll12,224.60363030433655,221
lgbm_v2,8,2,temperature_mean_c_roll4,349.16457891464233,221
lgbm_v2,8,2,temperature_mean_c_roll8,199.74187994003296,221
lgbm_v2,8,2,temperature_mean_c_roll12,317.7219707965851,221
lgbm_v2,8,2,relative_humidity_mean_roll4,640.615380525589,221
lgbm_v2,8,2,relative_humidity_mean_roll8,297.9495015144348,221
lgbm_v2,8,2,relative_humidity_mean_roll12,188.20625972747803,221
lgbm_v2,8,2,national_wave_rank,2605.180517911911,221
lgbm_v2,8,2,trailing_52_cumulative_cases,1354.3897984027863,221
lgbm_v2,8,2,cases_lag1,566.0147414207458,221
lgbm_v2,8,2,cases_lag2,1540.9777574539185,221
lgbm_v2,8,2,cases_lag3,645.922456741333,221
lgbm_v2,8,2,cases_lag4,293.44311141967773,221
lgbm_v2,8,2,cases_lag5,238.82237935066223,221
lgbm_v2,8,2,cases_lag6,239.79615020751953,221
lgbm_v2,8,2,cases_lag7,183.71696090698242,221
lgbm_v2,8,2,cases_lag8,178.8630793094635,221
lgbm_v2,8,2,cases_lag9,193.59714913368225,221
lgbm_v2,8,2,cases_lag10,149.61419916152954,221
lgbm_v2,8,2,cases_lag11,237.04122877120972,221
lgbm_v2,8,2,cases_lag12,262.5569610595703,221
lgbm_v2,8,2,cases_mean4,1277.1760730743408,221
lgbm_v2,8,2,cases_mean8,846.1748893260956,221
lgbm_v2,8,2,cases_mean12,396.53984785079956,221
lgbm_v2,8,2,cases_max12,323.67502069473267,221
lgbm_v2,8,2,cases_diff1,24524.758257865906,221
lgbm_v2,8,2,cases_diff4,6054.9828453063965,221
lgbm_v2,8,2,rain_roll4_lag4,876.5416703224182,221
lgbm_v2,8,2,rain_roll4_lag8,787.5551402568817,221
lgbm_v2,8,2,humid_roll4_lag4,375.9638605117798,221
lgbm_v2,8,2,humid_roll4_lag8,1078.833778142929,221
lgbm_v2,8,2,temp_roll4_lag4,163.68051981925964,221
lgbm_v2,8,2,temp_roll4_lag8,283.68386936187744,221
lgbm_v2,8,2,rain_roll12_lag12,826.9927897453308,221
lgbm_v2,8,2,neighbour_cases,781.0473053455353,221
lgbm_v2,8,2,neighbour_diff4,776.4127736091614,221
lgbm_v2,8,2,national_cases,1731.7304708957672,221
lgbm_v2,8,2,national_diff4,4242.7116067409515,221
lgbm_v2,8,2,district,6744.370077848434,221
lgbm_v2,8,2,target_doy_sin,2522.6506929397583,221
lgbm_v2,8,2,target_doy_cos,2250.674076795578,221
lgbm_v2_noclimate,8,2,cases_log1p,7386.983825683594,195
lgbm_v2_noclimate,8,2,doy_sin,4015.051237821579,195
lgbm_v2_noclimate,8,2,doy_cos,1493.0763249397278,195
lgbm_v2_noclimate,8,2,weather_observed,0.0,195
lgbm_v2_noclimate,8,2,case_observed,0.0,195
lgbm_v2_noclimate,8,2,centroid_lat,465.3335919380188,195
lgbm_v2_noclimate,8,2,centroid_lon,289.71808981895447,195
lgbm_v2_noclimate,8,2,national_wave_rank,2463.0558092594147,195
lgbm_v2_noclimate,8,2,trailing_52_cumulative_cases,1371.9782891273499,195
lgbm_v2_noclimate,8,2,cases_lag1,829.6538624763489,195
lgbm_v2_noclimate,8,2,cases_lag2,1377.2762937545776,195
lgbm_v2_noclimate,8,2,cases_lag3,848.8922345638275,195
lgbm_v2_noclimate,8,2,cases_lag4,212.5318682193756,195
lgbm_v2_noclimate,8,2,cases_lag5,355.69223976135254,195
lgbm_v2_noclimate,8,2,cases_lag6,273.77915930747986,195
lgbm_v2_noclimate,8,2,cases_lag7,248.8637592792511,195
lgbm_v2_noclimate,8,2,cases_lag8,264.7394003868103,195
lgbm_v2_noclimate,8,2,cases_lag9,351.668728351593,195
lgbm_v2_noclimate,8,2,cases_lag10,222.0517086982727,195
lgbm_v2_noclimate,8,2,cases_lag11,190.0429708957672,195
lgbm_v2_noclimate,8,2,cases_lag12,346.05563855171204,195
lgbm_v2_noclimate,8,2,cases_mean4,1473.913341999054,195
lgbm_v2_noclimate,8,2,cases_mean8,625.73965883255,195
lgbm_v2_noclimate,8,2,cases_mean12,583.0811421871185,195
lgbm_v2_noclimate,8,2,cases_max12,496.7164385318756,195
lgbm_v2_noclimate,8,2,cases_diff1,25550.151859283447,195
lgbm_v2_noclimate,8,2,cases_diff4,5580.5087785720825,195
lgbm_v2_noclimate,8,2,neighbour_cases,1331.5764434337616,195
lgbm_v2_noclimate,8,2,neighbour_diff4,1125.5354914665222,195
lgbm_v2_noclimate,8,2,national_cases,2750.844503879547,195
lgbm_v2_noclimate,8,2,national_diff4,4817.754190444946,195
lgbm_v2_noclimate,8,2,district,7023.920163393021,195
lgbm_v2_noclimate,8,2,target_doy_sin,3108.374615430832,195
lgbm_v2_noclimate,8,2,target_doy_cos,2862.7974092960358,195
lgbm_v2_climatology,8,2,cases_log1p,7925.991318941116,216
lgbm_v2_climatology,8,2,rainfall_daily_mean_mm,480.0225410461426,216
lgbm_v2_climatology,8,2,rainy_days_frac,808.4928703308105,216
lgbm_v2_climatology,8,2,temperature_mean_c,228.9580795764923,216
lgbm_v2_climatology,8,2,diurnal_range_c,522.5987019538879,216
lgbm_v2_climatology,8,2,dewpoint_mean_c,359.807000875473,216
lgbm_v2_climatology,8,2,relative_humidity_mean,453.92600107192993,216
lgbm_v2_climatology,8,2,wind_speed_mean,196.701518535614,216
lgbm_v2_climatology,8,2,doy_sin,3074.4375133514404,216
lgbm_v2_climatology,8,2,doy_cos,1169.4389072656631,216
lgbm_v2_climatology,8,2,weather_observed,0.0,216
lgbm_v2_climatology,8,2,case_observed,0.0,216
lgbm_v2_climatology,8,2,centroid_lat,270.1800513267517,216
lgbm_v2_climatology,8,2,centroid_lon,156.47887110710144,216
lgbm_v2_climatology,8,2,rainfall_daily_mean_mm_roll4,843.7222292423248,216
lgbm_v2_climatology,8,2,rainfall_daily_mean_mm_roll8,619.8281211853027,216
lgbm_v2_climatology,8,2,rainfall_daily_mean_mm_roll12,216.9584083557129,216
lgbm_v2_climatology,8,2,temperature_mean_c_roll4,307.35229873657227,216
lgbm_v2_climatology,8,2,temperature_mean_c_roll8,226.50845050811768,216
lgbm_v2_climatology,8,2,temperature_mean_c_roll12,263.6907699108124,216
lgbm_v2_climatology,8,2,relative_humidity_mean_roll4,333.5710964202881,216
lgbm_v2_climatology,8,2,relative_humidity_mean_roll8,226.73567008972168,216
lgbm_v2_climatology,8,2,relative_humidity_mean_roll12,228.1486895084381,216
lgbm_v2_climatology,8,2,national_wave_rank,2733.3953058719635,216
lgbm_v2_climatology,8,2,trailing_52_cumulative_cases,1342.4763004779816,216
lgbm_v2_climatology,8,2,cases_lag1,632.0471687316895,216
lgbm_v2_climatology,8,2,cases_lag2,1634.970230102539,216
lgbm_v2_climatology,8,2,cases_lag3,802.0612337589264,216
lgbm_v2_climatology,8,2,cases_lag4,292.4515302181244,216
lgbm_v2_climatology,8,2,cases_lag5,235.20306992530823,216
lgbm_v2_climatology,8,2,cases_lag6,351.7965579032898,216
lgbm_v2_climatology,8,2,cases_lag7,240.96465849876404,216
lgbm_v2_climatology,8,2,cases_lag8,249.30489015579224,216
lgbm_v2_climatology,8,2,cases_lag9,278.48005962371826,216
lgbm_v2_climatology,8,2,cases_lag10,205.47134017944336,216
lgbm_v2_climatology,8,2,cases_lag11,212.00755167007446,216
lgbm_v2_climatology,8,2,cases_lag12,251.63559985160828,216
lgbm_v2_climatology,8,2,cases_mean4,1192.2936780452728,216
lgbm_v2_climatology,8,2,cases_mean8,900.3487279415131,216
lgbm_v2_climatology,8,2,cases_mean12,444.585978269577,216
lgbm_v2_climatology,8,2,cases_max12,383.6026117801666,216
lgbm_v2_climatology,8,2,cases_diff1,24561.16184926033,216
lgbm_v2_climatology,8,2,cases_diff4,5884.63751578331,216
lgbm_v2_climatology,8,2,rain_roll4_lag4,615.2419185638428,216
lgbm_v2_climatology,8,2,rain_roll4_lag8,114.3392105102539,216
lgbm_v2_climatology,8,2,humid_roll4_lag4,234.50547099113464,216
lgbm_v2_climatology,8,2,humid_roll4_lag8,290.7839300632477,216
lgbm_v2_climatology,8,2,temp_roll4_lag4,440.7467710971832,216
lgbm_v2_climatology,8,2,temp_roll4_lag8,274.57637071609497,216
lgbm_v2_climatology,8,2,rain_roll12_lag12,243.6056399345398,216
lgbm_v2_climatology,8,2,neighbour_cases,844.0243527889252,216
lgbm_v2_climatology,8,2,neighbour_diff4,1039.385701417923,216
lgbm_v2_climatology,8,2,national_cases,2273.2384791374207,216
lgbm_v2_climatology,8,2,national_diff4,4557.394723415375,216
lgbm_v2_climatology,8,2,district,6178.086312055588,216
lgbm_v2_climatology,8,2,target_doy_sin,2589.180424928665,216
lgbm_v2_climatology,8,2,target_doy_cos,2451.3855617046356,216
lgbm_v2,8,3,cases_log1p,11042.599036216736,167
lgbm_v2,8,3,rainfall_daily_mean_mm,337.99696922302246,167
lgbm_v2,8,3,rainy_days_frac,106.70972919464111,167
lgbm_v2,8,3,temperature_mean_c,444.3811001777649,167
lgbm_v2,8,3,diurnal_range_c,85.29689931869507,167
lgbm_v2,8,3,dewpoint_mean_c,347.6361107826233,167
lgbm_v2,8,3,relative_humidity_mean,502.65659761428833,167
lgbm_v2,8,3,wind_speed_mean,239.9407696723938,167
lgbm_v2,8,3,doy_sin,3085.6763701438904,167
lgbm_v2,8,3,doy_cos,1403.056990146637,167
lgbm_v2,8,3,weather_observed,0.0,167
lgbm_v2,8,3,case_observed,0.0,167
lgbm_v2,8,3,centroid_lat,311.2437777519226,167
lgbm_v2,8,3,centroid_lon,277.380820274353,167
lgbm_v2,8,3,rainfall_daily_mean_mm_roll4,1484.1609554290771,167
lgbm_v2,8,3,rainfall_daily_mean_mm_roll8,3053.5418186187744,167
lgbm_v2,8,3,rainfall_daily_mean_mm_roll12,201.54505109786987,167
lgbm_v2,8,3,temperature_mean_c_roll4,431.719646692276,167
lgbm_v2,8,3,temperature_mean_c_roll8,225.0739607810974,167
lgbm_v2,8,3,temperature_mean_c_roll12,321.26318883895874,167
lgbm_v2,8,3,relative_humidity_mean_roll4,1048.5171518325806,167
lgbm_v2,8,3,relative_humidity_mean_roll8,334.4116015434265,167
lgbm_v2,8,3,relative_humidity_mean_roll12,131.0710391998291,167
lgbm_v2,8,3,national_wave_rank,3344.986883163452,167
lgbm_v2,8,3,trailing_52_cumulative_cases,1265.4610793590546,167
lgbm_v2,8,3,cases_lag1,325.7656009197235,167
lgbm_v2,8,3,cases_lag2,1237.497974395752,167
lgbm_v2,8,3,cases_lag3,395.18851137161255,167
lgbm_v2,8,3,cases_lag4,249.50618934631348,167
lgbm_v2,8,3,cases_lag5,123.92534923553467,167
lgbm_v2,8,3,cases_lag6,192.90702056884766,167
lgbm_v2,8,3,cases_lag7,36.3544602394104,167
lgbm_v2,8,3,cases_lag8,102.48884010314941,167
lgbm_v2,8,3,cases_lag9,78.91066980361938,167
lgbm_v2,8,3,cases_lag10,112.78796100616455,167
lgbm_v2,8,3,cases_lag11,248.7588586807251,167
lgbm_v2,8,3,cases_lag12,153.80338144302368,167
lgbm_v2,8,3,cases_mean4,894.7909789085388,167
lgbm_v2,8,3,cases_mean8,937.4045944213867,167
lgbm_v2,8,3,cases_mean12,587.5530128479004,167
lgbm_v2,8,3,cases_max12,731.4821400642395,167
lgbm_v2,8,3,cases_diff1,24988.74463891983,167
lgbm_v2,8,3,cases_diff4,4769.82700920105,167
lgbm_v2,8,3,rain_roll4_lag4,370.9398498535156,167
lgbm_v2,8,3,rain_roll4_lag8,941.4683613777161,167
lgbm_v2,8,3,humid_roll4_lag4,208.3190393447876,167
lgbm_v2,8,3,humid_roll4_lag8,2433.9158113002777,167
lgbm_v2,8,3,temp_roll4_lag4,272.66882133483887,167
lgbm_v2,8,3,temp_roll4_lag8,415.469425201416,167
lgbm_v2,8,3,rain_roll12_lag12,758.0575122833252,167
lgbm_v2,8,3,neighbour_cases,923.6623921394348,167
lgbm_v2,8,3,neighbour_diff4,770.997772693634,167
lgbm_v2,8,3,national_cases,2377.6010637283325,167
lgbm_v2,8,3,national_diff4,4518.567067623138,167
lgbm_v2,8,3,district,7943.687515258789,167
lgbm_v2,8,3,target_doy_sin,2903.8004941940308,167
lgbm_v2,8,3,target_doy_cos,2596.5279898643494,167
lgbm_v2_noclimate,8,3,cases_log1p,11347.336327672005,279
lgbm_v2_noclimate,8,3,doy_sin,5551.479368686676,279
lgbm_v2_noclimate,8,3,doy_cos,3022.1639828681946,279
lgbm_v2_noclimate,8,3,weather_observed,0.0,279
lgbm_v2_noclimate,8,3,case_observed,0.0,279
lgbm_v2_noclimate,8,3,centroid_lat,598.8208298683167,279
lgbm_v2_noclimate,8,3,centroid_lon,467.935812830925,279
lgbm_v2_noclimate,8,3,national_wave_rank,3309.430685520172,279
lgbm_v2_noclimate,8,3,trailing_52_cumulative_cases,2449.623403787613,279
lgbm_v2_noclimate,8,3,cases_lag1,1251.16987657547,279
lgbm_v2_noclimate,8,3,cases_lag2,1688.9282531738281,279
lgbm_v2_noclimate,8,3,cases_lag3,824.2438895702362,279
lgbm_v2_noclimate,8,3,cases_lag4,578.9298098087311,279
lgbm_v2_noclimate,8,3,cases_lag5,374.53025794029236,279
lgbm_v2_noclimate,8,3,cases_lag6,435.22622752189636,279
lgbm_v2_noclimate,8,3,cases_lag7,247.0668592453003,279
lgbm_v2_noclimate,8,3,cases_lag8,494.003297328949,279
lgbm_v2_noclimate,8,3,cases_lag9,360.7589497566223,279
lgbm_v2_noclimate,8,3,cases_lag10,406.84803199768066,279
lgbm_v2_noclimate,8,3,cases_lag11,544.7359797954559,279
lgbm_v2_noclimate,8,3,cases_lag12,447.3053414821625,279
lgbm_v2_noclimate,8,3,cases_mean4,1065.2508780956268,279
lgbm_v2_noclimate,8,3,cases_mean8,920.7804529666901,279
lgbm_v2_noclimate,8,3,cases_mean12,1102.5828020572662,279
lgbm_v2_noclimate,8,3,cases_max12,1124.318748474121,279
lgbm_v2_noclimate,8,3,cases_diff1,25938.39365196228,279
lgbm_v2_noclimate,8,3,cases_diff4,4664.264773607254,279
lgbm_v2_noclimate,8,3,neighbour_cases,1918.4804253578186,279
lgbm_v2_noclimate,8,3,neighbour_diff4,1528.951895236969,279
lgbm_v2_noclimate,8,3,national_cases,5497.945937871933,279
lgbm_v2_noclimate,8,3,national_diff4,7144.348393082619,279
lgbm_v2_noclimate,8,3,district,9924.567451238632,279
lgbm_v2_noclimate,8,3,target_doy_sin,5735.651433229446,279
lgbm_v2_noclimate,8,3,target_doy_cos,4620.881950378418,279
lgbm_v2_climatology,8,3,cases_log1p,11287.61369395256,270
lgbm_v2_climatology,8,3,rainfall_daily_mean_mm,670.8535325527191,270
lgbm_v2_climatology,8,3,rainy_days_frac,1614.434839963913,270
lgbm_v2_climatology,8,3,temperature_mean_c,331.4578101634979,270
lgbm_v2_climatology,8,3,diurnal_range_c,486.952351808548,270
lgbm_v2_climatology,8,3,dewpoint_mean_c,512.4742419719696,270
lgbm_v2_climatology,8,3,relative_humidity_mean,515.6984288692474,270
lgbm_v2_climatology,8,3,wind_speed_mean,346.8207383155823,270
lgbm_v2_climatology,8,3,doy_sin,4631.33326458931,270
lgbm_v2_climatology,8,3,doy_cos,1504.3450810909271,270
lgbm_v2_climatology,8,3,weather_observed,0.0,270
lgbm_v2_climatology,8,3,case_observed,0.0,270
lgbm_v2_climatology,8,3,centroid_lat,223.9868402481079,270
lgbm_v2_climatology,8,3,centroid_lon,234.6823694705963,270
lgbm_v2_climatology,8,3,rainfall_daily_mean_mm_roll4,1406.3360879421234,270
lgbm_v2_climatology,8,3,rainfall_daily_mean_mm_roll8,1235.0744059085846,270
lgbm_v2_climatology,8,3,rainfall_daily_mean_mm_roll12,419.6034994125366,270
lgbm_v2_climatology,8,3,temperature_mean_c_roll4,342.4863896369934,270
lgbm_v2_climatology,8,3,temperature_mean_c_roll8,313.4544596672058,270
lgbm_v2_climatology,8,3,temperature_mean_c_roll12,358.2424509525299,270
lgbm_v2_climatology,8,3,relative_humidity_mean_roll4,346.1916890144348,270
lgbm_v2_climatology,8,3,relative_humidity_mean_roll8,414.0624599456787,270
lgbm_v2_climatology,8,3,relative_humidity_mean_roll12,274.92632007598877,270
lgbm_v2_climatology,8,3,national_wave_rank,3457.48042345047,270
lgbm_v2_climatology,8,3,trailing_52_cumulative_cases,1782.3144273757935,270
lgbm_v2_climatology,8,3,cases_lag1,868.3315784931183,270
lgbm_v2_climatology,8,3,cases_lag2,1605.9103252887726,270
lgbm_v2_climatology,8,3,cases_lag3,609.9840090274811,270
lgbm_v2_climatology,8,3,cases_lag4,512.1739113330841,270
lgbm_v2_climatology,8,3,cases_lag5,284.9849715232849,270
lgbm_v2_climatology,8,3,cases_lag6,416.53663086891174,270
lgbm_v2_climatology,8,3,cases_lag7,146.09712052345276,270
lgbm_v2_climatology,8,3,cases_lag8,328.39634108543396,270
lgbm_v2_climatology,8,3,cases_lag9,372.98843240737915,270
lgbm_v2_climatology,8,3,cases_lag10,311.34835982322693,270
lgbm_v2_climatology,8,3,cases_lag11,429.1216993331909,270
lgbm_v2_climatology,8,3,cases_lag12,395.76793122291565,270
lgbm_v2_climatology,8,3,cases_mean4,1072.347920179367,270
lgbm_v2_climatology,8,3,cases_mean8,1093.2302720546722,270
lgbm_v2_climatology,8,3,cases_mean12,690.4626097679138,270
lgbm_v2_climatology,8,3,cases_max12,903.8786389827728,270
lgbm_v2_climatology,8,3,cases_diff1,25529.80822825432,270
lgbm_v2_climatology,8,3,cases_diff4,4762.738877058029,270
lgbm_v2_climatology,8,3,rain_roll4_lag4,542.4916520118713,270
lgbm_v2_climatology,8,3,rain_roll4_lag8,337.5188503265381,270
lgbm_v2_climatology,8,3,humid_roll4_lag4,355.24439001083374,270
lgbm_v2_climatology,8,3,humid_roll4_lag8,660.3572728633881,270
lgbm_v2_climatology,8,3,temp_roll4_lag4,502.0686321258545,270
lgbm_v2_climatology,8,3,temp_roll4_lag8,300.52376103401184,270
lgbm_v2_climatology,8,3,rain_roll12_lag12,380.30110025405884,270
lgbm_v2_climatology,8,3,neighbour_cases,1275.6723234653473,270
lgbm_v2_climatology,8,3,neighbour_diff4,1087.000560760498,270
lgbm_v2_climatology,8,3,national_cases,4499.436614513397,270
lgbm_v2_climatology,8,3,national_diff4,6523.595639228821,270
lgbm_v2_climatology,8,3,district,8875.835275888443,270
lgbm_v2_climatology,8,3,target_doy_sin,4373.325923204422,270
lgbm_v2_climatology,8,3,target_doy_cos,3728.414834022522,270
lgbm_v2,8,4,cases_log1p,15217.44431233406,229
lgbm_v2,8,4,rainfall_daily_mean_mm,312.09326124191284,229
lgbm_v2,8,4,rainy_days_frac,66.12317943572998,229
lgbm_v2,8,4,temperature_mean_c,864.0790898799896,229
lgbm_v2,8,4,diurnal_range_c,234.44316983222961,229
lgbm_v2,8,4,dewpoint_mean_c,565.0539345741272,229
lgbm_v2,8,4,relative_humidity_mean,800.2335877418518,229
lgbm_v2,8,4,wind_speed_mean,485.5347309112549,229
lgbm_v2,8,4,doy_sin,3625.0956439971924,229
lgbm_v2,8,4,doy_cos,2485.605942249298,229
lgbm_v2,8,4,weather_observed,0.0,229
lgbm_v2,8,4,case_observed,0.0,229
lgbm_v2,8,4,centroid_lat,501.73984241485596,229
lgbm_v2,8,4,centroid_lon,332.73727893829346,229
lgbm_v2,8,4,rainfall_daily_mean_mm_roll4,3527.110007286072,229
lgbm_v2,8,4,rainfall_daily_mean_mm_roll8,3723.7048144340515,229
lgbm_v2,8,4,rainfall_daily_mean_mm_roll12,338.83786177635193,229
lgbm_v2,8,4,temperature_mean_c_roll4,552.8194391727448,229
lgbm_v2,8,4,temperature_mean_c_roll8,651.3687381744385,229
lgbm_v2,8,4,temperature_mean_c_roll12,634.6527273654938,229
lgbm_v2,8,4,relative_humidity_mean_roll4,1243.660317659378,229
lgbm_v2,8,4,relative_humidity_mean_roll8,364.8930389881134,229
lgbm_v2,8,4,relative_humidity_mean_roll12,237.29917073249817,229
lgbm_v2,8,4,national_wave_rank,4510.981781959534,229
lgbm_v2,8,4,trailing_52_cumulative_cases,1997.8678345680237,229
lgbm_v2,8,4,cases_lag1,637.5876593589783,229
lgbm_v2,8,4,cases_lag2,1087.6911866664886,229
lgbm_v2,8,4,cases_lag3,449.2112407684326,229
lgbm_v2,8,4,cases_lag4,358.1082603931427,229
lgbm_v2,8,4,cases_lag5,315.21250104904175,229
lgbm_v2,8,4,cases_lag6,141.00328063964844,229
lgbm_v2,8,4,cases_lag7,181.60267972946167,229
lgbm_v2,8,4,cases_lag8,278.6363914012909,229
lgbm_v2,8,4,cases_lag9,188.26923942565918,229
lgbm_v2,8,4,cases_lag10,277.4845790863037,229
lgbm_v2,8,4,cases_lag11,189.72539019584656,229
lgbm_v2,8,4,cases_lag12,411.07906889915466,229
lgbm_v2,8,4,cases_mean4,871.4751102924347,229
lgbm_v2,8,4,cases_mean8,815.7365069389343,229
lgbm_v2,8,4,cases_mean12,1089.820541381836,229
lgbm_v2,8,4,cases_max12,1282.2113399505615,229
lgbm_v2,8,4,cases_diff1,24216.79994082451,229
lgbm_v2,8,4,cases_diff4,4139.239632368088,229
lgbm_v2,8,4,rain_roll4_lag4,372.6643617153168,229
lgbm_v2,8,4,rain_roll4_lag8,2257.7878172397614,229
lgbm_v2,8,4,humid_roll4_lag4,393.94248962402344,229
lgbm_v2,8,4,humid_roll4_lag8,3646.50750374794,229
lgbm_v2,8,4,temp_roll4_lag4,314.31301188468933,229
lgbm_v2,8,4,temp_roll4_lag8,604.1038415431976,229
lgbm_v2,8,4,rain_roll12_lag12,1057.8663203716278,229
lgbm_v2,8,4,neighbour_cases,1308.9546489715576,229
lgbm_v2,8,4,neighbour_diff4,776.4701583385468,229
lgbm_v2,8,4,national_cases,4176.197214126587,229
lgbm_v2,8,4,national_diff4,5735.618145465851,229
lgbm_v2,8,4,district,11666.097977638245,229
lgbm_v2,8,4,target_doy_sin,4460.659112691879,229
lgbm_v2,8,4,target_doy_cos,3693.7489919662476,229
lgbm_v2_noclimate,8,4,cases_log1p,15144.883278489113,425
lgbm_v2_noclimate,8,4,doy_sin,7281.729195356369,425
lgbm_v2_noclimate,8,4,doy_cos,5561.859185934067,425
lgbm_v2_noclimate,8,4,weather_observed,0.0,425
lgbm_v2_noclimate,8,4,case_observed,0.0,425
lgbm_v2_noclimate,8,4,centroid_lat,1107.2267451286316,425
lgbm_v2_noclimate,8,4,centroid_lon,940.8250657320023,425
lgbm_v2_noclimate,8,4,national_wave_rank,4177.69787812233,425
lgbm_v2_noclimate,8,4,trailing_52_cumulative_cases,3969.7000230550766,425
lgbm_v2_noclimate,8,4,cases_lag1,1576.3313723802567,425
lgbm_v2_noclimate,8,4,cases_lag2,1664.1781476736069,425
lgbm_v2_noclimate,8,4,cases_lag3,977.1801708936691,425
lgbm_v2_noclimate,8,4,cases_lag4,908.6016712188721,425
lgbm_v2_noclimate,8,4,cases_lag5,721.594230055809,425
lgbm_v2_noclimate,8,4,cases_lag6,499.49288165569305,425
lgbm_v2_noclimate,8,4,cases_lag7,607.65090072155,425
lgbm_v2_noclimate,8,4,cases_lag8,674.2627280950546,425
lgbm_v2_noclimate,8,4,cases_lag9,733.3931806087494,425
lgbm_v2_noclimate,8,4,cases_lag10,595.5737005472183,425
lgbm_v2_noclimate,8,4,cases_lag11,821.3219670057297,425
lgbm_v2_noclimate,8,4,cases_lag12,1047.1542078256607,425
lgbm_v2_noclimate,8,4,cases_mean4,1998.0448523759842,425
lgbm_v2_noclimate,8,4,cases_mean8,1133.4931691884995,425
lgbm_v2_noclimate,8,4,cases_mean12,1714.6623862981796,425
lgbm_v2_noclimate,8,4,cases_max12,2271.1201815605164,425
lgbm_v2_noclimate,8,4,cases_diff1,25672.525275826454,425
lgbm_v2_noclimate,8,4,cases_diff4,3933.936068058014,425
lgbm_v2_noclimate,8,4,neighbour_cases,3005.7505182027817,425
lgbm_v2_noclimate,8,4,neighbour_diff4,1817.293519616127,425
lgbm_v2_noclimate,8,4,national_cases,8841.718799471855,425
lgbm_v2_noclimate,8,4,national_diff4,9269.867400407791,425
lgbm_v2_noclimate,8,4,district,14584.74471461773,425
lgbm_v2_noclimate,8,4,target_doy_sin,7638.184223651886,425
lgbm_v2_noclimate,8,4,target_doy_cos,6875.759216547012,425
lgbm_v2_climatology,8,4,cases_log1p,15069.876854658127,271
lgbm_v2_climatology,8,4,rainfall_daily_mean_mm,2262.273908853531,271
lgbm_v2_climatology,8,4,rainy_days_frac,2365.20628285408,271
lgbm_v2_climatology,8,4,temperature_mean_c,608.7007293701172,271
lgbm_v2_climatology,8,4,diurnal_range_c,493.0823698043823,271
lgbm_v2_climatology,8,4,dewpoint_mean_c,529.6031606197357,271
lgbm_v2_climatology,8,4,relative_humidity_mean,648.8646993637085,271
lgbm_v2_climatology,8,4,wind_speed_mean,370.057288646698,271
lgbm_v2_climatology,8,4,doy_sin,4626.533168077469,271
lgbm_v2_climatology,8,4,doy_cos,2509.6630215644836,271
lgbm_v2_climatology,8,4,weather_observed,0.0,271
lgbm_v2_climatology,8,4,case_observed,0.0,271
lgbm_v2_climatology,8,4,centroid_lat,315.69422793388367,271
lgbm_v2_climatology,8,4,centroid_lon,255.73639965057373,271
lgbm_v2_climatology,8,4,rainfall_daily_mean_mm_roll4,1489.7212717533112,271
lgbm_v2_climatology,8,4,rainfall_daily_mean_mm_roll8,1230.1584870815277,271
lgbm_v2_climatology,8,4,rainfall_daily_mean_mm_roll12,418.797322511673,271
lgbm_v2_climatology,8,4,temperature_mean_c_roll4,653.9492745399475,271
lgbm_v2_climatology,8,4,temperature_mean_c_roll8,369.7442681789398,271
lgbm_v2_climatology,8,4,temperature_mean_c_roll12,500.8798131942749,271
lgbm_v2_climatology,8,4,relative_humidity_mean_roll4,405.22449946403503,271
lgbm_v2_climatology,8,4,relative_humidity_mean_roll8,274.3414001464844,271
lgbm_v2_climatology,8,4,relative_humidity_mean_roll12,376.286762714386,271
lgbm_v2_climatology,8,4,national_wave_rank,4312.333259344101,271
lgbm_v2_climatology,8,4,trailing_52_cumulative_cases,2443.7847611904144,271
lgbm_v2_climatology,8,4,cases_lag1,682.3982019424438,271
lgbm_v2_climatology,8,4,cases_lag2,1322.678278684616,271
lgbm_v2_climatology,8,4,cases_lag3,738.9594459533691,271
lgbm_v2_climatology,8,4,cases_lag4,613.2961990833282,271
lgbm_v2_climatology,8,4,cases_lag5,340.3621015548706,271
lgbm_v2_climatology,8,4,cases_lag6,189.46560049057007,271
lgbm_v2_climatology,8,4,cases_lag7,351.9485273361206,271
lgbm_v2_climatology,8,4,cases_lag8,354.60384035110474,271
lgbm_v2_climatology,8,4,cases_lag9,322.50662875175476,271
lgbm_v2_climatology,8,4,cases_lag10,341.4280400276184,271
lgbm_v2_climatology,8,4,cases_lag11,431.7503397464752,271
lgbm_v2_climatology,8,4,cases_lag12,645.5571188926697,271
lgbm_v2_climatology,8,4,cases_mean4,1146.7983326911926,271
lgbm_v2_climatology,8,4,cases_mean8,1025.3018279075623,271
lgbm_v2_climatology,8,4,cases_mean12,1280.563456773758,271
lgbm_v2_climatology,8,4,cases_max12,1489.4504554271698,271
lgbm_v2_climatology,8,4,cases_diff1,24585.717873334885,271
lgbm_v2_climatology,8,4,cases_diff4,4125.163328886032,271
lgbm_v2_climatology,8,4,rain_roll4_lag4,504.13300609588623,271
lgbm_v2_climatology,8,4,rain_roll4_lag8,642.6534020900726,271
lgbm_v2_climatology,8,4,humid_roll4_lag4,326.1710510253906,271
lgbm_v2_climatology,8,4,humid_roll4_lag8,703.369371175766,271
lgbm_v2_climatology,8,4,temp_roll4_lag4,583.8759119510651,271
lgbm_v2_climatology,8,4,temp_roll4_lag8,257.9286811351776,271
lgbm_v2_climatology,8,4,rain_roll12_lag12,642.3620393276215,271
lgbm_v2_climatology,8,4,neighbour_cases,1558.6212430000305,271
lgbm_v2_climatology,8,4,neighbour_diff4,1021.0278611183167,271
lgbm_v2_climatology,8,4,national_cases,6219.728019952774,271
lgbm_v2_climatology,8,4,national_diff4,7576.985855102539,271
lgbm_v2_climatology,8,4,district,11062.393537521362,271
lgbm_v2_climatology,8,4,target_doy_sin,5265.7672073841095,271
lgbm_v2_climatology,8,4,target_doy_cos,4616.692957162857,271
lgbm_v2,8,6,cases_log1p,29223.69857275486,414
lgbm_v2,8,6,rainfall_daily_mean_mm,794.7204514741898,414
lgbm_v2,8,6,rainy_days_frac,626.3757603168488,414
lgbm_v2,8,6,temperature_mean_c,1459.5948736667633,414
lgbm_v2,8,6,diurnal_range_c,758.7821805477142,414
lgbm_v2,8,6,dewpoint_mean_c,1328.4610841274261,414
lgbm_v2,8,6,relative_humidity_mean,935.0479319095612,414
lgbm_v2,8,6,wind_speed_mean,931.5029997825623,414
lgbm_v2,8,6,doy_sin,7445.821122407913,414
lgbm_v2,8,6,doy_cos,4537.268683671951,414
lgbm_v2,8,6,weather_observed,0.0,414
lgbm_v2,8,6,case_observed,0.0,414
lgbm_v2,8,6,centroid_lat,1004.5162832736969,414
lgbm_v2,8,6,centroid_lon,596.7550578117371,414
lgbm_v2,8,6,rainfall_daily_mean_mm_roll4,9209.713796973228,414
lgbm_v2,8,6,rainfall_daily_mean_mm_roll8,1729.8195040225983,414
lgbm_v2,8,6,rainfall_daily_mean_mm_roll12,789.713051199913,414
lgbm_v2,8,6,temperature_mean_c_roll4,1203.0844705104828,414
lgbm_v2,8,6,temperature_mean_c_roll8,952.1761212348938,414
lgbm_v2,8,6,temperature_mean_c_roll12,688.0849912166595,414
lgbm_v2,8,6,relative_humidity_mean_roll4,2011.2615005970001,414
lgbm_v2,8,6,relative_humidity_mean_roll8,523.2474284172058,414
lgbm_v2,8,6,relative_humidity_mean_roll12,665.9828283786774,414
lgbm_v2,8,6,national_wave_rank,5637.92583823204,414
lgbm_v2,8,6,trailing_52_cumulative_cases,3676.7886896133423,414
lgbm_v2,8,6,cases_lag1,842.4762655496597,414
lgbm_v2,8,6,cases_lag2,946.6978712081909,414
lgbm_v2,8,6,cases_lag3,893.6302636861801,414
lgbm_v2,8,6,cases_lag4,668.0996630191803,414
lgbm_v2,8,6,cases_lag5,352.98716950416565,414
lgbm_v2,8,6,cases_lag6,424.51655864715576,414
lgbm_v2,8,6,cases_lag7,404.77986192703247,414
lgbm_v2,8,6,cases_lag8,413.82416820526123,414
lgbm_v2,8,6,cases_lag9,513.4407114982605,414
lgbm_v2,8,6,cases_lag10,850.1007213592529,414
lgbm_v2,8,6,cases_lag11,629.1648893356323,414
lgbm_v2,8,6,cases_lag12,1133.9811706542969,414
lgbm_v2,8,6,cases_mean4,1240.8757781982422,414
lgbm_v2,8,6,cases_mean8,905.0334520339966,414
lgbm_v2,8,6,cases_mean12,1523.5697932243347,414
lgbm_v2,8,6,cases_max12,3007.351797103882,414
lgbm_v2,8,6,cases_diff1,16451.11433339119,414
lgbm_v2,8,6,cases_diff4,4770.40898835659,414
lgbm_v2,8,6,rain_roll4_lag4,1369.2623703479767,414
lgbm_v2,8,6,rain_roll4_lag8,4841.20852804184,414
lgbm_v2,8,6,humid_roll4_lag4,929.4000353813171,414
lgbm_v2,8,6,humid_roll4_lag8,6316.475371837616,414
lgbm_v2,8,6,temp_roll4_lag4,1095.038575410843,414
lgbm_v2,8,6,temp_roll4_lag8,1440.8060176372528,414
lgbm_v2,8,6,rain_roll12_lag12,2152.4124106168747,414
lgbm_v2,8,6,neighbour_cases,2819.739244699478,414
lgbm_v2,8,6,neighbour_diff4,920.559488773346,414
lgbm_v2,8,6,national_cases,7965.190845251083,414
lgbm_v2,8,6,national_diff4,8185.432344794273,414
lgbm_v2,8,6,district,21255.07989358902,414
lgbm_v2,8,6,target_doy_sin,7014.612121939659,414
lgbm_v2,8,6,target_doy_cos,7053.483270645142,414
lgbm_v2_noclimate,8,6,cases_log1p,29367.733756661415,391
lgbm_v2_noclimate,8,6,doy_sin,10552.670795321465,391
lgbm_v2_noclimate,8,6,doy_cos,6969.760645866394,391
lgbm_v2_noclimate,8,6,weather_observed,0.0,391
lgbm_v2_noclimate,8,6,case_observed,0.0,391
lgbm_v2_noclimate,8,6,centroid_lat,2154.416580915451,391
lgbm_v2_noclimate,8,6,centroid_lon,1250.8807079792023,391
lgbm_v2_noclimate,8,6,national_wave_rank,5175.071207404137,391
lgbm_v2_noclimate,8,6,trailing_52_cumulative_cases,6149.63285946846,391
lgbm_v2_noclimate,8,6,cases_lag1,1491.9469465017319,391
lgbm_v2_noclimate,8,6,cases_lag2,1096.8010685443878,391
lgbm_v2_noclimate,8,6,cases_lag3,999.8290966749191,391
lgbm_v2_noclimate,8,6,cases_lag4,762.0901935100555,391
lgbm_v2_noclimate,8,6,cases_lag5,401.9654290676117,391
lgbm_v2_noclimate,8,6,cases_lag6,667.8703314065933,391
lgbm_v2_noclimate,8,6,cases_lag7,404.1643897294998,391
lgbm_v2_noclimate,8,6,cases_lag8,605.1946907043457,391
lgbm_v2_noclimate,8,6,cases_lag9,935.9483528137207,391
lgbm_v2_noclimate,8,6,cases_lag10,1017.8901307582855,391
lgbm_v2_noclimate,8,6,cases_lag11,983.8975496292114,391
lgbm_v2_noclimate,8,6,cases_lag12,1327.7555702924728,391
lgbm_v2_noclimate,8,6,cases_mean4,1434.4578784704208,391
lgbm_v2_noclimate,8,6,cases_mean8,1216.9947686195374,391
lgbm_v2_noclimate,8,6,cases_mean12,1759.465703010559,391
lgbm_v2_noclimate,8,6,cases_max12,3817.6552366018295,391
lgbm_v2_noclimate,8,6,cases_diff1,16844.729088187218,391
lgbm_v2_noclimate,8,6,cases_diff4,4883.88893866539,391
lgbm_v2_noclimate,8,6,neighbour_cases,3321.9430000782013,391
lgbm_v2_noclimate,8,6,neighbour_diff4,1474.6093003749847,391
lgbm_v2_noclimate,8,6,national_cases,12894.018133044243,391
lgbm_v2_noclimate,8,6,national_diff4,11543.115615844727,391
lgbm_v2_noclimate,8,6,district,21899.964935302734,391
lgbm_v2_noclimate,8,6,target_doy_sin,11490.65594112873,391
lgbm_v2_noclimate,8,6,target_doy_cos,10785.057333946228,391
lgbm_v2_climatology,8,6,cases_log1p,30072.28922009468,434
lgbm_v2_climatology,8,6,rainfall_daily_mean_mm,2018.3235745429993,434
lgbm_v2_climatology,8,6,rainy_days_frac,5230.145859956741,434
lgbm_v2_climatology,8,6,temperature_mean_c,1274.5200293064117,434
lgbm_v2_climatology,8,6,diurnal_range_c,751.4576412439346,434
lgbm_v2_climatology,8,6,dewpoint_mean_c,877.621090888977,434
lgbm_v2_climatology,8,6,relative_humidity_mean,684.1079714298248,434
lgbm_v2_climatology,8,6,wind_speed_mean,627.1563414335251,434
lgbm_v2_climatology,8,6,doy_sin,9197.793383002281,434
lgbm_v2_climatology,8,6,doy_cos,4886.443012356758,434
lgbm_v2_climatology,8,6,weather_observed,0.0,434
lgbm_v2_climatology,8,6,case_observed,0.0,434
lgbm_v2_climatology,8,6,centroid_lat,542.4561128616333,434
lgbm_v2_climatology,8,6,centroid_lon,582.6381125450134,434
lgbm_v2_climatology,8,6,rainfall_daily_mean_mm_roll4,2842.3832392692566,434
lgbm_v2_climatology,8,6,rainfall_daily_mean_mm_roll8,1292.5543402433395,434
lgbm_v2_climatology,8,6,rainfall_daily_mean_mm_roll12,598.1245973110199,434
lgbm_v2_climatology,8,6,temperature_mean_c_roll4,960.4458911418915,434
lgbm_v2_climatology,8,6,temperature_mean_c_roll8,665.2729291915894,434
lgbm_v2_climatology,8,6,temperature_mean_c_roll12,385.40988874435425,434
lgbm_v2_climatology,8,6,relative_humidity_mean_roll4,462.0830204486847,434
lgbm_v2_climatology,8,6,relative_humidity_mean_roll8,300.4315502643585,434
lgbm_v2_climatology,8,6,relative_humidity_mean_roll12,436.181139588356,434
lgbm_v2_climatology,8,6,national_wave_rank,5525.976954817772,434
lgbm_v2_climatology,8,6,trailing_52_cumulative_cases,4746.280645489693,434
lgbm_v2_climatology,8,6,cases_lag1,1012.4953966140747,434
lgbm_v2_climatology,8,6,cases_lag2,922.9901775121689,434
lgbm_v2_climatology,8,6,cases_lag3,987.4226508140564,434
lgbm_v2_climatology,8,6,cases_lag4,763.8999372720718,434
lgbm_v2_climatology,8,6,cases_lag5,347.33531165122986,434
lgbm_v2_climatology,8,6,cases_lag6,655.9806411266327,434
lgbm_v2_climatology,8,6,cases_lag7,599.0696201324463,434
lgbm_v2_climatology,8,6,cases_lag8,508.93356025218964,434
lgbm_v2_climatology,8,6,cases_lag9,632.3701839447021,434
lgbm_v2_climatology,8,6,cases_lag10,1008.5286419391632,434
lgbm_v2_climatology,8,6,cases_lag11,987.7816091775894,434
lgbm_v2_climatology,8,6,cases_lag12,1159.5653210878372,434
lgbm_v2_climatology,8,6,cases_mean4,1394.1783447265625,434
lgbm_v2_climatology,8,6,cases_mean8,1185.9703184366226,434
lgbm_v2_climatology,8,6,cases_mean12,1939.454149723053,434
lgbm_v2_climatology,8,6,cases_max12,3961.181459903717,434
lgbm_v2_climatology,8,6,cases_diff1,16109.530237078667,434
lgbm_v2_climatology,8,6,cases_diff4,4741.233110666275,434
lgbm_v2_climatology,8,6,rain_roll4_lag4,647.4136375188828,434
lgbm_v2_climatology,8,6,rain_roll4_lag8,928.3020794391632,434
lgbm_v2_climatology,8,6,humid_roll4_lag4,472.4143798351288,434
lgbm_v2_climatology,8,6,humid_roll4_lag8,1422.912985444069,434
lgbm_v2_climatology,8,6,temp_roll4_lag4,927.5381042957306,434
lgbm_v2_climatology,8,6,temp_roll4_lag8,688.1129330396652,434
lgbm_v2_climatology,8,6,rain_roll12_lag12,838.2463980913162,434
lgbm_v2_climatology,8,6,neighbour_cases,3075.45450091362,434
lgbm_v2_climatology,8,6,neighbour_diff4,1118.2462772130966,434
lgbm_v2_climatology,8,6,national_cases,12070.462209224701,434
lgbm_v2_climatology,8,6,national_diff4,11416.967319011688,434
lgbm_v2_climatology,8,6,district,19521.568767666817,434
lgbm_v2_climatology,8,6,target_doy_sin,8586.881903886795,434
lgbm_v2_climatology,8,6,target_doy_cos,7200.989279389381,434
lgbm_v2,8,8,cases_log1p,39900.001828193665,159
lgbm_v2,8,8,rainfall_daily_mean_mm,1395.8205151557922,159
lgbm_v2,8,8,rainy_days_frac,1466.1904516220093,159
lgbm_v2,8,8,temperature_mean_c,1089.9155988693237,159
lgbm_v2,8,8,diurnal_range_c,173.94820880889893,159
lgbm_v2,8,8,dewpoint_mean_c,873.1434006690979,159
lgbm_v2,8,8,relative_humidity_mean,840.4834914207458,159
lgbm_v2,8,8,wind_speed_mean,618.6881747245789,159
lgbm_v2,8,8,doy_sin,4944.625927448273,159
lgbm_v2,8,8,doy_cos,5227.865558624268,159
lgbm_v2,8,8,weather_observed,0.0,159
lgbm_v2,8,8,case_observed,0.0,159
lgbm_v2,8,8,centroid_lat,2129.242227077484,159
lgbm_v2,8,8,centroid_lon,821.9203109741211,159
lgbm_v2,8,8,rainfall_daily_mean_mm_roll4,8762.126143932343,159
lgbm_v2,8,8,rainfall_daily_mean_mm_roll8,319.9490866661072,159
lgbm_v2,8,8,rainfall_daily_mean_mm_roll12,422.41880226135254,159
lgbm_v2,8,8,temperature_mean_c_roll4,568.6022605895996,159
lgbm_v2,8,8,temperature_mean_c_roll8,459.71880626678467,159
lgbm_v2,8,8,temperature_mean_c_roll12,193.00360202789307,159
lgbm_v2,8,8,relative_humidity_mean_roll4,666.709789276123,159
lgbm_v2,8,8,relative_humidity_mean_roll8,448.1202597618103,159
lgbm_v2,8,8,relative_humidity_mean_roll12,716.6159400939941,159
lgbm_v2,8,8,national_wave_rank,5770.59481716156,159
lgbm_v2,8,8,trailing_52_cumulative_cases,2834.0992517471313,159
lgbm_v2,8,8,cases_lag1,318.80521965026855,159
lgbm_v2,8,8,cases_lag2,311.9344825744629,159
lgbm_v2,8,8,cases_lag3,171.1746997833252,159
lgbm_v2,8,8,cases_lag4,302.4981713294983,159
lgbm_v2,8,8,cases_lag5,252.10487270355225,159
lgbm_v2,8,8,cases_lag6,186.2108907699585,159
lgbm_v2,8,8,cases_lag7,278.2880425453186,159
lgbm_v2,8,8,cases_lag8,453.872275352478,159
lgbm_v2,8,8,cases_lag9,126.33032035827637,159
lgbm_v2,8,8,cases_lag10,175.52879858016968,159
lgbm_v2,8,8,cases_lag11,395.7291383743286,159
lgbm_v2,8,8,cases_lag12,330.8522081375122,159
lgbm_v2,8,8,cases_mean4,314.16716957092285,159
lgbm_v2,8,8,cases_mean8,732.0672688484192,159
lgbm_v2,8,8,cases_mean12,1350.566954612732,159
lgbm_v2,8,8,cases_max12,3103.9817728996277,159
lgbm_v2,8,8,cases_diff1,15350.447824954987,159
lgbm_v2,8,8,cases_diff4,4922.096490859985,159
lgbm_v2,8,8,rain_roll4_lag4,708.0252137184143,159
lgbm_v2,8,8,rain_roll4_lag8,5746.370666503906,159
lgbm_v2,8,8,humid_roll4_lag4,1136.298747062683,159
lgbm_v2,8,8,humid_roll4_lag8,6515.772864818573,159
lgbm_v2,8,8,temp_roll4_lag4,942.772310256958,159
lgbm_v2,8,8,temp_roll4_lag8,1208.4720706939697,159
lgbm_v2,8,8,rain_roll12_lag12,1518.807508468628,159
lgbm_v2,8,8,neighbour_cases,1491.5347065925598,159
lgbm_v2,8,8,neighbour_diff4,396.12298011779785,159
lgbm_v2,8,8,national_cases,8795.418664932251,159
lgbm_v2,8,8,national_diff4,4943.98076581955,159
lgbm_v2,8,8,district,24534.776192188263,159
lgbm_v2,8,8,target_doy_sin,10749.518664836884,159
lgbm_v2,8,8,target_doy_cos,8258.490262508392,159
lgbm_v2_noclimate,8,8,cases_log1p,38888.33114528656,142
lgbm_v2_noclimate,8,8,doy_sin,8859.759626865387,142
lgbm_v2_noclimate,8,8,doy_cos,6499.308502197266,142
lgbm_v2_noclimate,8,8,weather_observed,0.0,142
lgbm_v2_noclimate,8,8,case_observed,0.0,142
lgbm_v2_noclimate,8,8,centroid_lat,2510.1914200782776,142
lgbm_v2_noclimate,8,8,centroid_lon,1276.8684825897217,142
lgbm_v2_noclimate,8,8,national_wave_rank,5195.615184783936,142
lgbm_v2_noclimate,8,8,trailing_52_cumulative_cases,3745.6145873069763,142
lgbm_v2_noclimate,8,8,cases_lag1,413.08617210388184,142
lgbm_v2_noclimate,8,8,cases_lag2,245.27103233337402,142
lgbm_v2_noclimate,8,8,cases_lag3,165.01028966903687,142
lgbm_v2_noclimate,8,8,cases_lag4,148.15047073364258,142
lgbm_v2_noclimate,8,8,cases_lag5,447.7467784881592,142
lgbm_v2_noclimate,8,8,cases_lag6,229.0170373916626,142
lgbm_v2_noclimate,8,8,cases_lag7,287.16642665863037,142
lgbm_v2_noclimate,8,8,cases_lag8,629.4523086547852,142
lgbm_v2_noclimate,8,8,cases_lag9,454.62560844421387,142
lgbm_v2_noclimate,8,8,cases_lag10,628.9065227508545,142
lgbm_v2_noclimate,8,8,cases_lag11,353.40196800231934,142
lgbm_v2_noclimate,8,8,cases_lag12,746.7643518447876,142
lgbm_v2_noclimate,8,8,cases_mean4,1146.7208890914917,142
lgbm_v2_noclimate,8,8,cases_mean8,638.0274724960327,142
lgbm_v2_noclimate,8,8,cases_mean12,1802.6231880187988,142
lgbm_v2_noclimate,8,8,cases_max12,4072.468635082245,142
lgbm_v2_noclimate,8,8,cases_diff1,15921.73429775238,142
lgbm_v2_noclimate,8,8,cases_diff4,4161.043493747711,142
lgbm_v2_noclimate,8,8,neighbour_cases,1854.704029083252,142
lgbm_v2_noclimate,8,8,neighbour_diff4,560.2341494560242,142
lgbm_v2_noclimate,8,8,national_cases,12357.61073255539,142
lgbm_v2_noclimate,8,8,national_diff4,6415.310658454895,142
lgbm_v2_noclimate,8,8,district,25544.32469177246,142
lgbm_v2_noclimate,8,8,target_doy_sin,15965.721896648407,142
lgbm_v2_noclimate,8,8,target_doy_cos,11746.025680065155,142
lgbm_v2_climatology,8,8,cases_log1p,40386.22869157791,165
lgbm_v2_climatology,8,8,rainfall_daily_mean_mm,1955.8327116966248,165
lgbm_v2_climatology,8,8,rainy_days_frac,8806.818991661072,165
lgbm_v2_climatology,8,8,temperature_mean_c,1405.655116558075,165
lgbm_v2_climatology,8,8,diurnal_range_c,680.9166131019592,165
lgbm_v2_climatology,8,8,dewpoint_mean_c,567.1909384727478,165
lgbm_v2_climatology,8,8,relative_humidity_mean,327.54064750671387,165
lgbm_v2_climatology,8,8,wind_speed_mean,358.4976625442505,165
lgbm_v2_climatology,8,8,doy_sin,8528.88383436203,165
lgbm_v2_climatology,8,8,doy_cos,6361.304561138153,165
lgbm_v2_climatology,8,8,weather_observed,0.0,165
lgbm_v2_climatology,8,8,case_observed,0.0,165
lgbm_v2_climatology,8,8,centroid_lat,925.447226524353,165
lgbm_v2_climatology,8,8,centroid_lon,685.8485751152039,165
lgbm_v2_climatology,8,8,rainfall_daily_mean_mm_roll4,1572.9735622406006,165
lgbm_v2_climatology,8,8,rainfall_daily_mean_mm_roll8,562.9425683021545,165
lgbm_v2_climatology,8,8,rainfall_daily_mean_mm_roll12,101.74568796157837,165
lgbm_v2_climatology,8,8,temperature_mean_c_roll4,658.5637741088867,165
lgbm_v2_climatology,8,8,temperature_mean_c_roll8,349.95629835128784,165
lgbm_v2_climatology,8,8,temperature_mean_c_roll12,228.03983068466187,165
lgbm_v2_climatology,8,8,relative_humidity_mean_roll4,224.67732954025269,165
lgbm_v2_climatology,8,8,relative_humidity_mean_roll8,162.69364023208618,165
lgbm_v2_climatology,8,8,relative_humidity_mean_roll12,349.1275701522827,165
lgbm_v2_climatology,8,8,national_wave_rank,5800.387724399567,165
lgbm_v2_climatology,8,8,trailing_52_cumulative_cases,4064.3858494758606,165
lgbm_v2_climatology,8,8,cases_lag1,437.6385474205017,165
lgbm_v2_climatology,8,8,cases_lag2,212.7274785041809,165
lgbm_v2_climatology,8,8,cases_lag3,132.55680084228516,165
lgbm_v2_climatology,8,8,cases_lag4,263.2168788909912,165
lgbm_v2_climatology,8,8,cases_lag5,75.06517028808594,165
lgbm_v2_climatology,8,8,cases_lag6,366.4696002006531,165
lgbm_v2_climatology,8,8,cases_lag7,409.4449191093445,165
lgbm_v2_climatology,8,8,cases_lag8,623.7687497138977,165
lgbm_v2_climatology,8,8,cases_lag9,274.9510278701782,165
lgbm_v2_climatology,8,8,cases_lag10,298.47773790359497,165
lgbm_v2_climatology,8,8,cases_lag11,407.90786933898926,165
lgbm_v2_climatology,8,8,cases_lag12,772.8043341636658,165
lgbm_v2_climatology,8,8,cases_mean4,828.6598033905029,165
lgbm_v2_climatology,8,8,cases_mean8,1088.6901936531067,165
lgbm_v2_climatology,8,8,cases_mean12,1559.6699776649475,165
lgbm_v2_climatology,8,8,cases_max12,3594.1866788864136,165
lgbm_v2_climatology,8,8,cases_diff1,14684.638460636139,165
lgbm_v2_climatology,8,8,cases_diff4,4535.034752845764,165
lgbm_v2_climatology,8,8,rain_roll4_lag4,222.52915906906128,165
lgbm_v2_climatology,8,8,rain_roll4_lag8,1263.9467339515686,165
lgbm_v2_climatology,8,8,humid_roll4_lag4,277.1068572998047,165
lgbm_v2_climatology,8,8,humid_roll4_lag8,703.459210395813,165
lgbm_v2_climatology,8,8,temp_roll4_lag4,271.2324719429016,165
lgbm_v2_climatology,8,8,temp_roll4_lag8,683.4999194145203,165
lgbm_v2_climatology,8,8,rain_roll12_lag12,244.30147123336792,165
lgbm_v2_climatology,8,8,neighbour_cases,1442.6728730201721,165
lgbm_v2_climatology,8,8,neighbour_diff4,403.9303331375122,165
lgbm_v2_climatology,8,8,national_cases,13454.672251224518,165
lgbm_v2_climatology,8,8,national_diff4,7605.375658988953,165
lgbm_v2_climatology,8,8,district,22953.403886318207,165
lgbm_v2_climatology,8,8,target_doy_sin,11515.067005634308,165
lgbm_v2_climatology,8,8,target_doy_cos,7212.232736110687,165
lgbm_v2,8,10,cases_log1p,54152.98463010788,227
lgbm_v2,8,10,rainfall_daily_mean_mm,1862.0169739723206,227
lgbm_v2,8,10,rainy_days_frac,1010.3443083763123,227
lgbm_v2,8,10,temperature_mean_c,1615.1492056846619,227
lgbm_v2,8,10,diurnal_range_c,400.6160111427307,227
lgbm_v2,8,10,dewpoint_mean_c,874.9790477752686,227
lgbm_v2,8,10,relative_humidity_mean,1122.9124703407288,227
lgbm_v2,8,10,wind_speed_mean,1458.7531752586365,227
lgbm_v2,8,10,doy_sin,7414.279688358307,227
lgbm_v2,8,10,doy_cos,7761.858066558838,227
lgbm_v2,8,10,weather_observed,0.0,227
lgbm_v2,8,10,case_observed,0.0,227
lgbm_v2,8,10,centroid_lat,2582.1401901245117,227
lgbm_v2,8,10,centroid_lon,868.1653952598572,227
lgbm_v2,8,10,rainfall_daily_mean_mm_roll4,3804.461278438568,227
lgbm_v2,8,10,rainfall_daily_mean_mm_roll8,677.005672454834,227
lgbm_v2,8,10,rainfall_daily_mean_mm_roll12,1216.5644736289978,227
lgbm_v2,8,10,temperature_mean_c_roll4,1014.0163140296936,227
lgbm_v2,8,10,temperature_mean_c_roll8,658.0630307197571,227
lgbm_v2,8,10,temperature_mean_c_roll12,493.0173149108887,227
lgbm_v2,8,10,relative_humidity_mean_roll4,676.3358702659607,227
lgbm_v2,8,10,relative_humidity_mean_roll8,770.1280999183655,227
lgbm_v2,8,10,relative_humidity_mean_roll12,1546.7051854133606,227
lgbm_v2,8,10,national_wave_rank,6701.201261997223,227
lgbm_v2,8,10,trailing_52_cumulative_cases,5822.405840396881,227
lgbm_v2,8,10,cases_lag1,335.51765155792236,227
lgbm_v2,8,10,cases_lag2,911.8130941390991,227
lgbm_v2,8,10,cases_lag3,142.33576822280884,227
lgbm_v2,8,10,cases_lag4,174.4106206893921,227
lgbm_v2,8,10,cases_lag5,183.7181510925293,227
lgbm_v2,8,10,cases_lag6,148.52329969406128,227
lgbm_v2,8,10,cases_lag7,227.900249004364,227
lgbm_v2,8,10,cases_lag8,263.5158700942993,227
lgbm_v2,8,10,cases_lag9,226.35713148117065,227
lgbm_v2,8,10,cases_lag10,253.56343793869019,227
lgbm_v2,8,10,cases_lag11,583.164345741272,227
lgbm_v2,8,10,cases_lag12,1303.0407962799072,227
lgbm_v2,8,10,cases_mean4,679.8492951393127,227
lgbm_v2,8,10,cases_mean8,1021.1480894088745,227
lgbm_v2,8,10,cases_mean12,3079.309142112732,227
lgbm_v2,8,10,cases_max12,4658.7859535217285,227
lgbm_v2,8,10,cases_diff1,12463.810779094696,227
lgbm_v2,8,10,cases_diff4,4595.145916461945,227
lgbm_v2,8,10,rain_roll4_lag4,1834.9057216644287,227
lgbm_v2,8,10,rain_roll4_lag8,6619.6738929748535,227
lgbm_v2,8,10,humid_roll4_lag4,3019.739493370056,227
lgbm_v2,8,10,humid_roll4_lag8,6675.966154575348,227
lgbm_v2,8,10,temp_roll4_lag4,1267.6329526901245,227
lgbm_v2,8,10,temp_roll4_lag8,2352.2888774871826,227
lgbm_v2,8,10,rain_roll12_lag12,2976.903793334961,227
lgbm_v2,8,10,neighbour_cases,2353.7032918930054,227
lgbm_v2,8,10,neighbour_diff4,575.7248487472534,227
lgbm_v2,8,10,national_cases,14930.06017255783,227
lgbm_v2,8,10,national_diff4,5741.619425296783,227
lgbm_v2,8,10,district,33902.31592321396,227
lgbm_v2,8,10,target_doy_sin,16336.871911525726,227
lgbm_v2,8,10,target_doy_cos,9801.566418170929,227
lgbm_v2_noclimate,8,10,cases_log1p,53170.48136091232,159
lgbm_v2_noclimate,8,10,doy_sin,11726.643744945526,159
lgbm_v2_noclimate,8,10,doy_cos,7502.725772857666,159
lgbm_v2_noclimate,8,10,weather_observed,0.0,159
lgbm_v2_noclimate,8,10,case_observed,0.0,159
lgbm_v2_noclimate,8,10,centroid_lat,3481.3919377326965,159
lgbm_v2_noclimate,8,10,centroid_lon,1197.2001791000366,159
lgbm_v2_noclimate,8,10,national_wave_rank,6215.315537929535,159
lgbm_v2_noclimate,8,10,trailing_52_cumulative_cases,6301.650657176971,159
lgbm_v2_noclimate,8,10,cases_lag1,549.8226375579834,159
lgbm_v2_noclimate,8,10,cases_lag2,663.9471306800842,159
lgbm_v2_noclimate,8,10,cases_lag3,202.70158052444458,159
lgbm_v2_noclimate,8,10,cases_lag4,120.048659324646,159
lgbm_v2_noclimate,8,10,cases_lag5,276.13916969299316,159
lgbm_v2_noclimate,8,10,cases_lag6,242.54600715637207,159
lgbm_v2_noclimate,8,10,cases_lag7,261.16779041290283,159
lgbm_v2_noclimate,8,10,cases_lag8,271.93669414520264,159
lgbm_v2_noclimate,8,10,cases_lag9,258.4749298095703,159
lgbm_v2_noclimate,8,10,cases_lag10,556.0250201225281,159
lgbm_v2_noclimate,8,10,cases_lag11,413.883939743042,159
lgbm_v2_noclimate,8,10,cases_lag12,1200.6140642166138,159
lgbm_v2_noclimate,8,10,cases_mean4,1158.9904356002808,159
lgbm_v2_noclimate,8,10,cases_mean8,859.2174005508423,159
lgbm_v2_noclimate,8,10,cases_mean12,2990.6142077445984,159
lgbm_v2_noclimate,8,10,cases_max12,5587.036723613739,159
lgbm_v2_noclimate,8,10,cases_diff1,12953.959717273712,159
lgbm_v2_noclimate,8,10,cases_diff4,3437.1699619293213,159
lgbm_v2_noclimate,8,10,neighbour_cases,2069.183614730835,159
lgbm_v2_noclimate,8,10,neighbour_diff4,779.9671010971069,159
lgbm_v2_noclimate,8,10,national_cases,17303.084041118622,159
lgbm_v2_noclimate,8,10,national_diff4,7718.7787709236145,159
lgbm_v2_noclimate,8,10,district,32341.38718366623,159
lgbm_v2_noclimate,8,10,target_doy_sin,20071.23309993744,159
lgbm_v2_noclimate,8,10,target_doy_cos,13785.807287216187,159
lgbm_v2_climatology,8,10,cases_log1p,55046.87493157387,338
lgbm_v2_climatology,8,10,rainfall_daily_mean_mm,1391.3638598918915,338
lgbm_v2_climatology,8,10,rainy_days_frac,8894.915721178055,338
lgbm_v2_climatology,8,10,temperature_mean_c,2759.614750623703,338
lgbm_v2_climatology,8,10,diurnal_range_c,1049.9473037719727,338
lgbm_v2_climatology,8,10,dewpoint_mean_c,748.3650619983673,338
lgbm_v2_climatology,8,10,relative_humidity_mean,742.2784910202026,338
lgbm_v2_climatology,8,10,wind_speed_mean,465.04544043540955,338
lgbm_v2_climatology,8,10,doy_sin,12690.00518321991,338
lgbm_v2_climatology,8,10,doy_cos,9569.562054634094,338
lgbm_v2_climatology,8,10,weather_observed,0.0,338
lgbm_v2_climatology,8,10,case_observed,0.0,338
lgbm_v2_climatology,8,10,centroid_lat,1558.3414497375488,338
lgbm_v2_climatology,8,10,centroid_lon,1334.6172642707825,338
lgbm_v2_climatology,8,10,rainfall_daily_mean_mm_roll4,1971.8033652305603,338
lgbm_v2_climatology,8,10,rainfall_daily_mean_mm_roll8,544.218141078949,338
lgbm_v2_climatology,8,10,rainfall_daily_mean_mm_roll12,407.4954013824463,338
lgbm_v2_climatology,8,10,temperature_mean_c_roll4,1139.6370613574982,338
lgbm_v2_climatology,8,10,temperature_mean_c_roll8,672.4888601303101,338
lgbm_v2_climatology,8,10,temperature_mean_c_roll12,349.4141788482666,338
lgbm_v2_climatology,8,10,relative_humidity_mean_roll4,333.6193697452545,338
lgbm_v2_climatology,8,10,relative_humidity_mean_roll8,384.678617477417,338
lgbm_v2_climatology,8,10,relative_humidity_mean_roll12,500.4558222293854,338
lgbm_v2_climatology,8,10,national_wave_rank,6660.874046564102,338
lgbm_v2_climatology,8,10,trailing_52_cumulative_cases,8143.5479102134705,338
lgbm_v2_climatology,8,10,cases_lag1,714.7877230644226,338
lgbm_v2_climatology,8,10,cases_lag2,1074.5862987041473,338
lgbm_v2_climatology,8,10,cases_lag3,470.1974546909332,338
lgbm_v2_climatology,8,10,cases_lag4,546.8816292285919,338
lgbm_v2_climatology,8,10,cases_lag5,703.3252940177917,338
lgbm_v2_climatology,8,10,cases_lag6,434.72879695892334,338
lgbm_v2_climatology,8,10,cases_lag7,311.59050989151,338
lgbm_v2_climatology,8,10,cases_lag8,461.6742923259735,338
lgbm_v2_climatology,8,10,cases_lag9,566.1027092933655,338
lgbm_v2_climatology,8,10,cases_lag10,492.3674576282501,338
lgbm_v2_climatology,8,10,cases_lag11,1047.0539281368256,338
lgbm_v2_climatology,8,10,cases_lag12,1670.7914605140686,338
lgbm_v2_climatology,8,10,cases_mean4,1113.9031538963318,338
lgbm_v2_climatology,8,10,cases_mean8,1942.3167679309845,338
lgbm_v2_climatology,8,10,cases_mean12,2953.114974975586,338
lgbm_v2_climatology,8,10,cases_max12,6288.087138414383,338
lgbm_v2_climatology,8,10,cases_diff1,11867.25286412239,338
lgbm_v2_climatology,8,10,cases_diff4,4703.807929754257,338
lgbm_v2_climatology,8,10,rain_roll4_lag4,475.93431997299194,338
lgbm_v2_climatology,8,10,rain_roll4_lag8,968.8265378475189,338
lgbm_v2_climatology,8,10,humid_roll4_lag4,909.0853946208954,338
lgbm_v2_climatology,8,10,humid_roll4_lag8,1212.4546546936035,338
lgbm_v2_climatology,8,10,temp_roll4_lag4,491.33293414115906,338
lgbm_v2_climatology,8,10,temp_roll4_lag8,1142.5006310939789,338
lgbm_v2_climatology,8,10,rain_roll12_lag12,909.0071358680725,338
lgbm_v2_climatology,8,10,neighbour_cases,2644.219005584717,338
lgbm_v2_climatology,8,10,neighbour_diff4,936.4719429016113,338
lgbm_v2_climatology,8,10,national_cases,21995.723763227463,338
lgbm_v2_climatology,8,10,national_diff4,10913.26518034935,338
lgbm_v2_climatology,8,10,district,32458.98864030838,338
lgbm_v2_climatology,8,10,target_doy_sin,20638.85826230049,338
lgbm_v2_climatology,8,10,target_doy_cos,8904.456575632095,338
lgbm_v2,8,12,cases_log1p,63812.35785031319,335
lgbm_v2,8,12,rainfall_daily_mean_mm,1357.9534130096436,335
lgbm_v2,8,12,rainy_days_frac,309.7624554634094,335
lgbm_v2,8,12,temperature_mean_c,1784.3809497356415,335
lgbm_v2,8,12,diurnal_range_c,537.8810591697693,335
lgbm_v2,8,12,dewpoint_mean_c,1078.7766749858856,335
lgbm_v2,8,12,relative_humidity_mean,764.6412882804871,335
lgbm_v2,8,12,wind_speed_mean,2122.825179576874,335
lgbm_v2,8,12,doy_sin,7735.816250801086,335
lgbm_v2,8,12,doy_cos,9192.560141801834,335
lgbm_v2,8,12,weather_observed,0.0,335
lgbm_v2,8,12,case_observed,0.0,335
lgbm_v2,8,12,centroid_lat,3796.6788001060486,335
lgbm_v2,8,12,centroid_lon,2186.3681597709656,335
lgbm_v2,8,12,rainfall_daily_mean_mm_roll4,2234.346227645874,335
lgbm_v2,8,12,rainfall_daily_mean_mm_roll8,1194.9376826286316,335
lgbm_v2,8,12,rainfall_daily_mean_mm_roll12,2255.4881525039673,335
lgbm_v2,8,12,temperature_mean_c_roll4,1562.5654745101929,335
lgbm_v2,8,12,temperature_mean_c_roll8,1065.8632080554962,335
lgbm_v2,8,12,temperature_mean_c_roll12,823.0490412712097,335
lgbm_v2,8,12,relative_humidity_mean_roll4,883.0112993717194,335
lgbm_v2,8,12,relative_humidity_mean_roll8,1443.2136054039001,335
lgbm_v2,8,12,relative_humidity_mean_roll12,2349.425889968872,335
lgbm_v2,8,12,national_wave_rank,8171.467720508575,335
lgbm_v2,8,12,trailing_52_cumulative_cases,8912.250303030014,335
lgbm_v2,8,12,cases_lag1,683.2519433498383,335
lgbm_v2,8,12,cases_lag2,430.9030132293701,335
lgbm_v2,8,12,cases_lag3,559.7188241481781,335
lgbm_v2,8,12,cases_lag4,363.3585524559021,335
lgbm_v2,8,12,cases_lag5,348.120730638504,335
lgbm_v2,8,12,cases_lag6,227.56076955795288,335
lgbm_v2,8,12,cases_lag7,417.1615800857544,335
lgbm_v2,8,12,cases_lag8,519.4558827877045,335
lgbm_v2,8,12,cases_lag9,503.56203746795654,335
lgbm_v2,8,12,cases_lag10,562.155636548996,335
lgbm_v2,8,12,cases_lag11,879.7156603336334,335
lgbm_v2,8,12,cases_lag12,1100.0788042545319,335
lgbm_v2,8,12,cases_mean4,1372.7107381820679,335
lgbm_v2,8,12,cases_mean8,1531.671422958374,335
lgbm_v2,8,12,cases_mean12,2841.318044424057,335
lgbm_v2,8,12,cases_max12,6568.085114240646,335
lgbm_v2,8,12,cases_diff1,11373.394360780716,335
lgbm_v2,8,12,cases_diff4,5031.030934333801,335
lgbm_v2,8,12,rain_roll4_lag4,2855.312924385071,335
lgbm_v2,8,12,rain_roll4_lag8,10069.329494476318,335
lgbm_v2,8,12,humid_roll4_lag4,3313.144675254822,335
lgbm_v2,8,12,humid_roll4_lag8,6288.797674894333,335
lgbm_v2,8,12,temp_roll4_lag4,1399.107542514801,335
lgbm_v2,8,12,temp_roll4_lag8,4573.650309562683,335
lgbm_v2,8,12,rain_roll12_lag12,3639.6384539604187,335
lgbm_v2,8,12,neighbour_cases,2194.9740760326385,335
lgbm_v2,8,12,neighbour_diff4,691.5967748165131,335
lgbm_v2,8,12,national_cases,24480.18607234955,335
lgbm_v2,8,12,national_diff4,8101.170390367508,335
lgbm_v2,8,12,district,42417.535608530045,335
lgbm_v2,8,12,target_doy_sin,19596.558747529984,335
lgbm_v2,8,12,target_doy_cos,9808.297660112381,335
lgbm_v2_noclimate,8,12,cases_log1p,61235.785464286804,156
lgbm_v2_noclimate,8,12,doy_sin,9515.974784374237,156
lgbm_v2_noclimate,8,12,doy_cos,8691.904307842255,156
lgbm_v2_noclimate,8,12,weather_observed,0.0,156
lgbm_v2_noclimate,8,12,case_observed,0.0,156
lgbm_v2_noclimate,8,12,centroid_lat,3706.3112177848816,156
lgbm_v2_noclimate,8,12,centroid_lon,2370.886944770813,156
lgbm_v2_noclimate,8,12,national_wave_rank,7786.442465305328,156
lgbm_v2_noclimate,8,12,trailing_52_cumulative_cases,8699.249131679535,156
lgbm_v2_noclimate,8,12,cases_lag1,398.73384046554565,156
lgbm_v2_noclimate,8,12,cases_lag2,182.0842809677124,156
lgbm_v2_noclimate,8,12,cases_lag3,388.2892904281616,156
lgbm_v2_noclimate,8,12,cases_lag4,272.454384803772,156
lgbm_v2_noclimate,8,12,cases_lag5,184.11502170562744,156
lgbm_v2_noclimate,8,12,cases_lag6,205.7341980934143,156
lgbm_v2_noclimate,8,12,cases_lag7,298.4392032623291,156
lgbm_v2_noclimate,8,12,cases_lag8,506.11779975891113,156
lgbm_v2_noclimate,8,12,cases_lag9,256.4410009384155,156
lgbm_v2_noclimate,8,12,cases_lag10,507.7269983291626,156
lgbm_v2_noclimate,8,12,cases_lag11,901.6178102493286,156
lgbm_v2_noclimate,8,12,cases_lag12,1126.9406867027283,156
lgbm_v2_noclimate,8,12,cases_mean4,2932.760856151581,156
lgbm_v2_noclimate,8,12,cases_mean8,1354.6659078598022,156
lgbm_v2_noclimate,8,12,cases_mean12,3426.1813287734985,156
lgbm_v2_noclimate,8,12,cases_max12,5028.153094768524,156
lgbm_v2_noclimate,8,12,cases_diff1,11399.801302909851,156
lgbm_v2_noclimate,8,12,cases_diff4,4957.384939193726,156
lgbm_v2_noclimate,8,12,neighbour_cases,1766.8131852149963,156
lgbm_v2_noclimate,8,12,neighbour_diff4,767.7214136123657,156
lgbm_v2_noclimate,8,12,national_cases,22955.23169851303,156
lgbm_v2_noclimate,8,12,national_diff4,8823.708128929138,156
lgbm_v2_noclimate,8,12,district,36497.58538007736,156
lgbm_v2_noclimate,8,12,target_doy_sin,22003.541016578674,156
lgbm_v2_noclimate,8,12,target_doy_cos,13944.408627986908,156
lgbm_v2_climatology,8,12,cases_log1p,63170.2758808136,155
lgbm_v2_climatology,8,12,rainfall_daily_mean_mm,1699.3786973953247,155
lgbm_v2_climatology,8,12,rainy_days_frac,6466.0203104019165,155
lgbm_v2_climatology,8,12,temperature_mean_c,1867.594009399414,155
lgbm_v2_climatology,8,12,diurnal_range_c,652.8918089866638,155
lgbm_v2_climatology,8,12,dewpoint_mean_c,737.4067001342773,155
lgbm_v2_climatology,8,12,relative_humidity_mean,358.9650926589966,155
lgbm_v2_climatology,8,12,wind_speed_mean,360.62916564941406,155
lgbm_v2_climatology,8,12,doy_sin,7650.577239513397,155
lgbm_v2_climatology,8,12,doy_cos,6515.052901268005,155
lgbm_v2_climatology,8,12,weather_observed,0.0,155
lgbm_v2_climatology,8,12,case_observed,0.0,155
lgbm_v2_climatology,8,12,centroid_lat,2142.9439339637756,155
lgbm_v2_climatology,8,12,centroid_lon,1020.959587097168,155
lgbm_v2_climatology,8,12,rainfall_daily_mean_mm_roll4,947.8482885360718,155
lgbm_v2_climatology,8,12,rainfall_daily_mean_mm_roll8,169.0132303237915,155
lgbm_v2_climatology,8,12,rainfall_daily_mean_mm_roll12,232.61348819732666,155
lgbm_v2_climatology,8,12,temperature_mean_c_roll4,799.5026550292969,155
lgbm_v2_climatology,8,12,temperature_mean_c_roll8,242.0305004119873,155
lgbm_v2_climatology,8,12,temperature_mean_c_roll12,349.33660316467285,155
lgbm_v2_climatology,8,12,relative_humidity_mean_roll4,234.78330039978027,155
lgbm_v2_climatology,8,12,relative_humidity_mean_roll8,407.2978935241699,155
lgbm_v2_climatology,8,12,relative_humidity_mean_roll12,697.6987867355347,155
lgbm_v2_climatology,8,12,national_wave_rank,7685.320927619934,155
lgbm_v2_climatology,8,12,trailing_52_cumulative_cases,6964.010076999664,155
lgbm_v2_climatology,8,12,cases_lag1,615.3668899536133,155
lgbm_v2_climatology,8,12,cases_lag2,225.30655097961426,155
lgbm_v2_climatology,8,12,cases_lag3,350.46034240722656,155
lgbm_v2_climatology,8,12,cases_lag4,280.9985113143921,155
lgbm_v2_climatology,8,12,cases_lag5,187.14073085784912,155
lgbm_v2_climatology,8,12,cases_lag6,258.6095857620239,155
lgbm_v2_climatology,8,12,cases_lag7,196.58660125732422,155
lgbm_v2_climatology,8,12,cases_lag8,125.03347206115723,155
lgbm_v2_climatology,8,12,cases_lag9,380.5479106903076,155
lgbm_v2_climatology,8,12,cases_lag10,483.78731632232666,155
lgbm_v2_climatology,8,12,cases_lag11,736.6202101707458,155
lgbm_v2_climatology,8,12,cases_lag12,1065.5327816009521,155
lgbm_v2_climatology,8,12,cases_mean4,1255.4857416152954,155
lgbm_v2_climatology,8,12,cases_mean8,1570.3727731704712,155
lgbm_v2_climatology,8,12,cases_mean12,2414.6886167526245,155
lgbm_v2_climatology,8,12,cases_max12,4600.028222560883,155
lgbm_v2_climatology,8,12,cases_diff1,10083.294746398926,155
lgbm_v2_climatology,8,12,cases_diff4,5070.619160652161,155
lgbm_v2_climatology,8,12,rain_roll4_lag4,133.38933944702148,155
lgbm_v2_climatology,8,12,rain_roll4_lag8,772.1030406951904,155
lgbm_v2_climatology,8,12,humid_roll4_lag4,543.9486494064331,155
lgbm_v2_climatology,8,12,humid_roll4_lag8,1116.73277759552,155
lgbm_v2_climatology,8,12,temp_roll4_lag4,343.86473989486694,155
lgbm_v2_climatology,8,12,temp_roll4_lag8,2134.1747121810913,155
lgbm_v2_climatology,8,12,rain_roll12_lag12,816.2402110099792,155
lgbm_v2_climatology,8,12,neighbour_cases,1440.0392336845398,155
lgbm_v2_climatology,8,12,neighbour_diff4,267.22865200042725,155
lgbm_v2_climatology,8,12,national_cases,22908.170878887177,155
lgbm_v2_climatology,8,12,national_diff4,8357.182950496674,155
lgbm_v2_climatology,8,12,district,33337.190012931824,155
lgbm_v2_climatology,8,12,target_doy_sin,23079.338334083557,155
lgbm_v2_climatology,8,12,target_doy_cos,8894.070465564728,155
lgbm_v2,9,1,cases_log1p,6197.371335029602,281
lgbm_v2,9,1,rainfall_daily_mean_mm,536.7977105379105,281
lgbm_v2,9,1,rainy_days_frac,103.27576923370361,281
lgbm_v2,9,1,temperature_mean_c,333.9926884174347,281
lgbm_v2,9,1,diurnal_range_c,291.03673136234283,281
lgbm_v2,9,1,dewpoint_mean_c,358.29348862171173,281
lgbm_v2,9,1,relative_humidity_mean,573.613621711731,281
lgbm_v2,9,1,wind_speed_mean,452.4548513889313,281
lgbm_v2,9,1,doy_sin,2889.382376909256,281
lgbm_v2,9,1,doy_cos,1344.5658444166183,281
lgbm_v2,9,1,weather_observed,0.0,281
lgbm_v2,9,1,case_observed,0.0,281
lgbm_v2,9,1,centroid_lat,197.62015175819397,281
lgbm_v2,9,1,centroid_lon,138.03802013397217,281
lgbm_v2,9,1,rainfall_daily_mean_mm_roll4,706.4922986030579,281
lgbm_v2,9,1,rainfall_daily_mean_mm_roll8,1053.648209452629,281
lgbm_v2,9,1,rainfall_daily_mean_mm_roll12,359.99460005760193,281
lgbm_v2,9,1,temperature_mean_c_roll4,241.03328096866608,281
lgbm_v2,9,1,temperature_mean_c_roll8,186.4998002052307,281
lgbm_v2,9,1,temperature_mean_c_roll12,198.33112013339996,281
lgbm_v2,9,1,relative_humidity_mean_roll4,517.6117498874664,281
lgbm_v2,9,1,relative_humidity_mean_roll8,340.66670203208923,281
lgbm_v2,9,1,relative_humidity_mean_roll12,115.45269012451172,281
lgbm_v2,9,1,national_wave_rank,2128.5422266721725,281
lgbm_v2,9,1,trailing_52_cumulative_cases,1170.041177034378,281
lgbm_v2,9,1,cases_lag1,790.9736956357956,281
lgbm_v2,9,1,cases_lag2,1758.3736927509308,281
lgbm_v2,9,1,cases_lag3,1101.224559187889,281
lgbm_v2,9,1,cases_lag4,452.3931893110275,281
lgbm_v2,9,1,cases_lag5,319.73953890800476,281
lgbm_v2,9,1,cases_lag6,251.49694895744324,281
lgbm_v2,9,1,cases_lag7,261.02330923080444,281
lgbm_v2,9,1,cases_lag8,339.54906713962555,281
lgbm_v2,9,1,cases_lag9,209.62020015716553,281
lgbm_v2,9,1,cases_lag10,299.82441008090973,281
lgbm_v2,9,1,cases_lag11,332.54247879981995,281
lgbm_v2,9,1,cases_lag12,244.04981994628906,281
lgbm_v2,9,1,cases_mean4,1088.8908447027206,281
lgbm_v2,9,1,cases_mean8,992.4881565570831,281
lgbm_v2,9,1,cases_mean12,584.7127211093903,281
lgbm_v2,9,1,cases_max12,341.07854783535004,281
lgbm_v2,9,1,cases_diff1,26552.237803936005,281
lgbm_v2,9,1,cases_diff4,7900.0319130420685,281
lgbm_v2,9,1,rain_roll4_lag4,878.8068723678589,281
lgbm_v2,9,1,rain_roll4_lag8,369.8550397157669,281
lgbm_v2,9,1,humid_roll4_lag4,310.6471588611603,281
lgbm_v2,9,1,humid_roll4_lag8,494.1881595849991,281
lgbm_v2,9,1,temp_roll4_lag4,279.7464301586151,281
lgbm_v2,9,1,temp_roll4_lag8,447.0103497505188,281
lgbm_v2,9,1,rain_roll12_lag12,925.1492310762405,281
lgbm_v2,9,1,neighbour_cases,1211.4744894504547,281
lgbm_v2,9,1,neighbour_diff4,1196.2473685741425,281
lgbm_v2,9,1,national_cases,1611.8245441913605,281
lgbm_v2,9,1,national_diff4,3409.5758603811264,281
lgbm_v2,9,1,district,5235.30077123642,281
lgbm_v2,9,1,target_doy_sin,1373.455847978592,281
lgbm_v2,9,1,target_doy_cos,1062.5637010335922,281
lgbm_v2_noclimate,9,1,cases_log1p,6577.355715870857,422
lgbm_v2_noclimate,9,1,doy_sin,4229.342303335667,422
lgbm_v2_noclimate,9,1,doy_cos,2140.573718905449,422
lgbm_v2_noclimate,9,1,weather_observed,0.0,422
lgbm_v2_noclimate,9,1,case_observed,0.0,422
lgbm_v2_noclimate,9,1,centroid_lat,425.5651384592056,422
lgbm_v2_noclimate,9,1,centroid_lon,287.1219092607498,422
lgbm_v2_noclimate,9,1,national_wave_rank,2189.4512079954147,422
lgbm_v2_noclimate,9,1,trailing_52_cumulative_cases,1886.923795223236,422
lgbm_v2_noclimate,9,1,cases_lag1,1311.8992303013802,422
lgbm_v2_noclimate,9,1,cases_lag2,2020.8537782430649,422
lgbm_v2_noclimate,9,1,cases_lag3,1679.2049625515938,422
lgbm_v2_noclimate,9,1,cases_lag4,727.5887583494186,422
lgbm_v2_noclimate,9,1,cases_lag5,636.5107201337814,422
lgbm_v2_noclimate,9,1,cases_lag6,639.2871140837669,422
lgbm_v2_noclimate,9,1,cases_lag7,506.58304965496063,422
lgbm_v2_noclimate,9,1,cases_lag8,634.967799782753,422
lgbm_v2_noclimate,9,1,cases_lag9,580.1792638301849,422
lgbm_v2_noclimate,9,1,cases_lag10,531.9009486436844,422
lgbm_v2_noclimate,9,1,cases_lag11,653.8502902984619,422
lgbm_v2_noclimate,9,1,cases_lag12,545.7110058069229,422
lgbm_v2_noclimate,9,1,cases_mean4,1663.6593356132507,422
lgbm_v2_noclimate,9,1,cases_mean8,909.4623693227768,422
lgbm_v2_noclimate,9,1,cases_mean12,950.1724591255188,422
lgbm_v2_noclimate,9,1,cases_max12,618.6395791769028,422
lgbm_v2_noclimate,9,1,cases_diff1,28223.124963521957,422
lgbm_v2_noclimate,9,1,cases_diff4,7417.71890860796,422
lgbm_v2_noclimate,9,1,neighbour_cases,2049.51081430912,422
lgbm_v2_noclimate,9,1,neighbour_diff4,1893.0549846291542,422
lgbm_v2_noclimate,9,1,national_cases,3089.705663025379,422
lgbm_v2_noclimate,9,1,national_diff4,4928.540052175522,422
lgbm_v2_noclimate,9,1,district,6388.547708153725,422
lgbm_v2_noclimate,9,1,target_doy_sin,2066.5808104872704,422
lgbm_v2_noclimate,9,1,target_doy_cos,2193.5009964108467,422
lgbm_v2_climatology,9,1,cases_log1p,6332.667930603027,360
lgbm_v2_climatology,9,1,rainfall_daily_mean_mm,618.2544494867325,360
lgbm_v2_climatology,9,1,rainy_days_frac,685.9590886831284,360
lgbm_v2_climatology,9,1,temperature_mean_c,308.51201033592224,360
lgbm_v2_climatology,9,1,diurnal_range_c,613.8626713752747,360
lgbm_v2_climatology,9,1,dewpoint_mean_c,286.47732973098755,360
lgbm_v2_climatology,9,1,relative_humidity_mean,311.9981129169464,360
lgbm_v2_climatology,9,1,wind_speed_mean,336.107701420784,360
lgbm_v2_climatology,9,1,doy_sin,3161.392558336258,360
lgbm_v2_climatology,9,1,doy_cos,1504.786389350891,360
lgbm_v2_climatology,9,1,weather_observed,0.0,360
lgbm_v2_climatology,9,1,case_observed,0.0,360
lgbm_v2_climatology,9,1,centroid_lat,159.61619997024536,360
lgbm_v2_climatology,9,1,centroid_lon,174.41520929336548,360
lgbm_v2_climatology,9,1,rainfall_daily_mean_mm_roll4,488.68176090717316,360
lgbm_v2_climatology,9,1,rainfall_daily_mean_mm_roll8,705.2828716039658,360
lgbm_v2_climatology,9,1,rainfall_daily_mean_mm_roll12,265.2447293996811,360
lgbm_v2_climatology,9,1,temperature_mean_c_roll4,211.78921031951904,360
lgbm_v2_climatology,9,1,temperature_mean_c_roll8,223.21986067295074,360
lgbm_v2_climatology,9,1,temperature_mean_c_roll12,245.95804738998413,360
lgbm_v2_climatology,9,1,relative_humidity_mean_roll4,324.2200713157654,360
lgbm_v2_climatology,9,1,relative_humidity_mean_roll8,157.21960067749023,360
lgbm_v2_climatology,9,1,relative_humidity_mean_roll12,351.154217004776,360
lgbm_v2_climatology,9,1,national_wave_rank,2222.5944385528564,360
lgbm_v2_climatology,9,1,trailing_52_cumulative_cases,1417.9654113054276,360
lgbm_v2_climatology,9,1,cases_lag1,1036.9022725820541,360
lgbm_v2_climatology,9,1,cases_lag2,1960.821559548378,360
lgbm_v2_climatology,9,1,cases_lag3,1305.8156422376633,360
lgbm_v2_climatology,9,1,cases_lag4,666.8904025554657,360
lgbm_v2_climatology,9,1,cases_lag5,413.9878885746002,360
lgbm_v2_climatology,9,1,cases_lag6,399.64786970615387,360
lgbm_v2_climatology,9,1,cases_lag7,384.7511409521103,360
lgbm_v2_climatology,9,1,cases_lag8,507.2141387462616,360
lgbm_v2_climatology,9,1,cases_lag9,351.89068710803986,360
lgbm_v2_climatology,9,1,cases_lag10,423.2629702091217,360
lgbm_v2_climatology,9,1,cases_lag11,496.77755975723267,360
lgbm_v2_climatology,9,1,cases_lag12,404.8241329193115,360
lgbm_v2_climatology,9,1,cases_mean4,1149.6030284166336,360
lgbm_v2_climatology,9,1,cases_mean8,1239.896578669548,360
lgbm_v2_climatology,9,1,cases_mean12,578.5370002985001,360
lgbm_v2_climatology,9,1,cases_max12,436.44400012493134,360
lgbm_v2_climatology,9,1,cases_diff1,26780.35826063156,360
lgbm_v2_climatology,9,1,cases_diff4,8151.485513448715,360
lgbm_v2_climatology,9,1,rain_roll4_lag4,902.4153987169266,360
lgbm_v2_climatology,9,1,rain_roll4_lag8,285.8189491033554,360
lgbm_v2_climatology,9,1,humid_roll4_lag4,248.20834171772003,360
lgbm_v2_climatology,9,1,humid_roll4_lag8,414.6936311721802,360
lgbm_v2_climatology,9,1,temp_roll4_lag4,211.25873005390167,360
lgbm_v2_climatology,9,1,temp_roll4_lag8,359.9744898080826,360
lgbm_v2_climatology,9,1,rain_roll12_lag12,408.68852150440216,360
lgbm_v2_climatology,9,1,neighbour_cases,1340.4389290809631,360
lgbm_v2_climatology,9,1,neighbour_diff4,1474.9257088899612,360
lgbm_v2_climatology,9,1,national_cases,2226.0210300683975,360
lgbm_v2_climatology,9,1,national_diff4,4266.751030445099,360
lgbm_v2_climatology,9,1,district,5610.805807352066,360
lgbm_v2_climatology,9,1,target_doy_sin,1298.446310043335,360
lgbm_v2_climatology,9,1,target_doy_cos,1397.5804530382156,360
lgbm_v2,9,2,cases_log1p,7563.901540994644,238
lgbm_v2,9,2,rainfall_daily_mean_mm,581.7335803508759,238
lgbm_v2,9,2,rainy_days_frac,148.4403100013733,238
lgbm_v2,9,2,temperature_mean_c,630.5059702396393,238
lgbm_v2,9,2,diurnal_range_c,321.9991114139557,238
lgbm_v2,9,2,dewpoint_mean_c,600.9138240814209,238
lgbm_v2,9,2,relative_humidity_mean,607.3914465904236,238
lgbm_v2,9,2,wind_speed_mean,380.6080400943756,238
lgbm_v2,9,2,doy_sin,2742.3816134929657,238
lgbm_v2,9,2,doy_cos,1142.672747850418,238
lgbm_v2,9,2,weather_observed,0.0,238
lgbm_v2,9,2,case_observed,0.0,238
lgbm_v2,9,2,centroid_lat,315.532830953598,238
lgbm_v2,9,2,centroid_lon,237.95725083351135,238
lgbm_v2,9,2,rainfall_daily_mean_mm_roll4,1499.4133141040802,238
lgbm_v2,9,2,rainfall_daily_mean_mm_roll8,2101.4475688934326,238
lgbm_v2,9,2,rainfall_daily_mean_mm_roll12,348.80464005470276,238
lgbm_v2,9,2,temperature_mean_c_roll4,410.3165707588196,238
lgbm_v2,9,2,temperature_mean_c_roll8,271.25304985046387,238
lgbm_v2,9,2,temperature_mean_c_roll12,285.0533709526062,238
lgbm_v2,9,2,relative_humidity_mean_roll4,768.2242987155914,238
lgbm_v2,9,2,relative_humidity_mean_roll8,414.80598068237305,238
lgbm_v2,9,2,relative_humidity_mean_roll12,184.9926097393036,238
lgbm_v2,9,2,national_wave_rank,2752.191951274872,238
lgbm_v2,9,2,trailing_52_cumulative_cases,1088.5003805160522,238
lgbm_v2,9,2,cases_lag1,800.439459323883,238
lgbm_v2,9,2,cases_lag2,1610.1977729797363,238
lgbm_v2,9,2,cases_lag3,725.8780672550201,238
lgbm_v2,9,2,cases_lag4,420.0096392631531,238
lgbm_v2,9,2,cases_lag5,186.1010594367981,238
lgbm_v2,9,2,cases_lag6,241.79335856437683,238
lgbm_v2,9,2,cases_lag7,326.88189148902893,238
lgbm_v2,9,2,cases_lag8,242.36673069000244,238
lgbm_v2,9,2,cases_lag9,320.77706122398376,238
lgbm_v2,9,2,cases_lag10,202.45675945281982,238
lgbm_v2,9,2,cases_lag11,229.94354033470154,238
lgbm_v2,9,2,cases_lag12,288.01533102989197,238
lgbm_v2,9,2,cases_mean4,1200.6595253944397,238
lgbm_v2,9,2,cases_mean8,752.0767419338226,238
lgbm_v2,9,2,cases_mean12,520.4996213912964,238
lgbm_v2,9,2,cases_max12,431.6097981929779,238
lgbm_v2,9,2,cases_diff1,26232.036488056183,238
lgbm_v2,9,2,cases_diff4,7648.302058696747,238
lgbm_v2,9,2,rain_roll4_lag4,1122.032322883606,238
lgbm_v2,9,2,rain_roll4_lag8,673.2812967300415,238
lgbm_v2,9,2,humid_roll4_lag4,310.5677914619446,238
lgbm_v2,9,2,humid_roll4_lag8,1099.7882928848267,238
lgbm_v2,9,2,temp_roll4_lag4,190.23144006729126,238
lgbm_v2,9,2,temp_roll4_lag8,448.7251989841461,238
lgbm_v2,9,2,rain_roll12_lag12,1100.1386051177979,238
lgbm_v2,9,2,neighbour_cases,943.1935884952545,238
lgbm_v2,9,2,neighbour_diff4,967.3481140136719,238
lgbm_v2,9,2,national_cases,2280.2642645835876,238
lgbm_v2,9,2,national_diff4,4300.885569810867,238
lgbm_v2,9,2,district,7230.018843412399,238
lgbm_v2,9,2,target_doy_sin,2402.5787394046783,238
lgbm_v2,9,2,target_doy_cos,2248.8857805728912,238
lgbm_v2_noclimate,9,2,cases_log1p,7554.765273094177,311
lgbm_v2_noclimate,9,2,doy_sin,4709.540796518326,311
lgbm_v2_noclimate,9,2,doy_cos,2438.0720952749252,311
lgbm_v2_noclimate,9,2,weather_observed,0.0,311
lgbm_v2_noclimate,9,2,case_observed,0.0,311
lgbm_v2_noclimate,9,2,centroid_lat,607.1149406433105,311
lgbm_v2_noclimate,9,2,centroid_lon,414.16477060317993,311
lgbm_v2_noclimate,9,2,national_wave_rank,2887.578641653061,311
lgbm_v2_noclimate,9,2,trailing_52_cumulative_cases,2038.757394194603,311
lgbm_v2_noclimate,9,2,cases_lag1,1231.6196465492249,311
lgbm_v2_noclimate,9,2,cases_lag2,1791.7827690839767,311
lgbm_v2_noclimate,9,2,cases_lag3,1042.1611392498016,311
lgbm_v2_noclimate,9,2,cases_lag4,529.3104076385498,311
lgbm_v2_noclimate,9,2,cases_lag5,480.0107493400574,311
lgbm_v2_noclimate,9,2,cases_lag6,470.876149892807,311
lgbm_v2_noclimate,9,2,cases_lag7,474.0060292482376,311
lgbm_v2_noclimate,9,2,cases_lag8,559.2184796333313,311
lgbm_v2_noclimate,9,2,cases_lag9,651.4469393491745,311
lgbm_v2_noclimate,9,2,cases_lag10,399.9600496292114,311
lgbm_v2_noclimate,9,2,cases_lag11,438.9447422027588,311
lgbm_v2_noclimate,9,2,cases_lag12,592.3107285499573,311
lgbm_v2_noclimate,9,2,cases_mean4,1701.107588171959,311
lgbm_v2_noclimate,9,2,cases_mean8,789.2789475917816,311
lgbm_v2_noclimate,9,2,cases_mean12,791.4196753501892,311
lgbm_v2_noclimate,9,2,cases_max12,791.4205787181854,311
lgbm_v2_noclimate,9,2,cases_diff1,27352.651163816452,311
lgbm_v2_noclimate,9,2,cases_diff4,7169.624317646027,311
lgbm_v2_noclimate,9,2,neighbour_cases,1803.3620116710663,311
lgbm_v2_noclimate,9,2,neighbour_diff4,1766.4686583280563,311
lgbm_v2_noclimate,9,2,national_cases,4102.672836661339,311
lgbm_v2_noclimate,9,2,national_diff4,5900.271620392799,311
lgbm_v2_noclimate,9,2,district,8636.165877461433,311
lgbm_v2_noclimate,9,2,target_doy_sin,3885.9514484405518,311
lgbm_v2_noclimate,9,2,target_doy_cos,3529.3668270111084,311
lgbm_v2_climatology,9,2,cases_log1p,7681.023809313774,284
lgbm_v2_climatology,9,2,rainfall_daily_mean_mm,652.8485910892487,284
lgbm_v2_climatology,9,2,rainy_days_frac,880.2733278274536,284
lgbm_v2_climatology,9,2,temperature_mean_c,293.12678849697113,284
lgbm_v2_climatology,9,2,diurnal_range_c,404.7131085395813,284
lgbm_v2_climatology,9,2,dewpoint_mean_c,435.84157943725586,284
lgbm_v2_climatology,9,2,relative_humidity_mean,479.08867049217224,284
lgbm_v2_climatology,9,2,wind_speed_mean,316.4220994710922,284
lgbm_v2_climatology,9,2,doy_sin,3318.838131070137,284
lgbm_v2_climatology,9,2,doy_cos,1639.5102792978287,284
lgbm_v2_climatology,9,2,weather_observed,0.0,284
lgbm_v2_climatology,9,2,case_observed,0.0,284
lgbm_v2_climatology,9,2,centroid_lat,242.3943202495575,284
lgbm_v2_climatology,9,2,centroid_lon,213.9978895187378,284
lgbm_v2_climatology,9,2,rainfall_daily_mean_mm_roll4,1303.7663819789886,284
lgbm_v2_climatology,9,2,rainfall_daily_mean_mm_roll8,1022.5712077617645,284
lgbm_v2_climatology,9,2,rainfall_daily_mean_mm_roll12,308.1580078601837,284
lgbm_v2_climatology,9,2,temperature_mean_c_roll4,306.60845947265625,284
lgbm_v2_climatology,9,2,temperature_mean_c_roll8,296.86678814888,284
lgbm_v2_climatology,9,2,temperature_mean_c_roll12,245.8589105606079,284
lgbm_v2_climatology,9,2,relative_humidity_mean_roll4,404.67498898506165,284
lgbm_v2_climatology,9,2,relative_humidity_mean_roll8,280.2563395500183,284
lgbm_v2_climatology,9,2,relative_humidity_mean_roll12,262.4465100765228,284
lgbm_v2_climatology,9,2,national_wave_rank,3149.9017083644867,284
lgbm_v2_climatology,9,2,trailing_52_cumulative_cases,1457.7997288703918,284
lgbm_v2_climatology,9,2,cases_lag1,929.3815687894821,284
lgbm_v2_climatology,9,2,cases_lag2,1720.5162729024887,284
lgbm_v2_climatology,9,2,cases_lag3,968.2369010448456,284
lgbm_v2_climatology,9,2,cases_lag4,457.54657006263733,284
lgbm_v2_climatology,9,2,cases_lag5,351.7132692337036,284
lgbm_v2_climatology,9,2,cases_lag6,356.66009974479675,284
lgbm_v2_climatology,9,2,cases_lag7,395.025230884552,284
lgbm_v2_climatology,9,2,cases_lag8,376.90428924560547,284
lgbm_v2_climatology,9,2,cases_lag9,400.52688670158386,284
lgbm_v2_climatology,9,2,cases_lag10,327.94450855255127,284
lgbm_v2_climatology,9,2,cases_lag11,351.0383610725403,284
lgbm_v2_climatology,9,2,cases_lag12,369.2721691131592,284
lgbm_v2_climatology,9,2,cases_mean4,1243.0869238376617,284
lgbm_v2_climatology,9,2,cases_mean8,906.7228899002075,284
lgbm_v2_climatology,9,2,cases_mean12,627.1437704563141,284
lgbm_v2_climatology,9,2,cases_max12,559.3868069648743,284
lgbm_v2_climatology,9,2,cases_diff1,26326.4225679636,284
lgbm_v2_climatology,9,2,cases_diff4,7763.1404238939285,284
lgbm_v2_climatology,9,2,rain_roll4_lag4,588.5856103897095,284
lgbm_v2_climatology,9,2,rain_roll4_lag8,236.59747087955475,284
lgbm_v2_climatology,9,2,humid_roll4_lag4,201.31390118598938,284
lgbm_v2_climatology,9,2,humid_roll4_lag8,418.05540919303894,284
lgbm_v2_climatology,9,2,temp_roll4_lag4,499.1373505592346,284
lgbm_v2_climatology,9,2,temp_roll4_lag8,324.74986124038696,284
lgbm_v2_climatology,9,2,rain_roll12_lag12,473.23624181747437,284
lgbm_v2_climatology,9,2,neighbour_cases,1100.6241807937622,284
lgbm_v2_climatology,9,2,neighbour_diff4,1307.9144790172577,284
lgbm_v2_climatology,9,2,national_cases,3220.4323551654816,284
lgbm_v2_climatology,9,2,national_diff4,5022.078273534775,284
lgbm_v2_climatology,9,2,district,7249.786870479584,284
lgbm_v2_climatology,9,2,target_doy_sin,2893.5360358953476,284
lgbm_v2_climatology,9,2,target_doy_cos,2680.4089397192,284
lgbm_v2,9,3,cases_log1p,10855.0347802639,206
lgbm_v2,9,3,rainfall_daily_mean_mm,617.4526798725128,206
lgbm_v2,9,3,rainy_days_frac,72.36673069000244,206
lgbm_v2,9,3,temperature_mean_c,495.1915602684021,206
lgbm_v2,9,3,diurnal_range_c,222.1931505203247,206
lgbm_v2,9,3,dewpoint_mean_c,765.1255469322205,206
lgbm_v2,9,3,relative_humidity_mean,688.7138447761536,206
lgbm_v2,9,3,wind_speed_mean,405.98413825035095,206
lgbm_v2,9,3,doy_sin,3523.1215982437134,206
lgbm_v2,9,3,doy_cos,1641.0591940879822,206
lgbm_v2,9,3,weather_observed,0.0,206
lgbm_v2,9,3,case_observed,0.0,206
lgbm_v2,9,3,centroid_lat,327.3969097137451,206
lgbm_v2,9,3,centroid_lon,405.43070936203003,206
lgbm_v2,9,3,rainfall_daily_mean_mm_roll4,2453.6766822338104,206
lgbm_v2,9,3,rainfall_daily_mean_mm_roll8,3479.9038388729095,206
lgbm_v2,9,3,rainfall_daily_mean_mm_roll12,277.826140165329,206
lgbm_v2,9,3,temperature_mean_c_roll4,535.0958178043365,206
lgbm_v2,9,3,temperature_mean_c_roll8,309.74637269973755,206
lgbm_v2,9,3,temperature_mean_c_roll12,394.8556110858917,206
lgbm_v2,9,3,relative_humidity_mean_roll4,1106.8220903873444,206
lgbm_v2,9,3,relative_humidity_mean_roll8,394.02538990974426,206
lgbm_v2,9,3,relative_humidity_mean_roll12,145.75605964660645,206
lgbm_v2,9,3,national_wave_rank,3742.072536945343,206
lgbm_v2,9,3,trailing_52_cumulative_cases,1655.5357728004456,206
lgbm_v2,9,3,cases_lag1,753.7050642967224,206
lgbm_v2,9,3,cases_lag2,1075.661334991455,206
lgbm_v2,9,3,cases_lag3,783.0434122085571,206
lgbm_v2,9,3,cases_lag4,394.6424820423126,206
lgbm_v2,9,3,cases_lag5,145.3442997932434,206
lgbm_v2,9,3,cases_lag6,312.08629059791565,206
lgbm_v2,9,3,cases_lag7,85.19084119796753,206
lgbm_v2,9,3,cases_lag8,206.70914793014526,206
lgbm_v2,9,3,cases_lag9,193.44121980667114,206
lgbm_v2,9,3,cases_lag10,180.80587911605835,206
lgbm_v2,9,3,cases_lag11,283.60395908355713,206
lgbm_v2,9,3,cases_lag12,133.04415035247803,206
lgbm_v2,9,3,cases_mean4,656.6129202842712,206
lgbm_v2,9,3,cases_mean8,827.8832728862762,206
lgbm_v2,9,3,cases_mean12,520.0485978126526,206
lgbm_v2,9,3,cases_max12,894.8524243831635,206
lgbm_v2,9,3,cases_diff1,27604.753897190094,206
lgbm_v2,9,3,cases_diff4,6447.853004217148,206
lgbm_v2,9,3,rain_roll4_lag4,570.1274404525757,206
lgbm_v2,9,3,rain_roll4_lag8,985.0864038467407,206
lgbm_v2,9,3,humid_roll4_lag4,325.2834701538086,206
lgbm_v2,9,3,humid_roll4_lag8,2413.041581392288,206
lgbm_v2,9,3,temp_roll4_lag4,262.1950306892395,206
lgbm_v2,9,3,temp_roll4_lag8,417.40266728401184,206
lgbm_v2,9,3,rain_roll12_lag12,965.5586869716644,206
lgbm_v2,9,3,neighbour_cases,1202.5401446819305,206
lgbm_v2,9,3,neighbour_diff4,1051.2858793735504,206
lgbm_v2,9,3,national_cases,2820.5257160663605,206
lgbm_v2,9,3,national_diff4,4605.113803625107,206
lgbm_v2,9,3,district,9288.894553661346,206
lgbm_v2,9,3,target_doy_sin,2910.0129725933075,206
lgbm_v2,9,3,target_doy_cos,2863.8441531658173,206
lgbm_v2_noclimate,9,3,cases_log1p,11089.484590530396,235
lgbm_v2_noclimate,9,3,doy_sin,5771.528088092804,235
lgbm_v2_noclimate,9,3,doy_cos,2848.6269631385803,235
lgbm_v2_noclimate,9,3,weather_observed,0.0,235
lgbm_v2_noclimate,9,3,case_observed,0.0,235
lgbm_v2_noclimate,9,3,centroid_lat,740.7588107585907,235
lgbm_v2_noclimate,9,3,centroid_lon,606.7426986694336,235
lgbm_v2_noclimate,9,3,national_wave_rank,3490.0964906215668,235
lgbm_v2_noclimate,9,3,trailing_52_cumulative_cases,2353.9129362106323,235
lgbm_v2_noclimate,9,3,cases_lag1,1457.1768124103546,235
lgbm_v2_noclimate,9,3,cases_lag2,1230.9831449985504,235
lgbm_v2_noclimate,9,3,cases_lag3,1061.6950991153717,235
lgbm_v2_noclimate,9,3,cases_lag4,530.2435789108276,235
lgbm_v2_noclimate,9,3,cases_lag5,224.83311986923218,235
lgbm_v2_noclimate,9,3,cases_lag6,386.1457200050354,235
lgbm_v2_noclimate,9,3,cases_lag7,186.29975867271423,235
lgbm_v2_noclimate,9,3,cases_lag8,507.0305609703064,235
lgbm_v2_noclimate,9,3,cases_lag9,329.41412138938904,235
lgbm_v2_noclimate,9,3,cases_lag10,325.5583698749542,235
lgbm_v2_noclimate,9,3,cases_lag11,383.76212906837463,235
lgbm_v2_noclimate,9,3,cases_lag12,398.1769790649414,235
lgbm_v2_noclimate,9,3,cases_mean4,894.7594814300537,235
lgbm_v2_noclimate,9,3,cases_mean8,651.1990122795105,235
lgbm_v2_noclimate,9,3,cases_mean12,1122.533281803131,235
lgbm_v2_noclimate,9,3,cases_max12,1213.8521983623505,235
lgbm_v2_noclimate,9,3,cases_diff1,28471.181515932083,235
lgbm_v2_noclimate,9,3,cases_diff4,5577.407042980194,235
lgbm_v2_noclimate,9,3,neighbour_cases,1759.6292674541473,235
lgbm_v2_noclimate,9,3,neighbour_diff4,1587.729871749878,235
lgbm_v2_noclimate,9,3,national_cases,5479.393754482269,235
lgbm_v2_noclimate,9,3,national_diff4,6570.493426799774,235
lgbm_v2_noclimate,9,3,district,10051.546282529831,235
lgbm_v2_noclimate,9,3,target_doy_sin,5342.156486988068,235
lgbm_v2_noclimate,9,3,target_doy_cos,4911.582800388336,235
lgbm_v2_climatology,9,3,cases_log1p,10991.480108737946,242
lgbm_v2_climatology,9,3,rainfall_daily_mean_mm,819.2255971431732,242
lgbm_v2_climatology,9,3,rainy_days_frac,1396.8711292743683,242
lgbm_v2_climatology,9,3,temperature_mean_c,318.61187958717346,242
lgbm_v2_climatology,9,3,diurnal_range_c,388.4655909538269,242
lgbm_v2_climatology,9,3,dewpoint_mean_c,482.1535198688507,242
lgbm_v2_climatology,9,3,relative_humidity_mean,449.0124099254608,242
lgbm_v2_climatology,9,3,wind_speed_mean,213.52883124351501,242
lgbm_v2_climatology,9,3,doy_sin,4249.8651423454285,242
lgbm_v2_climatology,9,3,doy_cos,1668.9716954231262,242
lgbm_v2_climatology,9,3,weather_observed,0.0,242
lgbm_v2_climatology,9,3,case_observed,0.0,242
lgbm_v2_climatology,9,3,centroid_lat,274.51938915252686,242
lgbm_v2_climatology,9,3,centroid_lon,364.47580194473267,242
lgbm_v2_climatology,9,3,rainfall_daily_mean_mm_roll4,2197.8033702373505,242
lgbm_v2_climatology,9,3,rainfall_daily_mean_mm_roll8,1482.123131275177,242
lgbm_v2_climatology,9,3,rainfall_daily_mean_mm_roll12,335.616179227829,242
lgbm_v2_climatology,9,3,temperature_mean_c_roll4,421.44388031959534,242
lgbm_v2_climatology,9,3,temperature_mean_c_roll8,387.72773027420044,242
lgbm_v2_climatology,9,3,temperature_mean_c_roll12,330.41176986694336,242
lgbm_v2_climatology,9,3,relative_humidity_mean_roll4,453.5667405128479,242
lgbm_v2_climatology,9,3,relative_humidity_mean_roll8,277.51227021217346,242
lgbm_v2_climatology,9,3,relative_humidity_mean_roll12,228.34324955940247,242
lgbm_v2_climatology,9,3,national_wave_rank,3645.259030818939,242
lgbm_v2_climatology,9,3,trailing_52_cumulative_cases,1858.7042109966278,242
lgbm_v2_climatology,9,3,cases_lag1,936.6110179424286,242
lgbm_v2_climatology,9,3,cases_lag2,1312.5485775470734,242
lgbm_v2_climatology,9,3,cases_lag3,845.1425290107727,242
lgbm_v2_climatology,9,3,cases_lag4,572.023087978363,242
lgbm_v2_climatology,9,3,cases_lag5,246.5018002986908,242
lgbm_v2_climatology,9,3,cases_lag6,320.16445994377136,242
lgbm_v2_climatology,9,3,cases_lag7,156.72334933280945,242
lgbm_v2_climatology,9,3,cases_lag8,458.0295600891113,242
lgbm_v2_climatology,9,3,cases_lag9,371.5918803215027,242
lgbm_v2_climatology,9,3,cases_lag10,221.31172943115234,242
lgbm_v2_climatology,9,3,cases_lag11,518.8200531005859,242
lgbm_v2_climatology,9,3,cases_lag12,305.61442708969116,242
lgbm_v2_climatology,9,3,cases_mean4,862.6351418495178,242
lgbm_v2_climatology,9,3,cases_mean8,954.2430248260498,242
lgbm_v2_climatology,9,3,cases_mean12,667.0692510604858,242
lgbm_v2_climatology,9,3,cases_max12,1072.1128499507904,242
lgbm_v2_climatology,9,3,cases_diff1,27696.868403434753,242
lgbm_v2_climatology,9,3,cases_diff4,6440.9695427417755,242
lgbm_v2_climatology,9,3,rain_roll4_lag4,362.8391811847687,242
lgbm_v2_climatology,9,3,rain_roll4_lag8,271.2784984111786,242
lgbm_v2_climatology,9,3,humid_roll4_lag4,342.2492198944092,242
lgbm_v2_climatology,9,3,humid_roll4_lag8,650.7431416511536,242
lgbm_v2_climatology,9,3,temp_roll4_lag4,573.9384605884552,242
lgbm_v2_climatology,9,3,temp_roll4_lag8,316.0471181869507,242
lgbm_v2_climatology,9,3,rain_roll12_lag12,392.4113998413086,242
lgbm_v2_climatology,9,3,neighbour_cases,1396.9086496829987,242
lgbm_v2_climatology,9,3,neighbour_diff4,1335.766696214676,242
lgbm_v2_climatology,9,3,national_cases,4401.9615070819855,242
lgbm_v2_climatology,9,3,national_diff4,6198.786082744598,242
lgbm_v2_climatology,9,3,district,9096.547593832016,242
lgbm_v2_climatology,9,3,target_doy_sin,4219.49413394928,242
lgbm_v2_climatology,9,3,target_doy_cos,3117.2295842170715,242
lgbm_v2,9,4,cases_log1p,14549.203069210052,130
lgbm_v2,9,4,rainfall_daily_mean_mm,213.01441097259521,130
lgbm_v2,9,4,rainy_days_frac,35.40585994720459,130
lgbm_v2,9,4,temperature_mean_c,591.9578189849854,130
lgbm_v2,9,4,diurnal_range_c,197.5474214553833,130
lgbm_v2,9,4,dewpoint_mean_c,597.0492887496948,130
lgbm_v2,9,4,relative_humidity_mean,597.2666110992432,130
lgbm_v2,9,4,wind_speed_mean,256.4769515991211,130
lgbm_v2,9,4,doy_sin,2217.754165172577,130
lgbm_v2,9,4,doy_cos,1811.0189270973206,130
lgbm_v2,9,4,weather_observed,0.0,130
lgbm_v2,9,4,case_observed,0.0,130
lgbm_v2,9,4,centroid_lat,530.903172492981,130
lgbm_v2,9,4,centroid_lon,376.83658933639526,130
lgbm_v2,9,4,rainfall_daily_mean_mm_roll4,4668.653670310974,130
lgbm_v2,9,4,rainfall_daily_mean_mm_roll8,3166.3333463668823,130
lgbm_v2,9,4,rainfall_daily_mean_mm_roll12,58.41798973083496,130
lgbm_v2,9,4,temperature_mean_c_roll4,394.29555892944336,130
lgbm_v2,9,4,temperature_mean_c_roll8,374.4387378692627,130
lgbm_v2,9,4,temperature_mean_c_roll12,426.1024465560913,130
lgbm_v2,9,4,relative_humidity_mean_roll4,1052.5355262756348,130
lgbm_v2,9,4,relative_humidity_mean_roll8,115.68741989135742,130
lgbm_v2,9,4,relative_humidity_mean_roll12,110.22813129425049,130
lgbm_v2,9,4,national_wave_rank,4444.3673729896545,130
lgbm_v2,9,4,trailing_52_cumulative_cases,1571.3198008537292,130
lgbm_v2,9,4,cases_lag1,504.47491359710693,130
lgbm_v2,9,4,cases_lag2,753.7908449172974,130
lgbm_v2,9,4,cases_lag3,403.3731575012207,130
lgbm_v2,9,4,cases_lag4,311.1355686187744,130
lgbm_v2,9,4,cases_lag5,120.37144756317139,130
lgbm_v2,9,4,cases_lag6,67.5770993232727,130
lgbm_v2,9,4,cases_lag7,110.0040512084961,130
lgbm_v2,9,4,cases_lag8,98.89525938034058,130
lgbm_v2,9,4,cases_lag9,129.97500133514404,130
lgbm_v2,9,4,cases_lag10,114.75264883041382,130
lgbm_v2,9,4,cases_lag11,135.2441897392273,130
lgbm_v2,9,4,cases_lag12,231.04613065719604,130
lgbm_v2,9,4,cases_mean4,1239.0121932029724,130
lgbm_v2,9,4,cases_mean8,527.8534846305847,130
lgbm_v2,9,4,cases_mean12,763.303765296936,130
lgbm_v2,9,4,cases_max12,1153.7284207344055,130
lgbm_v2,9,4,cases_diff1,26435.46135044098,130
lgbm_v2,9,4,cases_diff4,5037.969598770142,130
lgbm_v2,9,4,rain_roll4_lag4,296.83272218704224,130
lgbm_v2,9,4,rain_roll4_lag8,1402.8780632019043,130
lgbm_v2,9,4,humid_roll4_lag4,222.6732301712036,130
lgbm_v2,9,4,humid_roll4_lag8,3343.3235511779785,130
lgbm_v2,9,4,temp_roll4_lag4,203.98624897003174,130
lgbm_v2,9,4,temp_roll4_lag8,476.4377999305725,130
lgbm_v2,9,4,rain_roll12_lag12,854.5257215499878,130
lgbm_v2,9,4,neighbour_cases,1029.185380935669,130
lgbm_v2,9,4,neighbour_diff4,808.2127370834351,130
lgbm_v2,9,4,national_cases,2712.431722164154,130
lgbm_v2,9,4,national_diff4,4240.689545631409,130
lgbm_v2,9,4,district,10439.941287994385,130
lgbm_v2,9,4,target_doy_sin,4151.612898349762,130
lgbm_v2,9,4,target_doy_cos,2709.5098066329956,130
lgbm_v2_noclimate,9,4,cases_log1p,15077.348676681519,276
lgbm_v2_noclimate,9,4,doy_sin,6657.176756620407,276
lgbm_v2_noclimate,9,4,doy_cos,4902.876876592636,276
lgbm_v2_noclimate,9,4,weather_observed,0.0,276
lgbm_v2_noclimate,9,4,case_observed,0.0,276
lgbm_v2_noclimate,9,4,centroid_lat,980.3914997577667,276
lgbm_v2_noclimate,9,4,centroid_lon,771.8967185020447,276
lgbm_v2_noclimate,9,4,national_wave_rank,4498.1957268714905,276
lgbm_v2_noclimate,9,4,trailing_52_cumulative_cases,3455.973430633545,276
lgbm_v2_noclimate,9,4,cases_lag1,1469.9656338691711,276
lgbm_v2_noclimate,9,4,cases_lag2,1241.467224597931,276
lgbm_v2_noclimate,9,4,cases_lag3,821.8783535957336,276
lgbm_v2_noclimate,9,4,cases_lag4,510.0312807559967,276
lgbm_v2_noclimate,9,4,cases_lag5,495.23588037490845,276
lgbm_v2_noclimate,9,4,cases_lag6,313.94808053970337,276
lgbm_v2_noclimate,9,4,cases_lag7,448.63879919052124,276
lgbm_v2_noclimate,9,4,cases_lag8,387.23599910736084,276
lgbm_v2_noclimate,9,4,cases_lag9,425.4366805553436,276
lgbm_v2_noclimate,9,4,cases_lag10,442.8821907043457,276
lgbm_v2_noclimate,9,4,cases_lag11,382.4729199409485,276
lgbm_v2_noclimate,9,4,cases_lag12,772.5573811531067,276
lgbm_v2_noclimate,9,4,cases_mean4,2075.893453359604,276
lgbm_v2_noclimate,9,4,cases_mean8,671.7151703834534,276
lgbm_v2_noclimate,9,4,cases_mean12,1246.1232464313507,276
lgbm_v2_noclimate,9,4,cases_max12,2214.059457063675,276
lgbm_v2_noclimate,9,4,cases_diff1,27421.346929311752,276
lgbm_v2_noclimate,9,4,cases_diff4,4683.208035469055,276
lgbm_v2_noclimate,9,4,neighbour_cases,2290.763423681259,276
lgbm_v2_noclimate,9,4,neighbour_diff4,1755.1305557489395,276
lgbm_v2_noclimate,9,4,national_cases,7636.860105752945,276
lgbm_v2_noclimate,9,4,national_diff4,8217.912571787834,276
lgbm_v2_noclimate,9,4,district,13920.052881717682,276
lgbm_v2_noclimate,9,4,target_doy_sin,7485.236615896225,276
lgbm_v2_noclimate,9,4,target_doy_cos,7399.834032297134,276
lgbm_v2_climatology,9,4,cases_log1p,14888.736187458038,132
lgbm_v2_climatology,9,4,rainfall_daily_mean_mm,2524.088057041168,132
lgbm_v2_climatology,9,4,rainy_days_frac,2245.061756134033,132
lgbm_v2_climatology,9,4,temperature_mean_c,371.1782374382019,132
lgbm_v2_climatology,9,4,diurnal_range_c,221.23255968093872,132
lgbm_v2_climatology,9,4,dewpoint_mean_c,364.13541889190674,132
lgbm_v2_climatology,9,4,relative_humidity_mean,418.41402101516724,132
lgbm_v2_climatology,9,4,wind_speed_mean,209.20163106918335,132
lgbm_v2_climatology,9,4,doy_sin,2762.3369450569153,132
lgbm_v2_climatology,9,4,doy_cos,1673.8084449768066,132
lgbm_v2_climatology,9,4,weather_observed,0.0,132
lgbm_v2_climatology,9,4,case_observed,0.0,132
lgbm_v2_climatology,9,4,centroid_lat,364.92932081222534,132
lgbm_v2_climatology,9,4,centroid_lon,312.1408700942993,132
lgbm_v2_climatology,9,4,rainfall_daily_mean_mm_roll4,1811.488118171692,132
lgbm_v2_climatology,9,4,rainfall_daily_mean_mm_roll8,1179.6524467468262,132
lgbm_v2_climatology,9,4,rainfall_daily_mean_mm_roll12,202.85166788101196,132
lgbm_v2_climatology,9,4,temperature_mean_c_roll4,300.5601887702942,132
lgbm_v2_climatology,9,4,temperature_mean_c_roll8,501.6693911552429,132
lgbm_v2_climatology,9,4,temperature_mean_c_roll12,334.87366342544556,132
lgbm_v2_climatology,9,4,relative_humidity_mean_roll4,283.6784496307373,132
lgbm_v2_climatology,9,4,relative_humidity_mean_roll8,155.9051308631897,132
lgbm_v2_climatology,9,4,relative_humidity_mean_roll12,273.1872501373291,132
lgbm_v2_climatology,9,4,national_wave_rank,4582.641567707062,132
lgbm_v2_climatology,9,4,trailing_52_cumulative_cases,1837.7589588165283,132
lgbm_v2_climatology,9,4,cases_lag1,499.1580891609192,132
lgbm_v2_climatology,9,4,cases_lag2,815.9029002189636,132
lgbm_v2_climatology,9,4,cases_lag3,460.9823589324951,132
lgbm_v2_climatology,9,4,cases_lag4,326.4298219680786,132
lgbm_v2_climatology,9,4,cases_lag5,176.3075408935547,132
lgbm_v2_climatology,9,4,cases_lag6,43.48655080795288,132
lgbm_v2_climatology,9,4,cases_lag7,132.5038185119629,132
lgbm_v2_climatology,9,4,cases_lag8,164.19488763809204,132
lgbm_v2_climatology,9,4,cases_lag9,220.403470993042,132
lgbm_v2_climatology,9,4,cases_lag10,71.78866958618164,132
lgbm_v2_climatology,9,4,cases_lag11,165.78459119796753,132
lgbm_v2_climatology,9,4,cases_lag12,286.82932901382446,132
lgbm_v2_climatology,9,4,cases_mean4,1353.4666867256165,132
lgbm_v2_climatology,9,4,cases_mean8,524.7742838859558,132
lgbm_v2_climatology,9,4,cases_mean12,820.6912269592285,132
lgbm_v2_climatology,9,4,cases_max12,1551.077691078186,132
lgbm_v2_climatology,9,4,cases_diff1,26507.53959465027,132
lgbm_v2_climatology,9,4,cases_diff4,4560.59009885788,132
lgbm_v2_climatology,9,4,rain_roll4_lag4,253.86337900161743,132
lgbm_v2_climatology,9,4,rain_roll4_lag8,146.8881287574768,132
lgbm_v2_climatology,9,4,humid_roll4_lag4,184.8259401321411,132
lgbm_v2_climatology,9,4,humid_roll4_lag8,487.9026212692261,132
lgbm_v2_climatology,9,4,temp_roll4_lag4,567.2896099090576,132
lgbm_v2_climatology,9,4,temp_roll4_lag8,174.90907955169678,132
lgbm_v2_climatology,9,4,rain_roll12_lag12,235.59297132492065,132
lgbm_v2_climatology,9,4,neighbour_cases,1025.881164073944,132
lgbm_v2_climatology,9,4,neighbour_diff4,650.5376677513123,132
lgbm_v2_climatology,9,4,national_cases,3718.13463306427,132
lgbm_v2_climatology,9,4,national_diff4,5170.83035326004,132
lgbm_v2_climatology,9,4,district,9415.236055374146,132
lgbm_v2_climatology,9,4,target_doy_sin,4369.8890290260315,132
lgbm_v2_climatology,9,4,target_doy_cos,3272.8967895507812,132
lgbm_v2,9,6,cases_log1p,26475.44722557068,126
lgbm_v2,9,6,rainfall_daily_mean_mm,798.1280088424683,126
lgbm_v2,9,6,rainy_days_frac,604.2824335098267,126
lgbm_v2,9,6,temperature_mean_c,1007.6483654975891,126
lgbm_v2,9,6,diurnal_range_c,188.79324197769165,126
lgbm_v2,9,6,dewpoint_mean_c,1190.1865711212158,126
lgbm_v2,9,6,relative_humidity_mean,771.8137550354004,126
lgbm_v2,9,6,wind_speed_mean,292.3295512199402,126
lgbm_v2,9,6,doy_sin,3200.8036770820618,126
lgbm_v2,9,6,doy_cos,3331.0871152877808,126
lgbm_v2,9,6,weather_observed,0.0,126
lgbm_v2,9,6,case_observed,0.0,126
lgbm_v2,9,6,centroid_lat,710.4749279022217,126
lgbm_v2,9,6,centroid_lon,331.0972890853882,126
lgbm_v2,9,6,rainfall_daily_mean_mm_roll4,10057.062700271606,126
lgbm_v2,9,6,rainfall_daily_mean_mm_roll8,936.9651741981506,126
lgbm_v2,9,6,rainfall_daily_mean_mm_roll12,77.6075496673584,126
lgbm_v2,9,6,temperature_mean_c_roll4,467.3002095222473,126
lgbm_v2,9,6,temperature_mean_c_roll8,366.27210998535156,126
lgbm_v2,9,6,temperature_mean_c_roll12,257.0257625579834,126
lgbm_v2,9,6,relative_humidity_mean_roll4,1191.0999112129211,126
lgbm_v2,9,6,relative_humidity_mean_roll8,90.4388599395752,126
lgbm_v2,9,6,relative_humidity_mean_roll12,236.10348320007324,126
lgbm_v2,9,6,national_wave_rank,5065.588606834412,126
lgbm_v2,9,6,trailing_52_cumulative_cases,1930.2615156173706,126
lgbm_v2,9,6,cases_lag1,327.80300760269165,126
lgbm_v2,9,6,cases_lag2,195.19806957244873,126
lgbm_v2,9,6,cases_lag3,386.2605037689209,126
lgbm_v2,9,6,cases_lag4,229.1063995361328,126
lgbm_v2,9,6,cases_lag5,78.94850063323975,126
lgbm_v2,9,6,cases_lag6,132.4504270553589,126
lgbm_v2,9,6,cases_lag7,226.01378965377808,126
lgbm_v2,9,6,cases_lag8,38.49830913543701,126
lgbm_v2,9,6,cases_lag9,184.02780437469482,126
lgbm_v2,9,6,cases_lag10,436.4683828353882,126
lgbm_v2,9,6,cases_lag11,142.48195934295654,126
lgbm_v2,9,6,cases_lag12,538.367356300354,126
lgbm_v2,9,6,cases_mean4,582.9163513183594,126
lgbm_v2,9,6,cases_mean8,415.53199672698975,126
lgbm_v2,9,6,cases_mean12,594.8697285652161,126
lgbm_v2,9,6,cases_max12,2300.094747066498,126
lgbm_v2,9,6,cases_diff1,19227.6492061615,126
lgbm_v2,9,6,cases_diff4,5690.5260972976685,126
lgbm_v2,9,6,rain_roll4_lag4,324.92980194091797,126
lgbm_v2,9,6,rain_roll4_lag8,2783.2652950286865,126
lgbm_v2,9,6,humid_roll4_lag4,301.67050981521606,126
lgbm_v2,9,6,humid_roll4_lag8,6123.964590072632,126
lgbm_v2,9,6,temp_roll4_lag4,253.2868914604187,126
lgbm_v2,9,6,temp_roll4_lag8,958.359664440155,126
lgbm_v2,9,6,rain_roll12_lag12,1109.3686866760254,126
lgbm_v2,9,6,neighbour_cases,1611.450041770935,126
lgbm_v2,9,6,neighbour_diff4,161.57001972198486,126
lgbm_v2,9,6,national_cases,4972.273851394653,126
lgbm_v2,9,6,national_diff4,4761.412682533264,126
lgbm_v2,9,6,district,16500.54031944275,126
lgbm_v2,9,6,target_doy_sin,6928.494916439056,126
lgbm_v2,9,6,target_doy_cos,4769.500473976135,126
lgbm_v2_noclimate,9,6,cases_log1p,28986.036063194275,235
lgbm_v2_noclimate,9,6,doy_sin,9671.859175682068,235
lgbm_v2_noclimate,9,6,doy_cos,5748.834462404251,235
lgbm_v2_noclimate,9,6,weather_observed,0.0,235
lgbm_v2_noclimate,9,6,case_observed,0.0,235
lgbm_v2_noclimate,9,6,centroid_lat,2186.3207466602325,235
lgbm_v2_noclimate,9,6,centroid_lon,1088.4194231033325,235
lgbm_v2_noclimate,9,6,national_wave_rank,5101.7731783390045,235
lgbm_v2_noclimate,9,6,trailing_52_cumulative_cases,4181.588498830795,235
lgbm_v2_noclimate,9,6,cases_lag1,893.8222312927246,235
lgbm_v2_noclimate,9,6,cases_lag2,837.4032294750214,235
lgbm_v2_noclimate,9,6,cases_lag3,720.8188111782074,235
lgbm_v2_noclimate,9,6,cases_lag4,532.232321023941,235
lgbm_v2_noclimate,9,6,cases_lag5,252.0085482597351,235
lgbm_v2_noclimate,9,6,cases_lag6,415.4315299987793,235
lgbm_v2_noclimate,9,6,cases_lag7,333.1666405200958,235
lgbm_v2_noclimate,9,6,cases_lag8,357.3059706687927,235
lgbm_v2_noclimate,9,6,cases_lag9,507.9675922393799,235
lgbm_v2_noclimate,9,6,cases_lag10,918.0496377944946,235
lgbm_v2_noclimate,9,6,cases_lag11,685.844530582428,235
lgbm_v2_noclimate,9,6,cases_lag12,950.3970906734467,235
lgbm_v2_noclimate,9,6,cases_mean4,895.9210867881775,235
lgbm_v2_noclimate,9,6,cases_mean8,1143.881028175354,235
lgbm_v2_noclimate,9,6,cases_mean12,1501.0953109264374,235
lgbm_v2_noclimate,9,6,cases_max12,3025.293309688568,235
lgbm_v2_noclimate,9,6,cases_diff1,18470.485988140106,235
lgbm_v2_noclimate,9,6,cases_diff4,5804.422998905182,235
lgbm_v2_noclimate,9,6,neighbour_cases,3081.1531176567078,235
lgbm_v2_noclimate,9,6,neighbour_diff4,843.8860449790955,235
lgbm_v2_noclimate,9,6,national_cases,11489.30973482132,235
lgbm_v2_noclimate,9,6,national_diff4,9576.90251326561,235
lgbm_v2_noclimate,9,6,district,21193.708694934845,235
lgbm_v2_noclimate,9,6,target_doy_sin,11919.555074214935,235
lgbm_v2_noclimate,9,6,target_doy_cos,10812.76025056839,235
lgbm_v2_climatology,9,6,cases_log1p,28024.791654348373,238
lgbm_v2_climatology,9,6,rainfall_daily_mean_mm,3052.9390482902527,238
lgbm_v2_climatology,9,6,rainy_days_frac,5134.415860176086,238
lgbm_v2_climatology,9,6,temperature_mean_c,1097.658658504486,238
lgbm_v2_climatology,9,6,diurnal_range_c,362.73979139328003,238
lgbm_v2_climatology,9,6,dewpoint_mean_c,653.9320225715637,238
lgbm_v2_climatology,9,6,relative_humidity_mean,692.5319213867188,238
lgbm_v2_climatology,9,6,wind_speed_mean,551.426638841629,238
lgbm_v2_climatology,9,6,doy_sin,7531.4175453186035,238
lgbm_v2_climatology,9,6,doy_cos,3385.162395477295,238
lgbm_v2_climatology,9,6,weather_observed,0.0,238
lgbm_v2_climatology,9,6,case_observed,0.0,238
lgbm_v2_climatology,9,6,centroid_lat,629.4904594421387,238
lgbm_v2_climatology,9,6,centroid_lon,431.1004090309143,238
lgbm_v2_climatology,9,6,rainfall_daily_mean_mm_roll4,3443.110931158066,238
lgbm_v2_climatology,9,6,rainfall_daily_mean_mm_roll8,951.9519460201263,238
lgbm_v2_climatology,9,6,rainfall_daily_mean_mm_roll12,411.5499014854431,238
lgbm_v2_climatology,9,6,temperature_mean_c_roll4,993.685220003128,238
lgbm_v2_climatology,9,6,temperature_mean_c_roll8,910.3968875408173,238
lgbm_v2_climatology,9,6,temperature_mean_c_roll12,350.79612040519714,238
lgbm_v2_climatology,9,6,relative_humidity_mean_roll4,167.90620875358582,238
lgbm_v2_climatology,9,6,relative_humidity_mean_roll8,134.2183973789215,238
lgbm_v2_climatology,9,6,relative_humidity_mean_roll12,408.18144178390503,238
lgbm_v2_climatology,9,6,national_wave_rank,5795.239075422287,238
lgbm_v2_climatology,9,6,trailing_52_cumulative_cases,3538.5353469848633,238
lgbm_v2_climatology,9,6,cases_lag1,621.3295695781708,238
lgbm_v2_climatology,9,6,cases_lag2,694.5681302547455,238
lgbm_v2_climatology,9,6,cases_lag3,732.0871658325195,238
lgbm_v2_climatology,9,6,cases_lag4,513.71369099617,238
lgbm_v2_climatology,9,6,cases_lag5,204.29068851470947,238
lgbm_v2_climatology,9,6,cases_lag6,443.1272006034851,238
lgbm_v2_climatology,9,6,cases_lag7,419.91696548461914,238
lgbm_v2_climatology,9,6,cases_lag8,309.23634910583496,238
lgbm_v2_climatology,9,6,cases_lag9,478.74040937423706,238
lgbm_v2_climatology,9,6,cases_lag10,574.3860864639282,238
lgbm_v2_climatology,9,6,cases_lag11,697.1897349357605,238
lgbm_v2_climatology,9,6,cases_lag12,974.867645740509,238
lgbm_v2_climatology,9,6,cases_mean4,751.8959612846375,238
lgbm_v2_climatology,9,6,cases_mean8,918.3296172618866,238
lgbm_v2_climatology,9,6,cases_mean12,1361.7969346046448,238
lgbm_v2_climatology,9,6,cases_max12,3271.1445722579956,238
lgbm_v2_climatology,9,6,cases_diff1,19844.290435791016,238
lgbm_v2_climatology,9,6,cases_diff4,5896.159255743027,238
lgbm_v2_climatology,9,6,rain_roll4_lag4,406.91681027412415,238
lgbm_v2_climatology,9,6,rain_roll4_lag8,714.7274515628815,238
lgbm_v2_climatology,9,6,humid_roll4_lag4,220.15088319778442,238
lgbm_v2_climatology,9,6,humid_roll4_lag8,1147.6771092414856,238
lgbm_v2_climatology,9,6,temp_roll4_lag4,880.5768842697144,238
lgbm_v2_climatology,9,6,temp_roll4_lag8,358.51233649253845,238
lgbm_v2_climatology,9,6,rain_roll12_lag12,414.31628036499023,238
lgbm_v2_climatology,9,6,neighbour_cases,2134.6545786857605,238
lgbm_v2_climatology,9,6,neighbour_diff4,508.6483302116394,238
lgbm_v2_climatology,9,6,national_cases,9853.614770412445,238
lgbm_v2_climatology,9,6,national_diff4,9286.278991699219,238
lgbm_v2_climatology,9,6,district,17920.403239250183,238
lgbm_v2_climatology,9,6,target_doy_sin,7435.917387723923,238
lgbm_v2_climatology,9,6,target_doy_cos,7152.411350727081,238
lgbm_v2,9,8,cases_log1p,38969.45882320404,127
lgbm_v2,9,8,rainfall_daily_mean_mm,1228.0017080307007,127
lgbm_v2,9,8,rainy_days_frac,2081.6948976516724,127
lgbm_v2,9,8,temperature_mean_c,1103.3468437194824,127
lgbm_v2,9,8,diurnal_range_c,138.20280075073242,127
lgbm_v2,9,8,dewpoint_mean_c,694.6737222671509,127
lgbm_v2,9,8,relative_humidity_mean,891.0354700088501,127
lgbm_v2,9,8,wind_speed_mean,582.2090101242065,127
lgbm_v2,9,8,doy_sin,3579.4470987319946,127
lgbm_v2,9,8,doy_cos,5607.027992248535,127
lgbm_v2,9,8,weather_observed,0.0,127
lgbm_v2,9,8,case_observed,0.0,127
lgbm_v2,9,8,centroid_lat,1669.6281204223633,127
lgbm_v2,9,8,centroid_lon,619.862401008606,127
lgbm_v2,9,8,rainfall_daily_mean_mm_roll4,9636.024063110352,127
lgbm_v2,9,8,rainfall_daily_mean_mm_roll8,279.5224132537842,127
lgbm_v2,9,8,rainfall_daily_mean_mm_roll12,87.61332893371582,127
lgbm_v2,9,8,temperature_mean_c_roll4,396.8740539550781,127
lgbm_v2,9,8,temperature_mean_c_roll8,333.97150230407715,127
lgbm_v2,9,8,temperature_mean_c_roll12,193.3118019104004,127
lgbm_v2,9,8,relative_humidity_mean_roll4,580.131817817688,127
lgbm_v2,9,8,relative_humidity_mean_roll8,273.5831050872803,127
lgbm_v2,9,8,relative_humidity_mean_roll12,680.6183652877808,127
lgbm_v2,9,8,national_wave_rank,6581.410042762756,127
lgbm_v2,9,8,trailing_52_cumulative_cases,2184.235694885254,127
lgbm_v2,9,8,cases_lag1,364.4351634979248,127
lgbm_v2,9,8,cases_lag2,135.29344081878662,127
lgbm_v2,9,8,cases_lag3,30.34920024871826,127
lgbm_v2,9,8,cases_lag4,249.93947315216064,127
lgbm_v2,9,8,cases_lag5,110.51199913024902,127
lgbm_v2,9,8,cases_lag6,92.1358814239502,127
lgbm_v2,9,8,cases_lag7,161.00533199310303,127
lgbm_v2,9,8,cases_lag8,395.96460151672363,127
lgbm_v2,9,8,cases_lag9,117.90069007873535,127
lgbm_v2,9,8,cases_lag10,252.82773685455322,127
lgbm_v2,9,8,cases_lag11,207.7019100189209,127
lgbm_v2,9,8,cases_lag12,623.8581972122192,127
lgbm_v2,9,8,cases_mean4,486.10455799102783,127
lgbm_v2,9,8,cases_mean8,650.1344013214111,127
lgbm_v2,9,8,cases_mean12,1285.4233102798462,127
lgbm_v2,9,8,cases_max12,3221.3129901885986,127
lgbm_v2,9,8,cases_diff1,17915.413546562195,127
lgbm_v2,9,8,cases_diff4,5833.092684745789,127
lgbm_v2,9,8,rain_roll4_lag4,599.2826766967773,127
lgbm_v2,9,8,rain_roll4_lag8,6302.5766315460205,127
lgbm_v2,9,8,humid_roll4_lag4,801.1900234222412,127
lgbm_v2,9,8,humid_roll4_lag8,5756.746438026428,127
lgbm_v2,9,8,temp_roll4_lag4,929.3515911102295,127
lgbm_v2,9,8,temp_roll4_lag8,1476.9622621536255,127
lgbm_v2,9,8,rain_roll12_lag12,1690.182279586792,127
lgbm_v2,9,8,neighbour_cases,1586.2001371383667,127
lgbm_v2,9,8,neighbour_diff4,303.60460090637207,127
lgbm_v2,9,8,national_cases,7044.19765663147,127
lgbm_v2,9,8,national_diff4,4273.737073898315,127
lgbm_v2,9,8,district,23620.244799613953,127
lgbm_v2,9,8,target_doy_sin,11232.82944393158,127
lgbm_v2,9,8,target_doy_cos,7379.717761993408,127
lgbm_v2_noclimate,9,8,cases_log1p,40068.83139705658,275
lgbm_v2_noclimate,9,8,doy_sin,11178.331637620926,275
lgbm_v2_noclimate,9,8,doy_cos,8775.339031219482,275
lgbm_v2_noclimate,9,8,weather_observed,0.0,275
lgbm_v2_noclimate,9,8,case_observed,0.0,275
lgbm_v2_noclimate,9,8,centroid_lat,3209.9119896888733,275
lgbm_v2_noclimate,9,8,centroid_lon,1444.043706893921,275
lgbm_v2_noclimate,9,8,national_wave_rank,6579.3159437179565,275
lgbm_v2_noclimate,9,8,trailing_52_cumulative_cases,6852.053615093231,275
lgbm_v2_noclimate,9,8,cases_lag1,777.4683263301849,275
lgbm_v2_noclimate,9,8,cases_lag2,764.3510510921478,275
lgbm_v2_noclimate,9,8,cases_lag3,396.7964096069336,275
lgbm_v2_noclimate,9,8,cases_lag4,880.0396959781647,275
lgbm_v2_noclimate,9,8,cases_lag5,243.2595293521881,275
lgbm_v2_noclimate,9,8,cases_lag6,318.08019256591797,275
lgbm_v2_noclimate,9,8,cases_lag7,395.3065969944,275
lgbm_v2_noclimate,9,8,cases_lag8,730.5127794742584,275
lgbm_v2_noclimate,9,8,cases_lag9,529.8897535800934,275
lgbm_v2_noclimate,9,8,cases_lag10,1116.2532906532288,275
lgbm_v2_noclimate,9,8,cases_lag11,901.6926693916321,275
lgbm_v2_noclimate,9,8,cases_lag12,1087.600251674652,275
lgbm_v2_noclimate,9,8,cases_mean4,1332.7740638256073,275
lgbm_v2_noclimate,9,8,cases_mean8,1231.3637776374817,275
lgbm_v2_noclimate,9,8,cases_mean12,2232.2733306884766,275
lgbm_v2_noclimate,9,8,cases_max12,5015.608600854874,275
lgbm_v2_noclimate,9,8,cases_diff1,18424.499188423157,275
lgbm_v2_noclimate,9,8,cases_diff4,5198.980258226395,275
lgbm_v2_noclimate,9,8,neighbour_cases,3200.9190895557404,275
lgbm_v2_noclimate,9,8,neighbour_diff4,1018.9119272232056,275
lgbm_v2_noclimate,9,8,national_cases,19209.135992765427,275
lgbm_v2_noclimate,9,8,national_diff4,10201.736444234848,275
lgbm_v2_noclimate,9,8,district,30514.036563396454,275
lgbm_v2_noclimate,9,8,target_doy_sin,18779.062660455704,275
lgbm_v2_noclimate,9,8,target_doy_cos,14354.626599550247,275
lgbm_v2_climatology,9,8,cases_log1p,40764.48027420044,231
lgbm_v2_climatology,9,8,rainfall_daily_mean_mm,3324.9860429763794,231
lgbm_v2_climatology,9,8,rainy_days_frac,11314.322724342346,231
lgbm_v2_climatology,9,8,temperature_mean_c,2267.689157962799,231
lgbm_v2_climatology,9,8,diurnal_range_c,489.60025691986084,231
lgbm_v2_climatology,9,8,dewpoint_mean_c,447.2418270111084,231
lgbm_v2_climatology,9,8,relative_humidity_mean,539.2901773452759,231
lgbm_v2_climatology,9,8,wind_speed_mean,371.6669783592224,231
lgbm_v2_climatology,9,8,doy_sin,8398.918155670166,231
lgbm_v2_climatology,9,8,doy_cos,7075.093857765198,231
lgbm_v2_climatology,9,8,weather_observed,0.0,231
lgbm_v2_climatology,9,8,case_observed,0.0,231
lgbm_v2_climatology,9,8,centroid_lat,844.3210535049438,231
lgbm_v2_climatology,9,8,centroid_lon,754.7575788497925,231
lgbm_v2_climatology,9,8,rainfall_daily_mean_mm_roll4,1299.753632068634,231
lgbm_v2_climatology,9,8,rainfall_daily_mean_mm_roll8,466.4691710472107,231
lgbm_v2_climatology,9,8,rainfall_daily_mean_mm_roll12,422.0126419067383,231
lgbm_v2_climatology,9,8,temperature_mean_c_roll4,1344.0223684310913,231
lgbm_v2_climatology,9,8,temperature_mean_c_roll8,575.7118906974792,231
lgbm_v2_climatology,9,8,temperature_mean_c_roll12,185.69486618041992,231
lgbm_v2_climatology,9,8,relative_humidity_mean_roll4,316.48733139038086,231
lgbm_v2_climatology,9,8,relative_humidity_mean_roll8,319.2673330307007,231
lgbm_v2_climatology,9,8,relative_humidity_mean_roll12,269.8734612464905,231
lgbm_v2_climatology,9,8,national_wave_rank,6862.391636610031,231
lgbm_v2_climatology,9,8,trailing_52_cumulative_cases,5254.313623428345,231
lgbm_v2_climatology,9,8,cases_lag1,522.9714183807373,231
lgbm_v2_climatology,9,8,cases_lag2,397.2380814552307,231
lgbm_v2_climatology,9,8,cases_lag3,259.4027609825134,231
lgbm_v2_climatology,9,8,cases_lag4,539.1098599433899,231
lgbm_v2_climatology,9,8,cases_lag5,178.42368030548096,231
lgbm_v2_climatology,9,8,cases_lag6,186.02604913711548,231
lgbm_v2_climatology,9,8,cases_lag7,344.88932704925537,231
lgbm_v2_climatology,9,8,cases_lag8,803.657229423523,231
lgbm_v2_climatology,9,8,cases_lag9,468.04980659484863,231
lgbm_v2_climatology,9,8,cases_lag10,609.7837562561035,231
lgbm_v2_climatology,9,8,cases_lag11,780.9546432495117,231
lgbm_v2_climatology,9,8,cases_lag12,1022.9422192573547,231
lgbm_v2_climatology,9,8,cases_mean4,752.3213105201721,231
lgbm_v2_climatology,9,8,cases_mean8,1570.6294503211975,231
lgbm_v2_climatology,9,8,cases_mean12,2240.9713082313538,231
lgbm_v2_climatology,9,8,cases_max12,4047.129237651825,231
lgbm_v2_climatology,9,8,cases_diff1,17161.12828540802,231
lgbm_v2_climatology,9,8,cases_diff4,5862.170379638672,231
lgbm_v2_climatology,9,8,rain_roll4_lag4,340.5951728820801,231
lgbm_v2_climatology,9,8,rain_roll4_lag8,1263.247386455536,231
lgbm_v2_climatology,9,8,humid_roll4_lag4,219.50140190124512,231
lgbm_v2_climatology,9,8,humid_roll4_lag8,867.4439668655396,231
lgbm_v2_climatology,9,8,temp_roll4_lag4,719.7477159500122,231
lgbm_v2_climatology,9,8,temp_roll4_lag8,928.1859567165375,231
lgbm_v2_climatology,9,8,rain_roll12_lag12,443.53143286705017,231
lgbm_v2_climatology,9,8,neighbour_cases,1953.5657410621643,231
lgbm_v2_climatology,9,8,neighbour_diff4,623.6640582084656,231
lgbm_v2_climatology,9,8,national_cases,16869.199650764465,231
lgbm_v2_climatology,9,8,national_diff4,9051.030330181122,231
lgbm_v2_climatology,9,8,district,24875.420615434647,231
lgbm_v2_climatology,9,8,target_doy_sin,13549.963687419891,231
lgbm_v2_climatology,9,8,target_doy_cos,6961.1723964214325,231
lgbm_v2,9,10,cases_log1p,53891.8382692337,103
lgbm_v2,9,10,rainfall_daily_mean_mm,2309.2530002593994,103
lgbm_v2,9,10,rainy_days_frac,842.661699295044,103
lgbm_v2,9,10,temperature_mean_c,964.0869998931885,103
lgbm_v2,9,10,diurnal_range_c,133.81290245056152,103
lgbm_v2,9,10,dewpoint_mean_c,396.10130310058594,103
lgbm_v2,9,10,relative_humidity_mean,1043.3923072814941,103
lgbm_v2,9,10,wind_speed_mean,1200.17799949646,103
lgbm_v2,9,10,doy_sin,4939.866436004639,103
lgbm_v2,9,10,doy_cos,6526.121053695679,103
lgbm_v2,9,10,weather_observed,0.0,103
lgbm_v2,9,10,case_observed,0.0,103
lgbm_v2,9,10,centroid_lat,2205.398196220398,103
lgbm_v2,9,10,centroid_lon,1132.709303855896,103
lgbm_v2,9,10,rainfall_daily_mean_mm_roll4,3965.564655303955,103
lgbm_v2,9,10,rainfall_daily_mean_mm_roll8,283.8972053527832,103
lgbm_v2,9,10,rainfall_daily_mean_mm_roll12,443.2771062850952,103
lgbm_v2,9,10,temperature_mean_c_roll4,293.8958053588867,103
lgbm_v2,9,10,temperature_mean_c_roll8,101.23059940338135,103
lgbm_v2,9,10,temperature_mean_c_roll12,232.48910427093506,103
lgbm_v2,9,10,relative_humidity_mean_roll4,378.78650188446045,103
lgbm_v2,9,10,relative_humidity_mean_roll8,275.5862979888916,103
lgbm_v2,9,10,relative_humidity_mean_roll12,1085.1224937438965,103
lgbm_v2,9,10,national_wave_rank,6519.0138120651245,103
lgbm_v2,9,10,trailing_52_cumulative_cases,3754.7447996139526,103
lgbm_v2,9,10,cases_lag1,144.69719886779785,103
lgbm_v2,9,10,cases_lag2,541.1065015792847,103
lgbm_v2,9,10,cases_lag3,54.7814998626709,103
lgbm_v2,9,10,cases_lag4,182.79160118103027,103
lgbm_v2,9,10,cases_lag5,102.3960018157959,103
lgbm_v2,9,10,cases_lag6,122.38290119171143,103
lgbm_v2,9,10,cases_lag7,33.65569877624512,103
lgbm_v2,9,10,cases_lag8,40.48909950256348,103
lgbm_v2,9,10,cases_lag9,149.011399269104,103
lgbm_v2,9,10,cases_lag10,186.99420356750488,103
lgbm_v2,9,10,cases_lag11,239.67859649658203,103
lgbm_v2,9,10,cases_lag12,710.6171026229858,103
lgbm_v2,9,10,cases_mean4,341.6599006652832,103
lgbm_v2,9,10,cases_mean8,731.5153017044067,103
lgbm_v2,9,10,cases_mean12,1580.24870967865,103
lgbm_v2,9,10,cases_max12,3272.8387145996094,103
lgbm_v2,9,10,cases_diff1,12767.302991867065,103
lgbm_v2,9,10,cases_diff4,4925.041323661804,103
lgbm_v2,9,10,rain_roll4_lag4,826.8742017745972,103
lgbm_v2,9,10,rain_roll4_lag8,6019.87131023407,103
lgbm_v2,9,10,humid_roll4_lag4,2167.543801307678,103
lgbm_v2,9,10,humid_roll4_lag8,6117.738187789917,103
lgbm_v2,9,10,temp_roll4_lag4,819.241792678833,103
lgbm_v2,9,10,temp_roll4_lag8,1740.5879154205322,103
lgbm_v2,9,10,rain_roll12_lag12,1667.2220001220703,103
lgbm_v2,9,10,neighbour_cases,1585.726894378662,103
lgbm_v2,9,10,neighbour_diff4,162.46199893951416,103
lgbm_v2,9,10,national_cases,10280.502178192139,103
lgbm_v2,9,10,national_diff4,3109.1796073913574,103
lgbm_v2,9,10,district,29594.706212043762,103
lgbm_v2,9,10,target_doy_sin,10661.950033187866,103
lgbm_v2,9,10,target_doy_cos,13801.576881408691,103
lgbm_v2_noclimate,9,10,cases_log1p,52928.05545759201,154
lgbm_v2_noclimate,9,10,doy_sin,9573.041369438171,154
lgbm_v2_noclimate,9,10,doy_cos,7254.307260990143,154
lgbm_v2_noclimate,9,10,weather_observed,0.0,154
lgbm_v2_noclimate,9,10,case_observed,0.0,154
lgbm_v2_noclimate,9,10,centroid_lat,3693.484529018402,154
lgbm_v2_noclimate,9,10,centroid_lon,1601.612699508667,154
lgbm_v2_noclimate,9,10,national_wave_rank,7821.003449440002,154
lgbm_v2_noclimate,9,10,trailing_52_cumulative_cases,6358.313865184784,154
lgbm_v2_noclimate,9,10,cases_lag1,746.1528978347778,154
lgbm_v2_noclimate,9,10,cases_lag2,627.2170782089233,154
lgbm_v2_noclimate,9,10,cases_lag3,305.6735420227051,154
lgbm_v2_noclimate,9,10,cases_lag4,174.38709926605225,154
lgbm_v2_noclimate,9,10,cases_lag5,183.19192790985107,154
lgbm_v2_noclimate,9,10,cases_lag6,365.5858669281006,154
lgbm_v2_noclimate,9,10,cases_lag7,282.58793783187866,154
lgbm_v2_noclimate,9,10,cases_lag8,398.0501375198364,154
lgbm_v2_noclimate,9,10,cases_lag9,517.0390968322754,154
lgbm_v2_noclimate,9,10,cases_lag10,602.1251111030579,154
lgbm_v2_noclimate,9,10,cases_lag11,428.3326759338379,154
lgbm_v2_noclimate,9,10,cases_lag12,1065.3089866638184,154
lgbm_v2_noclimate,9,10,cases_mean4,1906.2645740509033,154
lgbm_v2_noclimate,9,10,cases_mean8,970.9976100921631,154
lgbm_v2_noclimate,9,10,cases_mean12,2490.6219635009766,154
lgbm_v2_noclimate,9,10,cases_max12,5097.408895969391,154
lgbm_v2_noclimate,9,10,cases_diff1,15053.212526321411,154
lgbm_v2_noclimate,9,10,cases_diff4,4468.558701515198,154
lgbm_v2_noclimate,9,10,neighbour_cases,2547.4373064041138,154
lgbm_v2_noclimate,9,10,neighbour_diff4,546.4000272750854,154
lgbm_v2_noclimate,9,10,national_cases,16969.736564159393,154
lgbm_v2_noclimate,9,10,national_diff4,6142.555491924286,154
lgbm_v2_noclimate,9,10,district,34182.52720451355,154
lgbm_v2_noclimate,9,10,target_doy_sin,16619.825788497925,154
lgbm_v2_noclimate,9,10,target_doy_cos,21007.676297187805,154
lgbm_v2_climatology,9,10,cases_log1p,53868.39656352997,128
lgbm_v2_climatology,9,10,rainfall_daily_mean_mm,1124.1575889587402,128
lgbm_v2_climatology,9,10,rainy_days_frac,10196.301111221313,128
lgbm_v2_climatology,9,10,temperature_mean_c,1834.2635040283203,128
lgbm_v2_climatology,9,10,diurnal_range_c,793.2664413452148,128
lgbm_v2_climatology,9,10,dewpoint_mean_c,253.59746265411377,128
lgbm_v2_climatology,9,10,relative_humidity_mean,338.1660966873169,128
lgbm_v2_climatology,9,10,wind_speed_mean,304.01119327545166,128
lgbm_v2_climatology,9,10,doy_sin,7326.4226331710815,128
lgbm_v2_climatology,9,10,doy_cos,8100.553426742554,128
lgbm_v2_climatology,9,10,weather_observed,0.0,128
lgbm_v2_climatology,9,10,case_observed,0.0,128
lgbm_v2_climatology,9,10,centroid_lat,1464.8853130340576,128
lgbm_v2_climatology,9,10,centroid_lon,564.8272981643677,128
lgbm_v2_climatology,9,10,rainfall_daily_mean_mm_roll4,1075.6802959442139,128
lgbm_v2_climatology,9,10,rainfall_daily_mean_mm_roll8,336.9121952056885,128
lgbm_v2_climatology,9,10,rainfall_daily_mean_mm_roll12,83.34550094604492,128
lgbm_v2_climatology,9,10,temperature_mean_c_roll4,909.2803440093994,128
lgbm_v2_climatology,9,10,temperature_mean_c_roll8,480.16259574890137,128
lgbm_v2_climatology,9,10,temperature_mean_c_roll12,191.39320182800293,128
lgbm_v2_climatology,9,10,relative_humidity_mean_roll4,238.35529899597168,128
lgbm_v2_climatology,9,10,relative_humidity_mean_roll8,192.3505802154541,128
lgbm_v2_climatology,9,10,relative_humidity_mean_roll12,346.47040462493896,128
lgbm_v2_climatology,9,10,national_wave_rank,7771.173070907593,128
lgbm_v2_climatology,9,10,trailing_52_cumulative_cases,5173.049011230469,128
lgbm_v2_climatology,9,10,cases_lag1,331.5633382797241,128
lgbm_v2_climatology,9,10,cases_lag2,544.7956008911133,128
lgbm_v2_climatology,9,10,cases_lag3,174.7705020904541,128
lgbm_v2_climatology,9,10,cases_lag4,126.36710166931152,128
lgbm_v2_climatology,9,10,cases_lag5,99.07840156555176,128
lgbm_v2_climatology,9,10,cases_lag6,134.1392993927002,128
lgbm_v2_climatology,9,10,cases_lag7,150.18820095062256,128
lgbm_v2_climatology,9,10,cases_lag8,270.9247283935547,128
lgbm_v2_climatology,9,10,cases_lag9,321.72354888916016,128
lgbm_v2_climatology,9,10,cases_lag10,494.1931915283203,128
lgbm_v2_climatology,9,10,cases_lag11,195.1380968093872,128
lgbm_v2_climatology,9,10,cases_lag12,1146.8801164627075,128
lgbm_v2_climatology,9,10,cases_mean4,458.1167116165161,128
lgbm_v2_climatology,9,10,cases_mean8,1302.7708148956299,128
lgbm_v2_climatology,9,10,cases_mean12,2671.9577713012695,128
lgbm_v2_climatology,9,10,cases_max12,4564.441637039185,128
lgbm_v2_climatology,9,10,cases_diff1,12538.208084106445,128
lgbm_v2_climatology,9,10,cases_diff4,5385.3688106536865,128
lgbm_v2_climatology,9,10,rain_roll4_lag4,142.3071985244751,128
lgbm_v2_climatology,9,10,rain_roll4_lag8,413.4435968399048,128
lgbm_v2_climatology,9,10,humid_roll4_lag4,611.5763635635376,128
lgbm_v2_climatology,9,10,humid_roll4_lag8,722.9699029922485,128
lgbm_v2_climatology,9,10,temp_roll4_lag4,321.4398994445801,128
lgbm_v2_climatology,9,10,temp_roll4_lag8,920.3578958511353,128
lgbm_v2_climatology,9,10,rain_roll12_lag12,361.37599658966064,128
lgbm_v2_climatology,9,10,neighbour_cases,1765.95756149292,128
lgbm_v2_climatology,9,10,neighbour_diff4,284.091833114624,128
lgbm_v2_climatology,9,10,national_cases,14700.853443145752,128
lgbm_v2_climatology,9,10,national_diff4,5704.644330978394,128
lgbm_v2_climatology,9,10,district,28697.863437652588,128
lgbm_v2_climatology,9,10,target_doy_sin,17186.31945514679,128
lgbm_v2_climatology,9,10,target_doy_cos,8571.96655845642,128
lgbm_v2,9,12,cases_log1p,64370.108880996704,148
lgbm_v2,9,12,rainfall_daily_mean_mm,1173.7609882354736,148
lgbm_v2,9,12,rainy_days_frac,388.7295045852661,148
lgbm_v2,9,12,temperature_mean_c,1374.2760982513428,148
lgbm_v2,9,12,diurnal_range_c,342.7592945098877,148
lgbm_v2,9,12,dewpoint_mean_c,838.9591054916382,148
lgbm_v2,9,12,relative_humidity_mean,737.7868928909302,148
lgbm_v2,9,12,wind_speed_mean,1456.7705936431885,148
lgbm_v2,9,12,doy_sin,8087.744271278381,148
lgbm_v2,9,12,doy_cos,4267.565405845642,148
lgbm_v2,9,12,weather_observed,0.0,148
lgbm_v2,9,12,case_observed,0.0,148
lgbm_v2,9,12,centroid_lat,3933.001615524292,148
lgbm_v2,9,12,centroid_lon,1904.7827777862549,148
lgbm_v2,9,12,rainfall_daily_mean_mm_roll4,1872.6697969436646,148
lgbm_v2,9,12,rainfall_daily_mean_mm_roll8,242.73269939422607,148
lgbm_v2,9,12,rainfall_daily_mean_mm_roll12,1037.7619018554688,148
lgbm_v2,9,12,temperature_mean_c_roll4,882.3605012893677,148
lgbm_v2,9,12,temperature_mean_c_roll8,373.7549991607666,148
lgbm_v2,9,12,temperature_mean_c_roll12,515.9584016799927,148
lgbm_v2,9,12,relative_humidity_mean_roll4,493.6647024154663,148
lgbm_v2,9,12,relative_humidity_mean_roll8,762.6541986465454,148
lgbm_v2,9,12,relative_humidity_mean_roll12,1607.8702945709229,148
lgbm_v2,9,12,national_wave_rank,7952.830582618713,148
lgbm_v2,9,12,trailing_52_cumulative_cases,5541.670207023621,148
lgbm_v2,9,12,cases_lag1,232.37554359436035,148
lgbm_v2,9,12,cases_lag2,251.03800296783447,148
lgbm_v2,9,12,cases_lag3,346.57819652557373,148
lgbm_v2,9,12,cases_lag4,285.35850048065186,148
lgbm_v2,9,12,cases_lag5,28.64699935913086,148
lgbm_v2,9,12,cases_lag6,76.1171007156372,148
lgbm_v2,9,12,cases_lag7,72.24279975891113,148
lgbm_v2,9,12,cases_lag8,356.9041223526001,148
lgbm_v2,9,12,cases_lag9,303.5893020629883,148
lgbm_v2,9,12,cases_lag10,297.0462989807129,148
lgbm_v2,9,12,cases_lag11,525.491099357605,148
lgbm_v2,9,12,cases_lag12,654.0411024093628,148
lgbm_v2,9,12,cases_mean4,862.1655292510986,148
lgbm_v2,9,12,cases_mean8,1095.2934131622314,148
lgbm_v2,9,12,cases_mean12,2055.4156970977783,148
lgbm_v2,9,12,cases_max12,4248.314715385437,148
lgbm_v2,9,12,cases_diff1,11390.367305755615,148
lgbm_v2,9,12,cases_diff4,5872.366835594177,148
lgbm_v2,9,12,rain_roll4_lag4,2006.184151649475,148
lgbm_v2,9,12,rain_roll4_lag8,8685.174364089966,148
lgbm_v2,9,12,humid_roll4_lag4,3427.5519857406616,148
lgbm_v2,9,12,humid_roll4_lag8,5905.738792419434,148
lgbm_v2,9,12,temp_roll4_lag4,809.2333879470825,148
lgbm_v2,9,12,temp_roll4_lag8,3254.194408416748,148
lgbm_v2,9,12,rain_roll12_lag12,2093.790801048279,148
lgbm_v2,9,12,neighbour_cases,1243.3156232833862,148
lgbm_v2,9,12,neighbour_diff4,145.9369993209839,148
lgbm_v2,9,12,national_cases,18329.978790283203,148
lgbm_v2,9,12,national_diff4,4880.602493286133,148
lgbm_v2,9,12,district,39922.36857795715,148
lgbm_v2,9,12,target_doy_sin,10520.853482246399,148
lgbm_v2,9,12,target_doy_cos,20439.136702537537,148
lgbm_v2_noclimate,9,12,cases_log1p,61792.88009881973,227
lgbm_v2_noclimate,9,12,doy_sin,13249.615419864655,227
lgbm_v2_noclimate,9,12,doy_cos,7728.683811664581,227
lgbm_v2_noclimate,9,12,weather_observed,0.0,227
lgbm_v2_noclimate,9,12,case_observed,0.0,227
lgbm_v2_noclimate,9,12,centroid_lat,4995.922269821167,227
lgbm_v2_noclimate,9,12,centroid_lon,2690.013744354248,227
lgbm_v2_noclimate,9,12,national_wave_rank,9190.946244716644,227
lgbm_v2_noclimate,9,12,trailing_52_cumulative_cases,11222.4912109375,227
lgbm_v2_noclimate,9,12,cases_lag1,687.4767217636108,227
lgbm_v2_noclimate,9,12,cases_lag2,267.1683773994446,227
lgbm_v2_noclimate,9,12,cases_lag3,482.2539710998535,227
lgbm_v2_noclimate,9,12,cases_lag4,189.30739831924438,227
lgbm_v2_noclimate,9,12,cases_lag5,222.24713802337646,227
lgbm_v2_noclimate,9,12,cases_lag6,287.66499042510986,227
lgbm_v2_noclimate,9,12,cases_lag7,355.4707098007202,227
lgbm_v2_noclimate,9,12,cases_lag8,388.96719312667847,227
lgbm_v2_noclimate,9,12,cases_lag9,461.7771706581116,227
lgbm_v2_noclimate,9,12,cases_lag10,1087.6912317276,227
lgbm_v2_noclimate,9,12,cases_lag11,998.9413175582886,227
lgbm_v2_noclimate,9,12,cases_lag12,1404.153389930725,227
lgbm_v2_noclimate,9,12,cases_mean4,2429.659104824066,227
lgbm_v2_noclimate,9,12,cases_mean8,1573.2143864631653,227
lgbm_v2_noclimate,9,12,cases_mean12,3577.6989603042603,227
lgbm_v2_noclimate,9,12,cases_max12,6481.840498924255,227
lgbm_v2_noclimate,9,12,cases_diff1,13457.215592861176,227
lgbm_v2_noclimate,9,12,cases_diff4,6067.40473985672,227
lgbm_v2_noclimate,9,12,neighbour_cases,2307.276596546173,227
lgbm_v2_noclimate,9,12,neighbour_diff4,785.9899773597717,227
lgbm_v2_noclimate,9,12,national_cases,27227.634161949158,227
lgbm_v2_noclimate,9,12,national_diff4,11187.802844047546,227
lgbm_v2_noclimate,9,12,district,42784.41019487381,227
lgbm_v2_noclimate,9,12,target_doy_sin,16688.318808555603,227
lgbm_v2_noclimate,9,12,target_doy_cos,26277.0282869339,227
lgbm_v2_climatology,9,12,cases_log1p,64414.814688682556,188
lgbm_v2_climatology,9,12,rainfall_daily_mean_mm,1481.6267976760864,188
lgbm_v2_climatology,9,12,rainy_days_frac,6721.8423862457275,188
lgbm_v2_climatology,9,12,temperature_mean_c,2295.5233120918274,188
lgbm_v2_climatology,9,12,diurnal_range_c,1061.5356402397156,188
lgbm_v2_climatology,9,12,dewpoint_mean_c,450.1249809265137,188
lgbm_v2_climatology,9,12,relative_humidity_mean,458.1071014404297,188
lgbm_v2_climatology,9,12,wind_speed_mean,935.4249229431152,188
lgbm_v2_climatology,9,12,doy_sin,12181.293089866638,188
lgbm_v2_climatology,9,12,doy_cos,5128.807427406311,188
lgbm_v2_climatology,9,12,weather_observed,0.0,188
lgbm_v2_climatology,9,12,case_observed,0.0,188
lgbm_v2_climatology,9,12,centroid_lat,2792.068690299988,188
lgbm_v2_climatology,9,12,centroid_lon,1214.0868186950684,188
lgbm_v2_climatology,9,12,rainfall_daily_mean_mm_roll4,720.3470749855042,188
lgbm_v2_climatology,9,12,rainfall_daily_mean_mm_roll8,470.4001884460449,188
lgbm_v2_climatology,9,12,rainfall_daily_mean_mm_roll12,329.833459854126,188
lgbm_v2_climatology,9,12,temperature_mean_c_roll4,1028.7681956291199,188
lgbm_v2_climatology,9,12,temperature_mean_c_roll8,391.9135465621948,188
lgbm_v2_climatology,9,12,temperature_mean_c_roll12,213.36194133758545,188
lgbm_v2_climatology,9,12,relative_humidity_mean_roll4,174.0648021697998,188
lgbm_v2_climatology,9,12,relative_humidity_mean_roll8,189.8519802093506,188
lgbm_v2_climatology,9,12,relative_humidity_mean_roll12,455.751549243927,188
lgbm_v2_climatology,9,12,national_wave_rank,8318.801438331604,188
lgbm_v2_climatology,9,12,trailing_52_cumulative_cases,8100.4283566474915,188
lgbm_v2_climatology,9,12,cases_lag1,674.6800384521484,188
lgbm_v2_climatology,9,12,cases_lag2,241.93007946014404,188
lgbm_v2_climatology,9,12,cases_lag3,442.5790090560913,188
lgbm_v2_climatology,9,12,cases_lag4,305.67688941955566,188
lgbm_v2_climatology,9,12,cases_lag5,316.6760358810425,188
lgbm_v2_climatology,9,12,cases_lag6,98.9236388206482,188
lgbm_v2_climatology,9,12,cases_lag7,332.442889213562,188
lgbm_v2_climatology,9,12,cases_lag8,559.5878114700317,188
lgbm_v2_climatology,9,12,cases_lag9,316.1635103225708,188
lgbm_v2_climatology,9,12,cases_lag10,833.5637192726135,188
lgbm_v2_climatology,9,12,cases_lag11,767.6761388778687,188
lgbm_v2_climatology,9,12,cases_lag12,1143.697522163391,188
lgbm_v2_climatology,9,12,cases_mean4,1167.812036037445,188
lgbm_v2_climatology,9,12,cases_mean8,1351.822021484375,188
lgbm_v2_climatology,9,12,cases_mean12,2619.937632083893,188
lgbm_v2_climatology,9,12,cases_max12,5441.244743824005,188
lgbm_v2_climatology,9,12,cases_diff1,11421.095728874207,188
lgbm_v2_climatology,9,12,cases_diff4,5952.13706445694,188
lgbm_v2_climatology,9,12,rain_roll4_lag4,274.23865365982056,188
lgbm_v2_climatology,9,12,rain_roll4_lag8,758.0249066352844,188
lgbm_v2_climatology,9,12,humid_roll4_lag4,550.4638295173645,188
lgbm_v2_climatology,9,12,humid_roll4_lag8,816.3321642875671,188
lgbm_v2_climatology,9,12,temp_roll4_lag4,318.0227298736572,188
lgbm_v2_climatology,9,12,temp_roll4_lag8,2149.1781549453735,188
lgbm_v2_climatology,9,12,rain_roll12_lag12,766.6899185180664,188
lgbm_v2_climatology,9,12,neighbour_cases,1875.050208568573,188
lgbm_v2_climatology,9,12,neighbour_diff4,439.933491230011,188
lgbm_v2_climatology,9,12,national_cases,23933.53370141983,188
lgbm_v2_climatology,9,12,national_diff4,9320.068786144257,188
lgbm_v2_climatology,9,12,district,38328.73338031769,188
lgbm_v2_climatology,9,12,target_doy_sin,13427.117867946625,188
lgbm_v2_climatology,9,12,target_doy_cos,21107.204490184784,188
lgbm_v2,10,1,cases_log1p,6047.222188949585,186
lgbm_v2,10,1,rainfall_daily_mean_mm,330.548059463501,186
lgbm_v2,10,1,rainy_days_frac,74.0981798171997,186
lgbm_v2,10,1,temperature_mean_c,305.16481018066406,186
lgbm_v2,10,1,diurnal_range_c,160.0436007976532,186
lgbm_v2,10,1,dewpoint_mean_c,229.1905198097229,186
lgbm_v2,10,1,relative_humidity_mean,413.1305694580078,186
lgbm_v2,10,1,wind_speed_mean,272.8512485027313,186
lgbm_v2,10,1,doy_sin,2501.953578233719,186
lgbm_v2,10,1,doy_cos,1010.5746212005615,186
lgbm_v2,10,1,weather_observed,0.0,186
lgbm_v2,10,1,case_observed,0.0,186
lgbm_v2,10,1,centroid_lat,130.12263917922974,186
lgbm_v2,10,1,centroid_lon,107.60738945007324,186
lgbm_v2,10,1,rainfall_daily_mean_mm_roll4,487.2765190601349,186
lgbm_v2,10,1,rainfall_daily_mean_mm_roll8,1113.5237023830414,186
lgbm_v2,10,1,rainfall_daily_mean_mm_roll12,294.09649991989136,186
lgbm_v2,10,1,temperature_mean_c_roll4,201.75847005844116,186
lgbm_v2,10,1,temperature_mean_c_roll8,136.16926884651184,186
lgbm_v2,10,1,temperature_mean_c_roll12,144.3460500240326,186
lgbm_v2,10,1,relative_humidity_mean_roll4,477.73666286468506,186
lgbm_v2,10,1,relative_humidity_mean_roll8,298.8940773010254,186
lgbm_v2,10,1,relative_humidity_mean_roll12,103.25654006004333,186
lgbm_v2,10,1,national_wave_rank,2152.2535886764526,186
lgbm_v2,10,1,trailing_52_cumulative_cases,977.9711809158325,186
lgbm_v2,10,1,cases_lag1,767.5739390850067,186
lgbm_v2,10,1,cases_lag2,1700.733694076538,186
lgbm_v2,10,1,cases_lag3,891.1598649024963,186
lgbm_v2,10,1,cases_lag4,305.49090051651,186
lgbm_v2,10,1,cases_lag5,153.27971935272217,186
lgbm_v2,10,1,cases_lag6,141.10878109931946,186
lgbm_v2,10,1,cases_lag7,156.43931984901428,186
lgbm_v2,10,1,cases_lag8,165.04964065551758,186
lgbm_v2,10,1,cases_lag9,69.82911944389343,186
lgbm_v2,10,1,cases_lag10,182.58306097984314,186
lgbm_v2,10,1,cases_lag11,269.4480493068695,186
lgbm_v2,10,1,cases_lag12,145.6919403076172,186
lgbm_v2,10,1,cases_mean4,862.5959494113922,186
lgbm_v2,10,1,cases_mean8,898.2132370471954,186
lgbm_v2,10,1,cases_mean12,455.6682405471802,186
lgbm_v2,10,1,cases_max12,232.08467078208923,186
lgbm_v2,10,1,cases_diff1,27036.225788354874,186
lgbm_v2,10,1,cases_diff4,7690.850316286087,186
lgbm_v2,10,1,rain_roll4_lag4,615.1192197799683,186
lgbm_v2,10,1,rain_roll4_lag8,226.24704885482788,186
lgbm_v2,10,1,humid_roll4_lag4,138.27692031860352,186
lgbm_v2,10,1,humid_roll4_lag8,445.9238188266754,186
lgbm_v2,10,1,temp_roll4_lag4,185.4720103740692,186
lgbm_v2,10,1,temp_roll4_lag8,275.05984926223755,186
lgbm_v2,10,1,rain_roll12_lag12,606.9377093315125,186
lgbm_v2,10,1,neighbour_cases,919.4940748214722,186
lgbm_v2,10,1,neighbour_diff4,921.21133852005,186
lgbm_v2,10,1,national_cases,1132.593718290329,186
lgbm_v2,10,1,national_diff4,2863.9264221191406,186
lgbm_v2,10,1,district,4569.970869541168,186
lgbm_v2,10,1,target_doy_sin,1010.3594944477081,186
lgbm_v2,10,1,target_doy_cos,959.0526447296143,186
lgbm_v2_noclimate,10,1,cases_log1p,6259.028519034386,199
lgbm_v2_noclimate,10,1,doy_sin,3187.575173974037,199
lgbm_v2_noclimate,10,1,doy_cos,1344.0828214883804,199
lgbm_v2_noclimate,10,1,weather_observed,0.0,199
lgbm_v2_noclimate,10,1,case_observed,0.0,199
lgbm_v2_noclimate,10,1,centroid_lat,275.62458205223083,199
lgbm_v2_noclimate,10,1,centroid_lon,196.96335983276367,199
lgbm_v2_noclimate,10,1,national_wave_rank,1985.5744426250458,199
lgbm_v2_noclimate,10,1,trailing_52_cumulative_cases,1261.203575849533,199
lgbm_v2_noclimate,10,1,cases_lag1,1004.1520054340363,199
lgbm_v2_noclimate,10,1,cases_lag2,1607.8351588249207,199
lgbm_v2_noclimate,10,1,cases_lag3,1254.6496844291687,199
lgbm_v2_noclimate,10,1,cases_lag4,345.133980512619,199
lgbm_v2_noclimate,10,1,cases_lag5,271.5859386920929,199
lgbm_v2_noclimate,10,1,cases_lag6,268.44460821151733,199
lgbm_v2_noclimate,10,1,cases_lag7,249.8347611427307,199
lgbm_v2_noclimate,10,1,cases_lag8,239.31989121437073,199
lgbm_v2_noclimate,10,1,cases_lag9,165.57199120521545,199
lgbm_v2_noclimate,10,1,cases_lag10,194.9804811477661,199
lgbm_v2_noclimate,10,1,cases_lag11,375.32434010505676,199
lgbm_v2_noclimate,10,1,cases_lag12,217.62354922294617,199
lgbm_v2_noclimate,10,1,cases_mean4,1182.4570350646973,199
lgbm_v2_noclimate,10,1,cases_mean8,737.2879786491394,199
lgbm_v2_noclimate,10,1,cases_mean12,531.1519274711609,199
lgbm_v2_noclimate,10,1,cases_max12,299.92651081085205,199
lgbm_v2_noclimate,10,1,cases_diff1,28186.072870016098,199
lgbm_v2_noclimate,10,1,cases_diff4,6854.8008724451065,199
lgbm_v2_noclimate,10,1,neighbour_cases,1366.2623946666718,199
lgbm_v2_noclimate,10,1,neighbour_diff4,1201.7995814085007,199
lgbm_v2_noclimate,10,1,national_cases,1530.3292807340622,199
lgbm_v2_noclimate,10,1,national_diff4,3490.918932080269,199
lgbm_v2_noclimate,10,1,district,5059.3928565979,199
lgbm_v2_noclimate,10,1,target_doy_sin,1565.8468835353851,199
lgbm_v2_noclimate,10,1,target_doy_cos,1402.1159389019012,199
lgbm_v2_climatology,10,1,cases_log1p,6215.115774869919,186
lgbm_v2_climatology,10,1,rainfall_daily_mean_mm,411.1084156036377,186
lgbm_v2_climatology,10,1,rainy_days_frac,402.09330105781555,186
lgbm_v2_climatology,10,1,temperature_mean_c,100.57188105583191,186
lgbm_v2_climatology,10,1,diurnal_range_c,448.3658592700958,186
lgbm_v2_climatology,10,1,dewpoint_mean_c,156.2064700126648,186
lgbm_v2_climatology,10,1,relative_humidity_mean,183.1328809261322,186
lgbm_v2_climatology,10,1,wind_speed_mean,196.80428910255432,186
lgbm_v2_climatology,10,1,doy_sin,2584.3152594566345,186
lgbm_v2_climatology,10,1,doy_cos,907.5430684089661,186
lgbm_v2_climatology,10,1,weather_observed,0.0,186
lgbm_v2_climatology,10,1,case_observed,0.0,186
lgbm_v2_climatology,10,1,centroid_lat,139.26262021064758,186
lgbm_v2_climatology,10,1,centroid_lon,113.57648968696594,186
lgbm_v2_climatology,10,1,rainfall_daily_mean_mm_roll4,300.99936842918396,186
lgbm_v2_climatology,10,1,rainfall_daily_mean_mm_roll8,635.9647207260132,186
lgbm_v2_climatology,10,1,rainfall_daily_mean_mm_roll12,178.37867879867554,186
lgbm_v2_climatology,10,1,temperature_mean_c_roll4,106.53312039375305,186
lgbm_v2_climatology,10,1,temperature_mean_c_roll8,141.90015959739685,186
lgbm_v2_climatology,10,1,temperature_mean_c_roll12,139.06416082382202,186
lgbm_v2_climatology,10,1,relative_humidity_mean_roll4,201.27063012123108,186
lgbm_v2_climatology,10,1,relative_humidity_mean_roll8,123.71106004714966,186
lgbm_v2_climatology,10,1,relative_humidity_mean_roll12,229.71345949172974,186
lgbm_v2_climatology,10,1,national_wave_rank,2183.859801530838,186
lgbm_v2_climatology,10,1,trailing_52_cumulative_cases,980.9825823307037,186
lgbm_v2_climatology,10,1,cases_lag1,847.0287277698517,186
lgbm_v2_climatology,10,1,cases_lag2,1688.8343749046326,186
lgbm_v2_climatology,10,1,cases_lag3,948.6795179843903,186
lgbm_v2_climatology,10,1,cases_lag4,313.39261078834534,186
lgbm_v2_climatology,10,1,cases_lag5,209.23785042762756,186
lgbm_v2_climatology,10,1,cases_lag6,191.2944688796997,186
lgbm_v2_climatology,10,1,cases_lag7,154.82981061935425,186
lgbm_v2_climatology,10,1,cases_lag8,202.45195078849792,186
lgbm_v2_climatology,10,1,cases_lag9,105.451340675354,186
lgbm_v2_climatology,10,1,cases_lag10,139.66193079948425,186
lgbm_v2_climatology,10,1,cases_lag11,334.47546100616455,186
lgbm_v2_climatology,10,1,cases_lag12,229.91550946235657,186
lgbm_v2_climatology,10,1,cases_mean4,1081.3809111118317,186
lgbm_v2_climatology,10,1,cases_mean8,892.827397108078,186
lgbm_v2_climatology,10,1,cases_mean12,453.7319288253784,186
lgbm_v2_climatology,10,1,cases_max12,240.8881916999817,186
lgbm_v2_climatology,10,1,cases_diff1,27017.326362133026,186
lgbm_v2_climatology,10,1,cases_diff4,7620.667565107346,186
lgbm_v2_climatology,10,1,rain_roll4_lag4,649.0787901878357,186
lgbm_v2_climatology,10,1,rain_roll4_lag8,111.85689878463745,186
lgbm_v2_climatology,10,1,humid_roll4_lag4,133.02640914916992,186
lgbm_v2_climatology,10,1,humid_roll4_lag8,206.09068059921265,186
lgbm_v2_climatology,10,1,temp_roll4_lag4,158.51034092903137,186
lgbm_v2_climatology,10,1,temp_roll4_lag8,298.9886312484741,186
lgbm_v2_climatology,10,1,rain_roll12_lag12,214.92063999176025,186
lgbm_v2_climatology,10,1,neighbour_cases,1021.8811302185059,186
lgbm_v2_climatology,10,1,neighbour_diff4,1014.6128399372101,186
lgbm_v2_climatology,10,1,national_cases,1261.8892242908478,186
lgbm_v2_climatology,10,1,national_diff4,3083.9096772670746,186
lgbm_v2_climatology,10,1,district,4433.170145750046,186
lgbm_v2_climatology,10,1,target_doy_sin,1009.0292484760284,186
lgbm_v2_climatology,10,1,target_doy_cos,937.2177798748016,186
lgbm_v2,10,2,cases_log1p,8737.027480244637,447
lgbm_v2,10,2,rainfall_daily_mean_mm,971.4431004524231,447
lgbm_v2,10,2,rainy_days_frac,161.23617911338806,447
lgbm_v2,10,2,temperature_mean_c,981.4159904718399,447
lgbm_v2,10,2,diurnal_range_c,596.1466510295868,447
lgbm_v2,10,2,dewpoint_mean_c,856.0787484645844,447
lgbm_v2,10,2,relative_humidity_mean,915.3669267892838,447
lgbm_v2,10,2,wind_speed_mean,731.576020359993,447
lgbm_v2,10,2,doy_sin,3457.1233587265015,447
lgbm_v2,10,2,doy_cos,1700.784215927124,447
lgbm_v2,10,2,weather_observed,0.0,447
lgbm_v2,10,2,case_observed,0.0,447
lgbm_v2,10,2,centroid_lat,442.3897018432617,447
lgbm_v2,10,2,centroid_lon,295.37849950790405,447
lgbm_v2,10,2,rainfall_daily_mean_mm_roll4,2028.5711959600449,447
lgbm_v2,10,2,rainfall_daily_mean_mm_roll8,2700.1332355737686,447
lgbm_v2,10,2,rainfall_daily_mean_mm_roll12,593.645850777626,447
lgbm_v2,10,2,temperature_mean_c_roll4,559.8021488189697,447
lgbm_v2,10,2,temperature_mean_c_roll8,480.96486139297485,447
lgbm_v2,10,2,temperature_mean_c_roll12,446.98163890838623,447
lgbm_v2,10,2,relative_humidity_mean_roll4,1095.4977734088898,447
lgbm_v2,10,2,relative_humidity_mean_roll8,623.0282957553864,447
lgbm_v2,10,2,relative_humidity_mean_roll12,437.51709973812103,447
lgbm_v2,10,2,national_wave_rank,3219.0423057079315,447
lgbm_v2,10,2,trailing_52_cumulative_cases,1701.4811811447144,447
lgbm_v2,10,2,cases_lag1,1290.5738985538483,447
lgbm_v2,10,2,cases_lag2,2062.9365742206573,447
lgbm_v2,10,2,cases_lag3,1099.965490937233,447
lgbm_v2,10,2,cases_lag4,689.6966334581375,447
lgbm_v2,10,2,cases_lag5,410.9805291891098,447
lgbm_v2,10,2,cases_lag6,447.4666918516159,447
lgbm_v2,10,2,cases_lag7,463.6263211965561,447
lgbm_v2,10,2,cases_lag8,537.4158426523209,447
lgbm_v2,10,2,cases_lag9,470.24353790283203,447
lgbm_v2,10,2,cases_lag10,327.25992012023926,447
lgbm_v2,10,2,cases_lag11,516.78923869133,447
lgbm_v2,10,2,cases_lag12,433.91725897789,447
lgbm_v2,10,2,cases_mean4,1449.3939640522003,447
lgbm_v2,10,2,cases_mean8,1250.4741098880768,447
lgbm_v2,10,2,cases_mean12,636.2176026105881,447
lgbm_v2,10,2,cases_max12,685.6057312488556,447
lgbm_v2,10,2,cases_diff1,27197.752541065216,447
lgbm_v2,10,2,cases_diff4,7703.287471294403,447
lgbm_v2,10,2,rain_roll4_lag4,1369.7380455732346,447
lgbm_v2,10,2,rain_roll4_lag8,1101.2416294813156,447
lgbm_v2,10,2,humid_roll4_lag4,636.967432141304,447
lgbm_v2,10,2,humid_roll4_lag8,1510.958330154419,447
lgbm_v2,10,2,temp_roll4_lag4,403.1843899488449,447
lgbm_v2,10,2,temp_roll4_lag8,686.5218094587326,447
lgbm_v2,10,2,rain_roll12_lag12,1458.93589925766,447
lgbm_v2,10,2,neighbour_cases,1493.7743233442307,447
lgbm_v2,10,2,neighbour_diff4,1276.3926404714584,447
lgbm_v2,10,2,national_cases,3574.827674508095,447
lgbm_v2,10,2,national_diff4,5502.063462734222,447
lgbm_v2,10,2,district,8968.039771318436,447
lgbm_v2,10,2,target_doy_sin,3107.1459506750107,447
lgbm_v2,10,2,target_doy_cos,2664.089572906494,447
lgbm_v2_noclimate,10,2,cases_log1p,8163.697432518005,217
lgbm_v2_noclimate,10,2,doy_sin,3991.0507485866547,217
lgbm_v2_noclimate,10,2,doy_cos,1763.2558100223541,217
lgbm_v2_noclimate,10,2,weather_observed,0.0,217
lgbm_v2_noclimate,10,2,case_observed,0.0,217
lgbm_v2_noclimate,10,2,centroid_lat,498.5112397670746,217
lgbm_v2_noclimate,10,2,centroid_lon,303.4002904891968,217
lgbm_v2_noclimate,10,2,national_wave_rank,2955.4386603832245,217
lgbm_v2_noclimate,10,2,trailing_52_cumulative_cases,1756.7420828342438,217
lgbm_v2_noclimate,10,2,cases_lag1,1044.4679746627808,217
lgbm_v2_noclimate,10,2,cases_lag2,1543.8078951835632,217
lgbm_v2_noclimate,10,2,cases_lag3,744.126403093338,217
lgbm_v2_noclimate,10,2,cases_lag4,378.89494132995605,217
lgbm_v2_noclimate,10,2,cases_lag5,219.88314986228943,217
lgbm_v2_noclimate,10,2,cases_lag6,282.2860221862793,217
lgbm_v2_noclimate,10,2,cases_lag7,350.64329051971436,217
lgbm_v2_noclimate,10,2,cases_lag8,350.23943877220154,217
lgbm_v2_noclimate,10,2,cases_lag9,443.9989101886749,217
lgbm_v2_noclimate,10,2,cases_lag10,241.15885972976685,217
lgbm_v2_noclimate,10,2,cases_lag11,227.173898935318,217
lgbm_v2_noclimate,10,2,cases_lag12,370.0943202972412,217
lgbm_v2_noclimate,10,2,cases_mean4,1604.3401463031769,217
lgbm_v2_noclimate,10,2,cases_mean8,753.961418390274,217
lgbm_v2_noclimate,10,2,cases_mean12,527.3661684989929,217
lgbm_v2_noclimate,10,2,cases_max12,596.9237105846405,217
lgbm_v2_noclimate,10,2,cases_diff1,27802.881172418594,217
lgbm_v2_noclimate,10,2,cases_diff4,6590.18727850914,217
lgbm_v2_noclimate,10,2,neighbour_cases,1388.3324584960938,217
lgbm_v2_noclimate,10,2,neighbour_diff4,1510.1278293132782,217
lgbm_v2_noclimate,10,2,national_cases,3309.962285757065,217
lgbm_v2_noclimate,10,2,national_diff4,4884.006248950958,217
lgbm_v2_noclimate,10,2,district,7936.846076011658,217
lgbm_v2_noclimate,10,2,target_doy_sin,3432.888034582138,217
lgbm_v2_noclimate,10,2,target_doy_cos,3108.336310148239,217
lgbm_v2_climatology,10,2,cases_log1p,8021.911379337311,160
lgbm_v2_climatology,10,2,rainfall_daily_mean_mm,650.8824129104614,160
lgbm_v2_climatology,10,2,rainy_days_frac,684.7727000713348,160
lgbm_v2_climatology,10,2,temperature_mean_c,166.9813311100006,160
lgbm_v2_climatology,10,2,diurnal_range_c,325.0097005367279,160
lgbm_v2_climatology,10,2,dewpoint_mean_c,217.87510991096497,160
lgbm_v2_climatology,10,2,relative_humidity_mean,337.49054765701294,160
lgbm_v2_climatology,10,2,wind_speed_mean,109.46186923980713,160
lgbm_v2_climatology,10,2,doy_sin,2758.4877240657806,160
lgbm_v2_climatology,10,2,doy_cos,742.7799212932587,160
lgbm_v2_climatology,10,2,weather_observed,0.0,160
lgbm_v2_climatology,10,2,case_observed,0.0,160
lgbm_v2_climatology,10,2,centroid_lat,209.33218002319336,160
lgbm_v2_climatology,10,2,centroid_lon,217.71662759780884,160
lgbm_v2_climatology,10,2,rainfall_daily_mean_mm_roll4,1402.5230252742767,160
lgbm_v2_climatology,10,2,rainfall_daily_mean_mm_roll8,904.9411721229553,160
lgbm_v2_climatology,10,2,rainfall_daily_mean_mm_roll12,142.70275115966797,160
lgbm_v2_climatology,10,2,temperature_mean_c_roll4,148.63790106773376,160
lgbm_v2_climatology,10,2,temperature_mean_c_roll8,244.22080874443054,160
lgbm_v2_climatology,10,2,temperature_mean_c_roll12,229.44012069702148,160
lgbm_v2_climatology,10,2,relative_humidity_mean_roll4,257.43451166152954,160
lgbm_v2_climatology,10,2,relative_humidity_mean_roll8,182.799898147583,160
lgbm_v2_climatology,10,2,relative_humidity_mean_roll12,233.24982953071594,160
lgbm_v2_climatology,10,2,national_wave_rank,3218.9036021232605,160
lgbm_v2_climatology,10,2,trailing_52_cumulative_cases,1216.2585575580597,160
lgbm_v2_climatology,10,2,cases_lag1,669.8858201503754,160
lgbm_v2_climatology,10,2,cases_lag2,1465.3962326049805,160
lgbm_v2_climatology,10,2,cases_lag3,497.5045189857483,160
lgbm_v2_climatology,10,2,cases_lag4,247.17545866966248,160
lgbm_v2_climatology,10,2,cases_lag5,136.24964952468872,160
lgbm_v2_climatology,10,2,cases_lag6,176.1044487953186,160
lgbm_v2_climatology,10,2,cases_lag7,170.19690942764282,160
lgbm_v2_climatology,10,2,cases_lag8,208.84954071044922,160
lgbm_v2_climatology,10,2,cases_lag9,233.96690964698792,160
lgbm_v2_climatology,10,2,cases_lag10,165.22671842575073,160
lgbm_v2_climatology,10,2,cases_lag11,146.21682977676392,160
lgbm_v2_climatology,10,2,cases_lag12,227.2707381248474,160
lgbm_v2_climatology,10,2,cases_mean4,1155.305370092392,160
lgbm_v2_climatology,10,2,cases_mean8,784.6458177566528,160
lgbm_v2_climatology,10,2,cases_mean12,428.7213010787964,160
lgbm_v2_climatology,10,2,cases_max12,271.4529905319214,160
lgbm_v2_climatology,10,2,cases_diff1,26698.17265200615,160
lgbm_v2_climatology,10,2,cases_diff4,6969.151229858398,160
lgbm_v2_climatology,10,2,rain_roll4_lag4,549.7125606536865,160
lgbm_v2_climatology,10,2,rain_roll4_lag8,142.83598852157593,160
lgbm_v2_climatology,10,2,humid_roll4_lag4,141.4679398536682,160
lgbm_v2_climatology,10,2,humid_roll4_lag8,278.0288426876068,160
lgbm_v2_climatology,10,2,temp_roll4_lag4,422.8437280654907,160
lgbm_v2_climatology,10,2,temp_roll4_lag8,242.64760828018188,160
lgbm_v2_climatology,10,2,rain_roll12_lag12,151.90705966949463,160
lgbm_v2_climatology,10,2,neighbour_cases,820.1024081707001,160
lgbm_v2_climatology,10,2,neighbour_diff4,777.7871992588043,160
lgbm_v2_climatology,10,2,national_cases,1781.5932626724243,160
lgbm_v2_climatology,10,2,national_diff4,3692.1923496723175,160
lgbm_v2_climatology,10,2,district,5859.628079175949,160
lgbm_v2_climatology,10,2,target_doy_sin,2218.9623379707336,160
lgbm_v2_climatology,10,2,target_doy_cos,1612.2418015003204,160
lgbm_v2,10,3,cases_log1p,12018.693964004517,353
lgbm_v2,10,3,rainfall_daily_mean_mm,980.8569705486298,353
lgbm_v2,10,3,rainy_days_frac,163.87154054641724,353
lgbm_v2,10,3,temperature_mean_c,850.4215217828751,353
lgbm_v2,10,3,diurnal_range_c,434.1396598815918,353
lgbm_v2,10,3,dewpoint_mean_c,946.3935787677765,353
lgbm_v2,10,3,relative_humidity_mean,942.194669008255,353
lgbm_v2,10,3,wind_speed_mean,728.139039516449,353
lgbm_v2,10,3,doy_sin,4237.717162132263,353
lgbm_v2,10,3,doy_cos,2082.927389860153,353
lgbm_v2,10,3,weather_observed,0.0,353
lgbm_v2,10,3,case_observed,0.0,353
lgbm_v2,10,3,centroid_lat,382.61931848526,353
lgbm_v2,10,3,centroid_lon,427.26684856414795,353
lgbm_v2,10,3,rainfall_daily_mean_mm_roll4,3081.377453684807,353
lgbm_v2,10,3,rainfall_daily_mean_mm_roll8,3915.2464500665665,353
lgbm_v2,10,3,rainfall_daily_mean_mm_roll12,503.3236484527588,353
lgbm_v2,10,3,temperature_mean_c_roll4,662.4292492866516,353
lgbm_v2,10,3,temperature_mean_c_roll8,531.394508600235,353
lgbm_v2,10,3,temperature_mean_c_roll12,523.7399816513062,353
lgbm_v2,10,3,relative_humidity_mean_roll4,1624.7060779333115,353
lgbm_v2,10,3,relative_humidity_mean_roll8,529.5795115232468,353
lgbm_v2,10,3,relative_humidity_mean_roll12,391.4089002609253,353
lgbm_v2,10,3,national_wave_rank,4188.333001613617,353
lgbm_v2,10,3,trailing_52_cumulative_cases,1910.082264661789,353
lgbm_v2,10,3,cases_lag1,1111.5854729413986,353
lgbm_v2,10,3,cases_lag2,1488.3413977622986,353
lgbm_v2,10,3,cases_lag3,1023.5559666156769,353
lgbm_v2,10,3,cases_lag4,616.1790908575058,353
lgbm_v2,10,3,cases_lag5,310.18888998031616,353
lgbm_v2,10,3,cases_lag6,440.8679909706116,353
lgbm_v2,10,3,cases_lag7,195.97862029075623,353
lgbm_v2,10,3,cases_lag8,450.14183044433594,353
lgbm_v2,10,3,cases_lag9,395.77828884124756,353
lgbm_v2,10,3,cases_lag10,338.28826093673706,353
lgbm_v2,10,3,cases_lag11,422.36280250549316,353
lgbm_v2,10,3,cases_lag12,306.4185699224472,353
lgbm_v2,10,3,cases_mean4,1111.8425731658936,353
lgbm_v2,10,3,cases_mean8,1123.082300901413,353
lgbm_v2,10,3,cases_mean12,830.788304567337,353
lgbm_v2,10,3,cases_max12,1242.891226530075,353
lgbm_v2,10,3,cases_diff1,28510.631327152252,353
lgbm_v2,10,3,cases_diff4,6759.299318313599,353
lgbm_v2,10,3,rain_roll4_lag4,949.4144921302795,353
lgbm_v2,10,3,rain_roll4_lag8,1117.4287903308868,353
lgbm_v2,10,3,humid_roll4_lag4,555.6398198604584,353
lgbm_v2,10,3,humid_roll4_lag8,2859.3776462078094,353
lgbm_v2,10,3,temp_roll4_lag4,433.75994873046875,353
lgbm_v2,10,3,temp_roll4_lag8,714.3702502250671,353
lgbm_v2,10,3,rain_roll12_lag12,1526.5745782852173,353
lgbm_v2,10,3,neighbour_cases,1261.9097216129303,353
lgbm_v2,10,3,neighbour_diff4,1318.8076498508453,353
lgbm_v2,10,3,national_cases,4154.561000823975,353
lgbm_v2,10,3,national_diff4,6103.445107698441,353
lgbm_v2,10,3,district,11254.544702291489,353
lgbm_v2,10,3,target_doy_sin,4001.7974022626877,353
lgbm_v2,10,3,target_doy_cos,3062.632180929184,353
lgbm_v2_noclimate,10,3,cases_log1p,11722.85352730751,273
lgbm_v2_noclimate,10,3,doy_sin,6124.123812675476,273
lgbm_v2_noclimate,10,3,doy_cos,2984.3714621067047,273
lgbm_v2_noclimate,10,3,weather_observed,0.0,273
lgbm_v2_noclimate,10,3,case_observed,0.0,273
lgbm_v2_noclimate,10,3,centroid_lat,722.1834373474121,273
lgbm_v2_noclimate,10,3,centroid_lon,441.88746070861816,273
lgbm_v2_noclimate,10,3,national_wave_rank,3764.1723442077637,273
lgbm_v2_noclimate,10,3,trailing_52_cumulative_cases,2443.6985635757446,273
lgbm_v2_noclimate,10,3,cases_lag1,1631.396778345108,273
lgbm_v2_noclimate,10,3,cases_lag2,1408.8210709095001,273
lgbm_v2_noclimate,10,3,cases_lag3,1098.5703871250153,273
lgbm_v2_noclimate,10,3,cases_lag4,479.75167989730835,273
lgbm_v2_noclimate,10,3,cases_lag5,287.18803000450134,273
lgbm_v2_noclimate,10,3,cases_lag6,451.1102912425995,273
lgbm_v2_noclimate,10,3,cases_lag7,208.00567960739136,273
lgbm_v2_noclimate,10,3,cases_lag8,548.607278585434,273
lgbm_v2_noclimate,10,3,cases_lag9,453.76293873786926,273
lgbm_v2_noclimate,10,3,cases_lag10,369.5618784427643,273
lgbm_v2_noclimate,10,3,cases_lag11,531.0544488430023,273
lgbm_v2_noclimate,10,3,cases_lag12,316.92290139198303,273
lgbm_v2_noclimate,10,3,cases_mean4,1212.2751874923706,273
lgbm_v2_noclimate,10,3,cases_mean8,873.3954577445984,273
lgbm_v2_noclimate,10,3,cases_mean12,881.9935121536255,273
lgbm_v2_noclimate,10,3,cases_max12,1249.6119759082794,273
lgbm_v2_noclimate,10,3,cases_diff1,29330.702517986298,273
lgbm_v2_noclimate,10,3,cases_diff4,5797.110511302948,273
lgbm_v2_noclimate,10,3,neighbour_cases,1990.5508966445923,273
lgbm_v2_noclimate,10,3,neighbour_diff4,1718.0650038719177,273
lgbm_v2_noclimate,10,3,national_cases,5560.723469018936,273
lgbm_v2_noclimate,10,3,national_diff4,7584.697031736374,273
lgbm_v2_noclimate,10,3,district,11164.548864126205,273
lgbm_v2_noclimate,10,3,target_doy_sin,6035.404675722122,273
lgbm_v2_noclimate,10,3,target_doy_cos,5027.299499034882,273
lgbm_v2_climatology,10,3,cases_log1p,12218.39384752512,568
lgbm_v2_climatology,10,3,rainfall_daily_mean_mm,1179.1941440105438,568
lgbm_v2_climatology,10,3,rainy_days_frac,2055.3021013736725,568
lgbm_v2_climatology,10,3,temperature_mean_c,572.4830306768417,568
lgbm_v2_climatology,10,3,diurnal_range_c,898.6961609125137,568
lgbm_v2_climatology,10,3,dewpoint_mean_c,698.5427992343903,568
lgbm_v2_climatology,10,3,relative_humidity_mean,830.0899974107742,568
lgbm_v2_climatology,10,3,wind_speed_mean,649.6986403465271,568
lgbm_v2_climatology,10,3,doy_sin,5529.800156950951,568
lgbm_v2_climatology,10,3,doy_cos,2607.2157834768295,568
lgbm_v2_climatology,10,3,weather_observed,0.0,568
lgbm_v2_climatology,10,3,case_observed,0.0,568
lgbm_v2_climatology,10,3,centroid_lat,336.42555952072144,568
lgbm_v2_climatology,10,3,centroid_lon,428.24300050735474,568
lgbm_v2_climatology,10,3,rainfall_daily_mean_mm_roll4,2509.609033346176,568
lgbm_v2_climatology,10,3,rainfall_daily_mean_mm_roll8,1868.7556310892105,568
lgbm_v2_climatology,10,3,rainfall_daily_mean_mm_roll12,509.8259245157242,568
lgbm_v2_climatology,10,3,temperature_mean_c_roll4,662.5648223161697,568
lgbm_v2_climatology,10,3,temperature_mean_c_roll8,513.3922716379166,568
lgbm_v2_climatology,10,3,temperature_mean_c_roll12,621.3003306388855,568
lgbm_v2_climatology,10,3,relative_humidity_mean_roll4,660.592658162117,568
lgbm_v2_climatology,10,3,relative_humidity_mean_roll8,411.0803612470627,568
lgbm_v2_climatology,10,3,relative_humidity_mean_roll12,508.0518786907196,568
lgbm_v2_climatology,10,3,national_wave_rank,4515.779498934746,568
lgbm_v2_climatology,10,3,trailing_52_cumulative_cases,3256.3615067005157,568
lgbm_v2_climatology,10,3,cases_lag1,1471.0091491937637,568
lgbm_v2_climatology,10,3,cases_lag2,2020.3790944814682,568
lgbm_v2_climatology,10,3,cases_lag3,1336.3047091960907,568
lgbm_v2_climatology,10,3,cases_lag4,927.7706397771835,568
lgbm_v2_climatology,10,3,cases_lag5,674.6931374073029,568
lgbm_v2_climatology,10,3,cases_lag6,654.1304597854614,568
lgbm_v2_climatology,10,3,cases_lag7,505.9618809223175,568
lgbm_v2_climatology,10,3,cases_lag8,840.997630238533,568
lgbm_v2_climatology,10,3,cases_lag9,704.6818017959595,568
lgbm_v2_climatology,10,3,cases_lag10,566.4894371032715,568
lgbm_v2_climatology,10,3,cases_lag11,848.5245161056519,568
lgbm_v2_climatology,10,3,cases_lag12,876.0498036146164,568
lgbm_v2_climatology,10,3,cases_mean4,1438.9883838891983,568
lgbm_v2_climatology,10,3,cases_mean8,1527.0566574335098,568
lgbm_v2_climatology,10,3,cases_mean12,1158.4035186767578,568
lgbm_v2_climatology,10,3,cases_max12,1628.4106450080872,568
lgbm_v2_climatology,10,3,cases_diff1,29310.78525161743,568
lgbm_v2_climatology,10,3,cases_diff4,6984.9380613565445,568
lgbm_v2_climatology,10,3,rain_roll4_lag4,833.8531287908554,568
lgbm_v2_climatology,10,3,rain_roll4_lag8,702.1913802623749,568
lgbm_v2_climatology,10,3,humid_roll4_lag4,551.875280380249,568
lgbm_v2_climatology,10,3,humid_roll4_lag8,973.4640032052994,568
lgbm_v2_climatology,10,3,temp_roll4_lag4,834.9458220005035,568
lgbm_v2_climatology,10,3,temp_roll4_lag8,553.589309155941,568
lgbm_v2_climatology,10,3,rain_roll12_lag12,744.1422597765923,568
lgbm_v2_climatology,10,3,neighbour_cases,2361.222394824028,568
lgbm_v2_climatology,10,3,neighbour_diff4,2001.7718652486801,568
lgbm_v2_climatology,10,3,national_cases,6882.1381677389145,568
lgbm_v2_climatology,10,3,national_diff4,8853.927599906921,568
lgbm_v2_climatology,10,3,district,11625.76074230671,568
lgbm_v2_climatology,10,3,target_doy_sin,4664.2544422745705,568
lgbm_v2_climatology,10,3,target_doy_cos,4259.122951507568,568
lgbm_v2,10,4,cases_log1p,16082.483512878418,218
lgbm_v2,10,4,rainfall_daily_mean_mm,391.778160572052,218
lgbm_v2,10,4,rainy_days_frac,86.22178983688354,218
lgbm_v2,10,4,temperature_mean_c,817.8348693847656,218
lgbm_v2,10,4,diurnal_range_c,246.085679769516,218
lgbm_v2,10,4,dewpoint_mean_c,728.8047251701355,218
lgbm_v2,10,4,relative_humidity_mean,738.9452037811279,218
lgbm_v2,10,4,wind_speed_mean,528.4451894760132,218
lgbm_v2,10,4,doy_sin,3412.0946049690247,218
lgbm_v2,10,4,doy_cos,2362.7573421001434,218
lgbm_v2,10,4,weather_observed,0.0,218
lgbm_v2,10,4,case_observed,0.0,218
lgbm_v2,10,4,centroid_lat,500.2322030067444,218
lgbm_v2,10,4,centroid_lon,485.11815071105957,218
lgbm_v2,10,4,rainfall_daily_mean_mm_roll4,5471.152656793594,218
lgbm_v2,10,4,rainfall_daily_mean_mm_roll8,3762.27539730072,218
lgbm_v2,10,4,rainfall_daily_mean_mm_roll12,317.5777416229248,218
lgbm_v2,10,4,temperature_mean_c_roll4,628.0524544715881,218
lgbm_v2,10,4,temperature_mean_c_roll8,476.4321286678314,218
lgbm_v2,10,4,temperature_mean_c_roll12,615.7496566772461,218
lgbm_v2,10,4,relative_humidity_mean_roll4,1250.2023916244507,218
lgbm_v2,10,4,relative_humidity_mean_roll8,408.5663814544678,218
lgbm_v2,10,4,relative_humidity_mean_roll12,198.4814682006836,218
lgbm_v2,10,4,national_wave_rank,5181.830679893494,218
lgbm_v2,10,4,trailing_52_cumulative_cases,2048.1704478263855,218
lgbm_v2,10,4,cases_lag1,688.7957317829132,218
lgbm_v2,10,4,cases_lag2,1112.2337250709534,218
lgbm_v2,10,4,cases_lag3,476.81503891944885,218
lgbm_v2,10,4,cases_lag4,324.4327006340027,218
lgbm_v2,10,4,cases_lag5,169.76680040359497,218
lgbm_v2,10,4,cases_lag6,162.5856900215149,218
lgbm_v2,10,4,cases_lag7,196.3012399673462,218
lgbm_v2,10,4,cases_lag8,314.32151770591736,218
lgbm_v2,10,4,cases_lag9,181.0560803413391,218
lgbm_v2,10,4,cases_lag10,173.9099907875061,218
lgbm_v2,10,4,cases_lag11,300.4284291267395,218
lgbm_v2,10,4,cases_lag12,317.6726539134979,218
lgbm_v2,10,4,cases_mean4,1409.1004884243011,218
lgbm_v2,10,4,cases_mean8,698.6163458824158,218
lgbm_v2,10,4,cases_mean12,1013.4606971740723,218
lgbm_v2,10,4,cases_max12,1419.9372973442078,218
lgbm_v2,10,4,cases_diff1,27023.459434747696,218
lgbm_v2,10,4,cases_diff4,5380.478427171707,218
lgbm_v2,10,4,rain_roll4_lag4,618.7078070640564,218
lgbm_v2,10,4,rain_roll4_lag8,1622.4570443630219,218
lgbm_v2,10,4,humid_roll4_lag4,424.3321330547333,218
lgbm_v2,10,4,humid_roll4_lag8,4075.622006177902,218
lgbm_v2,10,4,temp_roll4_lag4,498.4781484603882,218
lgbm_v2,10,4,temp_roll4_lag8,577.3945579528809,218
lgbm_v2,10,4,rain_roll12_lag12,1263.309832572937,218
lgbm_v2,10,4,neighbour_cases,1455.7849397659302,218
lgbm_v2,10,4,neighbour_diff4,1021.8133912086487,218
lgbm_v2,10,4,national_cases,4335.131434440613,218
lgbm_v2,10,4,national_diff4,5396.608820199966,218
lgbm_v2,10,4,district,12665.710451841354,218
lgbm_v2,10,4,target_doy_sin,4762.191595315933,218
lgbm_v2,10,4,target_doy_cos,3151.5134646892548,218
lgbm_v2_noclimate,10,4,cases_log1p,15246.546919345856,182
lgbm_v2_noclimate,10,4,doy_sin,5543.188690423965,182
lgbm_v2_noclimate,10,4,doy_cos,4119.041545629501,182
lgbm_v2_noclimate,10,4,weather_observed,0.0,182
lgbm_v2_noclimate,10,4,case_observed,0.0,182
lgbm_v2_noclimate,10,4,centroid_lat,1098.9566605091095,182
lgbm_v2_noclimate,10,4,centroid_lon,426.6921513080597,182
lgbm_v2_noclimate,10,4,national_wave_rank,4527.774900197983,182
lgbm_v2_noclimate,10,4,trailing_52_cumulative_cases,2651.812321662903,182
lgbm_v2_noclimate,10,4,cases_lag1,1219.8130552768707,182
lgbm_v2_noclimate,10,4,cases_lag2,1006.7404890060425,182
lgbm_v2_noclimate,10,4,cases_lag3,729.8783407211304,182
lgbm_v2_noclimate,10,4,cases_lag4,387.2386693954468,182
lgbm_v2_noclimate,10,4,cases_lag5,243.78589963912964,182
lgbm_v2_noclimate,10,4,cases_lag6,157.04837083816528,182
lgbm_v2_noclimate,10,4,cases_lag7,322.3583598136902,182
lgbm_v2_noclimate,10,4,cases_lag8,292.4421992301941,182
lgbm_v2_noclimate,10,4,cases_lag9,270.3464789390564,182
lgbm_v2_noclimate,10,4,cases_lag10,218.40045976638794,182
lgbm_v2_noclimate,10,4,cases_lag11,243.9639310836792,182
lgbm_v2_noclimate,10,4,cases_lag12,355.1892132759094,182
lgbm_v2_noclimate,10,4,cases_mean4,1680.835709810257,182
lgbm_v2_noclimate,10,4,cases_mean8,447.4588897228241,182
lgbm_v2_noclimate,10,4,cases_mean12,887.2250294685364,182
lgbm_v2_noclimate,10,4,cases_max12,1667.930897951126,182
lgbm_v2_noclimate,10,4,cases_diff1,27452.195518255234,182
lgbm_v2_noclimate,10,4,cases_diff4,4603.1439781188965,182
lgbm_v2_noclimate,10,4,neighbour_cases,1911.2784552574158,182
lgbm_v2_noclimate,10,4,neighbour_diff4,1285.2802729606628,182
lgbm_v2_noclimate,10,4,national_cases,6135.155676603317,182
lgbm_v2_noclimate,10,4,national_diff4,7093.877859115601,182
lgbm_v2_noclimate,10,4,district,13003.982505321503,182
lgbm_v2_noclimate,10,4,target_doy_sin,7088.416651248932,182
lgbm_v2_noclimate,10,4,target_doy_cos,6559.984522104263,182
lgbm_v2_climatology,10,4,cases_log1p,16508.834703445435,260
lgbm_v2_climatology,10,4,rainfall_daily_mean_mm,2487.3315591812134,260
lgbm_v2_climatology,10,4,rainy_days_frac,2734.91707777977,260
lgbm_v2_climatology,10,4,temperature_mean_c,626.9762444496155,260
lgbm_v2_climatology,10,4,diurnal_range_c,563.3676278591156,260
lgbm_v2_climatology,10,4,dewpoint_mean_c,489.73844814300537,260
lgbm_v2_climatology,10,4,relative_humidity_mean,552.1508972644806,260
lgbm_v2_climatology,10,4,wind_speed_mean,386.11092925071716,260
lgbm_v2_climatology,10,4,doy_sin,4331.972831726074,260
lgbm_v2_climatology,10,4,doy_cos,2607.7369561195374,260
lgbm_v2_climatology,10,4,weather_observed,0.0,260
lgbm_v2_climatology,10,4,case_observed,0.0,260
lgbm_v2_climatology,10,4,centroid_lat,273.5178394317627,260
lgbm_v2_climatology,10,4,centroid_lon,426.936066865921,260
lgbm_v2_climatology,10,4,rainfall_daily_mean_mm_roll4,2332.7980921268463,260
lgbm_v2_climatology,10,4,rainfall_daily_mean_mm_roll8,1581.6611242294312,260
lgbm_v2_climatology,10,4,rainfall_daily_mean_mm_roll12,217.76424098014832,260
lgbm_v2_climatology,10,4,temperature_mean_c_roll4,453.1888813972473,260
lgbm_v2_climatology,10,4,temperature_mean_c_roll8,530.0442016124725,260
lgbm_v2_climatology,10,4,temperature_mean_c_roll12,537.3577904701233,260
lgbm_v2_climatology,10,4,relative_humidity_mean_roll4,459.2337303161621,260
lgbm_v2_climatology,10,4,relative_humidity_mean_roll8,204.98875045776367,260
lgbm_v2_climatology,10,4,relative_humidity_mean_roll12,411.8129458427429,260
lgbm_v2_climatology,10,4,national_wave_rank,5122.314264297485,260
lgbm_v2_climatology,10,4,trailing_52_cumulative_cases,2584.1121900081635,260
lgbm_v2_climatology,10,4,cases_lag1,748.8130190372467,260
lgbm_v2_climatology,10,4,cases_lag2,1365.3337426185608,260
lgbm_v2_climatology,10,4,cases_lag3,727.1044611930847,260
lgbm_v2_climatology,10,4,cases_lag4,608.89417719841,260
lgbm_v2_climatology,10,4,cases_lag5,356.7413387298584,260
lgbm_v2_climatology,10,4,cases_lag6,282.36788058280945,260
lgbm_v2_climatology,10,4,cases_lag7,399.8923695087433,260
lgbm_v2_climatology,10,4,cases_lag8,331.7839090824127,260
lgbm_v2_climatology,10,4,cases_lag9,267.0548400878906,260
lgbm_v2_climatology,10,4,cases_lag10,261.75195121765137,260
lgbm_v2_climatology,10,4,cases_lag11,423.6036493778229,260
lgbm_v2_climatology,10,4,cases_lag12,585.9922118186951,260
lgbm_v2_climatology,10,4,cases_mean4,1770.944665670395,260
lgbm_v2_climatology,10,4,cases_mean8,901.0113224983215,260
lgbm_v2_climatology,10,4,cases_mean12,960.1286106109619,260
lgbm_v2_climatology,10,4,cases_max12,1992.0730152130127,260
lgbm_v2_climatology,10,4,cases_diff1,27064.77964425087,260
lgbm_v2_climatology,10,4,cases_diff4,5025.815479040146,260
lgbm_v2_climatology,10,4,rain_roll4_lag4,580.8313710689545,260
lgbm_v2_climatology,10,4,rain_roll4_lag8,631.0401592254639,260
lgbm_v2_climatology,10,4,humid_roll4_lag4,343.901020526886,260
lgbm_v2_climatology,10,4,humid_roll4_lag8,878.8764069080353,260
lgbm_v2_climatology,10,4,temp_roll4_lag4,618.8765470981598,260
lgbm_v2_climatology,10,4,temp_roll4_lag8,310.9126138687134,260
lgbm_v2_climatology,10,4,rain_roll12_lag12,401.8518090248108,260
lgbm_v2_climatology,10,4,neighbour_cases,1638.9274899959564,260
lgbm_v2_climatology,10,4,neighbour_diff4,1297.6764512062073,260
lgbm_v2_climatology,10,4,national_cases,5893.243837594986,260
lgbm_v2_climatology,10,4,national_diff4,7640.7683527469635,260
lgbm_v2_climatology,10,4,district,12452.713687419891,260
lgbm_v2_climatology,10,4,target_doy_sin,5300.870987892151,260
lgbm_v2_climatology,10,4,target_doy_cos,4646.741183042526,260
lgbm_v2,10,6,cases_log1p,28345.108058452606,207
lgbm_v2,10,6,rainfall_daily_mean_mm,845.3446497917175,207
lgbm_v2,10,6,rainy_days_frac,416.9948978424072,207
lgbm_v2,10,6,temperature_mean_c,1400.6320734024048,207
lgbm_v2,10,6,diurnal_range_c,225.76519775390625,207
lgbm_v2,10,6,dewpoint_mean_c,1524.1359796524048,207
lgbm_v2,10,6,relative_humidity_mean,625.3997812271118,207
lgbm_v2,10,6,wind_speed_mean,496.4188199043274,207
lgbm_v2,10,6,doy_sin,4822.107232570648,207
lgbm_v2,10,6,doy_cos,3960.135802745819,207
lgbm_v2,10,6,weather_observed,0.0,207
lgbm_v2,10,6,case_observed,0.0,207
lgbm_v2,10,6,centroid_lat,1073.1140298843384,207
lgbm_v2,10,6,centroid_lon,435.7699542045593,207
lgbm_v2,10,6,rainfall_daily_mean_mm_roll4,10749.797949314117,207
lgbm_v2,10,6,rainfall_daily_mean_mm_roll8,1678.975758075714,207
lgbm_v2,10,6,rainfall_daily_mean_mm_roll12,397.0042128562927,207
lgbm_v2,10,6,temperature_mean_c_roll4,678.8453526496887,207
lgbm_v2,10,6,temperature_mean_c_roll8,567.8424201011658,207
lgbm_v2,10,6,temperature_mean_c_roll12,415.7644863128662,207
lgbm_v2,10,6,relative_humidity_mean_roll4,1865.305510520935,207
lgbm_v2,10,6,relative_humidity_mean_roll8,309.94796085357666,207
lgbm_v2,10,6,relative_humidity_mean_roll12,325.696072101593,207
lgbm_v2,10,6,national_wave_rank,6344.74348783493,207
lgbm_v2,10,6,trailing_52_cumulative_cases,3000.025414943695,207
lgbm_v2,10,6,cases_lag1,460.5127878189087,207
lgbm_v2,10,6,cases_lag2,418.51054763793945,207
lgbm_v2,10,6,cases_lag3,677.2983093261719,207
lgbm_v2,10,6,cases_lag4,330.10211086273193,207
lgbm_v2,10,6,cases_lag5,213.5871605873108,207
lgbm_v2,10,6,cases_lag6,197.5099983215332,207
lgbm_v2,10,6,cases_lag7,243.67312955856323,207
lgbm_v2,10,6,cases_lag8,170.1954584121704,207
lgbm_v2,10,6,cases_lag9,244.39110898971558,207
lgbm_v2,10,6,cases_lag10,550.5703744888306,207
lgbm_v2,10,6,cases_lag11,185.66943788528442,207
lgbm_v2,10,6,cases_lag12,605.6900396347046,207
lgbm_v2,10,6,cases_mean4,641.8247618675232,207
lgbm_v2,10,6,cases_mean8,582.381100654602,207
lgbm_v2,10,6,cases_mean12,797.2728400230408,207
lgbm_v2,10,6,cases_max12,2867.469168663025,207
lgbm_v2,10,6,cases_diff1,21032.46200799942,207
lgbm_v2,10,6,cases_diff4,5361.824828147888,207
lgbm_v2,10,6,rain_roll4_lag4,833.5658183097839,207
lgbm_v2,10,6,rain_roll4_lag8,2693.3892250061035,207
lgbm_v2,10,6,humid_roll4_lag4,643.5752077102661,207
lgbm_v2,10,6,humid_roll4_lag8,7754.7276883125305,207
lgbm_v2,10,6,temp_roll4_lag4,484.8592429161072,207
lgbm_v2,10,6,temp_roll4_lag8,1287.6452732086182,207
lgbm_v2,10,6,rain_roll12_lag12,1643.8535461425781,207
lgbm_v2,10,6,neighbour_cases,2010.3434500694275,207
lgbm_v2,10,6,neighbour_diff4,358.25007915496826,207
lgbm_v2,10,6,national_cases,6380.81018447876,207
lgbm_v2,10,6,national_diff4,5950.8435316085815,207
lgbm_v2,10,6,district,19180.203182697296,207
lgbm_v2,10,6,target_doy_sin,8095.934254169464,207
lgbm_v2,10,6,target_doy_cos,5906.448945045471,207
lgbm_v2_noclimate,10,6,cases_log1p,30197.858833551407,206
lgbm_v2_noclimate,10,6,doy_sin,9184.427043437958,206
lgbm_v2_noclimate,10,6,doy_cos,5337.994833707809,206
lgbm_v2_noclimate,10,6,weather_observed,0.0,206
lgbm_v2_noclimate,10,6,case_observed,0.0,206
lgbm_v2_noclimate,10,6,centroid_lat,2281.1025137901306,206
lgbm_v2_noclimate,10,6,centroid_lon,934.453432559967,206
lgbm_v2_noclimate,10,6,national_wave_rank,5636.952322244644,206
lgbm_v2_noclimate,10,6,trailing_52_cumulative_cases,4258.366026639938,206
lgbm_v2_noclimate,10,6,cases_lag1,689.4679400920868,206
lgbm_v2_noclimate,10,6,cases_lag2,438.8468737602234,206
lgbm_v2_noclimate,10,6,cases_lag3,640.5040607452393,206
lgbm_v2_noclimate,10,6,cases_lag4,571.2639608383179,206
lgbm_v2_noclimate,10,6,cases_lag5,205.4780592918396,206
lgbm_v2_noclimate,10,6,cases_lag6,258.0794916152954,206
lgbm_v2_noclimate,10,6,cases_lag7,268.14818954467773,206
lgbm_v2_noclimate,10,6,cases_lag8,311.8375883102417,206
lgbm_v2_noclimate,10,6,cases_lag9,354.6459586620331,206
lgbm_v2_noclimate,10,6,cases_lag10,929.9395041465759,206
lgbm_v2_noclimate,10,6,cases_lag11,400.71082305908203,206
lgbm_v2_noclimate,10,6,cases_lag12,836.4854776859283,206
lgbm_v2_noclimate,10,6,cases_mean4,1038.433349609375,206
lgbm_v2_noclimate,10,6,cases_mean8,771.430230140686,206
lgbm_v2_noclimate,10,6,cases_mean12,1130.9783675670624,206
lgbm_v2_noclimate,10,6,cases_max12,3442.8854627609253,206
lgbm_v2_noclimate,10,6,cases_diff1,19488.135770320892,206
lgbm_v2_noclimate,10,6,cases_diff4,5195.737687110901,206
lgbm_v2_noclimate,10,6,neighbour_cases,2569.7590231895447,206
lgbm_v2_noclimate,10,6,neighbour_diff4,768.0051572322845,206
lgbm_v2_noclimate,10,6,national_cases,10158.452043294907,206
lgbm_v2_noclimate,10,6,national_diff4,8759.519802570343,206
lgbm_v2_noclimate,10,6,district,20797.87462925911,206
lgbm_v2_noclimate,10,6,target_doy_sin,13758.442372083664,206
lgbm_v2_noclimate,10,6,target_doy_cos,10742.188758850098,206
lgbm_v2_climatology,10,6,cases_log1p,28079.683205604553,106
lgbm_v2_climatology,10,6,rainfall_daily_mean_mm,3550.028163433075,106
lgbm_v2_climatology,10,6,rainy_days_frac,5855.592290878296,106
lgbm_v2_climatology,10,6,temperature_mean_c,734.2973699569702,106
lgbm_v2_climatology,10,6,diurnal_range_c,185.81812858581543,106
lgbm_v2_climatology,10,6,dewpoint_mean_c,221.65019130706787,106
lgbm_v2_climatology,10,6,relative_humidity_mean,544.8244018554688,106
lgbm_v2_climatology,10,6,wind_speed_mean,116.34419059753418,106
lgbm_v2_climatology,10,6,doy_sin,4321.64858007431,106
lgbm_v2_climatology,10,6,doy_cos,2169.6123600006104,106
lgbm_v2_climatology,10,6,weather_observed,0.0,106
lgbm_v2_climatology,10,6,case_observed,0.0,106
lgbm_v2_climatology,10,6,centroid_lat,611.1657819747925,106
lgbm_v2_climatology,10,6,centroid_lon,213.04450130462646,106
lgbm_v2_climatology,10,6,rainfall_daily_mean_mm_roll4,2929.428816795349,106
lgbm_v2_climatology,10,6,rainfall_daily_mean_mm_roll8,900.0136585235596,106
lgbm_v2_climatology,10,6,rainfall_daily_mean_mm_roll12,112.16290187835693,106
lgbm_v2_climatology,10,6,temperature_mean_c_roll4,708.8043413162231,106
lgbm_v2_climatology,10,6,temperature_mean_c_roll8,446.95760917663574,106
lgbm_v2_climatology,10,6,temperature_mean_c_roll12,327.3487129211426,106
lgbm_v2_climatology,10,6,relative_humidity_mean_roll4,190.0010690689087,106
lgbm_v2_climatology,10,6,relative_humidity_mean_roll8,113.58526134490967,106
lgbm_v2_climatology,10,6,relative_humidity_mean_roll12,287.07379055023193,106
lgbm_v2_climatology,10,6,national_wave_rank,5009.599804878235,106
lgbm_v2_climatology,10,6,trailing_52_cumulative_cases,2315.458186149597,106
lgbm_v2_climatology,10,6,cases_lag1,296.92789936065674,106
lgbm_v2_climatology,10,6,cases_lag2,295.9281883239746,106
lgbm_v2_climatology,10,6,cases_lag3,198.2218885421753,106
lgbm_v2_climatology,10,6,cases_lag4,127.06680011749268,106
lgbm_v2_climatology,10,6,cases_lag5,83.9596300125122,106
lgbm_v2_climatology,10,6,cases_lag6,133.27914714813232,106
lgbm_v2_climatology,10,6,cases_lag7,149.83749771118164,106
lgbm_v2_climatology,10,6,cases_lag8,109.49408054351807,106
lgbm_v2_climatology,10,6,cases_lag9,204.09923362731934,106
lgbm_v2_climatology,10,6,cases_lag10,282.5875005722046,106
lgbm_v2_climatology,10,6,cases_lag11,206.16925239562988,106
lgbm_v2_climatology,10,6,cases_lag12,655.2197504043579,106
lgbm_v2_climatology,10,6,cases_mean4,567.3030271530151,106
lgbm_v2_climatology,10,6,cases_mean8,361.2842798233032,106
lgbm_v2_climatology,10,6,cases_mean12,1145.257393836975,106
lgbm_v2_climatology,10,6,cases_max12,2498.9434843063354,106
lgbm_v2_climatology,10,6,cases_diff1,20503.04524230957,106
lgbm_v2_climatology,10,6,cases_diff4,5027.88125038147,106
lgbm_v2_climatology,10,6,rain_roll4_lag4,101.15320014953613,106
lgbm_v2_climatology,10,6,rain_roll4_lag8,1017.5153923034668,106
lgbm_v2_climatology,10,6,humid_roll4_lag4,182.42400884628296,106
lgbm_v2_climatology,10,6,humid_roll4_lag8,1084.6012177467346,106
lgbm_v2_climatology,10,6,temp_roll4_lag4,1005.5166864395142,106
lgbm_v2_climatology,10,6,temp_roll4_lag8,124.9361400604248,106
lgbm_v2_climatology,10,6,rain_roll12_lag12,234.16230964660645,106
lgbm_v2_climatology,10,6,neighbour_cases,1343.5152225494385,106
lgbm_v2_climatology,10,6,neighbour_diff4,206.38605117797852,106
lgbm_v2_climatology,10,6,national_cases,5522.7204422950745,106
lgbm_v2_climatology,10,6,national_diff4,5957.8070731163025,106
lgbm_v2_climatology,10,6,district,14656.099155426025,106
lgbm_v2_climatology,10,6,target_doy_sin,6627.6166162490845,106
lgbm_v2_climatology,10,6,target_doy_cos,4635.071250915527,106
lgbm_v2,10,8,cases_log1p,43223.370406627655,222
lgbm_v2,10,8,rainfall_daily_mean_mm,1748.9123735427856,222
lgbm_v2,10,8,rainy_days_frac,1719.4044923782349,222
lgbm_v2,10,8,temperature_mean_c,1603.0726103782654,222
lgbm_v2,10,8,diurnal_range_c,325.71330976486206,222
lgbm_v2,10,8,dewpoint_mean_c,1162.3698806762695,222
lgbm_v2,10,8,relative_humidity_mean,762.2806210517883,222
lgbm_v2,10,8,wind_speed_mean,966.4972519874573,222
lgbm_v2,10,8,doy_sin,5718.903441905975,222
lgbm_v2,10,8,doy_cos,6300.071969509125,222
lgbm_v2,10,8,weather_observed,0.0,222
lgbm_v2,10,8,case_observed,0.0,222
lgbm_v2,10,8,centroid_lat,2227.809187412262,222
lgbm_v2,10,8,centroid_lon,763.943549156189,222
lgbm_v2,10,8,rainfall_daily_mean_mm_roll4,10307.527447223663,222
lgbm_v2,10,8,rainfall_daily_mean_mm_roll8,564.1518197059631,222
lgbm_v2,10,8,rainfall_daily_mean_mm_roll12,723.6700701713562,222
lgbm_v2,10,8,temperature_mean_c_roll4,1000.4985337257385,222
lgbm_v2,10,8,temperature_mean_c_roll8,703.765350818634,222
lgbm_v2,10,8,temperature_mean_c_roll12,297.9015827178955,222
lgbm_v2,10,8,relative_humidity_mean_roll4,1144.4728393554688,222
lgbm_v2,10,8,relative_humidity_mean_roll8,307.6680898666382,222
lgbm_v2,10,8,relative_humidity_mean_roll12,865.3234395980835,222
lgbm_v2,10,8,national_wave_rank,7034.649784564972,222
lgbm_v2,10,8,trailing_52_cumulative_cases,4365.314121246338,222
lgbm_v2,10,8,cases_lag1,492.2372975349426,222
lgbm_v2,10,8,cases_lag2,479.4081530570984,222
lgbm_v2,10,8,cases_lag3,354.03287982940674,222
lgbm_v2,10,8,cases_lag4,720.8000159263611,222
lgbm_v2,10,8,cases_lag5,241.05547952651978,222
lgbm_v2,10,8,cases_lag6,95.7409496307373,222
lgbm_v2,10,8,cases_lag7,237.38014936447144,222
lgbm_v2,10,8,cases_lag8,664.7452216148376,222
lgbm_v2,10,8,cases_lag9,145.3389081954956,222
lgbm_v2,10,8,cases_lag10,185.92593812942505,222
lgbm_v2,10,8,cases_lag11,610.5980701446533,222
lgbm_v2,10,8,cases_lag12,687.3998284339905,222
lgbm_v2,10,8,cases_mean4,773.9872350692749,222
lgbm_v2,10,8,cases_mean8,893.5025110244751,222
lgbm_v2,10,8,cases_mean12,1725.797700881958,222
lgbm_v2,10,8,cases_max12,3875.7024235725403,222
lgbm_v2,10,8,cases_diff1,17372.06150817871,222
lgbm_v2,10,8,cases_diff4,6455.910504817963,222
lgbm_v2,10,8,rain_roll4_lag4,1043.8515839576721,222
lgbm_v2,10,8,rain_roll4_lag8,6324.896651268005,222
lgbm_v2,10,8,humid_roll4_lag4,1336.8194642066956,222
lgbm_v2,10,8,humid_roll4_lag8,7304.04278087616,222
lgbm_v2,10,8,temp_roll4_lag4,916.2412939071655,222
lgbm_v2,10,8,temp_roll4_lag8,2255.570604324341,222
lgbm_v2,10,8,rain_roll12_lag12,2730.9355845451355,222
lgbm_v2,10,8,neighbour_cases,2206.132845878601,222
lgbm_v2,10,8,neighbour_diff4,791.6034698486328,222
lgbm_v2,10,8,national_cases,10276.338953018188,222
lgbm_v2,10,8,national_diff4,5079.734000682831,222
lgbm_v2,10,8,district,28047.163583278656,222
lgbm_v2,10,8,target_doy_sin,15533.698672771454,222
lgbm_v2,10,8,target_doy_cos,8323.399753570557,222
lgbm_v2_noclimate,10,8,cases_log1p,41512.363253593445,107
lgbm_v2_noclimate,10,8,doy_sin,6932.618021965027,107
lgbm_v2_noclimate,10,8,doy_cos,6812.024531364441,107
lgbm_v2_noclimate,10,8,weather_observed,0.0,107
lgbm_v2_noclimate,10,8,case_observed,0.0,107
lgbm_v2_noclimate,10,8,centroid_lat,2253.7303953170776,107
lgbm_v2_noclimate,10,8,centroid_lon,929.9338483810425,107
lgbm_v2_noclimate,10,8,national_wave_rank,5274.722164154053,107
lgbm_v2_noclimate,10,8,trailing_52_cumulative_cases,4155.83867931366,107
lgbm_v2_noclimate,10,8,cases_lag1,327.17210483551025,107
lgbm_v2_noclimate,10,8,cases_lag2,255.53829860687256,107
lgbm_v2_noclimate,10,8,cases_lag3,391.57260513305664,107
lgbm_v2_noclimate,10,8,cases_lag4,433.02360343933105,107
lgbm_v2_noclimate,10,8,cases_lag5,100.2101993560791,107
lgbm_v2_noclimate,10,8,cases_lag6,59.76490020751953,107
lgbm_v2_noclimate,10,8,cases_lag7,138.0216007232666,107
lgbm_v2_noclimate,10,8,cases_lag8,502.4485025405884,107
lgbm_v2_noclimate,10,8,cases_lag9,214.36470127105713,107
lgbm_v2_noclimate,10,8,cases_lag10,365.73185443878174,107
lgbm_v2_noclimate,10,8,cases_lag11,440.0079975128174,107
lgbm_v2_noclimate,10,8,cases_lag12,735.7193984985352,107
lgbm_v2_noclimate,10,8,cases_mean4,644.876298904419,107
lgbm_v2_noclimate,10,8,cases_mean8,643.4116983413696,107
lgbm_v2_noclimate,10,8,cases_mean12,1720.7657098770142,107
lgbm_v2_noclimate,10,8,cases_max12,3823.5312910079956,107
lgbm_v2_noclimate,10,8,cases_diff1,18283.10562133789,107
lgbm_v2_noclimate,10,8,cases_diff4,5844.556016921997,107
lgbm_v2_noclimate,10,8,neighbour_cases,1922.7751064300537,107
lgbm_v2_noclimate,10,8,neighbour_diff4,390.47010135650635,107
lgbm_v2_noclimate,10,8,national_cases,11102.566179275513,107
lgbm_v2_noclimate,10,8,national_diff4,5202.576901435852,107
lgbm_v2_noclimate,10,8,district,25336.154291152954,107
lgbm_v2_noclimate,10,8,target_doy_sin,18661.247564315796,107
lgbm_v2_noclimate,10,8,target_doy_cos,12179.864706039429,107
lgbm_v2_climatology,10,8,cases_log1p,42987.214829444885,133
lgbm_v2_climatology,10,8,rainfall_daily_mean_mm,3282.386513710022,133
lgbm_v2_climatology,10,8,rainy_days_frac,11769.450805664062,133
lgbm_v2_climatology,10,8,temperature_mean_c,1575.360589981079,133
lgbm_v2_climatology,10,8,diurnal_range_c,300.06311988830566,133
lgbm_v2_climatology,10,8,dewpoint_mean_c,507.0840177536011,133
lgbm_v2_climatology,10,8,relative_humidity_mean,326.9681034088135,133
lgbm_v2_climatology,10,8,wind_speed_mean,204.8811902999878,133
lgbm_v2_climatology,10,8,doy_sin,6636.325226306915,133
lgbm_v2_climatology,10,8,doy_cos,5703.509843826294,133
lgbm_v2_climatology,10,8,weather_observed,0.0,133
lgbm_v2_climatology,10,8,case_observed,0.0,133
lgbm_v2_climatology,10,8,centroid_lat,1138.8470449447632,133
lgbm_v2_climatology,10,8,centroid_lon,631.4421987533569,133
lgbm_v2_climatology,10,8,rainfall_daily_mean_mm_roll4,1142.2010688781738,133
lgbm_v2_climatology,10,8,rainfall_daily_mean_mm_roll8,349.32509994506836,133
lgbm_v2_climatology,10,8,rainfall_daily_mean_mm_roll12,73.36879920959473,133
lgbm_v2_climatology,10,8,temperature_mean_c_roll4,820.6204447746277,133
lgbm_v2_climatology,10,8,temperature_mean_c_roll8,494.2443742752075,133
lgbm_v2_climatology,10,8,temperature_mean_c_roll12,221.45399951934814,133
lgbm_v2_climatology,10,8,relative_humidity_mean_roll4,261.84047842025757,133
lgbm_v2_climatology,10,8,relative_humidity_mean_roll8,90.78649997711182,133
lgbm_v2_climatology,10,8,relative_humidity_mean_roll12,254.04907321929932,133
lgbm_v2_climatology,10,8,national_wave_rank,6550.779525756836,133
lgbm_v2_climatology,10,8,trailing_52_cumulative_cases,4254.454993247986,133
lgbm_v2_climatology,10,8,cases_lag1,358.9754819869995,133
lgbm_v2_climatology,10,8,cases_lag2,181.76859760284424,133
lgbm_v2_climatology,10,8,cases_lag3,284.8757972717285,133
lgbm_v2_climatology,10,8,cases_lag4,327.38741970062256,133
lgbm_v2_climatology,10,8,cases_lag5,93.55160140991211,133
lgbm_v2_climatology,10,8,cases_lag6,51.127400398254395,133
lgbm_v2_climatology,10,8,cases_lag7,183.85700130462646,133
lgbm_v2_climatology,10,8,cases_lag8,535.0241746902466,133
lgbm_v2_climatology,10,8,cases_lag9,193.08041143417358,133
lgbm_v2_climatology,10,8,cases_lag10,309.72181844711304,133
lgbm_v2_climatology,10,8,cases_lag11,401.53435134887695,133
lgbm_v2_climatology,10,8,cases_lag12,842.3133697509766,133
lgbm_v2_climatology,10,8,cases_mean4,317.1124029159546,133
lgbm_v2_climatology,10,8,cases_mean8,1275.27592086792,133
lgbm_v2_climatology,10,8,cases_mean12,2020.1865634918213,133
lgbm_v2_climatology,10,8,cases_max12,4372.584266662598,133
lgbm_v2_climatology,10,8,cases_diff1,16534.876377105713,133
lgbm_v2_climatology,10,8,cases_diff4,5874.855719566345,133
lgbm_v2_climatology,10,8,rain_roll4_lag4,174.17930030822754,133
lgbm_v2_climatology,10,8,rain_roll4_lag8,1106.7420063018799,133
lgbm_v2_climatology,10,8,humid_roll4_lag4,247.738600730896,133
lgbm_v2_climatology,10,8,humid_roll4_lag8,623.6653308868408,133
lgbm_v2_climatology,10,8,temp_roll4_lag4,457.2893075942993,133
lgbm_v2_climatology,10,8,temp_roll4_lag8,576.7658224105835,133
lgbm_v2_climatology,10,8,rain_roll12_lag12,254.95809841156006,133
lgbm_v2_climatology,10,8,neighbour_cases,1476.1946687698364,133
lgbm_v2_climatology,10,8,neighbour_diff4,414.07407569885254,133
lgbm_v2_climatology,10,8,national_cases,10971.692457199097,133
lgbm_v2_climatology,10,8,national_diff4,6458.077630996704,133
lgbm_v2_climatology,10,8,district,22838.40508699417,133
lgbm_v2_climatology,10,8,target_doy_sin,13825.510496616364,133
lgbm_v2_climatology,10,8,target_doy_cos,6039.932968139648,133
lgbm_v2,10,10,cases_log1p,58761.86778450012,245
lgbm_v2,10,10,rainfall_daily_mean_mm,2395.2013535499573,245
lgbm_v2,10,10,rainy_days_frac,1635.9746913909912,245
lgbm_v2,10,10,temperature_mean_c,1641.5935978889465,245
lgbm_v2,10,10,diurnal_range_c,420.7331757545471,245
lgbm_v2,10,10,dewpoint_mean_c,1296.6598119735718,245
lgbm_v2,10,10,relative_humidity_mean,1257.7794461250305,245
lgbm_v2,10,10,wind_speed_mean,1995.4581227302551,245
lgbm_v2,10,10,doy_sin,6905.2228055000305,245
lgbm_v2,10,10,doy_cos,8107.857759952545,245
lgbm_v2,10,10,weather_observed,0.0,245
lgbm_v2,10,10,case_observed,0.0,245
lgbm_v2,10,10,centroid_lat,2660.7293009757996,245
lgbm_v2,10,10,centroid_lon,1262.1831035614014,245
lgbm_v2,10,10,rainfall_daily_mean_mm_roll4,4788.345434188843,245
lgbm_v2,10,10,rainfall_daily_mean_mm_roll8,1124.888961315155,245
lgbm_v2,10,10,rainfall_daily_mean_mm_roll12,1282.6480331420898,245
lgbm_v2,10,10,temperature_mean_c_roll4,1089.394579410553,245
lgbm_v2,10,10,temperature_mean_c_roll8,419.1832971572876,245
lgbm_v2,10,10,temperature_mean_c_roll12,523.9096388816833,245
lgbm_v2,10,10,relative_humidity_mean_roll4,990.1094241142273,245
lgbm_v2,10,10,relative_humidity_mean_roll8,690.8455944061279,245
lgbm_v2,10,10,relative_humidity_mean_roll12,1463.6036505699158,245
lgbm_v2,10,10,national_wave_rank,8570.186676979065,245
lgbm_v2,10,10,trailing_52_cumulative_cases,6525.721967220306,245
lgbm_v2,10,10,cases_lag1,346.17475748062134,245
lgbm_v2,10,10,cases_lag2,1001.2546143531799,245
lgbm_v2,10,10,cases_lag3,233.36868047714233,245
lgbm_v2,10,10,cases_lag4,252.8663091659546,245
lgbm_v2,10,10,cases_lag5,263.37053060531616,245
lgbm_v2,10,10,cases_lag6,311.1272678375244,245
lgbm_v2,10,10,cases_lag7,252.57841396331787,245
lgbm_v2,10,10,cases_lag8,199.67928218841553,245
lgbm_v2,10,10,cases_lag9,428.6791739463806,245
lgbm_v2,10,10,cases_lag10,512.9669108390808,245
lgbm_v2,10,10,cases_lag11,430.5890746116638,245
lgbm_v2,10,10,cases_lag12,1133.6076169013977,245
lgbm_v2,10,10,cases_mean4,755.3537163734436,245
lgbm_v2,10,10,cases_mean8,1350.216266155243,245
lgbm_v2,10,10,cases_mean12,2716.9029474258423,245
lgbm_v2,10,10,cases_max12,5128.330122470856,245
lgbm_v2,10,10,cases_diff1,14405.027017593384,245
lgbm_v2,10,10,cases_diff4,6366.586759090424,245
lgbm_v2,10,10,rain_roll4_lag4,2163.262266635895,245
lgbm_v2,10,10,rain_roll4_lag8,6339.734664440155,245
lgbm_v2,10,10,humid_roll4_lag4,2594.33002948761,245
lgbm_v2,10,10,humid_roll4_lag8,7972.0265917778015,245
lgbm_v2,10,10,temp_roll4_lag4,1009.2437100410461,245
lgbm_v2,10,10,temp_roll4_lag8,3367.784824371338,245
lgbm_v2,10,10,rain_roll12_lag12,2868.061147212982,245
lgbm_v2,10,10,neighbour_cases,2607.8277354240417,245
lgbm_v2,10,10,neighbour_diff4,557.0802268981934,245
lgbm_v2,10,10,national_cases,16074.633484840393,245
lgbm_v2,10,10,national_diff4,6094.251867771149,245
lgbm_v2,10,10,district,36663.305426597595,245
lgbm_v2,10,10,target_doy_sin,20961.62099313736,245
lgbm_v2,10,10,target_doy_cos,11281.110185146332,245
lgbm_v2_noclimate,10,10,cases_log1p,56595.24528980255,111
lgbm_v2_noclimate,10,10,doy_sin,5184.8447523117065,111
lgbm_v2_noclimate,10,10,doy_cos,5971.335660934448,111
lgbm_v2_noclimate,10,10,weather_observed,0.0,111
lgbm_v2_noclimate,10,10,case_observed,0.0,111
lgbm_v2_noclimate,10,10,centroid_lat,3397.3171281814575,111
lgbm_v2_noclimate,10,10,centroid_lon,1162.743390083313,111
lgbm_v2_noclimate,10,10,national_wave_rank,7200.331866264343,111
lgbm_v2_noclimate,10,10,trailing_52_cumulative_cases,6355.573396682739,111
lgbm_v2_noclimate,10,10,cases_lag1,447.5109987258911,111
lgbm_v2_noclimate,10,10,cases_lag2,636.2826976776123,111
lgbm_v2_noclimate,10,10,cases_lag3,248.42079639434814,111
lgbm_v2_noclimate,10,10,cases_lag4,115.30470085144043,111
lgbm_v2_noclimate,10,10,cases_lag5,210.40310096740723,111
lgbm_v2_noclimate,10,10,cases_lag6,332.6253776550293,111
lgbm_v2_noclimate,10,10,cases_lag7,331.57859992980957,111
lgbm_v2_noclimate,10,10,cases_lag8,292.32540130615234,111
lgbm_v2_noclimate,10,10,cases_lag9,406.19791889190674,111
lgbm_v2_noclimate,10,10,cases_lag10,638.1786918640137,111
lgbm_v2_noclimate,10,10,cases_lag11,274.77249908447266,111
lgbm_v2_noclimate,10,10,cases_lag12,1233.993564605713,111
lgbm_v2_noclimate,10,10,cases_mean4,1455.680094718933,111
lgbm_v2_noclimate,10,10,cases_mean8,773.4604949951172,111
lgbm_v2_noclimate,10,10,cases_mean12,2558.2310075759888,111
lgbm_v2_noclimate,10,10,cases_max12,4580.141989707947,111
lgbm_v2_noclimate,10,10,cases_diff1,15330.996425628662,111
lgbm_v2_noclimate,10,10,cases_diff4,4403.480373382568,111
lgbm_v2_noclimate,10,10,neighbour_cases,1954.888798713684,111
lgbm_v2_noclimate,10,10,neighbour_diff4,287.8832015991211,111
lgbm_v2_noclimate,10,10,national_cases,14031.743479728699,111
lgbm_v2_noclimate,10,10,national_diff4,4995.297913551331,111
lgbm_v2_noclimate,10,10,district,32410.51189804077,111
lgbm_v2_noclimate,10,10,target_doy_sin,25377.843876838684,111
lgbm_v2_noclimate,10,10,target_doy_cos,15978.344466209412,111
lgbm_v2_climatology,10,10,cases_log1p,58014.32105636597,140
lgbm_v2_climatology,10,10,rainfall_daily_mean_mm,1794.0030279159546,140
lgbm_v2_climatology,10,10,rainy_days_frac,10316.863760948181,140
lgbm_v2_climatology,10,10,temperature_mean_c,2145.298896789551,140
lgbm_v2_climatology,10,10,diurnal_range_c,351.65976428985596,140
lgbm_v2_climatology,10,10,dewpoint_mean_c,405.8731689453125,140
lgbm_v2_climatology,10,10,relative_humidity_mean,306.8581008911133,140
lgbm_v2_climatology,10,10,wind_speed_mean,222.9225025177002,140
lgbm_v2_climatology,10,10,doy_sin,7394.21671295166,140
lgbm_v2_climatology,10,10,doy_cos,8335.789953231812,140
lgbm_v2_climatology,10,10,weather_observed,0.0,140
lgbm_v2_climatology,10,10,case_observed,0.0,140
lgbm_v2_climatology,10,10,centroid_lat,1910.0095052719116,140
lgbm_v2_climatology,10,10,centroid_lon,634.5596041679382,140
lgbm_v2_climatology,10,10,rainfall_daily_mean_mm_roll4,990.4362020492554,140
lgbm_v2_climatology,10,10,rainfall_daily_mean_mm_roll8,163.71221828460693,140
lgbm_v2_climatology,10,10,rainfall_daily_mean_mm_roll12,155.25150966644287,140
lgbm_v2_climatology,10,10,temperature_mean_c_roll4,669.6034097671509,140
lgbm_v2_climatology,10,10,temperature_mean_c_roll8,482.613805770874,140
lgbm_v2_climatology,10,10,temperature_mean_c_roll12,155.06500244140625,140
lgbm_v2_climatology,10,10,relative_humidity_mean_roll4,343.74599742889404,140
lgbm_v2_climatology,10,10,relative_humidity_mean_roll8,206.7515001296997,140
lgbm_v2_climatology,10,10,relative_humidity_mean_roll12,450.7315044403076,140
lgbm_v2_climatology,10,10,national_wave_rank,7835.012935638428,140
lgbm_v2_climatology,10,10,trailing_52_cumulative_cases,5984.155961036682,140
lgbm_v2_climatology,10,10,cases_lag1,328.4061269760132,140
lgbm_v2_climatology,10,10,cases_lag2,466.40963077545166,140
lgbm_v2_climatology,10,10,cases_lag3,237.67580127716064,140
lgbm_v2_climatology,10,10,cases_lag4,199.55820178985596,140
lgbm_v2_climatology,10,10,cases_lag5,257.6092720031738,140
lgbm_v2_climatology,10,10,cases_lag6,380.4637985229492,140
lgbm_v2_climatology,10,10,cases_lag7,212.72799968719482,140
lgbm_v2_climatology,10,10,cases_lag8,222.98689937591553,140
lgbm_v2_climatology,10,10,cases_lag9,644.9379968643188,140
lgbm_v2_climatology,10,10,cases_lag10,548.5028877258301,140
lgbm_v2_climatology,10,10,cases_lag11,408.66259765625,140
lgbm_v2_climatology,10,10,cases_lag12,913.5755376815796,140
lgbm_v2_climatology,10,10,cases_mean4,829.6733913421631,140
lgbm_v2_climatology,10,10,cases_mean8,1479.3951387405396,140
lgbm_v2_climatology,10,10,cases_mean12,2876.97718334198,140
lgbm_v2_climatology,10,10,cases_max12,4726.083273887634,140
lgbm_v2_climatology,10,10,cases_diff1,13355.37156009674,140
lgbm_v2_climatology,10,10,cases_diff4,5595.993760108948,140
lgbm_v2_climatology,10,10,rain_roll4_lag4,229.52549743652344,140
lgbm_v2_climatology,10,10,rain_roll4_lag8,463.05130195617676,140
lgbm_v2_climatology,10,10,humid_roll4_lag4,451.11040115356445,140
lgbm_v2_climatology,10,10,humid_roll4_lag8,844.7693767547607,140
lgbm_v2_climatology,10,10,temp_roll4_lag4,495.6522512435913,140
lgbm_v2_climatology,10,10,temp_roll4_lag8,1026.4545917510986,140
lgbm_v2_climatology,10,10,rain_roll12_lag12,460.34850025177,140
lgbm_v2_climatology,10,10,neighbour_cases,1871.2049083709717,140
lgbm_v2_climatology,10,10,neighbour_diff4,387.3410806655884,140
lgbm_v2_climatology,10,10,national_cases,15894.58809375763,140
lgbm_v2_climatology,10,10,national_diff4,6439.1774826049805,140
lgbm_v2_climatology,10,10,district,29489.093154907227,140
lgbm_v2_climatology,10,10,target_doy_sin,21539.67008304596,140
lgbm_v2_climatology,10,10,target_doy_cos,8222.883509635925,140
lgbm_v2,10,12,cases_log1p,68892.92976760864,145
lgbm_v2,10,12,rainfall_daily_mean_mm,1433.9430131912231,145
lgbm_v2,10,12,rainy_days_frac,650.4472045898438,145
lgbm_v2,10,12,temperature_mean_c,1043.3617544174194,145
lgbm_v2,10,12,diurnal_range_c,278.81529808044434,145
lgbm_v2,10,12,dewpoint_mean_c,843.7904996871948,145
lgbm_v2,10,12,relative_humidity_mean,912.8990106582642,145
lgbm_v2,10,12,wind_speed_mean,1329.4637966156006,145
lgbm_v2,10,12,doy_sin,4528.483691215515,145
lgbm_v2,10,12,doy_cos,5983.239295005798,145
lgbm_v2,10,12,weather_observed,0.0,145
lgbm_v2,10,12,case_observed,0.0,145
lgbm_v2,10,12,centroid_lat,4053.017357826233,145
lgbm_v2,10,12,centroid_lon,1720.8276042938232,145
lgbm_v2,10,12,rainfall_daily_mean_mm_roll4,2191.6032972335815,145
lgbm_v2,10,12,rainfall_daily_mean_mm_roll8,561.2174453735352,145
lgbm_v2,10,12,rainfall_daily_mean_mm_roll12,1187.3583011627197,145
lgbm_v2,10,12,temperature_mean_c_roll4,526.9632959365845,145
lgbm_v2,10,12,temperature_mean_c_roll8,527.6343002319336,145
lgbm_v2,10,12,temperature_mean_c_roll12,359.3150043487549,145
lgbm_v2,10,12,relative_humidity_mean_roll4,380.2892007827759,145
lgbm_v2,10,12,relative_humidity_mean_roll8,622.8206977844238,145
lgbm_v2,10,12,relative_humidity_mean_roll12,1518.577151298523,145
lgbm_v2,10,12,national_wave_rank,8352.545825004578,145
lgbm_v2,10,12,trailing_52_cumulative_cases,6730.231620788574,145
lgbm_v2,10,12,cases_lag1,470.0965061187744,145
lgbm_v2,10,12,cases_lag2,169.62170314788818,145
lgbm_v2,10,12,cases_lag3,505.458402633667,145
lgbm_v2,10,12,cases_lag4,204.07361030578613,145
lgbm_v2,10,12,cases_lag5,40.29140090942383,145
lgbm_v2,10,12,cases_lag6,92.91600131988525,145
lgbm_v2,10,12,cases_lag7,95.92919921875,145
lgbm_v2,10,12,cases_lag8,266.5867977142334,145
lgbm_v2,10,12,cases_lag9,102.50050258636475,145
lgbm_v2,10,12,cases_lag10,740.0090923309326,145
lgbm_v2,10,12,cases_lag11,350.3446989059448,145
lgbm_v2,10,12,cases_lag12,680.5907030105591,145
lgbm_v2,10,12,cases_mean4,1019.1754922866821,145
lgbm_v2,10,12,cases_mean8,1072.5178956985474,145
lgbm_v2,10,12,cases_mean12,2031.825499534607,145
lgbm_v2,10,12,cases_max12,4363.090495109558,145
lgbm_v2,10,12,cases_diff1,12256.730690956116,145
lgbm_v2,10,12,cases_diff4,6789.932370185852,145
lgbm_v2,10,12,rain_roll4_lag4,1527.8351020812988,145
lgbm_v2,10,12,rain_roll4_lag8,8588.29960823059,145
lgbm_v2,10,12,humid_roll4_lag4,2651.1008014678955,145
lgbm_v2,10,12,humid_roll4_lag8,6338.600823402405,145
lgbm_v2,10,12,temp_roll4_lag4,940.0540981292725,145
lgbm_v2,10,12,temp_roll4_lag8,3965.584406852722,145
lgbm_v2,10,12,rain_roll12_lag12,1778.3125,145
lgbm_v2,10,12,neighbour_cases,1433.4739961624146,145
lgbm_v2,10,12,neighbour_diff4,174.8375997543335,145
lgbm_v2,10,12,national_cases,18241.10461997986,145
lgbm_v2,10,12,national_diff4,5279.730632781982,145
lgbm_v2,10,12,district,40486.3311958313,145
lgbm_v2,10,12,target_doy_sin,18371.951124191284,145
lgbm_v2,10,12,target_doy_cos,17082.191381454468,145
lgbm_v2_noclimate,10,12,cases_log1p,66437.56672000885,137
lgbm_v2_noclimate,10,12,doy_sin,7150.859419822693,137
lgbm_v2_noclimate,10,12,doy_cos,5374.2325921058655,137
lgbm_v2_noclimate,10,12,weather_observed,0.0,137
lgbm_v2_noclimate,10,12,case_observed,0.0,137
lgbm_v2_noclimate,10,12,centroid_lat,4272.710706710815,137
lgbm_v2_noclimate,10,12,centroid_lon,2001.7447519302368,137
lgbm_v2_noclimate,10,12,national_wave_rank,9401.315976142883,137
lgbm_v2_noclimate,10,12,trailing_52_cumulative_cases,8833.634356498718,137
lgbm_v2_noclimate,10,12,cases_lag1,480.8505983352661,137
lgbm_v2_noclimate,10,12,cases_lag2,145.26901054382324,137
lgbm_v2_noclimate,10,12,cases_lag3,335.0575113296509,137
lgbm_v2_noclimate,10,12,cases_lag4,151.41709995269775,137
lgbm_v2_noclimate,10,12,cases_lag5,103.76240062713623,137
lgbm_v2_noclimate,10,12,cases_lag6,362.63800048828125,137
lgbm_v2_noclimate,10,12,cases_lag7,323.8125009536743,137
lgbm_v2_noclimate,10,12,cases_lag8,342.4076957702637,137
lgbm_v2_noclimate,10,12,cases_lag9,446.6928024291992,137
lgbm_v2_noclimate,10,12,cases_lag10,654.18212890625,137
lgbm_v2_noclimate,10,12,cases_lag11,810.69757604599,137
lgbm_v2_noclimate,10,12,cases_lag12,989.0807800292969,137
lgbm_v2_noclimate,10,12,cases_mean4,1862.589539527893,137
lgbm_v2_noclimate,10,12,cases_mean8,970.3211994171143,137
lgbm_v2_noclimate,10,12,cases_mean12,3469.4009075164795,137
lgbm_v2_noclimate,10,12,cases_max12,5684.1636600494385,137
lgbm_v2_noclimate,10,12,cases_diff1,13377.32926273346,137
lgbm_v2_noclimate,10,12,cases_diff4,6191.926516532898,137
lgbm_v2_noclimate,10,12,neighbour_cases,1771.8028764724731,137
lgbm_v2_noclimate,10,12,neighbour_diff4,664.6395902633667,137
lgbm_v2_noclimate,10,12,national_cases,21638.686294555664,137
lgbm_v2_noclimate,10,12,national_diff4,7808.018617630005,137
lgbm_v2_noclimate,10,12,district,40237.01437950134,137
lgbm_v2_noclimate,10,12,target_doy_sin,24964.573959350586,137
lgbm_v2_noclimate,10,12,target_doy_cos,21892.384294509888,137
lgbm_v2_climatology,10,12,cases_log1p,68672.50957775116,140
lgbm_v2_climatology,10,12,rainfall_daily_mean_mm,1852.9967937469482,140
lgbm_v2_climatology,10,12,rainy_days_frac,7157.005772590637,140
lgbm_v2_climatology,10,12,temperature_mean_c,2163.693238258362,140
lgbm_v2_climatology,10,12,diurnal_range_c,602.2944021224976,140
lgbm_v2_climatology,10,12,dewpoint_mean_c,591.6143007278442,140
lgbm_v2_climatology,10,12,relative_humidity_mean,539.2345991134644,140
lgbm_v2_climatology,10,12,wind_speed_mean,275.97720432281494,140
lgbm_v2_climatology,10,12,doy_sin,7183.639983177185,140
lgbm_v2_climatology,10,12,doy_cos,5086.0838232040405,140
lgbm_v2_climatology,10,12,weather_observed,0.0,140
lgbm_v2_climatology,10,12,case_observed,0.0,140
lgbm_v2_climatology,10,12,centroid_lat,2714.684655189514,140
lgbm_v2_climatology,10,12,centroid_lon,1220.3762969970703,140
lgbm_v2_climatology,10,12,rainfall_daily_mean_mm_roll4,644.1697988510132,140
lgbm_v2_climatology,10,12,rainfall_daily_mean_mm_roll8,345.01380252838135,140
lgbm_v2_climatology,10,12,rainfall_daily_mean_mm_roll12,244.10130310058594,140
lgbm_v2_climatology,10,12,temperature_mean_c_roll4,883.9307746887207,140
lgbm_v2_climatology,10,12,temperature_mean_c_roll8,403.35219860076904,140
lgbm_v2_climatology,10,12,temperature_mean_c_roll12,209.1113986968994,140
lgbm_v2_climatology,10,12,relative_humidity_mean_roll4,307.79679584503174,140
lgbm_v2_climatology,10,12,relative_humidity_mean_roll8,285.8314027786255,140
lgbm_v2_climatology,10,12,relative_humidity_mean_roll12,179.9592981338501,140
lgbm_v2_climatology,10,12,national_wave_rank,8617.225405693054,140
lgbm_v2_climatology,10,12,trailing_52_cumulative_cases,7509.404160022736,140
lgbm_v2_climatology,10,12,cases_lag1,424.3041467666626,140
lgbm_v2_climatology,10,12,cases_lag2,138.4862003326416,140
lgbm_v2_climatology,10,12,cases_lag3,566.2897081375122,140
lgbm_v2_climatology,10,12,cases_lag4,354.1000003814697,140
lgbm_v2_climatology,10,12,cases_lag5,113.80249977111816,140
lgbm_v2_climatology,10,12,cases_lag6,215.6633014678955,140
lgbm_v2_climatology,10,12,cases_lag7,138.29409980773926,140
lgbm_v2_climatology,10,12,cases_lag8,541.8629989624023,140
lgbm_v2_climatology,10,12,cases_lag9,316.64319896698,140
lgbm_v2_climatology,10,12,cases_lag10,751.3156604766846,140
lgbm_v2_climatology,10,12,cases_lag11,658.4394006729126,140
lgbm_v2_climatology,10,12,cases_lag12,1192.5404033660889,140
lgbm_v2_climatology,10,12,cases_mean4,969.4772996902466,140
lgbm_v2_climatology,10,12,cases_mean8,1735.7923421859741,140
lgbm_v2_climatology,10,12,cases_mean12,3114.0875005722046,140
lgbm_v2_climatology,10,12,cases_max12,4717.1141357421875,140
lgbm_v2_climatology,10,12,cases_diff1,11471.100521087646,140
lgbm_v2_climatology,10,12,cases_diff4,6286.706088066101,140
lgbm_v2_climatology,10,12,rain_roll4_lag4,77.92609977722168,140
lgbm_v2_climatology,10,12,rain_roll4_lag8,1110.8084020614624,140
lgbm_v2_climatology,10,12,humid_roll4_lag4,392.63269996643066,140
lgbm_v2_climatology,10,12,humid_roll4_lag8,787.731692314148,140
lgbm_v2_climatology,10,12,temp_roll4_lag4,496.385103225708,140
lgbm_v2_climatology,10,12,temp_roll4_lag8,1563.0201997756958,140
lgbm_v2_climatology,10,12,rain_roll12_lag12,634.8357009887695,140
lgbm_v2_climatology,10,12,neighbour_cases,1072.0573625564575,140
lgbm_v2_climatology,10,12,neighbour_diff4,303.47580337524414,140
lgbm_v2_climatology,10,12,national_cases,20872.058162212372,140
lgbm_v2_climatology,10,12,national_diff4,7981.960871696472,140
lgbm_v2_climatology,10,12,district,37453.715415000916,140
lgbm_v2_climatology,10,12,target_doy_sin,20684.563037395477,140
lgbm_v2_climatology,10,12,target_doy_cos,18219.70642185211,140
