method,horizon,fold_id,auc,events,sensitivity,precision,false_alarm_rate
adaptive_v2,1,1,0.8945531939537846,1114,0.874326750448833,0.951171875,0.26881720430107525
adaptive_v2,1,2,0.8872208609306954,273,0.6813186813186813,0.6690647482014388,0.08958130477117819
adaptive_v2,1,3,0.9477772905278616,476,0.7857142857142857,0.9468354430379747,0.025485436893203883
adaptive_v2,1,6,0.8566926214312198,116,0.3017241379310345,0.6730769230769231,0.014061207609594707
adaptive_v2,1,7,0.8870376413793509,363,0.6170798898071626,0.7777777777777778,0.06830309498399147
adaptive_v2,1,8,0.922884012539185,145,0.6413793103448275,0.6838235294117647,0.03722943722943723
adaptive_v2,1,9,0.9158413833937595,103,0.44660194174757284,0.7076923076923077,0.015873015873015872
adaptive_v2,2,1,0.8470734155711279,1114,0.5978456014362658,0.9794117647058823,0.07526881720430108
adaptive_v2,2,2,0.879345581390372,273,0.6666666666666666,0.6431095406360424,0.09834469328140215
adaptive_v2,2,3,0.946199110712246,476,0.7394957983193278,0.9312169312169312,0.03155339805825243
adaptive_v2,2,6,0.8620190525084852,116,0.3706896551724138,0.5180722891566265,0.033085194375516956
adaptive_v2,2,7,0.8348606860297944,363,0.5922865013774105,0.7337883959044369,0.0832443970117396
adaptive_v2,2,8,0.891082251082251,145,0.6689655172413793,0.5950920245398773,0.05714285714285714
adaptive_v2,2,9,0.8880129125402503,103,0.47572815533980584,0.6125,0.025898078529657476
adaptive_v2,3,1,0.8524111503638926,1114,0.7064631956912029,0.9644607843137255,0.15591397849462366
adaptive_v2,3,2,0.8533157851560967,273,0.6593406593406593,0.6293706293706294,0.10321324245374879
adaptive_v2,3,3,0.9345042628701966,476,0.6953781512605042,0.9350282485875706,0.027912621359223302
adaptive_v2,3,6,0.8444211517070249,116,0.3103448275862069,0.48,0.03225806451612903
adaptive_v2,3,7,0.7934384104947799,363,0.5564738292011019,0.696551724137931,0.09391675560298826
adaptive_v2,3,8,0.9063561725630691,145,0.6275862068965518,0.5833333333333334,0.05627705627705628
adaptive_v2,3,9,0.8549204727027926,103,0.3300970873786408,0.5396825396825397,0.02422723475355054
adaptive_v2,4,1,0.8415715912820216,1114,0.7235188509874326,0.9583828775267539,0.1881720430107527
adaptive_v2,4,2,0.8093633079027431,273,0.5641025641025641,0.5347222222222222,0.13047711781888996
adaptive_v2,4,3,0.9248312188953252,476,0.6512605042016807,0.9309309309309309,0.027912621359223302
adaptive_v2,4,6,0.8303742049570748,116,0.33620689655172414,0.4482758620689655,0.03970223325062035
adaptive_v2,4,7,0.7451334926837013,363,0.5068870523415978,0.6174496644295302,0.12166488794023479
adaptive_v2,4,8,0.8836035229138678,145,0.6551724137931034,0.5555555555555556,0.0658008658008658
adaptive_v2,4,9,0.863526129238955,103,0.36893203883495146,0.475,0.03508771929824561
adaptive_v2,6,1,0.7927863361711164,1114,0.59245960502693,0.9606986899563319,0.14516129032258066
adaptive_v2,6,2,0.7464466724447251,273,0.5384615384615384,0.4803921568627451,0.15481986368062317
adaptive_v2,6,3,0.8968599575752632,476,0.707983193277311,0.8575063613231552,0.06796116504854369
adaptive_v2,6,6,0.7995564872650524,116,0.3103448275862069,0.3956043956043956,0.045492142266335814
adaptive_v2,6,7,0.7282576419085588,363,0.41046831955922863,0.6081632653061224,0.10245464247598719
adaptive_v2,6,8,0.8707090610538887,145,0.6620689655172414,0.4752475247524752,0.09177489177489177
adaptive_v2,6,9,0.7930830312026019,103,0.32038834951456313,0.3626373626373626,0.04845446950710108
adaptive_v2,8,1,0.7330891295534835,1114,0.5709156193895871,0.9380530973451328,0.22580645161290322
adaptive_v2,8,2,0.7038424088083289,273,0.5091575091575091,0.42901234567901236,0.1801363193768257
adaptive_v2,8,3,0.8704885473606918,476,0.6659663865546218,0.8255208333333334,0.08131067961165049
adaptive_v2,8,6,0.7254071475428538,116,0.1810344827586207,0.3181818181818182,0.03722084367245657
adaptive_v2,8,7,0.7311212444616927,363,0.4049586776859504,0.592741935483871,0.10779082177161152
adaptive_v2,8,8,0.7652425735184356,145,0.5517241379310345,0.3305785123966942,0.14025974025974025
adaptive_v2,8,9,0.772116375080095,103,0.2815533980582524,0.29,0.059314954051796154
adaptive_v2,10,1,0.7118443659388815,1114,0.5771992818671454,0.9318840579710145,0.25268817204301075
adaptive_v2,10,2,0.6410078075121892,273,0.4652014652014652,0.3746312684365782,0.20642648490749757
adaptive_v2,10,3,0.8480791588480052,476,0.6449579831932774,0.7655860349127181,0.11407766990291263
adaptive_v2,10,6,0.6882362168791535,116,0.11206896551724138,0.34210526315789475,0.0206782464846981
adaptive_v2,10,7,0.6701667886784798,363,0.2837465564738292,0.5228426395939086,0.10032017075773746
adaptive_v2,10,8,0.6785430661292731,145,0.33793103448275863,0.2832369942196532,0.10735930735930736
adaptive_v2,10,9,0.7239376759049728,103,0.2815533980582524,0.2396694214876033,0.07685881370091896
adaptive_v2,12,1,0.6366768981293798,1114,0.38150807899461403,0.9259259259259259,0.1827956989247312
adaptive_v2,12,2,0.6743243773428779,273,0.4249084249084249,0.4566929133858268,0.13437195715676728
adaptive_v2,12,3,0.816077037611161,476,0.5819327731092437,0.7213541666666666,0.12985436893203883
adaptive_v2,12,6,0.6551153703545249,116,0.11206896551724138,0.28888888888888886,0.026468155500413565
adaptive_v2,12,7,0.5942284002340275,363,0.1790633608815427,0.3532608695652174,0.12700106723585913
adaptive_v2,12,8,0.7077951933124347,145,0.36551724137931035,0.29120879120879123,0.11168831168831168
adaptive_v2,12,9,0.7204094378340674,103,0.3300970873786408,0.23129251700680273,0.09440267335004177
chronos2,1,1,0.9017200440145943,1114,0.9030520646319569,0.9401869158878504,0.34408602150537637
chronos2,1,2,0.9085533097217615,273,0.6923076923076923,0.73828125,0.06523855890944498
chronos2,1,3,0.9439325487476544,476,0.773109243697479,0.9363867684478372,0.03033980582524272
chronos2,1,6,0.8639086164113973,116,0.3620689655172414,0.56,0.02729528535980149
chronos2,1,7,0.8850295915397303,363,0.6363636363636364,0.7674418604651163,0.07470651013874066
chronos2,1,8,0.9271533064636512,145,0.6275862068965518,0.6453900709219859,0.04329004329004329
chronos2,1,9,0.9142759812151738,103,0.4368932038834951,0.6617647058823529,0.01921470342522974
chronos2,2,1,0.8856054902415011,1114,0.8770197486535009,0.9439613526570049,0.3118279569892473
chronos2,2,2,0.8916007718344622,273,0.6776556776556777,0.6981132075471698,0.07789678675754626
chronos2,2,3,0.9356260708166761,476,0.7142857142857143,0.9340659340659341,0.02912621359223301
chronos2,2,6,0.8662759191124041,116,0.3620689655172414,0.6176470588235294,0.021505376344086023
chronos2,2,7,0.833937512311433,363,0.559228650137741,0.7435897435897436,0.07470651013874066
chronos2,2,8,0.9172891476339752,145,0.6689655172413793,0.6258064516129033,0.050216450216450215
chronos2,2,9,0.886244738058739,103,0.3592233009708738,0.6065573770491803,0.020050125313283207
chronos2,3,1,0.8553647612980444,1114,0.8411131059245961,0.9426559356136821,0.3064516129032258
chronos2,3,2,0.8659026789503907,273,0.6373626373626373,0.6420664206642066,0.09444985394352483
chronos2,3,3,0.9165731826711268,476,0.6659663865546218,0.9296187683284457,0.02912621359223301
chronos2,3,6,0.8497404523544679,116,0.35344827586206895,0.5694444444444444,0.02564102564102564
chronos2,3,7,0.7948319912033893,363,0.47107438016528924,0.684,0.08431163287086446
chronos2,3,8,0.9133900582176444,145,0.6689655172413793,0.5914634146341463,0.05800865800865801
chronos2,3,9,0.8575321799644743,103,0.2912621359223301,0.5,0.02506265664160401
chronos2,4,1,0.8304328101774097,1114,0.8141831238779175,0.9428274428274428,0.2956989247311828
chronos2,4,2,0.8327787110649818,273,0.6043956043956044,0.5729166666666666,0.11976630963972736
chronos2,4,3,0.8953659133556335,476,0.6197478991596639,0.913312693498452,0.03398058252427184
chronos2,4,6,0.837283591454893,116,0.3017241379310345,0.5223880597014925,0.026468155500413565
chronos2,4,7,0.7571024105418207,363,0.41597796143250687,0.6508620689655172,0.0864461045891142
chronos2,4,8,0.8945394835050008,145,0.6137931034482759,0.5816993464052288,0.05541125541125541
chronos2,4,9,0.8502242661670357,103,0.27184466019417475,0.4375,0.03007518796992481
chronos2,6,1,0.7782233933707844,1114,0.744165170556553,0.9346110484780158,0.3118279569892473
chronos2,6,2,0.7779121235791148,273,0.5641025641025641,0.5255972696245734,0.13534566699123662
chronos2,6,3,0.8534714856816513,476,0.5147058823529411,0.875,0.04247572815533981
chronos2,6,6,0.7923832748638088,116,0.16379310344827586,0.3877551020408163,0.02481389578163772
chronos2,6,7,0.7444367023293966,363,0.3278236914600551,0.6230366492146597,0.0768409818569904
chronos2,6,8,0.8437856396477086,145,0.46206896551724136,0.44666666666666666,0.07186147186147186
chronos2,6,9,0.8097184709346181,103,0.20388349514563106,0.3442622950819672,0.03341687552213868
chronos2,8,1,0.7324617285380591,1114,0.6912028725314183,0.9221556886227545,0.34946236559139787
chronos2,8,2,0.7409931840311588,273,0.5347985347985348,0.4694533762057878,0.16066212268743915
chronos2,8,3,0.8057117871420413,476,0.42857142857142855,0.85,0.043689320388349516
chronos2,8,6,0.7322452297424489,116,0.06896551724137931,0.23529411764705882,0.021505376344086023
chronos2,8,7,0.7249883133263361,363,0.27823691460055094,0.5804597701149425,0.07790821771611527
chronos2,8,8,0.7128466935363487,145,0.2482758620689655,0.27906976744186046,0.08051948051948052
chronos2,8,9,0.7841286063054075,103,0.18446601941747573,0.3392857142857143,0.030910609857978277
chronos2,10,1,0.7119698461419663,1114,0.6436265709156194,0.9239690721649485,0.3172043010752688
chronos2,10,2,0.706735004690214,273,0.5164835164835165,0.4259818731117825,0.18500486854917234
chronos2,10,3,0.7693945296565228,476,0.3382352941176471,0.817258883248731,0.043689320388349516
chronos2,10,6,0.661126322694732,116,0.02586206896551724,0.125,0.017369727047146403
chronos2,10,7,0.7081095225075045,363,0.1763085399449036,0.512,0.06510138740661686
chronos2,10,8,0.6381191222570533,145,0.15862068965517243,0.18699186991869918,0.08658008658008658
chronos2,10,9,0.7739251040221914,103,0.13592233009708737,0.24561403508771928,0.03592314118629908
chronos2,12,1,0.679784174050694,1114,0.5897666068222621,0.915041782729805,0.3279569892473118
chronos2,12,2,0.6892046609670758,273,0.5128205128205128,0.3867403314917127,0.21616358325219084
chronos2,12,3,0.7403397038427021,476,0.2773109243697479,0.7674418604651163,0.04854368932038835
chronos2,12,6,0.6301517355466187,116,0.034482758620689655,0.2222222222222222,0.011579818031430935
chronos2,12,7,0.6990012671588299,363,0.1046831955922865,0.4318181818181818,0.05336179295624333
chronos2,12,8,0.5722764591730108,145,0.13793103448275862,0.16260162601626016,0.08917748917748917
chronos2,12,9,0.7726841375282867,103,0.1262135922330097,0.21311475409836064,0.040100250626566414
chronos2_climate,1,1,0.9016524777513948,1114,0.9039497307001796,0.9464285714285714,0.3064516129032258
chronos2_climate,1,2,0.9088101123154677,273,0.6923076923076923,0.7590361445783133,0.05842259006815969
chronos2_climate,1,3,0.9448835359386473,476,0.7710084033613446,0.9314720812182741,0.032766990291262135
chronos2_climate,1,6,0.8638016599640627,116,0.3103448275862069,0.6206896551724138,0.018196856906534328
chronos2_climate,1,7,0.8836477710058771,363,0.6143250688705234,0.7824561403508772,0.06616862326574173
chronos2_climate,1,8,0.923982683982684,145,0.6344827586206897,0.6715328467153284,0.03896103896103896
chronos2_climate,1,9,0.9169201320453236,103,0.4563106796116505,0.7833333333333333,0.01086048454469507
chronos2_climate,2,1,0.886691376614351,1114,0.8788150807899462,0.9514091350826045,0.26881720430107525
chronos2_climate,2,2,0.8917505733474574,273,0.6703296703296703,0.7120622568093385,0.07205452775073028
chronos2_climate,2,3,0.9399348331565636,476,0.7205882352941176,0.9397260273972603,0.02669902912621359
chronos2_climate,2,6,0.8670887881121474,116,0.3275862068965517,0.6333333333333333,0.018196856906534328
chronos2_climate,2,7,0.8341021547580197,363,0.5426997245179064,0.7576923076923077,0.0672358591248666
chronos2_climate,2,8,0.9133900582176444,145,0.6206896551724138,0.6428571428571429,0.04329004329004329
chronos2_climate,2,9,0.8948260619185504,103,0.34951456310679613,0.72,0.011695906432748537
chronos2_climate,3,1,0.8577006235400861,1114,0.8339317773788151,0.9441056910569106,0.2956989247311828
chronos2_climate,3,2,0.8718234054163947,273,0.63003663003663,0.671875,0.08179162609542356
chronos2_climate,3,3,0.9240357550787305,476,0.6701680672268907,0.9193083573487032,0.03398058252427184
chronos2_climate,3,6,0.8467813239782094,116,0.29310344827586204,0.5964912280701754,0.01902398676592225
chronos2_climate,3,7,0.7920771702667502,363,0.4462809917355372,0.7012987012987013,0.0736392742796158
chronos2_climate,3,8,0.9132049559635766,145,0.6137931034482759,0.6095890410958904,0.04935064935064935
chronos2_climate,3,9,0.8708664866048617,103,0.27184466019417475,0.6086956521739131,0.015037593984962405
chronos2_climate,4,1,0.8336180768711029,1114,0.7890484739676841,0.947198275862069,0.26344086021505375
chronos2_climate,4,2,0.848161899768521,273,0.5897435897435898,0.6216216216216216,0.09542356377799416
chronos2_climate,4,3,0.9090876641918904,476,0.6302521008403361,0.9287925696594427,0.027912621359223302
chronos2_climate,4,6,0.8304882918342318,116,0.23275862068965517,0.5094339622641509,0.021505376344086023
chronos2_climate,4,7,0.7583284087601542,363,0.3774104683195592,0.6586538461538461,0.07577374599786553
chronos2_climate,4,8,0.8958889386475594,145,0.5586206896551724,0.5869565217391305,0.04935064935064935
chronos2_climate,4,9,0.8629340341144123,103,0.30097087378640774,0.5961538461538461,0.017543859649122806
chronos2_climate,6,1,0.7830254242196096,1114,0.7019748653500898,0.9399038461538461,0.26881720430107525
chronos2_climate,6,2,0.8020551340901877,273,0.5457875457875457,0.5889328063241107,0.10126582278481013
chronos2_climate,6,3,0.8722235253324631,476,0.5084033613445378,0.9132075471698113,0.027912621359223302
chronos2_climate,6,6,0.7878483214968198,116,0.12931034482758622,0.5357142857142857,0.010752688172043012
chronos2_climate,6,7,0.7473973263242691,363,0.26721763085399447,0.6217948717948718,0.06296691568836713
chronos2_climate,6,8,0.8519122257053292,145,0.46206896551724136,0.475177304964539,0.06406926406926407
chronos2_climate,6,9,0.8193055454169405,103,0.2524271844660194,0.43333333333333335,0.028404344193817876
chronos2_climate,8,1,0.7317233258045212,1114,0.6166965888689407,0.9296346414073072,0.27956989247311825
chronos2_climate,8,2,0.7681892920451829,273,0.5201465201465202,0.5378787878787878,0.11879259980525804
chronos2_climate,8,3,0.8314700273313209,476,0.4117647058823529,0.8596491228070176,0.038834951456310676
chronos2_climate,8,6,0.7381492256353213,116,0.034482758620689655,0.2857142857142857,0.008271298593879239
chronos2_climate,8,7,0.7319356365635593,363,0.2066115702479339,0.5725190839694656,0.05976520811099253
chronos2_climate,8,8,0.7395551574861919,145,0.2827586206896552,0.3474576271186441,0.06666666666666667
chronos2_climate,8,9,0.802556553195286,103,0.18446601941747573,0.35185185185185186,0.029239766081871343
chronos2_climate,10,1,0.7106233470396325,1114,0.559245960502693,0.9270833333333334,0.26344086021505375
chronos2_climate,10,2,0.7358927991839385,273,0.4945054945054945,0.5113636363636364,0.12560856864654332
chronos2_climate,10,3,0.798370319001387,476,0.32563025210084034,0.856353591160221,0.03155339805825243
chronos2_climate,10,6,0.6812056130743561,116,0.008620689655172414,0.25,0.0024813895781637717
chronos2_climate,10,7,0.7218601068411876,363,0.12396694214876033,0.5421686746987951,0.04055496264674493
chronos2_climate,10,8,0.6941692789968652,145,0.2206896551724138,0.2962962962962963,0.0658008658008658
chronos2_climate,10,9,0.7837068399153223,103,0.1553398058252427,0.3902439024390244,0.020885547201336674
chronos2_climate,12,1,0.6761211173529469,1114,0.49281867145421904,0.9089403973509934,0.2956989247311828
chronos2_climate,12,2,0.7154270591466307,273,0.4725274725274725,0.4980694980694981,0.12658227848101267
chronos2_climate,12,3,0.7703557151015746,476,0.24579831932773108,0.8357142857142857,0.027912621359223302
chronos2_climate,12,6,0.6603562362739226,116,0.008620689655172414,1.0,0.0
chronos2_climate,12,7,0.7110583863276209,363,0.07988980716253444,0.5,0.030949839914621132
chronos2_climate,12,8,0.6555605314226004,145,0.2,0.2871287128712871,0.06233766233766234
chronos2_climate,12,9,0.7669497368015508,103,0.11650485436893204,0.27906976744186046,0.025898078529657476
chronos2_ft,1,1,0.9029314105905292,1114,0.8411131059245961,0.9639917695473251,0.1881720430107527
chronos2_ft,1,2,0.9026183164449961,273,0.575091575091575,0.8263157894736842,0.03213242453748783
chronos2_ft,1,3,0.9441518112099209,476,0.7521008403361344,0.9496021220159151,0.023058252427184466
chronos2_ft,1,6,0.8708893072074385,116,0.31896551724137934,0.6379310344827587,0.017369727047146403
chronos2_ft,1,7,0.886026266350318,363,0.5647382920110193,0.7824427480916031,0.060832443970117396
chronos2_ft,1,8,0.9208240035826243,145,0.5241379310344828,0.6972477064220184,0.02857142857142857
chronos2_ft,1,9,0.9128403533104607,103,0.34951456310679613,0.8181818181818182,0.006683375104427736
chronos2_ft,2,1,0.8827435763788344,1114,0.796229802513465,0.9589189189189189,0.20430107526881722
chronos2_ft,2,2,0.8851414732622133,273,0.5494505494505495,0.78125,0.04089581304771178
chronos2_ft,2,3,0.9389481520763645,476,0.7100840336134454,0.9388888888888889,0.02669902912621359
chronos2_ft,2,6,0.875459912723539,116,0.3275862068965517,0.5846153846153846,0.022332506203473945
chronos2_ft,2,7,0.840925996160303,363,0.4903581267217631,0.777292576419214,0.054429028815368194
chronos2_ft,2,8,0.909837289147634,145,0.5448275862068965,0.6929824561403509,0.030303030303030304
chronos2_ft,2,9,0.8933823231217202,103,0.27184466019417475,0.7,0.010025062656641603
chronos2_ft,3,1,0.8634582343970194,1114,0.751346499102334,0.9631760644418872,0.17204301075268819
chronos2_ft,3,2,0.8627354469613476,273,0.5201465201465202,0.743455497382199,0.04771178188899708
chronos2_ft,3,3,0.9207672146528514,476,0.6722689075630253,0.9384164222873901,0.025485436893203883
chronos2_ft,3,6,0.854139927554833,116,0.3448275862068966,0.5405405405405406,0.028122415219189414
chronos2_ft,3,7,0.8016587726493616,363,0.4297520661157025,0.7123287671232876,0.0672358591248666
chronos2_ft,3,8,0.9141782355575458,145,0.5655172413793104,0.7068965517241379,0.02943722943722944
chronos2_ft,3,9,0.8719127916879578,103,0.23300970873786409,0.5454545454545454,0.01670843776106934
chronos2_ft,4,1,0.8320978359491129,1114,0.7091561938958707,0.9575757575757575,0.1881720430107527
chronos2_ft,4,2,0.8367163508351434,273,0.4945054945054945,0.703125,0.055501460564751706
chronos2_ft,4,3,0.9018061107938321,476,0.634453781512605,0.9041916167664671,0.038834951456310676
chronos2_ft,4,6,0.8532058412481104,116,0.33620689655172414,0.5342465753424658,0.028122415219189414
chronos2_ft,4,7,0.7707412732153199,363,0.38292011019283745,0.6984924623115578,0.064034151547492
chronos2_ft,4,8,0.9048096730855352,145,0.5379310344827586,0.6782608695652174,0.032034632034632034
chronos2_ft,4,9,0.8630394757119335,103,0.22330097087378642,0.5,0.01921470342522974
chronos2_ft,6,1,0.787219358699639,1114,0.6373429084380611,0.9517426273458445,0.1935483870967742
chronos2_ft,6,2,0.7901423471043724,273,0.45787545787545786,0.6313131313131313,0.07108081791626096
chronos2_ft,6,3,0.8591442645019173,476,0.5483193277310925,0.87,0.04733009708737864
chronos2_ft,6,6,0.8226519494595134,116,0.25862068965517243,0.4411764705882353,0.03143093465674111
chronos2_ft,6,7,0.7645789416430728,363,0.29476584022038566,0.6524390243902439,0.060832443970117396
chronos2_ft,6,8,0.8602119719361099,145,0.4206896551724138,0.5398230088495575,0.045021645021645025
chronos2_ft,6,9,0.8230527775750055,103,0.18446601941747573,0.3877551020408163,0.02506265664160401
chronos2_ft,8,1,0.747557962201502,1114,0.5646319569120287,0.9430284857571214,0.20430107526881722
chronos2_ft,8,2,0.7645655221117733,273,0.4468864468864469,0.6192893401015228,0.0730282375851996
chronos2_ft,8,3,0.813198580403035,476,0.46638655462184875,0.8131868131868132,0.061893203883495146
chronos2_ft,8,6,0.7701434642480248,116,0.16379310344827586,0.3584905660377358,0.028122415219189414
chronos2_ft,8,7,0.7540859257168562,363,0.25895316804407714,0.6143790849673203,0.06296691568836713
chronos2_ft,8,8,0.7377757874309598,145,0.2482758620689655,0.3870967741935484,0.04935064935064935
chronos2_ft,8,9,0.8041462880502226,103,0.18446601941747573,0.4523809523809524,0.01921470342522974
chronos2_ft,10,1,0.7243489507924558,1114,0.507181328545781,0.940099833610649,0.1935483870967742
chronos2_ft,10,2,0.7264909708921393,273,0.43223443223443225,0.592964824120603,0.07887049659201557
chronos2_ft,10,3,0.7781650281471812,476,0.39915966386554624,0.7883817427385892,0.061893203883495146
chronos2_ft,10,6,0.717142979378797,116,0.11206896551724138,0.2765957446808511,0.028122415219189414
chronos2_ft,10,7,0.7355812907379804,363,0.18732782369146006,0.5811965811965812,0.052294557097118465
chronos2_ft,10,8,0.6830392595909838,145,0.18620689655172415,0.313953488372093,0.05108225108225108
chronos2_ft,10,9,0.8023781135687115,103,0.1650485436893204,0.3541666666666667,0.025898078529657476
chronos2_ft,12,1,0.7023126966660875,1114,0.4533213644524237,0.933456561922366,0.1935483870967742
chronos2_ft,12,2,0.7119566574289067,273,0.3516483516483517,0.5303867403314917,0.0827653359298929
chronos2_ft,12,3,0.7463643224280003,476,0.3130252100840336,0.7883597883597884,0.04854368932038835
chronos2_ft,12,6,0.6997447306123613,116,0.05172413793103448,0.2,0.019851116625310174
chronos2_ft,12,7,0.7189494635890289,363,0.14049586776859505,0.5543478260869565,0.04375667022411953
chronos2_ft,12,8,0.6282549634273772,145,0.12413793103448276,0.2571428571428571,0.045021645021645025
chronos2_ft,12,9,0.7915176290240163,103,0.1650485436893204,0.3269230769230769,0.029239766081871343
chronos2_joint,1,1,0.9054554931371981,1114,0.9201077199281867,0.9377859103385179,0.3655913978494624
chronos2_joint,1,2,0.9104151285261315,273,0.6996336996336996,0.74609375,0.06329113924050633
chronos2_joint,1,3,0.9486976829566778,476,0.7668067226890757,0.9335038363171355,0.03155339805825243
chronos2_joint,1,6,0.8691494823307949,116,0.31896551724137934,0.5873015873015873,0.021505376344086023
chronos2_joint,1,7,0.8917064307575611,363,0.6418732782369146,0.758957654723127,0.07897545357524013
chronos2_joint,1,8,0.9282161516644275,145,0.6689655172413793,0.6879432624113475,0.0380952380952381
chronos2_joint,1,9,0.9123050344307371,103,0.3883495145631068,0.7407407407407407,0.011695906432748537
chronos2_joint,2,1,0.8900986467442713,1114,0.8994614003590664,0.9390815370196813,0.34946236559139787
chronos2_joint,2,2,0.8915829383210103,273,0.6776556776556777,0.6826568265682657,0.08373904576436222
chronos2_joint,2,3,0.9439835400179489,476,0.7226890756302521,0.9476584022038568,0.023058252427184466
chronos2_joint,2,6,0.8754527822937167,116,0.33620689655172414,0.6,0.021505376344086023
chronos2_joint,2,7,0.8435308748688005,363,0.5537190082644629,0.7472118959107806,0.07257203842049093
chronos2_joint,2,8,0.9152112255560532,145,0.6827586206896552,0.6346153846153846,0.04935064935064935
chronos2_joint,2,9,0.8870720490546755,103,0.2815533980582524,0.6744186046511628,0.011695906432748537
chronos2_joint,3,1,0.8638539796529024,1114,0.8707360861759426,0.9454191033138402,0.3010752688172043
chronos2_joint,3,2,0.8643440298747017,273,0.6336996336996337,0.6313868613138686,0.09834469328140215
chronos2_joint,3,3,0.9280615158684833,476,0.6722689075630253,0.9384164222873901,0.025485436893203883
chronos2_joint,3,6,0.8581543595447934,116,0.33620689655172414,0.6190476190476191,0.019851116625310174
chronos2_joint,3,7,0.8046605572558808,363,0.46831955922865015,0.7024793388429752,0.0768409818569904
chronos2_joint,3,8,0.9111867442901925,145,0.7103448275862069,0.5919540229885057,0.06147186147186147
chronos2_joint,3,9,0.8630151430355825,103,0.2524271844660194,0.5652173913043478,0.01670843776106934
chronos2_joint,4,1,0.8370929132642227,1114,0.8240574506283662,0.945417095777549,0.2849462365591398
chronos2_joint,4,2,0.8336382864133595,273,0.5860805860805861,0.5755395683453237,0.11489776046738072
chronos2_joint,4,3,0.9122478481683935,476,0.6176470588235294,0.930379746835443,0.02669902912621359
chronos2_joint,4,6,0.8444282821368472,116,0.27586206896551724,0.5423728813559322,0.022332506203473945
chronos2_joint,4,7,0.7727640232733859,363,0.39118457300275483,0.6698113207547169,0.07470651013874066
chronos2_joint,4,8,0.8956142707866845,145,0.7241379310344828,0.5706521739130435,0.0683982683982684
chronos2_joint,4,9,0.8485939768515139,103,0.2621359223300971,0.5869565217391305,0.015873015873015872
chronos2_joint,6,1,0.7862734310148453,1114,0.7567324955116697,0.9387527839643652,0.2956989247311828
chronos2_joint,6,2,0.7783543947127199,273,0.5567765567765568,0.5241379310344828,0.13437195715676728
chronos2_joint,6,3,0.8701201354328139,476,0.5021008403361344,0.9018867924528302,0.03155339805825243
chronos2_joint,6,6,0.8072288297538576,116,0.15517241379310345,0.4186046511627907,0.0206782464846981
chronos2_joint,6,7,0.7682216557738047,363,0.26721763085399447,0.6024844720496895,0.06830309498399147
chronos2_joint,6,8,0.8558351992834752,145,0.6413793103448275,0.4793814432989691,0.08744588744588745
chronos2_joint,6,9,0.8234339895045056,103,0.18446601941747573,0.4634146341463415,0.018379281537176273
chronos2_joint,8,1,0.73793942201888,1114,0.6858168761220825,0.9294403892944039,0.3118279569892473
chronos2_joint,8,2,0.7400801081424255,273,0.5274725274725275,0.46153846153846156,0.16358325219084713
chronos2_joint,8,3,0.8188739087868157,476,0.3907563025210084,0.8691588785046729,0.03398058252427184
chronos2_joint,8,6,0.7352043581187074,116,0.0603448275862069,0.23333333333333334,0.01902398676592225
chronos2_joint,8,7,0.7680775936330414,363,0.22589531680440772,0.6165413533834586,0.054429028815368194
chronos2_joint,8,8,0.7264427526496492,145,0.38620689655172413,0.3236994219653179,0.1012987012987013
chronos2_joint,8,9,0.8190622186534297,103,0.17475728155339806,0.4864864864864865,0.015873015873015872
chronos2_joint,10,1,0.7121194571533368,1114,0.6274685816876122,0.9282868525896414,0.2903225806451613
chronos2_joint,10,2,0.7052869233979263,273,0.5274725274725275,0.42729970326409494,0.18792599805258034
chronos2_joint,10,3,0.7690987802888145,476,0.29411764705882354,0.8333333333333334,0.03398058252427184
chronos2_joint,10,6,0.6637217991500528,116,0.017241379310344827,0.08333333333333333,0.018196856906534328
chronos2_joint,10,7,0.7678629704437407,363,0.162534435261708,0.6082474226804123,0.04055496264674493
chronos2_joint,10,8,0.6369249141662935,145,0.2620689655172414,0.20212765957446807,0.12987012987012986
chronos2_joint,10,9,0.8007964896058918,103,0.11650485436893204,0.3333333333333333,0.020050125313283207
chronos2_joint,12,1,0.6777523599930503,1114,0.5673249551166966,0.9172714078374455,0.3064516129032258
chronos2_joint,12,2,0.6843075781732062,273,0.4908424908424908,0.3732590529247911,0.21908471275559882
chronos2_joint,12,3,0.7221281716570124,476,0.21428571428571427,0.816,0.027912621359223302
chronos2_joint,12,6,0.6474644191551867,116,0.0603448275862069,0.2692307692307692,0.015715467328370553
chronos2_joint,12,7,0.7581167256145427,363,0.09090909090909091,0.6346153846153846,0.020277481323372464
chronos2_joint,12,8,0.5789461113599045,145,0.1724137931034483,0.11904761904761904,0.16017316017316016
chronos2_joint,12,9,0.7899846704138989,103,0.08737864077669903,0.32142857142857145,0.015873015873015872
chronos2_joint_ft,1,1,0.9028541920040154,1114,0.8985637342908438,0.943449575871819,0.3225806451612903
chronos2_joint_ft,1,2,0.9105542299310556,273,0.6410256410256411,0.8027522935779816,0.04186952288218111
chronos2_joint_ft,1,3,0.9489373419270621,476,0.75,0.941952506596306,0.02669902912621359
chronos2_joint_ft,1,6,0.8633025298765009,116,0.3275862068965517,0.6129032258064516,0.019851116625310174
chronos2_joint_ft,1,7,0.889671920524739,363,0.6253443526170799,0.7747440273037542,0.07043756670224119
chronos2_joint_ft,1,8,0.934414091655471,145,0.6482758620689655,0.706766917293233,0.033766233766233764
chronos2_joint_ft,1,9,0.9127186899287053,103,0.3883495145631068,0.8,0.00835421888053467
chronos2_joint_ft,2,1,0.8914161888766626,1114,0.874326750448833,0.9428848015488868,0.3172043010752688
chronos2_joint_ft,2,2,0.9004889949388489,273,0.6227106227106227,0.7657657657657657,0.05063291139240506
chronos2_joint_ft,2,3,0.9443022354572898,476,0.7037815126050421,0.9436619718309859,0.024271844660194174
chronos2_joint_ft,2,6,0.8735418271013377,116,0.3275862068965517,0.6031746031746031,0.0206782464846981
chronos2_joint_ft,2,7,0.843201589975627,363,0.5316804407713499,0.7751004016064257,0.05976520811099253
chronos2_joint_ft,2,8,0.9190864308105687,145,0.6482758620689655,0.6573426573426573,0.04242424242424243
chronos2_joint_ft,2,9,0.8878831382663779,103,0.2815533980582524,0.6744186046511628,0.011695906432748537
chronos2_joint_ft,3,1,0.8618897318584583,1114,0.8447037701974865,0.9466800804828974,0.2849462365591398
chronos2_joint_ft,3,2,0.8747588017305642,273,0.5970695970695971,0.7149122807017544,0.06329113924050633
chronos2_joint_ft,3,3,0.9297085338989964,476,0.6680672268907563,0.9352941176470588,0.02669902912621359
chronos2_joint_ft,3,6,0.8560366218875674,116,0.3103448275862069,0.5806451612903226,0.021505376344086023
chronos2_joint_ft,3,7,0.8092676057166209,363,0.4462809917355372,0.7136563876651982,0.06937033084311633
chronos2_joint_ft,3,8,0.917235408269891,145,0.6896551724137931,0.6289308176100629,0.05108225108225108
chronos2_joint_ft,3,9,0.864191222392551,103,0.2524271844660194,0.6190476190476191,0.013366750208855471
chronos2_joint_ft,4,1,0.8358815466882878,1114,0.8025134649910234,0.946031746031746,0.27419354838709675
chronos2_joint_ft,4,2,0.850455289598425,273,0.5860805860805861,0.6557377049180327,0.08179162609542356
chronos2_joint_ft,4,3,0.9120783021946642,476,0.634453781512605,0.9263803680981595,0.02912621359223301
chronos2_joint_ft,4,6,0.8447063688999172,116,0.2672413793103448,0.47692307692307695,0.028122415219189414
chronos2_joint_ft,4,7,0.7758922297585342,363,0.371900826446281,0.6716417910447762,0.07043756670224119
chronos2_joint_ft,4,8,0.9009105836692044,145,0.696551724137931,0.6196319018404908,0.05367965367965368
chronos2_joint_ft,4,9,0.8550259143003139,103,0.21359223300970873,0.5641025641025641,0.014202172096908938
chronos2_joint_ft,6,1,0.7798015482326596,1114,0.7262118491921006,0.9385150812064965,0.2849462365591398
chronos2_joint_ft,6,2,0.7960809070838282,273,0.5494505494505495,0.5976095617529881,0.09834469328140215
chronos2_joint_ft,6,3,0.8725830137880395,476,0.5441176470588235,0.886986301369863,0.04004854368932039
chronos2_joint_ft,6,6,0.807998916174667,116,0.23275862068965517,0.46551724137931033,0.02564102564102564
chronos2_joint_ft,6,7,0.7837686068014971,363,0.2699724517906336,0.6405228758169934,0.05869797225186766
chronos2_joint_ft,6,8,0.868260934467831,145,0.6137931034482759,0.5235294117647059,0.07012987012987013
chronos2_joint_ft,6,9,0.8263863542351023,103,0.18446601941747573,0.4634146341463415,0.018379281537176273
chronos2_joint_ft,8,1,0.7358689986679794,1114,0.6561938958707361,0.928843710292249,0.3010752688172043
chronos2_joint_ft,8,2,0.7602747787752656,273,0.5201465201465202,0.5201465201465202,0.12755598831548198
chronos2_joint_ft,8,3,0.8253013584074407,476,0.43907563025210083,0.842741935483871,0.04733009708737864
chronos2_joint_ft,8,6,0.7474686974130801,116,0.13793103448275862,0.3404255319148936,0.02564102564102564
chronos2_joint_ft,8,7,0.7819281394521522,363,0.2231404958677686,0.6230769230769231,0.052294557097118465
chronos2_joint_ft,8,8,0.7572533213912525,145,0.36551724137931035,0.36551724137931035,0.07965367965367966
chronos2_joint_ft,8,9,0.8289493961440819,103,0.1650485436893204,0.4857142857142857,0.015037593984962405
chronos2_joint_ft,10,1,0.7033696260689948,1114,0.6068222621184919,0.9272976680384087,0.2849462365591398
chronos2_joint_ft,10,2,0.7326256995195651,273,0.5128205128205128,0.4794520547945205,0.14800389483933787
chronos2_joint_ft,10,3,0.7814208207554867,476,0.36134453781512604,0.8113207547169812,0.04854368932038835
chronos2_joint_ft,10,6,0.6988534268845726,116,0.08620689655172414,0.22727272727272727,0.028122415219189414
chronos2_joint_ft,10,7,0.7812578094910491,363,0.18457300275482094,0.638095238095238,0.04055496264674493
chronos2_joint_ft,10,8,0.6803642334676817,145,0.23448275862068965,0.2446043165467626,0.09090909090909091
chronos2_joint_ft,10,9,0.80325408991735,103,0.0970873786407767,0.3225806451612903,0.017543859649122806
chronos2_joint_ft,12,1,0.6690363120403081,1114,0.5601436265709157,0.9149560117302052,0.3118279569892473
chronos2_joint_ft,12,2,0.7114252187280425,273,0.5018315018315018,0.4308176100628931,0.1762414800389484
chronos2_joint_ft,12,3,0.7409949416659868,476,0.2605042016806723,0.8051948051948052,0.03640776699029126
chronos2_joint_ft,12,6,0.6817261344513847,116,0.09482758620689655,0.3055555555555556,0.0206782464846981
chronos2_joint_ft,12,7,0.7666075717885168,363,0.12672176308539945,0.6388888888888888,0.02774813233724653
chronos2_joint_ft,12,8,0.6177817584714136,145,0.14482758620689656,0.16535433070866143,0.09177489177489177
chronos2_joint_ft,12,9,0.799506857759285,103,0.07766990291262135,0.26666666666666666,0.018379281537176273
chronos_bolt,1,1,0.8992828323777533,1114,0.8940754039497307,0.9449715370018975,0.3118279569892473
chronos_bolt,1,2,0.8960127830624423,273,0.684981684981685,0.751004016064257,0.06037000973709834
chronos_bolt,1,3,0.9333748062331729,476,0.7415966386554622,0.9240837696335078,0.03519417475728155
chronos_bolt,1,6,0.8265451641424945,116,0.3103448275862069,0.5901639344262295,0.0206782464846981
chronos_bolt,1,7,0.8718023349826979,363,0.5674931129476584,0.8046875,0.05336179295624333
chronos_bolt,1,8,0.9133661740558292,145,0.6620689655172414,0.631578947368421,0.048484848484848485
chronos_bolt,1,9,0.9072762813181822,103,0.34951456310679613,0.7659574468085106,0.009189640768588136
chronos_bolt,2,1,0.88059593444142,1114,0.8572710951526032,0.9502487562189055,0.26881720430107525
chronos_bolt,2,2,0.871698570822232,273,0.63003663003663,0.7166666666666667,0.06621226874391431
chronos_bolt,2,3,0.9205326548094966,476,0.6743697478991597,0.9250720461095101,0.03155339805825243
chronos_bolt,2,6,0.8352942015344685,116,0.2672413793103448,0.5740740740740741,0.01902398676592225
chronos_bolt,2,7,0.8175555888760507,363,0.46005509641873277,0.7660550458715596,0.054429028815368194
chronos_bolt,2,8,0.8921450962830273,145,0.6344827586206897,0.6013071895424836,0.05281385281385281
chronos_bolt,2,9,0.8759114615016506,103,0.2815533980582524,0.7073170731707317,0.010025062656641603
chronos_bolt,3,1,0.8480531263875215,1114,0.8123877917414721,0.9476439790575916,0.26881720430107525
chronos_bolt,3,2,0.841260330062667,273,0.5714285714285714,0.6638297872340425,0.07692307692307693
chronos_bolt,3,3,0.8973061311903402,476,0.6050420168067226,0.9113924050632911,0.03398058252427184
chronos_bolt,3,6,0.8118707395681811,116,0.22413793103448276,0.5909090909090909,0.01488833746898263
chronos_bolt,3,7,0.7737989186519312,363,0.3526170798898072,0.7071823204419889,0.05656350053361793
chronos_bolt,3,8,0.8772473503507986,145,0.5448275862068965,0.5302013422818792,0.06060606060606061
chronos_bolt,3,9,0.8369305139872335,103,0.22330097087378642,0.6052631578947368,0.012531328320802004
chronos_bolt,4,1,0.8233817879963707,1114,0.7755834829443446,0.9463307776560789,0.26344086021505375
chronos_bolt,4,2,0.7980283267527669,273,0.5201465201465202,0.6120689655172413,0.08763388510223953
chronos_bolt,4,3,0.8748903687688667,476,0.5462184873949579,0.896551724137931,0.03640776699029126
chronos_bolt,4,6,0.7854418014317903,116,0.13793103448275862,0.43243243243243246,0.017369727047146403
chronos_bolt,4,7,0.7364456635825608,363,0.27548209366391185,0.6944444444444444,0.04695837780149413
chronos_bolt,4,8,0.8485863561725631,145,0.5241379310344828,0.5390070921985816,0.05627705627705628
chronos_bolt,4,9,0.8167262817237267,103,0.18446601941747573,0.7307692307692307,0.005847953216374269
chronos_bolt,6,1,0.7731269666608753,1114,0.6831238779174147,0.9348894348894349,0.2849462365591398
chronos_bolt,6,2,0.739348934090901,273,0.47619047619047616,0.5909090909090909,0.08763388510223953
chronos_bolt,6,3,0.8252860610263523,476,0.44537815126050423,0.8833333333333333,0.03398058252427184
chronos_bolt,6,6,0.7297994923133967,116,0.05172413793103448,0.4,0.007444168734491315
chronos_bolt,6,7,0.7204341856519988,363,0.1790633608815427,0.6632653061224489,0.035218783351120594
chronos_bolt,6,8,0.7604418569935811,145,0.296551724137931,0.40186915887850466,0.05541125541125541
chronos_bolt,6,9,0.7640054829630711,103,0.10679611650485436,0.6470588235294118,0.005012531328320802
chronos_bolt,8,1,0.7277465685990618,1114,0.6149012567324955,0.9269282814614344,0.2903225806451613
chronos_bolt,8,2,0.6955212914317102,273,0.4542124542124542,0.5688073394495413,0.09152872444011685
chronos_bolt,8,3,0.7799012809007098,476,0.33403361344537813,0.8502673796791443,0.03398058252427184
chronos_bolt,8,6,0.6579960640027381,116,0.0,0.0,0.0024813895781637717
chronos_bolt,8,7,0.7078919592745149,363,0.14049586776859505,0.6710526315789473,0.026680896478121666
chronos_bolt,8,8,0.6087595163457232,145,0.13793103448275862,0.25,0.05194805194805195
chronos_bolt,8,9,0.7316673560924967,103,0.08737864077669903,0.5294117647058824,0.006683375104427736
chronos_bolt,10,1,0.7055703557846373,1114,0.5511669658886894,0.9233082706766917,0.27419354838709675
chronos_bolt,10,2,0.6566049983771503,273,0.42124542124542125,0.515695067264574,0.10516066212268745
chronos_bolt,10,3,0.746032879171086,476,0.26260504201680673,0.8169934640522876,0.03398058252427184
chronos_bolt,10,6,0.5938364564615956,116,0.0,0.0,0.0008271298593879239
chronos_bolt,10,7,0.6934357644554598,363,0.0881542699724518,0.64,0.0192102454642476
chronos_bolt,10,8,0.5190326914464846,145,0.06896551724137931,0.15873015873015872,0.04588744588744589
chronos_bolt,10,9,0.7139288350325652,103,0.07766990291262135,0.4444444444444444,0.00835421888053467
chronos_bolt,12,1,0.6782398023204185,1114,0.49730700179533216,0.915702479338843,0.27419354838709675
chronos_bolt,12,2,0.6488010528906342,273,0.3882783882783883,0.47533632286995514,0.11392405063291139
chronos_bolt,12,3,0.7276632740474831,476,0.21008403361344538,0.78125,0.03398058252427184
chronos_bolt,12,6,0.5743775134765123,116,0.0,,0.0
chronos_bolt,12,7,0.6845156719028844,363,0.03581267217630854,0.5,0.013874066168623266
chronos_bolt,12,8,0.4701537542916853,145,0.041379310344827586,0.11764705882352941,0.03896103896103896
chronos_bolt,12,9,0.7127040903228946,103,0.04854368932038835,0.2631578947368421,0.011695906432748537
climatology,1,1,0.48528020694581187,1114,0.012567324955116697,0.875,0.010752688172043012
climatology,1,2,0.5977936377157409,273,0.054945054945054944,0.6,0.009737098344693282
climatology,1,3,0.6840529901280901,476,0.052521008403361345,0.5555555555555556,0.024271844660194174
climatology,1,6,0.7511872165654145,116,0.08620689655172414,0.23255813953488372,0.02729528535980149
climatology,1,7,0.7077376069808398,363,0.013774104683195593,0.5,0.005336179295624333
climatology,1,8,0.6509598447529482,145,0.034482758620689655,0.38461538461538464,0.006926406926406926
climatology,1,9,0.6826005142305602,103,0.009708737864077669,0.09090909090909091,0.00835421888053467
climatology,2,1,0.48528020694581187,1114,0.012567324955116697,0.875,0.010752688172043012
climatology,2,2,0.5977936377157409,273,0.054945054945054944,0.6,0.009737098344693282
climatology,2,3,0.6840529901280901,476,0.052521008403361345,0.5555555555555556,0.024271844660194174
climatology,2,6,0.7511872165654145,116,0.08620689655172414,0.23255813953488372,0.02729528535980149
climatology,2,7,0.7077376069808398,363,0.013774104683195593,0.5,0.005336179295624333
climatology,2,8,0.6509598447529482,145,0.034482758620689655,0.38461538461538464,0.006926406926406926
climatology,2,9,0.6826005142305602,103,0.009708737864077669,0.09090909090909091,0.00835421888053467
climatology,3,1,0.48528020694581187,1114,0.012567324955116697,0.875,0.010752688172043012
climatology,3,2,0.5977936377157409,273,0.054945054945054944,0.6,0.009737098344693282
climatology,3,3,0.6840529901280901,476,0.052521008403361345,0.5555555555555556,0.024271844660194174
climatology,3,6,0.7511872165654145,116,0.08620689655172414,0.23255813953488372,0.02729528535980149
climatology,3,7,0.7077376069808398,363,0.013774104683195593,0.5,0.005336179295624333
climatology,3,8,0.6509598447529482,145,0.034482758620689655,0.38461538461538464,0.006926406926406926
climatology,3,9,0.6826005142305602,103,0.009708737864077669,0.09090909090909091,0.00835421888053467
climatology,4,1,0.48528020694581187,1114,0.012567324955116697,0.875,0.010752688172043012
climatology,4,2,0.5977936377157409,273,0.054945054945054944,0.6,0.009737098344693282
climatology,4,3,0.6840529901280901,476,0.052521008403361345,0.5555555555555556,0.024271844660194174
climatology,4,6,0.7511872165654145,116,0.08620689655172414,0.23255813953488372,0.02729528535980149
climatology,4,7,0.7077376069808398,363,0.013774104683195593,0.5,0.005336179295624333
climatology,4,8,0.6509598447529482,145,0.034482758620689655,0.38461538461538464,0.006926406926406926
climatology,4,9,0.6826005142305602,103,0.009708737864077669,0.09090909090909091,0.00835421888053467
climatology,6,1,0.48528020694581187,1114,0.012567324955116697,0.875,0.010752688172043012
climatology,6,2,0.5977936377157409,273,0.054945054945054944,0.6,0.009737098344693282
climatology,6,3,0.6840529901280901,476,0.052521008403361345,0.5555555555555556,0.024271844660194174
climatology,6,6,0.7511872165654145,116,0.08620689655172414,0.23255813953488372,0.02729528535980149
climatology,6,7,0.7077376069808398,363,0.013774104683195593,0.5,0.005336179295624333
climatology,6,8,0.6509598447529482,145,0.034482758620689655,0.38461538461538464,0.006926406926406926
climatology,6,9,0.6826005142305602,103,0.009708737864077669,0.09090909090909091,0.00835421888053467
climatology,8,1,0.48528020694581187,1114,0.012567324955116697,0.875,0.010752688172043012
climatology,8,2,0.5977936377157409,273,0.054945054945054944,0.6,0.009737098344693282
climatology,8,3,0.6840529901280901,476,0.052521008403361345,0.5555555555555556,0.024271844660194174
climatology,8,6,0.7511872165654145,116,0.08620689655172414,0.23255813953488372,0.02729528535980149
climatology,8,7,0.7077376069808398,363,0.013774104683195593,0.5,0.005336179295624333
climatology,8,8,0.6509598447529482,145,0.034482758620689655,0.38461538461538464,0.006926406926406926
climatology,8,9,0.6826005142305602,103,0.009708737864077669,0.09090909090909091,0.00835421888053467
climatology,10,1,0.48528020694581187,1114,0.012567324955116697,0.875,0.010752688172043012
climatology,10,2,0.5977936377157409,273,0.054945054945054944,0.6,0.009737098344693282
climatology,10,3,0.6840529901280901,476,0.052521008403361345,0.5555555555555556,0.024271844660194174
climatology,10,6,0.7511872165654145,116,0.08620689655172414,0.23255813953488372,0.02729528535980149
climatology,10,7,0.7077376069808398,363,0.013774104683195593,0.5,0.005336179295624333
climatology,10,8,0.6509598447529482,145,0.034482758620689655,0.38461538461538464,0.006926406926406926
climatology,10,9,0.6826005142305602,103,0.009708737864077669,0.09090909090909091,0.00835421888053467
climatology,12,1,0.48528020694581187,1114,0.012567324955116697,0.875,0.010752688172043012
climatology,12,2,0.5977936377157409,273,0.054945054945054944,0.6,0.009737098344693282
climatology,12,3,0.6840529901280901,476,0.052521008403361345,0.5555555555555556,0.024271844660194174
climatology,12,6,0.7511872165654145,116,0.08620689655172414,0.23255813953488372,0.02729528535980149
climatology,12,7,0.7077376069808398,363,0.013774104683195593,0.5,0.005336179295624333
climatology,12,8,0.6509598447529482,145,0.034482758620689655,0.38461538461538464,0.006926406926406926
climatology,12,9,0.6826005142305602,103,0.009708737864077669,0.09090909090909091,0.00835421888053467
ens_equal,1,1,0.9081147082102662,1114,0.900359066427289,0.9507109004739337,0.27956989247311825
ens_equal,1,2,0.9097695553391756,273,0.6446886446886447,0.775330396475771,0.04965920155793573
ens_equal,1,3,0.9489806845068124,476,0.7794117647058824,0.9464285714285714,0.025485436893203883
ens_equal,1,6,0.8657910498844871,116,0.3103448275862069,0.631578947368421,0.017369727047146403
ens_equal,1,7,0.8904716124081604,363,0.6198347107438017,0.7894736842105263,0.064034151547492
ens_equal,1,8,0.9336497984773847,145,0.6137931034482759,0.7063492063492064,0.032034632034632034
ens_equal,1,9,0.9140407653437802,103,0.4174757281553398,0.7543859649122807,0.011695906432748537
ens_equal,2,1,0.8930522576784232,1114,0.8608617594254937,0.9513888888888888,0.26344086021505375
ens_equal,2,2,0.8939940293396963,273,0.63003663003663,0.7319148936170212,0.06134371957156767
ens_equal,2,3,0.9462016602757608,476,0.7247899159663865,0.9426229508196722,0.025485436893203883
ens_equal,2,6,0.8738056530047631,116,0.31896551724137934,0.6607142857142857,0.015715467328370553
ens_equal,2,7,0.8410671182573773,363,0.5509641873278237,0.7633587786259542,0.06616862326574173
ens_equal,2,8,0.9266756232273473,145,0.6620689655172414,0.7272727272727273,0.03116883116883117
ens_equal,2,9,0.8853282072495153,103,0.33980582524271846,0.6730769230769231,0.014202172096908938
ens_equal,3,1,0.8723287195227891,1114,0.8249551166965888,0.9523316062176166,0.24731182795698925
ens_equal,3,2,0.8658919788423196,273,0.608058608058608,0.680327868852459,0.0759493670886076
ens_equal,3,3,0.9325054050746512,476,0.6638655462184874,0.948948948948949,0.02063106796116505
ens_equal,3,6,0.8574627078520293,116,0.3017241379310345,0.603448275862069,0.01902398676592225
ens_equal,3,7,0.8022232610376591,363,0.465564738292011,0.7041666666666667,0.07577374599786553
ens_equal,3,8,0.9309688013136289,145,0.6482758620689655,0.6962962962962963,0.0354978354978355
ens_equal,3,9,0.8666244900276582,103,0.23300970873786409,0.5454545454545454,0.01670843776106934
ens_equal,4,1,0.8446748132275439,1114,0.7531418312387792,0.9577625570776256,0.1989247311827957
ens_equal,4,2,0.8291406743208106,273,0.5567765567765568,0.5868725868725869,0.10418695228821812
ens_equal,4,3,0.9203490862364363,476,0.6365546218487395,0.9528301886792453,0.01820388349514563
ens_equal,4,6,0.8511094948803514,116,0.23275862068965517,0.54,0.01902398676592225
ens_equal,4,7,0.7610303089103904,363,0.4022038567493113,0.6666666666666666,0.07790821771611527
ens_equal,4,8,0.9166084490222421,145,0.6206896551724138,0.6474820143884892,0.04242424242424243
ens_equal,4,9,0.8631692499858059,103,0.24271844660194175,0.5681818181818182,0.015873015873015872
ens_equal,6,1,0.7829723364413814,1114,0.6211849192100538,0.9492455418381345,0.1989247311827957
ens_equal,6,2,0.7720841313830603,273,0.5494505494505495,0.5357142857142857,0.12658227848101267
ens_equal,6,3,0.8845889083788855,476,0.5336134453781513,0.9304029304029304,0.023058252427184466
ens_equal,6,6,0.8207695159864237,116,0.1206896551724138,0.4,0.017369727047146403
ens_equal,6,7,0.7449894305429379,363,0.3415977961432507,0.6526315789473685,0.07043756670224119
ens_equal,6,8,0.8922943722943723,145,0.5379310344827586,0.6,0.045021645021645025
ens_equal,6,9,0.8225174586952819,103,0.1941747572815534,0.43478260869565216,0.02172096908939014
ens_equal,8,1,0.7194069612555742,1114,0.5323159784560144,0.9368088467614534,0.21505376344086022
ens_equal,8,2,0.7478555200074187,273,0.5091575091575091,0.5072992700729927,0.1314508276533593
ens_equal,8,3,0.837704984906584,476,0.4096638655462185,0.9241706161137441,0.019417475728155338
ens_equal,8,6,0.7546490402441459,116,0.08620689655172414,0.4166666666666667,0.011579818031430935
ens_equal,8,7,0.7442897001449441,363,0.29476584022038566,0.5977653631284916,0.0768409818569904
ens_equal,8,8,0.7849111807732497,145,0.2689655172413793,0.48148148148148145,0.03636363636363636
ens_equal,8,9,0.7965220494602201,103,0.1941747572815534,0.425531914893617,0.022556390977443608
ens_equal,10,1,0.687317812397444,1114,0.44434470377019747,0.9304511278195489,0.1989247311827957
ens_equal,10,2,0.6806945083478676,273,0.47985347985347987,0.4486301369863014,0.15676728334956183
ens_equal,10,3,0.793153912050257,476,0.34243697478991597,0.8907103825136612,0.024271844660194174
ens_equal,10,6,0.6950814295085708,116,0.05172413793103448,0.2857142857142857,0.01240694789081886
ens_equal,10,7,0.7347492583739794,363,0.23140495867768596,0.5714285714285714,0.0672358591248666
ens_equal,10,8,0.7602866099417823,145,0.13793103448275862,0.35714285714285715,0.03116883116883117
ens_equal,10,9,0.783625730994152,103,0.13592233009708737,0.35,0.02172096908939014
ens_equal,12,1,0.6545288700990328,1114,0.36624775583482944,0.9251700680272109,0.1774193548387097
ens_equal,12,2,0.6584632504788298,273,0.4652014652014652,0.39937106918238996,0.18597857838364168
ens_equal,12,3,0.7459716896467324,476,0.18907563025210083,0.9183673469387755,0.009708737864077669
ens_equal,12,6,0.6846424802487094,116,0.034482758620689655,0.23529411764705882,0.010752688172043012
ens_equal,12,7,0.7219277278460358,363,0.16804407713498623,0.5041322314049587,0.064034151547492
ens_equal,12,8,0.7450306015823257,145,0.13793103448275862,0.38461538461538464,0.027705627705627706
ens_equal,12,9,0.7747443041260108,103,0.08737864077669903,0.2571428571428571,0.02172096908939014
ens_stacked,1,1,0.9041186463581784,1114,0.8779174147217235,0.9532163742690059,0.25806451612903225
ens_stacked,1,2,0.9098444560956732,273,0.6483516483516484,0.7729257641921398,0.05063291139240506
ens_stacked,1,3,0.9485498082728236,476,0.7836134453781513,0.9491094147582697,0.024271844660194174
ens_stacked,1,6,0.8652705285074584,116,0.3017241379310345,0.660377358490566,0.01488833746898263
ens_stacked,1,7,0.889492577859707,363,0.6225895316804407,0.7820069204152249,0.0672358591248666
ens_stacked,1,8,0.934175250037319,145,0.6206896551724138,0.7086614173228346,0.032034632034632034
ens_stacked,1,9,0.911583165032322,103,0.39805825242718446,0.7884615384615384,0.009189640768588136
ens_stacked,2,1,0.8934528290959634,1114,0.8303411131059246,0.9575569358178054,0.22043010752688172
ens_stacked,2,2,0.8949178053365006,273,0.6227106227106227,0.7264957264957265,0.062317429406037
ens_stacked,2,3,0.9446974178020723,476,0.7226890756302521,0.9502762430939227,0.021844660194174758
ens_stacked,2,6,0.8747825218904196,116,0.3017241379310345,0.6363636363636364,0.016542597187758478
ens_stacked,2,7,0.838541620728484,363,0.5537190082644629,0.7528089887640449,0.07043756670224119
ens_stacked,2,8,0.9273025824749963,145,0.6482758620689655,0.7175572519083969,0.032034632034632034
ens_stacked,2,9,0.884890219075196,103,0.3300970873786408,0.7555555555555555,0.009189640768588136
ens_stacked,3,1,0.8699880311190904,1114,0.7549371633752244,0.9622425629290617,0.1774193548387097
ens_stacked,3,2,0.8645437652253621,273,0.5897435897435898,0.6851063829787234,0.07205452775073028
ens_stacked,3,3,0.9297901199314678,476,0.6659663865546218,0.9519519519519519,0.019417475728155338
ens_stacked,3,6,0.8536835800462051,116,0.25,0.5686274509803921,0.018196856906534328
ens_stacked,3,7,0.7993302580476346,363,0.4793388429752066,0.7160493827160493,0.0736392742796158
ens_stacked,3,8,0.9294103597551874,145,0.6482758620689655,0.6438356164383562,0.045021645021645025
ens_stacked,3,9,0.8669408148202221,103,0.2524271844660194,0.5777777777777777,0.015873015873015872
ens_stacked,4,1,0.8452684311113685,1114,0.6885098743267505,0.9647798742138365,0.15053763440860216
ens_stacked,4,2,0.83070289009919,273,0.5457875457875457,0.6008064516129032,0.09639727361246349
ens_stacked,4,3,0.9137737619319573,476,0.6218487394957983,0.9396825396825397,0.023058252427184466
ens_stacked,4,6,0.847922192749779,116,0.1724137931034483,0.47619047619047616,0.018196856906534328
ens_stacked,4,7,0.754200587420729,363,0.3939393939393939,0.6651162790697674,0.0768409818569904
ens_stacked,4,8,0.9096760710553814,145,0.6482758620689655,0.6394557823129252,0.04588744588744589
ens_stacked,4,9,0.865894509737126,103,0.24271844660194175,0.5434782608695652,0.017543859649122806
ens_stacked,6,1,0.7721955174610529,1114,0.5053859964093357,0.9623931623931624,0.11827956989247312
ens_stacked,6,2,0.7786896647656142,273,0.5421245421245421,0.5323741007194245,0.12658227848101267
ens_stacked,6,3,0.8796835481765521,476,0.5441176470588235,0.9151943462897526,0.02912621359223301
ens_stacked,6,6,0.8203844727760189,116,0.08620689655172414,0.3125,0.018196856906534328
ens_stacked,6,7,0.745771482164225,363,0.3168044077134986,0.6424581005586593,0.06830309498399147
ens_stacked,6,8,0.8751156889087923,145,0.503448275862069,0.5572519083969466,0.050216450216450215
ens_stacked,6,9,0.8255022669943467,103,0.1941747572815534,0.45454545454545453,0.020050125313283207
ens_stacked,8,1,0.6940406555857995,1114,0.4245960502692998,0.9441117764471058,0.15053763440860216
ens_stacked,8,2,0.7726976042458029,273,0.5347985347985348,0.5367647058823529,0.12268743914313535
ens_stacked,8,3,0.8381639063392348,476,0.41386554621848737,0.9120370370370371,0.023058252427184466
ens_stacked,8,6,0.7431690482302273,116,0.14655172413793102,0.4146341463414634,0.019851116625310174
ens_stacked,8,7,0.7402353798977452,363,0.29476584022038566,0.601123595505618,0.07577374599786553
ens_stacked,8,8,0.7787132407822063,145,0.25517241379310346,0.4567901234567901,0.0380952380952381
ens_stacked,8,9,0.7944132175097939,103,0.20388349514563106,0.3888888888888889,0.02756892230576441
ens_stacked,10,1,0.6541041678732071,1114,0.3177737881508079,0.9414893617021277,0.11827956989247312
ens_stacked,10,2,0.690296071990327,273,0.4908424908424908,0.44966442953020136,0.1596884128529698
ens_stacked,10,3,0.7804825813820674,476,0.3592436974789916,0.8465346534653465,0.03762135922330097
ens_stacked,10,6,0.6984042098057671,116,0.07758620689655173,0.34615384615384615,0.014061207609594707
ens_stacked,10,7,0.7298099849763767,363,0.21487603305785125,0.5454545454545454,0.06937033084311633
ens_stacked,10,8,0.7584594715629198,145,0.13793103448275862,0.4444444444444444,0.021645021645021644
ens_stacked,10,9,0.7780697698939907,103,0.1553398058252427,0.32,0.028404344193817876
ens_stacked,12,1,0.6224204165942743,1114,0.20646319569120286,0.92,0.10752688172043011
ens_stacked,12,2,0.6855844577363565,273,0.4835164835164835,0.43564356435643564,0.1665043816942551
ens_stacked,12,3,0.750224361589296,476,0.25210084033613445,0.8823529411764706,0.019417475728155338
ens_stacked,12,6,0.706461595504977,116,0.05172413793103448,0.2727272727272727,0.013234077750206782
ens_stacked,12,7,0.710714401216002,363,0.15702479338842976,0.49137931034482757,0.06296691568836713
ens_stacked,12,8,0.7328437080161219,145,0.13793103448275862,0.3448275862068966,0.0329004329004329
ens_stacked,12,9,0.7694803351420623,103,0.11650485436893204,0.2926829268292683,0.02422723475355054
ens_top3,1,1,0.9093019439779155,1114,0.9120287253141831,0.9416126042632067,0.3387096774193548
ens_top3,1,2,0.913018821490097,273,0.706959706959707,0.7509727626459144,0.062317429406037
ens_top3,1,3,0.9484937178754997,476,0.7815126050420168,0.9370277078085643,0.03033980582524272
ens_top3,1,6,0.8463677590485155,116,0.31896551724137934,0.6065573770491803,0.019851116625310174
ens_top3,1,7,0.8905157130634961,363,0.5977961432506887,0.8007380073800738,0.0576307363927428
ens_top3,1,8,0.9316674130467234,145,0.6275862068965518,0.674074074074074,0.0380952380952381
ens_top3,1,9,0.9136352207379289,103,0.4174757281553398,0.7818181818181819,0.010025062656641603
ens_top3,2,1,0.8861798034786973,1114,0.8348294434470377,0.9597523219814241,0.20967741935483872
ens_top3,2,2,0.899754254184634,273,0.6703296703296703,0.7038461538461539,0.07497565725413827
ens_top3,2,3,0.9451767357428408,476,0.726890756302521,0.947945205479452,0.023058252427184466
ens_top3,2,6,0.8548030575283078,116,0.31896551724137934,0.5692307692307692,0.02315963606286187
ens_top3,2,7,0.8419138508398235,363,0.5371900826446281,0.7647058823529411,0.064034151547492
ens_top3,2,8,0.9243528884908195,145,0.6620689655172414,0.6575342465753424,0.04329004329004329
ens_top3,2,9,0.8901298553827935,103,0.4174757281553398,0.671875,0.017543859649122806
ens_top3,3,1,0.8595780004247022,1114,0.7666068222621185,0.9563269876819709,0.20967741935483872
ens_top3,3,2,0.8716129699576632,273,0.6703296703296703,0.6376306620209059,0.10126582278481013
ens_top3,3,3,0.9271003304234315,476,0.6680672268907563,0.9325513196480938,0.027912621359223302
ens_top3,3,6,0.8502395824420296,116,0.2672413793103448,0.484375,0.02729528535980149
ens_top3,3,7,0.7996742431592534,363,0.44352617079889806,0.7219730941704036,0.06616862326574173
ens_top3,3,8,0.9199940289595462,145,0.6137931034482759,0.6402877697841727,0.04329004329004329
ens_top3,3,9,0.8644183273718277,103,0.2621359223300971,0.5625,0.017543859649122806
ens_top3,4,1,0.8255849307928418,1114,0.7737881508078994,0.9514348785871964,0.23655913978494625
ens_top3,4,2,0.8360279772159032,273,0.5934065934065934,0.574468085106383,0.11684518013631938
ens_top3,4,3,0.9108213673819042,476,0.6302521008403361,0.9174311926605505,0.032766990291262135
ens_top3,4,6,0.838460112375574,116,0.2413793103448276,0.3835616438356164,0.03722084367245657
ens_top3,4,7,0.7662341862400075,363,0.3746556473829201,0.6601941747572816,0.07470651013874066
ens_top3,4,8,0.903239289446186,145,0.6827586206896552,0.6387096774193548,0.048484848484848485
ens_top3,4,9,0.8636802361891784,103,0.33980582524271846,0.5223880597014925,0.026733500417710943
ens_top3,6,1,0.7477389432636435,1114,0.6319569120287253,0.9436997319034852,0.22580645161290322
ens_top3,6,2,0.7789964011969854,273,0.5384615384615384,0.5485074626865671,0.11781888997078871
ens_top3,6,3,0.87271814065432,476,0.5357142857142857,0.8916083916083916,0.03762135922330097
ens_top3,6,6,0.8194147343201849,116,0.16379310344827586,0.296875,0.03722084367245657
ens_top3,6,7,0.7488732282561719,363,0.24793388429752067,0.6818181818181818,0.044823906083244394
ens_top3,6,8,0.8664935064935065,145,0.5793103448275863,0.5526315789473685,0.05887445887445888
ens_top3,6,9,0.822201133902718,103,0.23300970873786409,0.42857142857142855,0.026733500417710943
ens_top3,8,1,0.7025733093955715,1114,0.5718132854578097,0.9381443298969072,0.22580645161290322
ens_top3,8,2,0.7279140852655945,273,0.4945054945054945,0.4838709677419355,0.14021421616358326
ens_top3,8,3,0.8299670596393898,476,0.43907563025210083,0.8600823045267489,0.0412621359223301
ens_top3,8,6,0.7533227802971963,116,0.1206896551724138,0.2413793103448276,0.036393713813068655
ens_top3,8,7,0.740279480553081,363,0.19008264462809918,0.69,0.033084311632870865
ens_top3,8,8,0.7447798178832662,145,0.33793103448275863,0.3684210526315789,0.07272727272727272
ens_top3,8,9,0.7901387773641223,103,0.23300970873786409,0.3582089552238806,0.03592314118629908
ens_top3,10,1,0.6529169321055578,1114,0.4874326750448833,0.9250425894378195,0.23655913978494625
ens_top3,10,2,0.6507235056407403,273,0.5018315018315018,0.35218508997429304,0.2453748782862707
ens_top3,10,3,0.8012717222811455,476,0.29411764705882354,0.9032258064516129,0.01820388349514563
ens_top3,10,6,0.7022546419098143,116,0.09482758620689655,0.24444444444444444,0.028122415219189414
ens_top3,10,7,0.7119874401333603,363,0.11294765840220386,0.5616438356164384,0.03415154749199573
ens_top3,10,8,0.6710732945215704,145,0.21379310344827587,0.2627118644067797,0.07532467532467532
ens_top3,10,9,0.7504440713434071,103,0.18446601941747573,0.2835820895522388,0.040100250626566414
ens_top3,12,1,0.6170440725082528,1114,0.44344703770197486,0.9250936329588015,0.21505376344086022
ens_top3,12,2,0.6700407674117509,273,0.4542124542124542,0.45255474452554745,0.1460564751703992
ens_top3,12,3,0.7678341967855103,476,0.15966386554621848,0.8735632183908046,0.013349514563106795
ens_top3,12,6,0.6679430136048601,116,0.034482758620689655,0.2857142857142857,0.008271298593879239
ens_top3,12,7,0.7041845641826238,363,0.05785123966942149,0.4666666666666667,0.025613660618996798
ens_top3,12,8,0.6101746529332737,145,0.15172413793103448,0.17886178861788618,0.08744588744588745
ens_top3,12,9,0.7397376937489355,103,0.14563106796116504,0.24193548387096775,0.03926482873851295
gcn_v2,1,1,0.8879992664234281,1114,0.8662477558348295,0.946078431372549,0.2956989247311828
gcn_v2,1,2,0.8874384297948076,273,0.6666666666666666,0.6893939393939394,0.0798442064264849
gcn_v2,1,3,0.9377855511136494,476,0.7857142857142857,0.9166666666666666,0.0412621359223301
gcn_v2,1,6,0.8174966486979836,116,0.43103448275862066,0.49019607843137253,0.043010752688172046
gcn_v2,1,7,0.8710849643225699,363,0.6143250688705234,0.7559322033898305,0.0768409818569904
gcn_v2,1,8,0.9122495894909688,145,0.6620689655172414,0.6274509803921569,0.04935064935064935
gcn_v2,1,9,0.9138217712566206,103,0.4854368932038835,0.6024096385542169,0.02756892230576441
gcn_v2,2,1,0.8659147506804888,1114,0.7540394973070018,0.9655172413793104,0.16129032258064516
gcn_v2,2,2,0.8792635472284936,273,0.663003663003663,0.6510791366906474,0.09444985394352483
gcn_v2,2,3,0.9387416374316717,476,0.7542016806722689,0.890818858560794,0.05339805825242718
gcn_v2,2,6,0.8472661932061265,116,0.46551724137931033,0.4778761061946903,0.04880066170388751
gcn_v2,2,7,0.8251115011569072,363,0.5867768595041323,0.707641196013289,0.09391675560298826
gcn_v2,2,8,0.8984445439617853,145,0.6206896551724138,0.625,0.046753246753246755
gcn_v2,2,9,0.8793748124356198,103,0.4174757281553398,0.5584415584415584,0.028404344193817876
gcn_v2,3,1,0.8589988610258489,1114,0.7540394973070018,0.958904109589041,0.1935483870967742
gcn_v2,3,2,0.8520210720794946,273,0.652014652014652,0.6289752650176679,0.10223953261927946
gcn_v2,3,3,0.920604042587909,476,0.7142857142857143,0.8762886597938144,0.05825242718446602
gcn_v2,3,6,0.8288019451812555,116,0.41379310344827586,0.41379310344827586,0.05624483043837883
gcn_v2,3,7,0.7819046191026399,363,0.49586776859504134,0.6896551724137931,0.0864461045891142
gcn_v2,3,8,0.9007374234960441,145,0.6413793103448275,0.577639751552795,0.05887445887445888
gcn_v2,3,9,0.8408156313112879,103,0.33980582524271846,0.38461538461538464,0.04678362573099415
gcn_v2,4,1,0.8357391749194031,1114,0.7199281867145422,0.9593301435406698,0.1827956989247312
gcn_v2,4,2,0.809341907686601,273,0.5567765567765568,0.5448028673835126,0.12366114897760468
gcn_v2,4,3,0.9111591845476055,476,0.6764705882352942,0.8895027624309392,0.04854368932038835
gcn_v2,4,6,0.8212829069336299,116,0.35344827586206895,0.33064516129032256,0.06865177832919768
gcn_v2,4,7,0.7365809055922571,363,0.4325068870523416,0.6541666666666667,0.08858057630736393
gcn_v2,4,8,0.8928198238543066,145,0.6689655172413793,0.5359116022099447,0.07272727272727272
gcn_v2,4,9,0.8568103105660592,103,0.32038834951456313,0.4852941176470588,0.029239766081871343
gcn_v2,6,1,0.7958437095808961,1114,0.6660682226211849,0.9512820512820512,0.20430107526881722
gcn_v2,6,2,0.7455407299613727,273,0.5311355311355311,0.4769736842105263,0.15481986368062317
gcn_v2,6,3,0.8770880925185608,476,0.6197478991596639,0.8286516853932584,0.07402912621359223
gcn_v2,6,6,0.7960126636433644,116,0.3275862068965517,0.3275862068965517,0.06451612903225806
gcn_v2,6,7,0.7173765402153875,363,0.418732782369146,0.5984251968503937,0.10885805763073639
gcn_v2,6,8,0.8851649499925363,145,0.6896551724137931,0.47619047619047616,0.09523809523809523
gcn_v2,6,9,0.8081449578639155,103,0.2815533980582524,0.3918918918918919,0.03759398496240601
gcn_v2,8,1,0.7450966197563753,1114,0.6292639138240574,0.9346666666666666,0.26344086021505375
gcn_v2,8,2,0.7219006245296411,273,0.5274725274725275,0.46153846153846156,0.16358325219084713
gcn_v2,8,3,0.8528149730766093,476,0.5756302521008403,0.8353658536585366,0.06553398058252427
gcn_v2,8,6,0.7327158381107213,116,0.25862068965517243,0.25210084033613445,0.07361455748552523
gcn_v2,8,7,0.7194272206884994,363,0.3746556473829201,0.6071428571428571,0.09391675560298826
gcn_v2,8,8,0.7835557545902373,145,0.496551724137931,0.43636363636363634,0.08051948051948052
gcn_v2,8,9,0.7684826954116684,103,0.2621359223300971,0.32142857142857145,0.047619047619047616
gcn_v2,10,1,0.6814636783073685,1114,0.3761220825852783,0.9128540305010894,0.21505376344086022
gcn_v2,10,2,0.7033288036209165,273,0.47619047619047616,0.44368600682593856,0.1587147030185005
gcn_v2,10,3,0.8033853104348535,476,0.4894957983193277,0.803448275862069,0.0691747572815534
gcn_v2,10,6,0.6985824705513248,116,0.16379310344827586,0.25,0.04714640198511166
gcn_v2,10,7,0.6905633417712588,363,0.3333333333333333,0.555045871559633,0.10352187833511206
gcn_v2,10,8,0.7166801015076877,145,0.3793103448275862,0.3416149068322981,0.09177489177489177
gcn_v2,10,9,0.7516931487294287,103,0.30097087378640774,0.29245283018867924,0.06265664160401002
gcn_v2,12,1,0.6504266326904886,1114,0.2863554757630162,0.9300291545189504,0.12903225806451613
gcn_v2,12,2,0.691569384850787,273,0.45054945054945056,0.44086021505376344,0.1518987341772152
gcn_v2,12,3,0.7764109284490496,476,0.40336134453781514,0.7773279352226721,0.06674757281553398
gcn_v2,12,6,0.6728059667436753,116,0.1206896551724138,0.2,0.04631927212572374
gcn_v2,12,7,0.6727584371903766,363,0.18732782369146006,0.4927536231884058,0.07470651013874066
gcn_v2,12,8,0.7236184505150023,145,0.3448275862068966,0.36496350364963503,0.07532467532467532
gcn_v2,12,9,0.7302722826483685,103,0.1941747572815534,0.23255813953488372,0.05513784461152882
gru_v1,1,1,0.9067778614312465,1114,0.881508078994614,0.9506292352371732,0.27419354838709675
gru_v1,1,2,0.9132292569488285,273,0.6446886446886447,0.7619047619047619,0.053554040895813046
gru_v1,1,3,0.9493860651056539,476,0.7794117647058824,0.9440203562340967,0.02669902912621359
gru_v1,1,6,0.8442072388123556,116,0.35344827586206895,0.5774647887323944,0.02481389578163772
gru_v1,1,7,0.8864202322046506,363,0.5647382920110193,0.7915057915057915,0.0576307363927428
gru_v1,1,8,0.9281325570980743,145,0.6344827586206897,0.6814814814814815,0.03722943722943723
gru_v1,1,9,0.9128322424183436,103,0.46601941747572817,0.7868852459016393,0.01086048454469507
gru_v1,2,1,0.8863245883284107,1114,0.8572710951526032,0.9502487562189055,0.26881720430107525
gru_v1,2,2,0.8879770019010526,273,0.6483516483516484,0.6996047430830039,0.07400194741966894
gru_v1,2,3,0.9456840988822713,476,0.7394957983193278,0.9436997319034852,0.025485436893203883
gru_v1,2,6,0.8721656541456319,116,0.3448275862068966,0.6349206349206349,0.01902398676592225
gru_v1,2,7,0.8407966342379848,363,0.4738292011019284,0.7510917030567685,0.060832443970117396
gru_v1,2,8,0.9264069264069265,145,0.6275862068965518,0.7109375,0.032034632034632034
gru_v1,2,9,0.8940879707359013,103,0.39805825242718446,0.6721311475409836,0.01670843776106934
gru_v1,3,1,0.8709243064805698,1114,0.8438061041292639,0.9475806451612904,0.27956989247311825
gru_v1,3,2,0.8677109972144051,273,0.6666666666666666,0.6570397111913358,0.09250243427458617
gru_v1,3,3,0.9371813045606592,476,0.6701680672268907,0.9437869822485208,0.023058252427184466
gru_v1,3,6,0.8433159350845669,116,0.3017241379310345,0.44871794871794873,0.03556658395368073
gru_v1,3,7,0.8086090359302739,363,0.4628099173553719,0.75,0.05976520811099253
gru_v1,3,8,0.9203343782654128,145,0.5379310344827586,0.639344262295082,0.0380952380952381
gru_v1,3,9,0.8643372184506574,103,0.3106796116504854,0.5423728813559322,0.022556390977443608
gru_v1,4,1,0.8390909441902666,1114,0.7899461400359067,0.9534127843986999,0.23118279569892472
gru_v1,4,2,0.832643176362748,273,0.5677655677655677,0.5805243445692884,0.10905550146056475
gru_v1,4,3,0.9265113812515298,476,0.634453781512605,0.9556962025316456,0.01699029126213592
gru_v1,4,6,0.8361284618236787,116,0.28448275862068967,0.42857142857142855,0.036393713813068655
gru_v1,4,7,0.7653345328711585,363,0.4297520661157025,0.6473029045643154,0.09071504802561366
gru_v1,4,8,0.9035796387520525,145,0.5379310344827586,0.65,0.03636363636363636
gru_v1,4,9,0.8637937886788167,103,0.2815533980582524,0.5576923076923077,0.01921470342522974
gru_v1,6,1,0.7703905330012935,1114,0.6732495511669659,0.9386733416770964,0.26344086021505375
gru_v1,6,2,0.7870250489529944,273,0.5457875457875457,0.5437956204379562,0.12171372930866602
gru_v1,6,3,0.8861186464877213,476,0.542016806722689,0.9084507042253521,0.03155339805825243
gru_v1,6,6,0.8142237814095433,116,0.1724137931034483,0.31746031746031744,0.03556658395368073
gru_v1,6,7,0.7322678615004219,363,0.39669421487603307,0.6545454545454545,0.08110992529348986
gru_v1,6,8,0.8845439617853411,145,0.5172413793103449,0.5597014925373134,0.05108225108225108
gru_v1,6,9,0.8120219642958529,103,0.2815533980582524,0.3918918918918919,0.03759398496240601
gru_v1,8,1,0.7029545761664833,1114,0.6373429084380611,0.9196891191709845,0.3333333333333333
gru_v1,8,2,0.7193860991329346,273,0.5274725274725275,0.43636363636363634,0.18111002921129504
gru_v1,8,3,0.8376463449457453,476,0.4432773109243697,0.8406374501992032,0.04854368932038835
gru_v1,8,6,0.7497076523772853,116,0.1206896551724138,0.2857142857142857,0.028949545078577336
gru_v1,8,7,0.739682651684204,363,0.31129476584022037,0.6686390532544378,0.05976520811099253
gru_v1,8,8,0.8023884161815197,145,0.3310344827586207,0.42857142857142855,0.05541125541125541
gru_v1,8,9,0.7892465792312496,103,0.24271844660194175,0.33783783783783783,0.04093567251461988
gru_v1,10,1,0.6762803806876315,1114,0.6032315978456014,0.9180327868852459,0.3225806451612903
gru_v1,10,2,0.668610519632915,273,0.5018315018315018,0.39825581395348836,0.20155793573515093
gru_v1,10,3,0.8072963408664436,476,0.40336134453781514,0.810126582278481,0.05461165048543689
gru_v1,10,6,0.6971421237272183,116,0.07758620689655173,0.23076923076923078,0.02481389578163772
gru_v1,10,7,0.7316592724567887,363,0.29201101928374656,0.6162790697674418,0.07043756670224119
gru_v1,10,8,0.7689864158829676,145,0.23448275862068965,0.35789473684210527,0.05281385281385281
gru_v1,10,9,0.7613288885644532,103,0.21359223300970873,0.3055555555555556,0.04177109440267335
gru_v1,12,1,0.6278450222968669,1114,0.46409335727109513,0.9006968641114983,0.3064516129032258
gru_v1,12,2,0.6434830991793017,273,0.4468864468864469,0.3948220064724919,0.18208373904576436
gru_v1,12,3,0.7752406787957902,476,0.31932773109243695,0.7638190954773869,0.05703883495145631
gru_v1,12,6,0.6836513505034083,116,0.08620689655172414,0.2702702702702703,0.022332506203473945
gru_v1,12,7,0.7242533024040737,363,0.18732782369146006,0.5811965811965812,0.052294557097118465
gru_v1,12,8,0.757414539483505,145,0.25517241379310346,0.3854166666666667,0.05108225108225108
gru_v1,12,9,0.7564542424021218,103,0.1650485436893204,0.24285714285714285,0.04427736006683375
gru_v2,1,1,0.9041813864597209,1114,0.8931777378815081,0.9467174119885823,0.3010752688172043
gru_v2,1,2,0.9130544885170007,273,0.6556776556776557,0.7816593886462883,0.04868549172346641
gru_v2,1,3,0.9476931549318757,476,0.7899159663865546,0.9494949494949495,0.024271844660194174
gru_v2,1,6,0.8584039245885742,116,0.27586206896551724,0.6666666666666666,0.013234077750206782
gru_v2,1,7,0.8894455371606822,363,0.5922865013774105,0.7962962962962963,0.05869797225186766
gru_v2,1,8,0.934085684430512,145,0.6275862068965518,0.6842105263157895,0.03636363636363636
gru_v2,1,9,0.9154845041406104,103,0.39805825242718446,0.7454545454545455,0.011695906432748537
gru_v2,2,1,0.8847416073048783,1114,0.8725314183123878,0.9455252918287937,0.3010752688172043
gru_v2,2,2,0.8986414429452404,273,0.6007326007326007,0.7420814479638009,0.055501460564751706
gru_v2,2,3,0.9477262992575671,476,0.7100840336134454,0.9548022598870056,0.019417475728155338
gru_v2,2,6,0.8733849576452468,116,0.28448275862068967,0.6111111111111112,0.017369727047146403
gru_v2,2,7,0.8414963646359785,363,0.5371900826446281,0.752895752895753,0.06830309498399147
gru_v2,2,8,0.927577250335871,145,0.6344827586206897,0.6865671641791045,0.03636363636363636
gru_v2,2,9,0.8884103462539845,103,0.3300970873786408,0.6538461538461539,0.015037593984962405
gru_v2,3,1,0.8706009536495435,1114,0.8536804308797128,0.9453280318091452,0.2956989247311828
gru_v2,3,2,0.8660845807875993,273,0.5970695970695971,0.7117903930131004,0.06426484907497566
gru_v2,3,3,0.9352640327975851,476,0.6659663865546218,0.9606060606060606,0.015776699029126214
gru_v2,3,6,0.8556587091069849,116,0.23275862068965517,0.5192307692307693,0.0206782464846981
gru_v2,3,7,0.8105347645466011,363,0.49586776859504134,0.7317073170731707,0.07043756670224119
gru_v2,3,8,0.9278220629944768,145,0.6068965517241379,0.6285714285714286,0.045021645021645025
gru_v2,3,9,0.8630151430355825,103,0.2912621359223301,0.6122448979591837,0.015873015873015872
gru_v2,4,1,0.8430918322040115,1114,0.7917414721723519,0.9483870967741935,0.25806451612903225
gru_v2,4,2,0.8321010375538126,273,0.5421245421245421,0.5967741935483871,0.09737098344693282
gru_v2,4,3,0.9211572978706045,476,0.6092436974789915,0.9602649006622517,0.014563106796116505
gru_v2,4,6,0.8456404552066399,116,0.1724137931034483,0.37735849056603776,0.02729528535980149
gru_v2,4,7,0.7693594526814669,363,0.4132231404958678,0.6607929515418502,0.08217716115261472
gru_v2,4,8,0.9116584564860427,145,0.6551724137931034,0.6050955414012739,0.05367965367965368
gru_v2,4,9,0.8668921494675199,103,0.30097087378640774,0.5740740740740741,0.01921470342522974
gru_v2,6,1,0.7571282407675527,1114,0.5960502692998204,0.9445234708392604,0.20967741935483872
gru_v2,6,2,0.7783222943885066,273,0.5421245421245421,0.5285714285714286,0.12852969814995133
gru_v2,6,3,0.8899812352125316,476,0.5462184873949579,0.9285714285714286,0.024271844660194174
gru_v2,6,6,0.8221171672228402,116,0.15517241379310345,0.32142857142857145,0.03143093465674111
gru_v2,6,7,0.7401236582375614,363,0.36639118457300274,0.6584158415841584,0.0736392742796158
gru_v2,6,8,0.8883773697566801,145,0.6206896551724138,0.5357142857142857,0.06753246753246753
gru_v2,6,9,0.8245127381560697,103,0.1941747572815534,0.46511627906976744,0.01921470342522974
gru_v2,8,1,0.6752620605779811,1114,0.4829443447037702,0.9259896729776248,0.23118279569892472
gru_v2,8,2,0.7719592967888975,273,0.5091575091575091,0.5225563909774437,0.12366114897760468
gru_v2,8,3,0.8503227747409643,476,0.3592436974789916,0.9,0.023058252427184466
gru_v2,8,6,0.7521747810958045,116,0.09482758620689655,0.2894736842105263,0.022332506203473945
gru_v2,8,7,0.7458655635622745,363,0.3581267217630854,0.6074766355140186,0.08964781216648879
gru_v2,8,8,0.8079474548440065,145,0.31724137931034485,0.41818181818181815,0.05541125541125541
gru_v2,8,9,0.7887761474884623,103,0.24271844660194175,0.32894736842105265,0.042606516290726815
gru_v2,10,1,0.6056060693809,1114,0.3303411131059246,0.9223057644110275,0.16666666666666666
gru_v2,10,2,0.6785437866255782,273,0.4542124542124542,0.43356643356643354,0.15774099318403115
gru_v2,10,3,0.7969680590682875,476,0.3634453781512605,0.8277511961722488,0.043689320388349516
gru_v2,10,6,0.7064116824962209,116,0.10344827586206896,0.3157894736842105,0.021505376344086023
gru_v2,10,7,0.7264730353893059,363,0.29476584022038566,0.5572916666666666,0.09071504802561366
gru_v2,10,8,0.7879086430810569,145,0.2827586206896552,0.3942307692307692,0.05454545454545454
gru_v2,10,9,0.7574518821325158,103,0.1650485436893204,0.24285714285714285,0.04427736006683375
gru_v2,12,1,0.598945966294087,1114,0.34560143626570916,0.903755868544601,0.22043010752688172
gru_v2,12,2,0.6700479008171316,273,0.4175824175824176,0.3944636678200692,0.17039922103213243
gru_v2,12,3,0.7255114424410541,476,0.1722689075630252,0.8118811881188119,0.023058252427184466
gru_v2,12,6,0.6850988277573372,116,0.08620689655172414,0.23255813953488372,0.02729528535980149
gru_v2,12,7,0.7092884800268132,363,0.2231404958677686,0.5159235668789809,0.08110992529348986
gru_v2,12,8,0.7687416032243618,145,0.2620689655172414,0.3333333333333333,0.0658008658008658
gru_v2,12,9,0.7498681980030983,103,0.13592233009708737,0.208955223880597,0.04427736006683375
gru_v2_climatology,1,1,0.8956921681048629,1114,0.8806104129263914,0.946911196911197,0.2956989247311828
gru_v2_climatology,1,2,0.9066807908093205,273,0.6410256410256411,0.7777777777777778,0.04868549172346641
gru_v2_climatology,1,3,0.9442079016072449,476,0.7710084033613446,0.9434447300771208,0.02669902912621359
gru_v2_climatology,1,6,0.8651279199110122,116,0.3103448275862069,0.6666666666666666,0.01488833746898263
gru_v2_climatology,1,7,0.8844415828019204,363,0.581267217630854,0.7873134328358209,0.060832443970117396
gru_v2_climatology,1,8,0.9322346618898343,145,0.593103448275862,0.7226890756302521,0.02857142857142857
gru_v2_climatology,1,9,0.9149329634766528,103,0.3786407766990291,0.7959183673469388,0.00835421888053467
gru_v2_climatology,2,1,0.8751761549004845,1114,0.8150807899461401,0.9578059071729957,0.21505376344086022
gru_v2_climatology,2,2,0.8880554693602405,273,0.6227106227106227,0.7142857142857143,0.06621226874391431
gru_v2_climatology,2,3,0.9406665578852901,476,0.7184873949579832,0.9447513812154696,0.024271844660194174
gru_v2_climatology,2,6,0.8868044265708337,116,0.3017241379310345,0.6481481481481481,0.015715467328370553
gru_v2_climatology,2,7,0.8332348418697502,363,0.5454545454545454,0.7388059701492538,0.07470651013874066
gru_v2_climatology,2,8,0.9269502910882221,145,0.6758620689655173,0.7,0.03636363636363636
gru_v2_climatology,2,9,0.8867070589094095,103,0.3106796116504854,0.7619047619047619,0.00835421888053467
gru_v2_climatology,3,1,0.8472568097140982,1114,0.7719928186714542,0.9523809523809523,0.23118279569892472
gru_v2_climatology,3,2,0.8536688887224427,273,0.6007326007326007,0.6431372549019608,0.08860759493670886
gru_v2_climatology,3,3,0.9147120013053766,476,0.6113445378151261,0.941747572815534,0.021844660194174758
gru_v2_climatology,3,6,0.8677376572259776,116,0.28448275862068967,0.559322033898305,0.021505376344086023
gru_v2_climatology,3,7,0.8007708794552687,363,0.46831955922865015,0.7264957264957265,0.06830309498399147
gru_v2_climatology,3,8,0.9265562024182714,145,0.6758620689655173,0.6805555555555556,0.03982683982683983
gru_v2_climatology,3,9,0.8565264293419633,103,0.22330097087378642,0.5897435897435898,0.013366750208855471
gru_v2_climatology,4,1,0.8250612922530453,1114,0.6938958707360862,0.9578686493184635,0.1827956989247312
gru_v2_climatology,4,2,0.8158083396642306,273,0.5311355311355311,0.5942622950819673,0.09639727361246349
gru_v2_climatology,4,3,0.8871971118544505,476,0.5399159663865546,0.927797833935018,0.024271844660194174
gru_v2_climatology,4,6,0.8570990559310915,116,0.3017241379310345,0.4861111111111111,0.030603804797353185
gru_v2_climatology,4,7,0.7570671300175521,363,0.4380165289256198,0.654320987654321,0.08964781216648879
gru_v2_climatology,4,8,0.9098492312285416,145,0.593103448275862,0.6666666666666666,0.03722943722943723
gru_v2_climatology,4,9,0.8519599970800789,103,0.24271844660194175,0.5813953488372093,0.015037593984962405
gru_v2_climatology,6,1,0.7634312078917396,1114,0.5745062836624776,0.950965824665676,0.1774193548387097
gru_v2_climatology,6,2,0.7455157630425401,273,0.5311355311355311,0.4865771812080537,0.14897760467380722
gru_v2_climatology,6,3,0.8309486415925593,476,0.43067226890756305,0.8541666666666666,0.04247572815533981
gru_v2_climatology,6,6,0.8336827243946265,116,0.16379310344827586,0.3392857142857143,0.030603804797353185
gru_v2_climatology,6,7,0.7418582840141005,363,0.349862258953168,0.6381909547738693,0.0768409818569904
gru_v2_climatology,6,8,0.8919480519480519,145,0.5724137931034483,0.5570469798657718,0.05714285714285714
gru_v2_climatology,6,9,0.8185593433421742,103,0.23300970873786409,0.4067796610169492,0.029239766081871343
gru_v2_climatology,8,1,0.7025926140422,1114,0.41741472172351884,0.9489795918367347,0.13440860215053763
gru_v2_climatology,8,2,0.704940953236961,273,0.4908424908424908,0.44224422442244227,0.16455696202531644
gru_v2_climatology,8,3,0.7843553683609366,476,0.34243697478991597,0.7912621359223301,0.05218446601941747
gru_v2_climatology,8,6,0.7671130315735433,116,0.1206896551724138,0.22950819672131148,0.03887510339123242
gru_v2_climatology,8,7,0.7328441100634755,363,0.36639118457300274,0.59375,0.09711846318036287
gru_v2_climatology,8,8,0.7718107180176146,145,0.3103448275862069,0.4639175257731959,0.045021645021645025
gru_v2_climatology,8,9,0.7884922662643664,103,0.20388349514563106,0.3181818181818182,0.03759398496240601
gru_v2_climatology,10,1,0.6547701781818884,1114,0.2998204667863555,0.9461756373937678,0.10215053763440861
gru_v2_climatology,10,2,0.6634673343534103,273,0.4432234432234432,0.3980263157894737,0.17818889970788704
gru_v2_climatology,10,3,0.7091253977319083,476,0.22478991596638656,0.7328767123287672,0.04733009708737864
gru_v2_climatology,10,6,0.7170788055103962,116,0.08620689655172414,0.2127659574468085,0.030603804797353185
gru_v2_climatology,10,7,0.7135103827642879,363,0.2699724517906336,0.5384615384615384,0.08964781216648879
gru_v2_climatology,10,8,0.704337960889685,145,0.23448275862068965,0.3119266055045872,0.06493506493506493
gru_v2_climatology,10,9,0.7559351453066323,103,0.1553398058252427,0.21052631578947367,0.05012531328320802
gru_v2_climatology,12,1,0.635209744985618,1114,0.21543985637342908,0.9795918367346939,0.026881720430107527
gru_v2_climatology,12,2,0.6629323289498558,273,0.4542124542124542,0.39490445859872614,0.18500486854917234
gru_v2_climatology,12,3,0.6408404381169943,476,0.11134453781512606,0.6162790697674418,0.04004854368932039
gru_v2_climatology,12,6,0.6893271726419669,116,0.10344827586206896,0.3076923076923077,0.022332506203473945
gru_v2_climatology,12,7,0.688193666557885,363,0.256198347107438,0.45365853658536587,0.11953041622198506
gru_v2_climatology,12,8,0.6697059262576504,145,0.18620689655172415,0.3176470588235294,0.050216450216450215
gru_v2_climatology,12,9,0.7441013537078943,103,0.13592233009708737,0.21212121212121213,0.04344193817878028
gru_v2_lw,1,1,0.9048956583849732,1114,0.9057450628366248,0.941231343283582,0.3387096774193548
gru_v2_lw,1,2,0.9037953283328162,273,0.6666666666666666,0.7711864406779662,0.05258033106134372
gru_v2_lw,1,3,0.9469767275842376,476,0.7815126050420168,0.9393939393939394,0.02912621359223301
gru_v2_lw,1,6,0.8558369698525428,116,0.3017241379310345,0.6862745098039216,0.013234077750206782
gru_v2_lw,1,7,0.8916270495779567,363,0.5730027548209367,0.8093385214007782,0.052294557097118465
gru_v2_lw,1,8,0.9295954620092551,145,0.6275862068965518,0.6691176470588235,0.03896103896103896
gru_v2_lw,1,9,0.9162631497838447,103,0.44660194174757284,0.7540983606557377,0.012531328320802004
gru_v2_lw,2,1,0.8819906951603251,1114,0.8590664272890485,0.9503475670307845,0.26881720430107525
gru_v2_lw,2,2,0.895167474524826,273,0.6666666666666666,0.7338709677419355,0.06426484907497566
gru_v2_lw,2,3,0.9469027902423105,476,0.6974789915966386,0.9512893982808023,0.02063106796116505
gru_v2_lw,2,6,0.8693705256552865,116,0.29310344827586204,0.5964912280701754,0.01902398676592225
gru_v2_lw,2,7,0.8406202316166418,363,0.512396694214876,0.768595041322314,0.05976520811099253
gru_v2_lw,2,8,0.9220600089565607,145,0.6206896551724138,0.703125,0.0329004329004329
gru_v2_lw,2,9,0.8815404206308652,103,0.36893203883495146,0.6909090909090909,0.014202172096908938
gru_v2_lw,3,1,0.8662236250265439,1114,0.848294434470377,0.9431137724550899,0.3064516129032258
gru_v2_lw,3,2,0.8717057042276127,273,0.6556776556776557,0.667910447761194,0.0866601752677702
gru_v2_lw,3,3,0.9336119156400424,476,0.6533613445378151,0.9395770392749244,0.024271844660194174
gru_v2_lw,3,6,0.847530019109552,116,0.2413793103448276,0.45901639344262296,0.02729528535980149
gru_v2_lw,3,7,0.8053544075664965,363,0.4793388429752066,0.7467811158798283,0.06296691568836713
gru_v2_lw,3,8,0.9202746678608748,145,0.6,0.6744186046511628,0.03636363636363636
gru_v2_lw,3,9,0.85675353432124,103,0.2815533980582524,0.5272727272727272,0.02172096908939014
gru_v2_lw,4,1,0.8391874674234088,1114,0.8078994614003591,0.944386149003148,0.2849462365591398
gru_v2_lw,4,2,0.835457304785445,273,0.5677655677655677,0.6275303643724697,0.08958130477117819
gru_v2_lw,4,3,0.9187913029289385,476,0.5882352941176471,0.9491525423728814,0.01820388349514563
gru_v2_lw,4,6,0.8429594135934514,116,0.2672413793103448,0.4189189189189189,0.03556658395368073
gru_v2_lw,4,7,0.7531098312120919,363,0.42699724517906334,0.6768558951965066,0.07897545357524013
gru_v2_lw,4,8,0.9025347066726377,145,0.6344827586206897,0.6344827586206897,0.04588744588744589
gru_v2_lw,4,9,0.8581810513338362,103,0.3300970873786408,0.53125,0.02506265664160401
gru_v2_lw,6,1,0.7836673037200054,1114,0.7154398563734291,0.9387514723203769,0.27956989247311825
gru_v2_lw,6,2,0.8068238155872041,273,0.5457875457875457,0.5665399239543726,0.11100292112950341
gru_v2_lw,6,3,0.8818532267275843,476,0.5105042016806722,0.9382239382239382,0.019417475728155338
gru_v2_lw,6,6,0.8142309118393657,116,0.19827586206896552,0.3382352941176471,0.03722084367245657
gru_v2_lw,6,7,0.7232830879866875,363,0.4022038567493113,0.6293103448275862,0.09178228388473852
gru_v2_lw,6,8,0.8838453500522466,145,0.593103448275862,0.5620915032679739,0.05800865800865801
gru_v2_lw,6,9,0.8142930140886196,103,0.23300970873786409,0.42105263157894735,0.02756892230576441
gru_v2_lw,8,1,0.7141416188876663,1114,0.5888689407540395,0.923943661971831,0.2903225806451613
gru_v2_lw,8,2,0.7809438208659241,273,0.4542124542124542,0.5210084033613446,0.11100292112950341
gru_v2_lw,8,3,0.8443529717712328,476,0.39705882352941174,0.9174757281553398,0.02063106796116505
gru_v2_lw,8,6,0.7483813924303357,116,0.15517241379310345,0.29508196721311475,0.03556658395368073
gru_v2_lw,8,7,0.723729974627423,363,0.371900826446281,0.6136363636363636,0.09071504802561366
gru_v2_lw,8,8,0.7761098671443499,145,0.31724137931034485,0.3458646616541353,0.07532467532467532
gru_v2_lw,8,9,0.7891573594179624,103,0.1941747572815534,0.43478260869565216,0.02172096908939014
gru_v2_lw,10,1,0.6819704252813652,1114,0.5089766606822262,0.9279869067103109,0.23655913978494625
gru_v2_lw,10,2,0.7158693302802358,273,0.38461538461538464,0.4861111111111111,0.10808179162609542
gru_v2_lw,10,3,0.778985987598923,476,0.34243697478991597,0.8670212765957447,0.03033980582524272
gru_v2_lw,10,6,0.7081158552237529,116,0.09482758620689655,0.36666666666666664,0.015715467328370553
gru_v2_lw,10,7,0.7221982118654283,363,0.3526170798898072,0.579185520361991,0.09925293489861259
gru_v2_lw,10,8,0.7297984773846843,145,0.27586206896551724,0.36363636363636365,0.06060606060606061
gru_v2_lw,10,9,0.7577682069250797,103,0.1650485436893204,0.26153846153846155,0.040100250626566414
gru_v2_lw,12,1,0.6401855176540994,1114,0.37073608617594256,0.9096916299559471,0.22043010752688172
gru_v2_lw,12,2,0.6651650848340235,273,0.326007326007326,0.4320388349514563,0.11392405063291139
gru_v2_lw,12,3,0.7281782858774578,476,0.22058823529411764,0.7894736842105263,0.03398058252427184
gru_v2_lw,12,6,0.6809275263112861,116,0.10344827586206896,0.35294117647058826,0.018196856906534328
gru_v2_lw,12,7,0.7156330943077814,363,0.256198347107438,0.5636363636363636,0.0768409818569904
gru_v2_lw,12,8,0.7323958799820869,145,0.2689655172413793,0.41935483870967744,0.046753246753246755
gru_v2_lw,12,9,0.7620020926101662,103,0.13592233009708737,0.23333333333333334,0.03842940685045948
gru_v2_nb,1,1,0.9078685739657536,1114,0.921903052064632,0.932788374205268,0.3978494623655914
gru_v2_nb,1,2,0.9137392954335506,273,0.6959706959706959,0.7251908396946565,0.07010710808179163
gru_v2_nb,1,3,0.9483445684098882,476,0.7773109243697479,0.9414758269720102,0.027912621359223302
gru_v2_nb,1,6,0.8619370525655287,116,0.3620689655172414,0.5675675675675675,0.026468155500413565
gru_v2_nb,1,7,0.8937380009466941,363,0.6831955922865014,0.7607361963190185,0.0832443970117396
gru_v2_nb,1,8,0.9356351694282729,145,0.7034482758620689,0.6845637583892618,0.04069264069264069
gru_v2_nb,1,9,0.92145412073874,103,0.47572815533980584,0.7205882352941176,0.015873015873015872
gru_v2_nb,2,1,0.8843917105847378,1114,0.9138240574506283,0.9313815187557182,0.4032258064516129
gru_v2_nb,2,2,0.8961822014402345,273,0.7142857142857143,0.6678082191780822,0.09444985394352483
gru_v2_nb,2,3,0.9430402015175002,476,0.726890756302521,0.9402173913043478,0.02669902912621359
gru_v2_nb,2,6,0.8757700864208094,116,0.39655172413793105,0.5,0.0380479735318445
gru_v2_nb,2,7,0.8442835260531971,363,0.6060606060606061,0.7213114754098361,0.09071504802561366
gru_v2_nb,2,8,0.9278489326765189,145,0.6896551724137931,0.6451612903225806,0.047619047619047616
gru_v2_nb,2,9,0.8911437168974216,103,0.4563106796116505,0.573170731707317,0.029239766081871343
gru_v2_nb,3,1,0.868166155093531,1114,0.8761220825852782,0.9348659003831418,0.3655913978494624
gru_v2_nb,3,2,0.8692660795874039,273,0.717948717948718,0.593939393939394,0.13047711781888996
gru_v2_nb,3,3,0.9275669005466264,476,0.6743697478991597,0.9224137931034483,0.032766990291262135
gru_v2_nb,3,6,0.854738883659907,116,0.35344827586206895,0.41,0.04880066170388751
gru_v2_nb,3,7,0.8103804122529261,363,0.5619834710743802,0.7083333333333334,0.08964781216648879
gru_v2_nb,3,8,0.923654276757725,145,0.6896551724137931,0.5747126436781609,0.06406926406926407
gru_v2_nb,3,9,0.869434914146207,103,0.3592233009708738,0.4805194805194805,0.03341687552213868
gru_v2_nb,4,1,0.8370325862435088,1114,0.8500897666068222,0.9320866141732284,0.3709677419354839
gru_v2_nb,4,2,0.83050672145122,273,0.5824175824175825,0.5740072202166066,0.11489776046738072
gru_v2_nb,4,3,0.9113644244105409,476,0.6386554621848739,0.9074626865671642,0.03762135922330097
gru_v2_nb,4,6,0.840649154331023,116,0.3706896551724138,0.40186915887850466,0.05293631100082713
gru_v2_nb,4,7,0.7723406569821628,363,0.5234159779614325,0.6291390728476821,0.11953041622198506
gru_v2_nb,4,8,0.9070219435736677,145,0.7103448275862069,0.6094674556213018,0.05714285714285714
gru_v2_nb,4,9,0.864381828357301,103,0.4174757281553398,0.4777777777777778,0.03926482873851295
gru_v2_nb,6,1,0.7721448427636532,1114,0.7630161579892281,0.9219088937093276,0.3870967741935484
gru_v2_nb,6,2,0.7509924350235937,273,0.5347985347985348,0.4899328859060403,0.14800389483933787
gru_v2_nb,6,3,0.8726747980745696,476,0.5084033613445378,0.8736462093862816,0.04247572815533981
gru_v2_nb,6,6,0.8111648270157725,116,0.23275862068965517,0.27,0.060380479735318446
gru_v2_nb,6,7,0.7558617121050418,363,0.4765840220385675,0.6268115942028986,0.10992529348986126
gru_v2_nb,6,8,0.8833527392148082,145,0.5586206896551724,0.5364238410596026,0.06060606060606061
gru_v2_nb,6,9,0.8211507733735633,103,0.3300970873786408,0.3541666666666667,0.05179615705931495
gru_v2_nb,8,1,0.7165378081504218,1114,0.6795332136445242,0.9198055893074119,0.3548387096774194
gru_v2_nb,8,2,0.707175492472474,273,0.5018315018315018,0.49280575539568344,0.13729308666017526
gru_v2_nb,8,3,0.8420162968099861,476,0.4810924369747899,0.8357664233576643,0.05461165048543689
gru_v2_nb,8,6,0.7423276575111948,116,0.12931034482758622,0.2054794520547945,0.04797353184449959
gru_v2_nb,8,7,0.74663732503065,363,0.44077134986225897,0.6349206349206349,0.09818569903948772
gru_v2_nb,8,8,0.7961546499477534,145,0.3793103448275862,0.47413793103448276,0.05281385281385281
gru_v2_nb,8,9,0.774144098109351,103,0.20388349514563106,0.35,0.03258145363408521
gru_v2_nb,10,1,0.6555085809154263,1114,0.5529622980251346,0.913946587537092,0.3118279569892473
gru_v2_nb,10,2,0.6335462654839481,273,0.5494505494505495,0.2727272727272727,0.3894839337877313
gru_v2_nb,10,3,0.8053433752141633,476,0.40756302521008403,0.776,0.06796116504854369
gru_v2_nb,10,6,0.6878012606599926,116,0.07758620689655173,0.21951219512195122,0.026468155500413565
gru_v2_nb,10,7,0.7101969535267294,363,0.26170798898071623,0.5757575757575758,0.07470651013874066
gru_v2_nb,10,8,0.74410210479176,145,0.296551724137931,0.41346153846153844,0.05281385281385281
gru_v2_nb,10,9,0.7378235232093178,103,0.1650485436893204,0.25757575757575757,0.04093567251461988
gru_v2_nb,12,1,0.6044405513407077,1114,0.39317773788150806,0.9144050104384134,0.22043010752688172
gru_v2_nb,12,2,0.6026461367259809,273,0.6043956043956044,0.23605150214592274,0.5199610516066212
gru_v2_nb,12,3,0.7703952333360529,476,0.3067226890756303,0.7604166666666666,0.055825242718446605
gru_v2_nb,12,6,0.6701962294287099,116,0.0603448275862069,0.23333333333333334,0.01902398676592225
gru_v2_nb,12,7,0.687890842057913,363,0.20385674931129477,0.5285714285714286,0.07043756670224119
gru_v2_nb,12,8,0.7165308254963427,145,0.2206896551724138,0.3368421052631579,0.05454545454545454
gru_v2_nb,12,9,0.7064749251770203,103,0.14563106796116504,0.23809523809523808,0.040100250626566414
gru_v2_nb_mean,1,1,0.907887878612382,1114,0.9443447037701975,0.9268722466960353,0.44623655913978494
gru_v2_nb_mean,1,2,0.9154727129410674,273,0.7545787545787546,0.6821192052980133,0.0934761441090555
gru_v2_nb_mean,1,3,0.9510407318267112,476,0.7983193277310925,0.9200968523002422,0.04004854368932039
gru_v2_nb_mean,1,6,0.8701406120760959,116,0.4224137931034483,0.47572815533980584,0.04466501240694789
gru_v2_nb_mean,1,7,0.8985361522472224,363,0.7410468319559229,0.727027027027027,0.10779082177161152
gru_v2_nb_mean,1,8,0.9401522615315718,145,0.7517241379310344,0.6526946107784432,0.050216450216450215
gru_v2_nb_mean,1,9,0.9235710635812833,103,0.5048543689320388,0.5977011494252874,0.029239766081871343
gru_v2_nb_mean,2,1,0.882946275168433,1114,0.9416517055655296,0.9201754385964912,0.489247311827957
gru_v2_nb_mean,2,2,0.9014056375302724,273,0.7948717948717948,0.5695538057742782,0.1596884128529698
gru_v2_nb_mean,2,3,0.9447152647466753,476,0.773109243697479,0.9246231155778895,0.03640776699029126
gru_v2_nb_mean,2,6,0.8832819942386128,116,0.5,0.43283582089552236,0.06286186931348221
gru_v2_nb_mean,2,7,0.8502665149604123,363,0.6749311294765841,0.6901408450704225,0.11739594450373532
gru_v2_nb_mean,2,8,0.9339184952978057,145,0.7586206896551724,0.5945945945945946,0.06493506493506493
gru_v2_nb_mean,2,9,0.8938284221881565,103,0.5436893203883495,0.4666666666666667,0.053467000835421885
gru_v2_nb_mean,3,1,0.8714020964846239,1114,0.9210053859964094,0.9251577998196574,0.44623655913978494
gru_v2_nb_mean,3,2,0.8725224791437061,273,0.8021978021978022,0.47921225382932164,0.2317429406037001
gru_v2_nb_mean,3,3,0.927263502488374,476,0.7310924369747899,0.8969072164948454,0.04854368932038835
gru_v2_nb_mean,3,6,0.8595234020706768,116,0.4827586206896552,0.3835616438356164,0.07444168734491315
gru_v2_nb_mean,3,7,0.8167323766431169,363,0.6363636363636364,0.6581196581196581,0.128068303094984
gru_v2_nb_mean,3,8,0.9289267054784296,145,0.7862068965517242,0.5428571428571428,0.08311688311688312
gru_v2_nb_mean,3,9,0.8684413298618715,103,0.4174757281553398,0.37719298245614036,0.059314954051796154
gru_v2_nb_mean,4,1,0.8397907376305477,1114,0.8886894075403949,0.9166666666666666,0.4838709677419355
gru_v2_nb_mean,4,2,0.837212122509104,273,0.7289377289377289,0.44419642857142855,0.24245374878286272
gru_v2_nb_mean,4,3,0.9064590642082075,476,0.6932773109243697,0.8549222797927462,0.06796116504854369
gru_v2_nb_mean,4,6,0.8511023644505291,116,0.4827586206896552,0.36363636363636365,0.08105872622001654
gru_v2_nb_mean,4,7,0.7782383846223955,363,0.6060606060606061,0.582010582010582,0.16862326574172892
gru_v2_nb_mean,4,8,0.9128347514554411,145,0.7793103448275862,0.5406698564593302,0.08311688311688312
gru_v2_nb_mean,4,9,0.8671922524758499,103,0.4854368932038835,0.373134328358209,0.07017543859649122
gru_v2_nb_mean,6,1,0.7737302368680141,1114,0.8303411131059246,0.9113300492610837,0.4838709677419355
gru_v2_nb_mean,6,2,0.7714956254391503,273,0.7472527472527473,0.36106194690265486,0.35150925024342744
gru_v2_nb_mean,6,3,0.8679657542628701,476,0.5756302521008403,0.8277945619335347,0.0691747572815534
gru_v2_nb_mean,6,6,0.8300818573343601,116,0.41379310344827586,0.3018867924528302,0.09181141439205956
gru_v2_nb_mean,6,7,0.7634970055655027,363,0.5564738292011019,0.5658263305322129,0.16542155816435433
gru_v2_nb_mean,6,8,0.8865920286609942,145,0.6896551724137931,0.43103448275862066,0.11428571428571428
gru_v2_nb_mean,6,9,0.8250805006042614,103,0.47572815533980584,0.296969696969697,0.09690893901420217
gru_v2_nb_mean,8,1,0.7186299492287793,1114,0.7854578096947935,0.9048603929679421,0.4946236559139785
gru_v2_nb_mean,8,2,0.7386106266339957,273,0.6666666666666666,0.3433962264150943,0.3388510223953262
gru_v2_nb_mean,8,3,0.8399052582197928,476,0.5630252100840336,0.7679083094555874,0.0983009708737864
gru_v2_nb_mean,8,6,0.7606813838738199,116,0.3620689655172414,0.24561403508771928,0.10669975186104218
gru_v2_nb_mean,8,7,0.7603452787308419,363,0.581267217630854,0.5582010582010583,0.17822838847385272
gru_v2_nb_mean,8,8,0.8092252575011196,145,0.503448275862069,0.3989071038251366,0.09523809523809523
gru_v2_nb_mean,8,9,0.7739413258064255,103,0.2815533980582524,0.27102803738317754,0.06516290726817042
gru_v2_nb_mean,10,1,0.6604843535839077,1114,0.696588868940754,0.9033760186263097,0.44623655913978494
gru_v2_nb_mean,10,2,0.6436043670707741,273,0.7582417582417582,0.23337091319052988,0.6621226874391432
gru_v2_nb_mean,10,3,0.8018836175246797,476,0.523109243697479,0.7217391304347827,0.11650485436893204
gru_v2_nb_mean,10,6,0.712515330424118,116,0.22413793103448276,0.22033898305084745,0.076095947063689
gru_v2_nb_mean,10,7,0.720269543205412,363,0.4765840220385675,0.5164179104477612,0.1728922091782284
gru_v2_nb_mean,10,8,0.7523988655023138,145,0.4689655172413793,0.3487179487179487,0.10995670995670996
gru_v2_nb_mean,10,9,0.7407677770477975,103,0.27184466019417475,0.2204724409448819,0.08270676691729323
gru_v2_nb_mean,12,1,0.6195102411150364,1114,0.5421903052064632,0.8921713441654358,0.3924731182795699
gru_v2_nb_mean,12,2,0.6056724839587546,273,0.8241758241758241,0.22211253701875616,0.7672833495618305
gru_v2_nb_mean,12,3,0.7648639552908542,476,0.39915966386554624,0.6985294117647058,0.09951456310679611
gru_v2_nb_mean,12,6,0.691173953965945,116,0.19827586206896552,0.20175438596491227,0.07526881720430108
gru_v2_nb_mean,12,7,0.7008858351635106,363,0.5289256198347108,0.48,0.22198505869797225
gru_v2_nb_mean,12,8,0.7314285714285714,145,0.45517241379310347,0.3316582914572864,0.11515151515151516
gru_v2_nb_mean,12,9,0.7071400183306162,103,0.24271844660194175,0.20833333333333334,0.07936507936507936
gru_v2_noclimate,1,1,0.9014159958301964,1114,0.9048473967684022,0.9411764705882353,0.3387096774193548
gru_v2_noclimate,1,2,0.9073477642124186,273,0.6263736263736264,0.7737556561085973,0.04868549172346641
gru_v2_noclimate,1,3,0.9427368034592478,476,0.7457983193277311,0.9491978609625669,0.023058252427184466
gru_v2_noclimate,1,6,0.8584039245885742,116,0.3103448275862069,0.6666666666666666,0.01488833746898263
gru_v2_noclimate,1,7,0.8868494785832517,363,0.6033057851239669,0.7793594306049823,0.06616862326574173
gru_v2_noclimate,1,8,0.9313628899835796,145,0.6206896551724138,0.6976744186046512,0.033766233766233764
gru_v2_noclimate,1,9,0.9158576051779935,103,0.4077669902912621,0.7924528301886793,0.009189640768588136
gru_v2_noclimate,2,1,0.882463659002722,1114,0.8384201077199281,0.9550102249488752,0.23655913978494625
gru_v2_noclimate,2,2,0.8847455692635829,273,0.6263736263736264,0.7154811715481172,0.06621226874391431
gru_v2_noclimate,2,3,0.9349529860487884,476,0.6491596638655462,0.9478527607361963,0.02063106796116505
gru_v2_noclimate,2,6,0.8749964347850888,116,0.3448275862068966,0.625,0.019851116625310174
gru_v2_noclimate,2,7,0.8385092802479045,363,0.5399449035812672,0.7480916030534351,0.07043756670224119
gru_v2_noclimate,2,8,0.9284131959994029,145,0.6344827586206897,0.7022900763358778,0.033766233766233764
gru_v2_noclimate,2,9,0.8893430988474422,103,0.34951456310679613,0.6923076923076923,0.013366750208855471
gru_v2_noclimate,3,1,0.8553744136213587,1114,0.7935368043087971,0.9484978540772532,0.25806451612903225
gru_v2_noclimate,3,2,0.8468172528542538,273,0.6153846153846154,0.6153846153846154,0.10223953261927946
gru_v2_noclimate,3,3,0.913021640695113,476,0.6029411764705882,0.9348534201954397,0.024271844660194174
gru_v2_noclimate,3,6,0.8622757479820884,116,0.3017241379310345,0.5303030303030303,0.02564102564102564
gru_v2_noclimate,3,7,0.8006179971834382,363,0.4820936639118457,0.6972111553784861,0.08110992529348986
gru_v2_noclimate,3,8,0.9271951037468279,145,0.6068965517241379,0.6929133858267716,0.033766233766233764
gru_v2_noclimate,3,9,0.8647508739486256,103,0.2621359223300971,0.4909090909090909,0.023391812865497075
gru_v2_noclimate,4,1,0.8262774849906372,1114,0.7154398563734291,0.9625603864734299,0.16666666666666666
gru_v2_noclimate,4,2,0.7989521027495711,273,0.5238095238095238,0.5742971887550201,0.10321324245374879
gru_v2_noclimate,4,3,0.8857693562862038,476,0.5483193277310925,0.9456521739130435,0.01820388349514563
gru_v2_noclimate,4,6,0.8504606257665213,116,0.3103448275862069,0.4675324675324675,0.03391232423490488
gru_v2_noclimate,4,7,0.7571347510224002,363,0.418732782369146,0.6523605150214592,0.0864461045891142
gru_v2_noclimate,4,8,0.9110912076429318,145,0.5862068965517241,0.6538461538461539,0.03896103896103896
gru_v2_noclimate,4,9,0.8568833085951124,103,0.2815533980582524,0.5272727272727272,0.02172096908939014
gru_v2_noclimate,6,1,0.7485955869577807,1114,0.5547576301615799,0.9537037037037037,0.16129032258064516
gru_v2_noclimate,6,2,0.7349939901059668,273,0.5201465201465202,0.46557377049180326,0.1587147030185005
gru_v2_noclimate,6,3,0.8388726849963286,476,0.43067226890756305,0.8951965065502183,0.02912621359223301
gru_v2_noclimate,6,6,0.8222811671087533,116,0.25,0.37662337662337664,0.03970223325062035
gru_v2_noclimate,6,7,0.7317151332868806,363,0.349862258953168,0.6414141414141414,0.07577374599786553
gru_v2_noclimate,6,8,0.8886281534557396,145,0.5448275862068965,0.5683453237410072,0.05194805194805195
gru_v2_noclimate,6,9,0.8083720628431921,103,0.2524271844660194,0.41935483870967744,0.03007518796992481
gru_v2_noclimate,8,1,0.6889104457442906,1114,0.43447037701974867,0.9361702127659575,0.1774193548387097
gru_v2_noclimate,8,2,0.6887552564280899,273,0.5018315018315018,0.4114114114114114,0.19084712755598832
gru_v2_noclimate,8,3,0.7697361711674962,476,0.29831932773109243,0.8352941176470589,0.03398058252427184
gru_v2_noclimate,8,6,0.7605316448475514,116,0.16379310344827586,0.30158730158730157,0.036393713813068655
gru_v2_noclimate,8,7,0.7310330431510212,363,0.3774104683195592,0.6035242290748899,0.096051227321238
gru_v2_noclimate,8,8,0.7683415435139573,145,0.3586206896551724,0.45614035087719296,0.05367965367965368
gru_v2_noclimate,8,9,0.7773235678192244,103,0.2524271844660194,0.3880597014925373,0.034252297410192145
gru_v2_noclimate,10,1,0.6532016756433273,1114,0.3464991023339318,0.9278846153846154,0.16129032258064516
gru_v2_noclimate,10,2,0.6274686040995681,273,0.4725274725274725,0.3664772727272727,0.2171372930866602
gru_v2_noclimate,10,3,0.7276046340866443,476,0.24369747899159663,0.8111888111888111,0.032766990291262135
gru_v2_noclimate,10,6,0.6941330823422036,116,0.08620689655172414,0.25,0.02481389578163772
gru_v2_noclimate,10,7,0.7294336593841785,363,0.2865013774104683,0.538860103626943,0.09498399146211313
gru_v2_noclimate,10,8,0.717444394685774,145,0.2689655172413793,0.30708661417322836,0.0761904761904762
gru_v2_noclimate,10,9,0.7419925217574681,103,0.1553398058252427,0.23529411764705882,0.04344193817878028
gru_v2_noclimate,12,1,0.6010308681299589,1114,0.23070017953321365,0.9379562043795621,0.0913978494623656
gru_v2_noclimate,12,2,0.6014316744599121,273,0.4468864468864469,0.33062330623306235,0.24050632911392406
gru_v2_noclimate,12,3,0.6686714734437464,476,0.09663865546218488,0.8214285714285714,0.012135922330097087
gru_v2_noclimate,12,6,0.645860072445167,116,0.017241379310344827,0.18181818181818182,0.007444168734491315
gru_v2_noclimate,12,7,0.7032466902458171,363,0.23415977961432508,0.48295454545454547,0.09711846318036287
gru_v2_noclimate,12,8,0.6793969249141663,145,0.2413793103448276,0.28,0.07792207792207792
gru_v2_noclimate,12,9,0.7224696044317914,103,0.14563106796116504,0.2830188679245283,0.031746031746031744
gru_v2_quantile,1,1,0.9058753692013668,1114,0.9290843806104129,0.9307553956834532,0.41397849462365593
gru_v2_quantile,1,2,0.9137071951093373,273,0.7106227106227107,0.754863813229572,0.06134371957156767
gru_v2_quantile,1,3,0.9464617157542629,476,0.7899159663865546,0.9330024813895782,0.032766990291262135
gru_v2_quantile,1,6,0.8504891474858104,116,0.3275862068965517,0.6333333333333333,0.018196856906534328
gru_v2_quantile,1,7,0.8876138899424045,363,0.6666666666666666,0.7423312883435583,0.08964781216648879
gru_v2_quantile,1,8,0.9315479922376474,145,0.6344827586206897,0.6764705882352942,0.0380952380952381
gru_v2_quantile,1,9,0.9165308092237066,103,0.46601941747572817,0.6857142857142857,0.018379281537176273
gru_v2_quantile,2,1,0.8831538001196888,1114,0.90754039497307,0.930939226519337,0.4032258064516129
gru_v2_quantile,2,2,0.8901669573529359,273,0.6117216117216118,0.7046413502109705,0.06815968841285297
gru_v2_quantile,2,3,0.9437795749367708,476,0.7163865546218487,0.9419889502762431,0.025485436893203883
gru_v2_quantile,2,6,0.873869826873164,116,0.3706896551724138,0.5512820512820513,0.028949545078577336
gru_v2_quantile,2,7,0.8367158535975845,363,0.5509641873278237,0.7434944237918215,0.0736392742796158
gru_v2_quantile,2,8,0.9233079564114047,145,0.6482758620689655,0.6666666666666666,0.04069264069264069
gru_v2_quantile,2,9,0.8877614748846225,103,0.44660194174757284,0.647887323943662,0.020885547201336674
gru_v2_quantile,3,1,0.8661753634099728,1114,0.8689407540394973,0.9361702127659575,0.3548387096774194
gru_v2_quantile,3,2,0.8574531602769188,273,0.6117216117216118,0.65748031496063,0.08471275559883155
gru_v2_quantile,3,3,0.930858387044138,476,0.6785714285714286,0.930835734870317,0.02912621359223301
gru_v2_quantile,3,6,0.848799235617923,116,0.2672413793103448,0.41333333333333333,0.036393713813068655
gru_v2_quantile,3,7,0.7968576813051442,363,0.5013774104683195,0.7,0.0832443970117396
gru_v2_quantile,3,8,0.9193849828332586,145,0.6275862068965518,0.6190476190476191,0.048484848484848485
gru_v2_quantile,3,9,0.8624149370189227,103,0.3300970873786408,0.4857142857142857,0.03007518796992481
gru_v2_quantile,4,1,0.8462433157661049,1114,0.8285457809694794,0.9456967213114754,0.2849462365591398
gru_v2_quantile,4,2,0.8084252650951774,273,0.5311355311355311,0.5534351145038168,0.11392405063291139
gru_v2_quantile,4,3,0.9158949987762095,476,0.6113445378151261,0.9267515923566879,0.027912621359223302
gru_v2_quantile,4,6,0.84338723938279,116,0.29310344827586204,0.38636363636363635,0.04466501240694789
gru_v2_quantile,4,7,0.7552354827992744,363,0.42699724517906334,0.6681034482758621,0.08217716115261472
gru_v2_quantile,4,8,0.9064457381698761,145,0.6344827586206897,0.6174496644295302,0.04935064935064935
gru_v2_quantile,4,9,0.861839063678614,103,0.33980582524271846,0.47297297297297297,0.03258145363408521
gru_v2_quantile,6,1,0.7873207080944383,1114,0.7235188509874326,0.9350348027842227,0.3010752688172043
gru_v2_quantile,6,2,0.7679859899918322,273,0.5384615384615384,0.5444444444444444,0.11976630963972736
gru_v2_quantile,6,3,0.8855832381496288,476,0.5399159663865546,0.9113475177304965,0.03033980582524272
gru_v2_quantile,6,6,0.8161846496106785,116,0.16379310344827586,0.3220338983050847,0.033085194375516956
gru_v2_quantile,6,7,0.7468298978922827,363,0.4490358126721763,0.6317829457364341,0.10138740661686232
gru_v2_quantile,6,8,0.8866756232273474,145,0.5862068965517241,0.5483870967741935,0.06060606060606061
gru_v2_quantile,6,9,0.8148121111841091,103,0.3786407766990291,0.3391304347826087,0.06349206349206349
gru_v2_quantile,8,1,0.7179928958900408,1114,0.5879712746858169,0.9317211948790897,0.25806451612903225
gru_v2_quantile,8,2,0.7580348894857172,273,0.5018315018315018,0.5131086142322098,0.12658227848101267
gru_v2_quantile,8,3,0.8437831443256915,476,0.41596638655462187,0.8571428571428571,0.04004854368932039
gru_v2_quantile,8,6,0.7589700807164655,116,0.14655172413793102,0.3148148148148148,0.030603804797353185
gru_v2_quantile,8,7,0.7373688373009223,363,0.40771349862258954,0.6065573770491803,0.10245464247598719
gru_v2_quantile,8,8,0.7921659949246156,145,0.3103448275862069,0.35714285714285715,0.07012987012987013
gru_v2_quantile,8,9,0.7820522179234494,103,0.23300970873786409,0.32,0.042606516290726815
gru_v2_quantile,10,1,0.6566185980965619,1114,0.48922800718132853,0.9206081081081081,0.25268817204301075
gru_v2_quantile,10,2,0.6995801990933441,273,0.4835164835164835,0.42857142857142855,0.17137293086660174
gru_v2_quantile,10,3,0.7854185363465774,476,0.28361344537815125,0.8385093167701864,0.03155339805825243
gru_v2_quantile,10,6,0.7009069906733978,116,0.10344827586206896,0.2553191489361702,0.028949545078577336
gru_v2_quantile,10,7,0.7350256224807501,363,0.38016528925619836,0.5655737704918032,0.11312700106723586
gru_v2_quantile,10,8,0.7586505448574414,145,0.25517241379310346,0.3557692307692308,0.05800865800865801
gru_v2_quantile,10,9,0.7403946760104144,103,0.23300970873786409,0.3287671232876712,0.04093567251461988
gru_v2_quantile,12,1,0.5792117912781607,1114,0.29443447037701975,0.9136490250696379,0.16666666666666666
gru_v2_quantile,12,2,0.6654254541304201,273,0.42124542124542125,0.38333333333333336,0.1801363193768257
gru_v2_quantile,12,3,0.7355745696336787,476,0.22478991596638656,0.6858974358974359,0.05946601941747573
gru_v2_quantile,12,6,0.6766492684179002,116,0.1206896551724138,0.28,0.02977667493796526
gru_v2_quantile,12,7,0.6980163525229985,363,0.21487603305785125,0.5611510791366906,0.06510138740661686
gru_v2_quantile,12,8,0.7525779967159277,145,0.2482758620689655,0.35294117647058826,0.05714285714285714
gru_v2_quantile,12,9,0.7508658377334924,103,0.14563106796116504,0.19230769230769232,0.05263157894736842
gru_v2_quantile_lw,1,1,0.9038194243354375,1114,0.9272890484739676,0.9306306306306307,0.41397849462365593
gru_v2_quantile_lw,1,2,0.9086175103701881,273,0.7032967032967034,0.75,0.062317429406037
gru_v2_quantile_lw,1,3,0.9466070408746022,476,0.7899159663865546,0.9238329238329238,0.03762135922330097
gru_v2_quantile_lw,1,6,0.8522147115028094,116,0.35344827586206895,0.6307692307692307,0.019851116625310174
gru_v2_quantile_lw,1,7,0.887819693000638,363,0.6170798898071626,0.7750865051903114,0.06937033084311633
gru_v2_quantile_lw,1,8,0.9290998656515898,145,0.6206896551724138,0.6617647058823529,0.03982683982683983
gru_v2_quantile_lw,1,9,0.9153790625430891,103,0.44660194174757284,0.6865671641791045,0.017543859649122806
gru_v2_quantile_lw,2,1,0.8854944885233875,1114,0.9093357271095153,0.9293577981651376,0.41397849462365593
gru_v2_quantile_lw,2,2,0.9020547774199186,273,0.6776556776556777,0.6954887218045113,0.07887049659201557
gru_v2_quantile_lw,2,3,0.9456637023741535,476,0.7121848739495799,0.946927374301676,0.023058252427184466
gru_v2_quantile_lw,2,6,0.8679943526995807,116,0.3706896551724138,0.524390243902439,0.03225806451612903
gru_v2_quantile_lw,2,7,0.8382770167964696,363,0.5922865013774105,0.7413793103448276,0.08004268943436499
gru_v2_quantile_lw,2,8,0.9208658008658008,145,0.6689655172413793,0.6554054054054054,0.04415584415584416
gru_v2_quantile_lw,2,9,0.8826840564193655,103,0.42718446601941745,0.5789473684210527,0.026733500417710943
gru_v2_quantile_lw,3,1,0.8603115769965831,1114,0.8608617594254937,0.9365234375,0.34946236559139787
gru_v2_quantile_lw,3,2,0.8751047718915295,273,0.6556776556776557,0.6172413793103448,0.10808179162609542
gru_v2_quantile_lw,3,3,0.9309756669658155,476,0.6260504201680672,0.9341692789968652,0.025485436893203883
gru_v2_quantile_lw,3,6,0.8434656741108354,116,0.28448275862068967,0.4024390243902439,0.04052936311000827
gru_v2_quantile_lw,3,7,0.7978543561157319,363,0.5179063360881543,0.7315175097276264,0.0736392742796158
gru_v2_quantile_lw,3,8,0.9173130317957904,145,0.6413793103448275,0.6458333333333334,0.04415584415584416
gru_v2_quantile_lw,3,9,0.8597140099439537,103,0.34951456310679613,0.4931506849315068,0.030910609857978277
gru_v2_quantile_lw,4,1,0.8444528097913168,1114,0.8366247755834829,0.9395161290322581,0.3225806451612903
gru_v2_quantile_lw,4,2,0.8524526431050287,273,0.6556776556776557,0.5611285266457681,0.13631937682570594
gru_v2_quantile_lw,4,3,0.9171544831524843,476,0.5945378151260504,0.9401993355481728,0.021844660194174758
gru_v2_quantile_lw,4,6,0.8387168078491771,116,0.3017241379310345,0.35714285714285715,0.052109181141439205
gru_v2_quantile_lw,4,7,0.7478118724844252,363,0.46005509641873277,0.6549019607843137,0.09391675560298826
gru_v2_quantile_lw,4,8,0.8998895357516047,145,0.5724137931034483,0.6434108527131783,0.03982683982683983
gru_v2_quantile_lw,4,9,0.8630638083882847,103,0.3592233009708738,0.4868421052631579,0.03258145363408521
gru_v2_quantile_lw,6,1,0.78081986834231,1114,0.7540394973070018,0.9292035398230089,0.34408602150537637
gru_v2_quantile_lw,6,2,0.799608376044598,273,0.5787545787545788,0.5745454545454546,0.11392405063291139
gru_v2_quantile_lw,6,3,0.8781002692339072,476,0.4684873949579832,0.9409282700421941,0.01699029126213592
gru_v2_quantile_lw,6,6,0.8188371695045777,116,0.20689655172413793,0.3380281690140845,0.03887510339123242
gru_v2_quantile_lw,6,7,0.6813345446313332,363,0.36363636363636365,0.5689655172413793,0.10672358591248667
gru_v2_quantile_lw,6,8,0.8882997462307807,145,0.5793103448275863,0.5714285714285714,0.05454545454545454
gru_v2_quantile_lw,6,9,0.817488705582727,103,0.3592233009708738,0.40217391304347827,0.04594820384294068
gru_v2_quantile_lw,8,1,0.7158886894075404,1114,0.5870736086175943,0.9289772727272727,0.26881720430107525
gru_v2_quantile_lw,8,2,0.7786682645494719,273,0.47985347985347987,0.5177865612648221,0.11879259980525804
gru_v2_quantile_lw,8,3,0.8226791323325446,476,0.42857142857142855,0.8464730290456431,0.044902912621359224
gru_v2_quantile_lw,8,6,0.7420994837568808,116,0.12931034482758622,0.4166666666666667,0.017369727047146403
gru_v2_quantile_lw,8,7,0.7041786840952456,363,0.41597796143250687,0.5852713178294574,0.11419423692636073
gru_v2_quantile_lw,8,8,0.7841349455142559,145,0.3793103448275862,0.44,0.06060606060606061
gru_v2_quantile_lw,8,9,0.7899278941690796,103,0.23300970873786409,0.3157894736842105,0.04344193817878028
gru_v2_quantile_lw,10,1,0.6778199262562499,1114,0.5,0.925249169435216,0.24193548387096775
gru_v2_quantile_lw,10,2,0.7140039447731755,273,0.42857142857142855,0.4317343173431734,0.14995131450827653
gru_v2_quantile_lw,10,3,0.773537570367953,476,0.31932773109243695,0.8,0.04611650485436893
gru_v2_quantile_lw,10,6,0.6893556943612561,116,0.1206896551724138,0.3888888888888889,0.018196856906534328
gru_v2_quantile_lw,10,7,0.6713883768312797,363,0.27823691460055094,0.5611111111111111,0.08431163287086446
gru_v2_quantile_lw,10,8,0.7265741155396328,145,0.2689655172413793,0.37142857142857144,0.05714285714285714
gru_v2_quantile_lw,10,9,0.7745415318230853,103,0.24271844660194175,0.32051282051282054,0.04427736006683375
gru_v2_quantile_lw,12,1,0.6062962104978669,1114,0.3599640933572711,0.9072398190045249,0.22043010752688172
gru_v2_quantile_lw,12,2,0.6797885658645152,273,0.38461538461538464,0.41832669322709165,0.14216163583252192
gru_v2_quantile_lw,12,3,0.7383331973566125,476,0.24369747899159663,0.7945205479452054,0.03640776699029126
gru_v2_quantile_lw,12,6,0.6436995522090072,116,0.09482758620689655,0.2558139534883721,0.026468155500413565
gru_v2_quantile_lw,12,7,0.6675163392928019,363,0.2231404958677686,0.5364238410596026,0.07470651013874066
gru_v2_quantile_lw,12,8,0.7216898044484251,145,0.2896551724137931,0.34710743801652894,0.0683982683982684
gru_v2_quantile_lw,12,9,0.7838528359734287,103,0.1553398058252427,0.25,0.040100250626566414
gru_v2_shuffled,1,1,0.9057691936449104,1114,0.9129263913824057,0.940795559666975,0.34408602150537637
gru_v2_shuffled,1,2,0.9040984980614971,273,0.6410256410256411,0.78125,0.04771178188899708
gru_v2_shuffled,1,3,0.9445265970465856,476,0.773109243697479,0.9484536082474226,0.024271844660194174
gru_v2_shuffled,1,6,0.8491129745301047,116,0.29310344827586204,0.6666666666666666,0.014061207609594707
gru_v2_shuffled,1,7,0.884300460704846,363,0.5619834710743802,0.8031496062992126,0.05336179295624333
gru_v2_shuffled,1,8,0.9276011344976862,145,0.6413793103448275,0.6992481203007519,0.03463203463203463
gru_v2_shuffled,1,9,0.9188099699085902,103,0.3592233009708738,0.7551020408163265,0.010025062656641603
gru_v2_shuffled,2,1,0.8796886160498832,1114,0.855475763016158,0.9482587064676616,0.27956989247311825
gru_v2_shuffled,2,2,0.8854803100177978,273,0.6190476190476191,0.7253218884120172,0.062317429406037
gru_v2_shuffled,2,3,0.9377855511136494,476,0.6722689075630253,0.943952802359882,0.023058252427184466
gru_v2_shuffled,2,6,0.8730070448646644,116,0.3017241379310345,0.625,0.017369727047146403
gru_v2_shuffled,2,7,0.8348695061608615,363,0.5261707988980716,0.7519685039370079,0.0672358591248666
gru_v2_shuffled,2,8,0.9255829228243021,145,0.6620689655172414,0.6713286713286714,0.04069264069264069
gru_v2_shuffled,2,9,0.8891808810051017,103,0.32038834951456313,0.717391304347826,0.01086048454469507
gru_v2_shuffled,3,1,0.8557605065539275,1114,0.7971274685816876,0.9507494646680942,0.24731182795698925
gru_v2_shuffled,3,2,0.8452728705893263,273,0.5714285714285714,0.6582278481012658,0.07887049659201557
gru_v2_shuffled,3,3,0.9122032308068858,476,0.5819327731092437,0.9326599326599326,0.024271844660194174
gru_v2_shuffled,3,6,0.8608781837369157,116,0.29310344827586204,0.576271186440678,0.0206782464846981
gru_v2_shuffled,3,7,0.8006856181882863,363,0.44077134986225897,0.7142857142857143,0.06830309498399147
gru_v2_shuffled,3,8,0.928234064785789,145,0.6344827586206897,0.6715328467153284,0.03896103896103896
gru_v2_shuffled,3,9,0.8677194604634564,103,0.2524271844660194,0.5777777777777777,0.015873015873015872
gru_v2_shuffled,4,1,0.8227061253643752,1114,0.7208258527827648,0.9525504151838672,0.21505376344086022
gru_v2_shuffled,4,2,0.796990416269871,273,0.5347985347985348,0.5367647058823529,0.12268743914313535
gru_v2_shuffled,4,3,0.891523721138941,476,0.5630252100840336,0.9241379310344827,0.02669902912621359
gru_v2_shuffled,4,6,0.8464105416274493,116,0.25,0.48333333333333334,0.02564102564102564
gru_v2_shuffled,4,7,0.7550414399157972,363,0.3856749311294766,0.6862745098039216,0.06830309498399147
gru_v2_shuffled,4,8,0.9150261233019854,145,0.6413793103448275,0.6595744680851063,0.04155844155844156
gru_v2_shuffled,4,9,0.857418627474836,103,0.22330097087378642,0.5227272727272727,0.017543859649122806
gru_v2_shuffled,6,1,0.7598984575587344,1114,0.5709156193895871,0.9535232383808095,0.16666666666666666
gru_v2_shuffled,6,2,0.7275609816992485,273,0.5274725274725275,0.48,0.1518987341772152
gru_v2_shuffled,6,3,0.8466361058986701,476,0.43487394957983194,0.9078947368421053,0.025485436893203883
gru_v2_shuffled,6,6,0.8264595989846268,116,0.20689655172413793,0.3380281690140845,0.03887510339123242
gru_v2_shuffled,6,7,0.743742852018781,363,0.36363636363636365,0.6255924170616114,0.08431163287086446
gru_v2_shuffled,6,8,0.8923242274966413,145,0.6068965517241379,0.5751633986928104,0.05627705627705628
gru_v2_shuffled,6,9,0.8161585192755351,103,0.1941747572815534,0.4166666666666667,0.023391812865497075
gru_v2_shuffled,8,1,0.6950493233721357,1114,0.4533213644524237,0.9351851851851852,0.1881720430107527
gru_v2_shuffled,8,2,0.6826419280168063,273,0.5091575091575091,0.41002949852507375,0.19474196689386564
gru_v2_shuffled,8,3,0.7922896100187647,476,0.33613445378151263,0.8163265306122449,0.043689320388349516
gru_v2_shuffled,8,6,0.7353041841362198,116,0.04310344827586207,0.20833333333333334,0.015715467328370553
gru_v2_shuffled,8,7,0.7329734719857937,363,0.3526170798898072,0.6432160804020101,0.07577374599786553
gru_v2_shuffled,8,8,0.7759486490520974,145,0.4068965517241379,0.44360902255639095,0.06406926406926407
gru_v2_shuffled,8,9,0.7810545781930555,103,0.1941747572815534,0.32786885245901637,0.034252297410192145
gru_v2_shuffled,10,1,0.6272514044130422,1114,0.2495511669658887,0.9455782312925171,0.08602150537634409
gru_v2_shuffled,10,2,0.6195326906135086,273,0.46886446886446886,0.35359116022099446,0.22784810126582278
gru_v2_shuffled,10,3,0.7278901852002937,476,0.20588235294117646,0.765625,0.03640776699029126
gru_v2_shuffled,10,6,0.6631584951940903,116,0.0,0.0,0.007444168734491315
gru_v2_shuffled,10,7,0.7158300772349477,363,0.29201101928374656,0.5196078431372549,0.10458911419423693
gru_v2_shuffled,10,8,0.7362472010747872,145,0.3586206896551724,0.35135135135135137,0.08311688311688312
gru_v2_shuffled,10,9,0.7576222108669732,103,0.1553398058252427,0.26666666666666666,0.036758563074352546
gru_v2_shuffled,12,1,0.5935551437230941,1114,0.18491921005385997,0.9671361502347418,0.03763440860215054
gru_v2_shuffled,12,2,0.5923508494102457,273,0.4468864468864469,0.324468085106383,0.24732229795520935
gru_v2_shuffled,12,3,0.6813581014930244,476,0.13025210084033614,0.7380952380952381,0.02669902912621359
gru_v2_shuffled,12,6,0.597209149767548,116,0.0,0.0,0.007444168734491315
gru_v2_shuffled,12,7,0.6844774513349269,363,0.22589531680440772,0.4606741573033708,0.10245464247598719
gru_v2_shuffled,12,8,0.7100761307657859,145,0.2620689655172414,0.296875,0.07792207792207792
gru_v2_shuffled,12,9,0.7366717765287004,103,0.11650485436893204,0.25,0.03007518796992481
lgbm_v2,1,1,0.9006486361267158,1114,0.8689407540394973,0.9536945812807882,0.25268817204301075
lgbm_v2,1,2,0.9021796120140814,273,0.6227106227106227,0.7692307692307693,0.04965920155793573
lgbm_v2,1,3,0.9513211838133312,476,0.7794117647058824,0.9392405063291139,0.02912621359223301
lgbm_v2,1,6,0.8650566156127891,116,0.3017241379310345,0.6481481481481481,0.015715467328370553
lgbm_v2,1,7,0.8883489008646669,363,0.6143250688705234,0.7716262975778547,0.07043756670224119
lgbm_v2,1,8,0.9328437080161218,145,0.6,0.75,0.025108225108225107
lgbm_v2,1,9,0.8998629259232223,103,0.3300970873786408,0.723404255319149,0.01086048454469507
lgbm_v2,2,1,0.889476071890504,1114,0.7989228007181328,0.9621621621621622,0.1881720430107527
lgbm_v2,2,2,0.8831334196475384,273,0.6190476190476191,0.7012448132780082,0.07010710808179163
lgbm_v2,2,3,0.9505920086481194,476,0.7310924369747899,0.9380053908355795,0.027912621359223302
lgbm_v2,2,6,0.8713242634265994,116,0.28448275862068967,0.5892857142857143,0.01902398676592225
lgbm_v2,2,7,0.8356280374326363,363,0.5537190082644629,0.75,0.07150480256136606
lgbm_v2,2,8,0.9235229138677414,145,0.6551724137931034,0.7480314960629921,0.027705627705627706
lgbm_v2,2,9,0.8691226447997015,103,0.24271844660194175,0.6944444444444444,0.009189640768588136
lgbm_v2,3,1,0.8658037489623752,1114,0.7280071813285458,0.9654761904761905,0.15591397849462366
lgbm_v2,3,2,0.853034015643558,273,0.6007326007326007,0.6639676113360324,0.08081791626095423
lgbm_v2,3,3,0.9367325813820674,476,0.6890756302521008,0.9425287356321839,0.024271844660194174
lgbm_v2,3,6,0.8479079318901344,116,0.2413793103448276,0.5384615384615384,0.019851116625310174
lgbm_v2,3,7,0.7869232736798469,363,0.4490358126721763,0.6848739495798319,0.08004268943436499
lgbm_v2,3,8,0.9268846096432304,145,0.6275862068965518,0.7054263565891473,0.0329004329004329
lgbm_v2,3,9,0.8600790000892198,103,0.18446601941747573,0.5135135135135135,0.015037593984962405
lgbm_v2,4,1,0.8305679427038088,1114,0.5942549371633752,0.9692532942898975,0.11290322580645161
lgbm_v2,4,2,0.8113570947066565,273,0.5384615384615384,0.5697674418604651,0.10808179162609542
lgbm_v2,4,3,0.9265980664110305,476,0.6428571428571429,0.95625,0.01699029126213592
lgbm_v2,4,6,0.8416973275149026,116,0.19827586206896552,0.5227272727272727,0.017369727047146403
lgbm_v2,4,7,0.7400677974074695,363,0.4022038567493113,0.6488888888888888,0.08431163287086446
lgbm_v2,4,8,0.9183519928347514,145,0.5793103448275863,0.6774193548387096,0.03463203463203463
lgbm_v2,4,9,0.8508001395073445,103,0.24271844660194175,0.625,0.012531328320802004
lgbm_v2,6,1,0.7676058377251405,1114,0.4649910233393178,0.961038961038961,0.11290322580645161
lgbm_v2,6,2,0.7508640337267406,273,0.5091575091575091,0.5054545454545455,0.13242453748782862
lgbm_v2,6,3,0.8815064860895815,476,0.5357142857142857,0.9444444444444444,0.01820388349514563
lgbm_v2,6,6,0.8083340463763156,116,0.12931034482758622,0.39473684210526316,0.01902398676592225
lgbm_v2,6,7,0.7251323754670994,363,0.3526170798898072,0.6124401913875598,0.0864461045891142
lgbm_v2,6,8,0.8956799522316764,145,0.4827586206896552,0.6140350877192983,0.0380952380952381
lgbm_v2,6,9,0.8072122052704577,103,0.1941747572815534,0.425531914893617,0.022556390977443608
lgbm_v2,8,1,0.6955898534777321,1114,0.39138240574506283,0.9519650655021834,0.11827956989247312
lgbm_v2,8,2,0.6984638211512603,273,0.4981684981684982,0.43870967741935485,0.1694255111976631
lgbm_v2,8,3,0.8137033939789508,476,0.3634453781512605,0.9202127659574468,0.01820388349514563
lgbm_v2,8,6,0.7431690482302273,116,0.14655172413793102,0.4146341463414634,0.019851116625310174
lgbm_v2,8,7,0.7259056069573194,363,0.31129476584022037,0.5305164319248826,0.10672358591248667
lgbm_v2,8,8,0.7767965367965368,145,0.20689655172413793,0.47619047619047616,0.02857142857142857
lgbm_v2,8,9,0.7808680276743639,103,0.21359223300970873,0.43137254901960786,0.02422723475355054
lgbm_v2,10,1,0.6674581571784328,1114,0.3007181328545781,0.9436619718309859,0.10752688172043011
lgbm_v2,10,2,0.642710908046838,273,0.4542124542124542,0.3987138263665595,0.18208373904576436
lgbm_v2,10,3,0.7529319980419352,476,0.2920168067226891,0.9144736842105263,0.015776699029126214
lgbm_v2,10,6,0.6917087362026183,116,0.08620689655172414,0.38461538461538464,0.013234077750206782
lgbm_v2,10,7,0.7237182144526668,363,0.25068870523415976,0.5260115606936416,0.08751334044823907
lgbm_v2,10,8,0.7668607254814152,145,0.1103448275862069,0.5161290322580645,0.012987012987012988
lgbm_v2,10,9,0.7703076461379987,103,0.13592233009708737,0.3333333333333333,0.023391812865497075
lgbm_v2,12,1,0.6105818420493813,1114,0.1741472172351885,0.9326923076923077,0.07526881720430108
lgbm_v2,12,2,0.6007415174893267,273,0.4432234432234432,0.3370473537604457,0.2317429406037001
lgbm_v2,12,3,0.71176419596965,476,0.19117647058823528,0.8666666666666667,0.01699029126213592
lgbm_v2,12,6,0.7084723767148684,116,0.05172413793103448,0.2608695652173913,0.014061207609594707
lgbm_v2,12,7,0.6939179316204639,363,0.20385674931129477,0.49333333333333335,0.08110992529348986
lgbm_v2,12,8,0.7697089117778773,145,0.16551724137931034,0.5853658536585366,0.01471861471861472
lgbm_v2,12,9,0.7520094735219927,103,0.08737864077669903,0.21428571428571427,0.02756892230576441
lgbm_v2_climatology,1,1,0.8973668461998803,1114,0.8545780969479354,0.9577464788732394,0.22580645161290322
lgbm_v2_climatology,1,2,0.9001037910482896,273,0.6227106227106227,0.7623318385650224,0.05160662122687439
lgbm_v2_climatology,1,3,0.9498832299910256,476,0.773109243697479,0.9411764705882353,0.027912621359223302
lgbm_v2_climatology,1,6,0.8652705285074584,116,0.29310344827586204,0.6181818181818182,0.017369727047146403
lgbm_v2_climatology,1,7,0.8879167144423766,363,0.6253443526170799,0.7721088435374149,0.07150480256136606
lgbm_v2_climatology,1,8,0.929894014031945,145,0.6137931034482759,0.717741935483871,0.030303030303030304
lgbm_v2_climatology,1,9,0.8963346878523168,103,0.34951456310679613,0.7346938775510204,0.01086048454469507
lgbm_v2_climatology,2,1,0.8840997278044825,1114,0.7719928186714542,0.9662921348314607,0.16129032258064516
lgbm_v2_climatology,2,2,0.8813215346808336,273,0.6336996336996337,0.6975806451612904,0.0730282375851996
lgbm_v2_climatology,2,3,0.9457784327323162,476,0.7163865546218487,0.9266304347826086,0.032766990291262135
lgbm_v2_climatology,2,6,0.8750320869342004,116,0.28448275862068967,0.5892857142857143,0.01902398676592225
lgbm_v2_climatology,2,7,0.8331172401221882,363,0.5537190082644629,0.7389705882352942,0.07577374599786553
lgbm_v2_climatology,2,8,0.9219226750261234,145,0.6137931034482759,0.7542372881355932,0.025108225108225107
lgbm_v2_climatology,2,9,0.869284862642042,103,0.24271844660194175,0.6944444444444444,0.009189640768588136
lgbm_v2_climatology,3,1,0.8577488851566573,1114,0.7315978456014363,0.966785290628707,0.15053763440860216
lgbm_v2_climatology,3,2,0.8507655927324866,273,0.5934065934065934,0.6639344262295082,0.0798442064264849
lgbm_v2_climatology,3,3,0.9278142082075549,476,0.6764705882352942,0.930635838150289,0.02912621359223301
lgbm_v2_climatology,3,6,0.8492199309774393,116,0.25,0.5471698113207547,0.019851116625310174
lgbm_v2_climatology,3,7,0.7861235817964255,363,0.4793388429752066,0.6904761904761905,0.0832443970117396
lgbm_v2_climatology,3,8,0.9279295417226452,145,0.6206896551724138,0.7377049180327869,0.027705627705627706
lgbm_v2_climatology,3,9,0.8598924495705282,103,0.1941747572815534,0.5714285714285714,0.012531328320802004
lgbm_v2_climatology,4,1,0.8241974093164225,1114,0.6283662477558348,0.9681881051175657,0.12365591397849462
lgbm_v2_climatology,4,2,0.8085215660678173,273,0.5347985347985348,0.5725490196078431,0.10613437195715676
lgbm_v2_climatology,4,3,0.9096587664191891,476,0.6134453781512605,0.9329073482428115,0.025485436893203883
lgbm_v2_climatology,4,6,0.848799235617923,116,0.21551724137931033,0.5434782608695652,0.017369727047146403
lgbm_v2_climatology,4,7,0.7411026927860148,363,0.3884297520661157,0.6438356164383562,0.0832443970117396
lgbm_v2_climatology,4,8,0.9161845051500224,145,0.593103448275862,0.7166666666666667,0.02943722943722944
lgbm_v2_climatology,4,9,0.8484642025776415,103,0.24271844660194175,0.5952380952380952,0.014202172096908938
lgbm_v2_climatology,6,1,0.7506660103086813,1114,0.46858168761220825,0.9577981651376147,0.12365591397849462
lgbm_v2_climatology,6,2,0.747094028983026,273,0.5054945054945055,0.5092250922509225,0.12950340798442064
lgbm_v2_climatology,6,3,0.8544938606510566,476,0.5063025210084033,0.8925925925925926,0.03519417475728155
lgbm_v2_climatology,6,6,0.8218248196001255,116,0.1724137931034483,0.46511627906976744,0.01902398676592225
lgbm_v2_climatology,6,7,0.7224775160158879,363,0.3305785123966942,0.5970149253731343,0.0864461045891142
lgbm_v2_climatology,6,8,0.891619644723093,145,0.43448275862068964,0.6237623762376238,0.0329004329004329
lgbm_v2_climatology,6,9,0.8021672303736688,103,0.2524271844660194,0.43333333333333335,0.028404344193817876
lgbm_v2_climatology,8,1,0.6990598637091948,1114,0.36894075403949733,0.958041958041958,0.0967741935483871
lgbm_v2_climatology,8,2,0.6969016053728809,273,0.4981684981684982,0.44299674267100975,0.1665043816942551
lgbm_v2_climatology,8,3,0.7785066696581545,476,0.34243697478991597,0.8763440860215054,0.027912621359223302
lgbm_v2_climatology,8,6,0.762570947776732,116,0.1724137931034483,0.45454545454545453,0.019851116625310174
lgbm_v2_climatology,8,7,0.7174412211765466,363,0.31129476584022037,0.565,0.09284951974386339
lgbm_v2_climatology,8,8,0.7770174652933274,145,0.20689655172413793,0.5357142857142857,0.022510822510822513
lgbm_v2_climatology,8,9,0.7773884549561606,103,0.21359223300970873,0.3283582089552239,0.03759398496240601
lgbm_v2_climatology,10,1,0.6569902125441593,1114,0.25763016157989227,0.9471947194719472,0.08602150537634409
lgbm_v2_climatology,10,2,0.6384290814670561,273,0.45787545787545786,0.3943217665615142,0.186952288218111
lgbm_v2_climatology,10,3,0.7204276127926899,476,0.2710084033613445,0.7962962962962963,0.04004854368932039
lgbm_v2_climatology,10,6,0.7082014203816206,116,0.06896551724137931,0.2857142857142857,0.016542597187758478
lgbm_v2_climatology,10,7,0.6939414519699763,363,0.24517906336088155,0.49171270718232046,0.09818569903948772
lgbm_v2_climatology,10,8,0.7374712643678161,145,0.1310344827586207,0.4523809523809524,0.019913419913419914
lgbm_v2_climatology,10,9,0.7659683188553909,103,0.13592233009708737,0.2916666666666667,0.028404344193817876
lgbm_v2_climatology,12,1,0.6284869017972626,1114,0.1813285457809695,0.9308755760368663,0.08064516129032258
lgbm_v2_climatology,12,2,0.6016617267834405,273,0.43956043956043955,0.3287671232876712,0.2385589094449854
lgbm_v2_climatology,12,3,0.6574253487802888,476,0.18907563025210083,0.7692307692307693,0.032766990291262135
lgbm_v2_climatology,12,6,0.7014061207609594,116,0.08620689655172414,0.3333333333333333,0.016542597187758478
lgbm_v2_climatology,12,7,0.6535040910707933,363,0.2231404958677686,0.47093023255813954,0.09711846318036287
lgbm_v2_climatology,12,8,0.7286639796984624,145,0.10344827586206896,0.4838709677419355,0.013852813852813853
lgbm_v2_climatology,12,9,0.7624806352450706,103,0.14563106796116504,0.23809523809523808,0.040100250626566414
lgbm_v2_noclimate,1,1,0.8969904055906257,1114,0.8420107719928187,0.9591002044989775,0.21505376344086022
lgbm_v2_noclimate,1,2,0.900617396235702,273,0.6263736263736264,0.7702702702702703,0.04965920155793573
lgbm_v2_noclimate,1,3,0.9502376193195725,476,0.7752100840336135,0.9413265306122449,0.027912621359223302
lgbm_v2_noclimate,1,6,0.8638159208237073,116,0.28448275862068967,0.5892857142857143,0.01902398676592225
lgbm_v2_noclimate,1,7,0.8834890086466685,363,0.6115702479338843,0.7735191637630662,0.06937033084311633
lgbm_v2_noclimate,1,8,0.929004329004329,145,0.6068965517241379,0.7154471544715447,0.030303030303030304
lgbm_v2_noclimate,1,9,0.8978433137860833,103,0.34951456310679613,0.7346938775510204,0.01086048454469507
lgbm_v2_noclimate,2,1,0.8839838999247118,1114,0.7621184919210053,0.9658703071672355,0.16129032258064516
lgbm_v2_noclimate,2,2,0.8807009284127103,273,0.6190476190476191,0.6814516129032258,0.07692307692307693
lgbm_v2_noclimate,2,3,0.9470557640531941,476,0.7121848739495799,0.9416666666666667,0.025485436893203883
lgbm_v2_noclimate,2,6,0.8696700037078235,116,0.2672413793103448,0.5636363636363636,0.019851116625310174
lgbm_v2_noclimate,2,7,0.8293392839817599,363,0.5344352617079889,0.7404580152671756,0.07257203842049093
lgbm_v2_noclimate,2,8,0.9179101358411703,145,0.6206896551724138,0.7563025210084033,0.025108225108225107
lgbm_v2_noclimate,2,9,0.8735836354640647,103,0.2621359223300971,0.6923076923076923,0.010025062656641603
lgbm_v2_noclimate,3,1,0.8570635702013475,1114,0.7351885098743267,0.9646643109540636,0.16129032258064516
lgbm_v2_noclimate,3,2,0.8508404934889843,273,0.5970695970695971,0.6546184738955824,0.08373904576436222
lgbm_v2_noclimate,3,3,0.9258739903728481,476,0.680672268907563,0.9257142857142857,0.03155339805825243
lgbm_v2_noclimate,3,6,0.8497761045035794,116,0.25,0.5918367346938775,0.016542597187758478
lgbm_v2_noclimate,3,7,0.7769330052244576,363,0.4793388429752066,0.6850393700787402,0.08537886872998933
lgbm_v2_noclimate,3,8,0.9254037916106882,145,0.6,0.71900826446281,0.02943722943722944
lgbm_v2_noclimate,3,9,0.860151998118273,103,0.20388349514563106,0.5675675675675675,0.013366750208855471
lgbm_v2_noclimate,4,1,0.8225613405146619,1114,0.604129263913824,0.9697406340057637,0.11290322580645161
lgbm_v2_noclimate,4,2,0.8085572330947209,273,0.5384615384615384,0.57421875,0.10613437195715676
lgbm_v2_noclimate,4,3,0.9099545157868972,476,0.6029411764705882,0.9379084967320261,0.023058252427184466
lgbm_v2_noclimate,4,6,0.8466601066712302,116,0.22413793103448276,0.5777777777777777,0.015715467328370553
lgbm_v2_noclimate,4,7,0.7341994702041272,363,0.3939393939393939,0.6327433628318584,0.08858057630736393
lgbm_v2_noclimate,4,8,0.9118375876996566,145,0.5862068965517241,0.7024793388429752,0.03116883116883117
lgbm_v2_noclimate,4,9,0.8497295017478973,103,0.2621359223300971,0.6428571428571429,0.012531328320802004
lgbm_v2_noclimate,6,1,0.7505115731356538,1114,0.4533213644524237,0.9582542694497154,0.11827956989247312
lgbm_v2_noclimate,6,2,0.7435398097520785,273,0.5164835164835165,0.5,0.13729308666017526
lgbm_v2_noclimate,6,3,0.8526658236109977,476,0.49369747899159666,0.8935361216730038,0.03398058252427184
lgbm_v2_noclimate,6,6,0.8201349077322381,116,0.1810344827586207,0.5,0.017369727047146403
lgbm_v2_noclimate,6,7,0.7167532509533092,363,0.31955922865013775,0.6010362694300518,0.08217716115261472
lgbm_v2_noclimate,6,8,0.8860426929392446,145,0.42758620689655175,0.5849056603773585,0.0380952380952381
lgbm_v2_noclimate,6,9,0.8014534718673707,103,0.2524271844660194,0.43333333333333335,0.028404344193817876
lgbm_v2_noclimate,8,1,0.6983118086523427,1114,0.3653500897666068,0.9599056603773585,0.0913978494623656
lgbm_v2_noclimate,8,2,0.6944459305705655,273,0.5018315018315018,0.4308176100628931,0.1762414800389484
lgbm_v2_noclimate,8,3,0.7821576446112426,476,0.3445378151260504,0.8817204301075269,0.02669902912621359
lgbm_v2_noclimate,8,6,0.7530446935341263,116,0.15517241379310345,0.45,0.018196856906534328
lgbm_v2_noclimate,8,7,0.7099411697257821,363,0.2892561983471074,0.546875,0.09284951974386339
lgbm_v2_noclimate,8,8,0.7685266457680251,145,0.21379310344827587,0.5166666666666667,0.025108225108225107
lgbm_v2_noclimate,8,9,0.7790106333795654,103,0.24271844660194175,0.32894736842105265,0.042606516290726815
lgbm_v2_noclimate,10,1,0.6548570490917164,1114,0.25673249551166966,0.9565217391304348,0.06989247311827956
lgbm_v2_noclimate,10,2,0.6361891921775077,273,0.46153846153846156,0.3829787234042553,0.1976630963972736
lgbm_v2_noclimate,10,3,0.7192777596475484,476,0.26260504201680673,0.8012820512820513,0.03762135922330097
lgbm_v2_noclimate,10,6,0.7021476854624796,116,0.06896551724137931,0.36363636363636365,0.011579818031430935
lgbm_v2_noclimate,10,7,0.6855417471503626,363,0.22589531680440772,0.47674418604651164,0.096051227321238
lgbm_v2_noclimate,10,8,0.7261203164651441,145,0.12413793103448276,0.43902439024390244,0.019913419913419914
lgbm_v2_noclimate,10,9,0.7733816742503508,103,0.1553398058252427,0.2857142857142857,0.03341687552213868
lgbm_v2_noclimate,12,1,0.6325457037508928,1114,0.1687612208258528,0.9306930693069307,0.07526881720430108
lgbm_v2_noclimate,12,2,0.6018578954314106,273,0.45054945054945056,0.335149863760218,0.23758519961051608
lgbm_v2_noclimate,12,3,0.6550364077669902,476,0.18067226890756302,0.7747747747747747,0.03033980582524272
lgbm_v2_noclimate,12,6,0.7164085451070991,116,0.06896551724137931,0.34782608695652173,0.01240694789081886
lgbm_v2_noclimate,12,7,0.64661850875104,363,0.21487603305785125,0.43333333333333335,0.10885805763073639
lgbm_v2_noclimate,12,8,0.7094670846394985,145,0.11724137931034483,0.68,0.006926406926406926
lgbm_v2_noclimate,12,9,0.756859787007973,103,0.1650485436893204,0.2537313432835821,0.04177109440267335
mix_nb_chronos,1,1,0.9047170904036601,1114,0.9183123877917415,0.9385321100917431,0.3602150537634409
mix_nb_chronos,1,2,0.9084712755598832,273,0.673992673992674,0.7603305785123967,0.05647517039922103
mix_nb_chronos,1,3,0.9498551847923635,476,0.7773109243697479,0.9343434343434344,0.03155339805825243
mix_nb_chronos,1,6,0.8562933173611705,116,0.3275862068965517,0.5757575757575758,0.02315963606286187
mix_nb_chronos,1,7,0.8926884053497035,363,0.6831955922865014,0.7678018575851393,0.08004268943436499
mix_nb_chronos,1,8,0.9296730855351545,145,0.6551724137931034,0.6690140845070423,0.04069264069264069
mix_nb_chronos,1,9,0.9202212651369525,103,0.42718446601941745,0.7096774193548387,0.015037593984962405
mix_nb_chronos,2,1,0.8863776761066389,1114,0.895870736086176,0.9450757575757576,0.3118279569892473
mix_nb_chronos,2,2,0.8926244155065967,273,0.6556776556776557,0.7246963562753036,0.06621226874391431
mix_nb_chronos,2,3,0.9453067634820919,476,0.7352941176470589,0.948509485094851,0.023058252427184466
mix_nb_chronos,2,6,0.8724722626279913,116,0.3706896551724138,0.581081081081081,0.02564102564102564
mix_nb_chronos,2,7,0.8463268564170864,363,0.6088154269972452,0.7293729372937293,0.08751334044823907
mix_nb_chronos,2,8,0.9218450515002239,145,0.6896551724137931,0.6756756756756757,0.04155844155844156
mix_nb_chronos,2,9,0.8959048105701146,103,0.30097087378640774,0.6458333333333334,0.014202172096908938
mix_nb_chronos,3,1,0.8631445338893071,1114,0.8545780969479354,0.9425742574257425,0.3118279569892473
mix_nb_chronos,3,2,0.8655174750598315,273,0.6190476190476191,0.6706349206349206,0.08081791626095423
mix_nb_chronos,3,3,0.930728359304887,476,0.6827731092436975,0.9365994236311239,0.02669902912621359
mix_nb_chronos,3,6,0.8562006217734806,116,0.29310344827586204,0.4788732394366197,0.030603804797353185
mix_nb_chronos,3,7,0.8101407986922685,363,0.5289256198347108,0.7058823529411765,0.08537886872998933
mix_nb_chronos,3,8,0.9224123003433349,145,0.6827586206896552,0.6556291390728477,0.045021645021645025
mix_nb_chronos,3,9,0.8688225417913716,103,0.23300970873786409,0.5454545454545454,0.01670843776106934
mix_nb_chronos,4,1,0.8379471438775313,1114,0.8159784560143627,0.9498432601880877,0.25806451612903225
mix_nb_chronos,4,2,0.8301179508579704,273,0.5677655677655677,0.5938697318007663,0.10321324245374879
mix_nb_chronos,4,3,0.9164890470751408,476,0.6281512605042017,0.9373040752351097,0.024271844660194174
mix_nb_chronos,4,6,0.8450486295313882,116,0.25862068965517243,0.45454545454545453,0.02977667493796526
mix_nb_chronos,4,7,0.7751425186178267,363,0.44077134986225897,0.6584362139917695,0.08858057630736393
mix_nb_chronos,4,8,0.9113001940588148,145,0.696551724137931,0.6273291925465838,0.05194805194805195
mix_nb_chronos,4,9,0.8588542553795492,103,0.2524271844660194,0.6046511627906976,0.014202172096908938
mix_nb_chronos,6,1,0.7858149456574197,1114,0.7280071813285458,0.9397450753186558,0.27956989247311825
mix_nb_chronos,6,2,0.7697229742020394,273,0.5457875457875457,0.5302491103202847,0.12852969814995133
mix_nb_chronos,6,3,0.8799334054009953,476,0.5315126050420168,0.9166666666666666,0.027912621359223302
mix_nb_chronos,6,6,0.8220458629246171,116,0.1724137931034483,0.38461538461538464,0.026468155500413565
mix_nb_chronos,6,7,0.7692359708465267,363,0.3691460055096419,0.6442307692307693,0.07897545357524013
mix_nb_chronos,6,8,0.8871234512613823,145,0.5862068965517241,0.551948051948052,0.05974025974025974
mix_nb_chronos,6,9,0.8308960102521676,103,0.20388349514563106,0.5,0.017543859649122806
mix_nb_chronos,8,1,0.735502210382039,1114,0.6543985637342908,0.9310344827586207,0.2903225806451613
mix_nb_chronos,8,2,0.7316198893608825,273,0.5164835164835165,0.4563106796116505,0.16358325219084713
mix_nb_chronos,8,3,0.8352523048054173,476,0.42016806722689076,0.8888888888888888,0.03033980582524272
mix_nb_chronos,8,6,0.7576081686204045,116,0.09482758620689655,0.3142857142857143,0.019851116625310174
mix_nb_chronos,8,7,0.7727993037976544,363,0.349862258953168,0.6225490196078431,0.08217716115261472
mix_nb_chronos,8,8,0.7793819973130318,145,0.38620689655172413,0.3916083916083916,0.07532467532467532
mix_nb_chronos,8,9,0.8158340835908542,103,0.1650485436893204,0.4594594594594595,0.01670843776106934
mix_nb_chronos,10,1,0.7061591475068049,1114,0.5987432675044884,0.9341736694677871,0.25268817204301075
mix_nb_chronos,10,2,0.6823708586123387,273,0.4981684981684982,0.41975308641975306,0.1830574488802337
mix_nb_chronos,10,3,0.7910734682222403,476,0.30462184873949577,0.8529411764705882,0.03033980582524272
mix_nb_chronos,10,6,0.6965289067624997,116,0.06896551724137931,0.26666666666666666,0.018196856906534328
mix_nb_chronos,10,7,0.7681540347689567,363,0.27823691460055094,0.6047904191616766,0.07043756670224119
mix_nb_chronos,10,8,0.7297566801015077,145,0.2206896551724138,0.2689075630252101,0.07532467532467532
mix_nb_chronos,10,9,0.7972520297507523,103,0.11650485436893204,0.32432432432432434,0.020885547201336674
mix_nb_chronos,12,1,0.6701366768981294,1114,0.552064631956912,0.9165424739195231,0.3010752688172043
mix_nb_chronos,12,2,0.6560913931897379,273,0.4835164835164835,0.3893805309734513,0.20155793573515093
mix_nb_chronos,12,3,0.7446637635636779,476,0.22899159663865545,0.8384615384615385,0.025485436893203883
mix_nb_chronos,12,6,0.6780682239525399,116,0.0603448275862069,0.30434782608695654,0.013234077750206782
mix_nb_chronos,12,7,0.7483851810037897,363,0.2066115702479339,0.5813953488372093,0.0576307363927428
mix_nb_chronos,12,8,0.708499776085983,145,0.20689655172413793,0.2727272727272727,0.06926406926406926
mix_nb_chronos,12,9,0.7838041706207266,103,0.10679611650485436,0.2972972972972973,0.02172096908939014
nb_shared_v2,1,1,0.898590278179958,1114,0.9021543985637342,0.9418931583880038,0.3333333333333333
nb_shared_v2,1,2,0.8957310135499035,273,0.5897435897435898,0.7815533980582524,0.043816942551119765
nb_shared_v2,1,3,0.9492471138941013,476,0.7815126050420168,0.9346733668341709,0.03155339805825243
nb_shared_v2,1,6,0.8383602863580617,116,0.33620689655172414,0.5,0.03225806451612903
nb_shared_v2,1,7,0.8889471997553884,363,0.6942148760330579,0.7304347826086957,0.09925293489861259
nb_shared_v2,1,8,0.9270040304523063,145,0.6482758620689655,0.6714285714285714,0.03982683982683983
nb_shared_v2,1,9,0.9238265566829695,103,0.5145631067961165,0.6973684210526315,0.01921470342522974
nb_shared_v2,2,1,0.8767663751665026,1114,0.8662477558348295,0.9423828125,0.3172043010752688
nb_shared_v2,2,2,0.8857620795303366,273,0.5787545787545788,0.728110599078341,0.05744888023369036
nb_shared_v2,2,3,0.9442130007342743,476,0.7373949579831933,0.9335106382978723,0.03033980582524272
nb_shared_v2,2,6,0.8587354895753117,116,0.3706896551724138,0.5119047619047619,0.03391232423490488
nb_shared_v2,2,7,0.8440218621648717,363,0.6556473829201102,0.7041420118343196,0.10672358591248667
nb_shared_v2,2,8,0.9208389311837588,145,0.6551724137931034,0.6597222222222222,0.04242424242424243
nb_shared_v2,2,9,0.89602647395187,103,0.4174757281553398,0.6515151515151515,0.01921470342522974
nb_shared_v2,3,1,0.8541799386112238,1114,0.8204667863554758,0.9451913133402275,0.2849462365591398
nb_shared_v2,3,2,0.858346619300855,273,0.5860805860805861,0.6866952789699571,0.07108081791626096
nb_shared_v2,3,3,0.9266222872644203,476,0.6785714285714286,0.9176136363636364,0.03519417475728155
nb_shared_v2,3,6,0.8406384586862896,116,0.3017241379310345,0.39325842696629215,0.04466501240694789
nb_shared_v2,3,7,0.8114917487673867,363,0.5867768595041323,0.684887459807074,0.10458911419423693
nb_shared_v2,3,8,0.921071801761457,145,0.6275862068965518,0.6190476190476191,0.048484848484848485
nb_shared_v2,3,9,0.8646616541353384,103,0.32038834951456313,0.5,0.02756892230576441
nb_shared_v2,4,1,0.8266008378216637,1114,0.7684021543985637,0.9469026548672567,0.25806451612903225
nb_shared_v2,4,2,0.8159848914474036,273,0.5311355311355311,0.5918367346938775,0.09737098344693282
nb_shared_v2,4,3,0.9093948865954149,476,0.6491596638655462,0.9035087719298246,0.04004854368932039
nb_shared_v2,4,6,0.8276575111947748,116,0.3103448275862069,0.3870967741935484,0.04714640198511166
nb_shared_v2,4,7,0.7724332683583678,363,0.5206611570247934,0.6342281879194631,0.11632870864461047
nb_shared_v2,4,8,0.911141961486789,145,0.6413793103448275,0.6241610738255033,0.048484848484848485
nb_shared_v2,4,9,0.8570009165308092,103,0.34951456310679613,0.5294117647058824,0.026733500417710943
nb_shared_v2,6,1,0.7638559101175653,1114,0.677737881508079,0.94375,0.24193548387096775
nb_shared_v2,6,2,0.751916211020398,273,0.5054945054945055,0.5227272727272727,0.12268743914313535
nb_shared_v2,6,3,0.8662396997634005,476,0.5315126050420168,0.8547297297297297,0.05218446601941747
nb_shared_v2,6,6,0.8108974358974359,116,0.22413793103448276,0.3333333333333333,0.043010752688172046
nb_shared_v2,6,7,0.7619093819734162,363,0.465564738292011,0.6305970149253731,0.1056563500533618
nb_shared_v2,6,8,0.8867622033139274,145,0.5655172413793104,0.5,0.070995670995671
nb_shared_v2,6,9,0.8199706385705364,103,0.27184466019417475,0.4117647058823529,0.03341687552213868
nb_shared_v2,8,1,0.7084298565664755,1114,0.5942549371633752,0.9376770538243626,0.23655913978494625
nb_shared_v2,8,2,0.7087822920344828,273,0.4981684981684982,0.4641638225255973,0.1528724440116845
nb_shared_v2,8,3,0.8175353879415844,476,0.42436974789915966,0.8015873015873016,0.06067961165048544
nb_shared_v2,8,6,0.7545064316476997,116,0.19827586206896552,0.2911392405063291,0.04631927212572374
nb_shared_v2,8,7,0.7634690751504567,363,0.44352617079889806,0.6216216216216216,0.10458911419423693
nb_shared_v2,8,8,0.792004776832363,145,0.36551724137931035,0.36551724137931035,0.07965367965367966
nb_shared_v2,8,9,0.7794648433381187,103,0.2524271844660194,0.3561643835616438,0.03926482873851295
nb_shared_v2,10,1,0.6643259782629679,1114,0.5350089766606823,0.9254658385093167,0.25806451612903225
nb_shared_v2,10,2,0.6482767475951507,273,0.47619047619047616,0.4,0.189873417721519
nb_shared_v2,10,3,0.7731627845312883,476,0.32983193277310924,0.7476190476190476,0.06432038834951456
nb_shared_v2,10,6,0.7061621174524401,116,0.14655172413793102,0.2463768115942029,0.043010752688172046
nb_shared_v2,10,7,0.7522719187607128,363,0.38292011019283745,0.54296875,0.1248665955176094
nb_shared_v2,10,8,0.7680967308553516,145,0.3586206896551724,0.3443708609271523,0.08571428571428572
nb_shared_v2,10,9,0.748375793853566,103,0.21359223300970873,0.2619047619047619,0.05179615705931495
nb_shared_v2,12,1,0.6300360996891952,1114,0.5116696588868941,0.9163987138263665,0.27956989247311825
nb_shared_v2,12,2,0.6147212086842078,273,0.43956043956043955,0.35398230088495575,0.21324245374878287
nb_shared_v2,12,3,0.729014542710288,476,0.2647058823529412,0.7078651685393258,0.06310679611650485
nb_shared_v2,12,6,0.6887068252474259,116,0.12931034482758622,0.22727272727272727,0.04218362282878412
nb_shared_v2,12,7,0.7206708591689672,363,0.31129476584022037,0.47280334728033474,0.1344717182497332
nb_shared_v2,12,8,0.766568144499179,145,0.3448275862068966,0.3246753246753247,0.09004329004329005
nb_shared_v2,12,9,0.7175300711325239,103,0.13592233009708737,0.1891891891891892,0.05012531328320802
nb_shared_v2_climatology,1,1,0.8945749116812417,1114,0.9066427289048474,0.933456561922366,0.3870967741935484
nb_shared_v2_climatology,1,2,0.8979263190558224,273,0.608058608058608,0.7649769585253456,0.04965920155793573
nb_shared_v2_climatology,1,3,0.9417921901770417,476,0.773109243697479,0.9246231155778895,0.03640776699029126
nb_shared_v2_climatology,1,6,0.8531808847437323,116,0.35344827586206895,0.5125,0.03225806451612903
nb_shared_v2_climatology,1,7,0.8894558273135938,363,0.7162534435261708,0.7669616519174042,0.08431163287086446
nb_shared_v2_climatology,1,8,0.9232452604866398,145,0.6275862068965518,0.6893939393939394,0.0354978354978355
nb_shared_v2_climatology,1,9,0.9199536056970906,103,0.49514563106796117,0.7083333333333334,0.017543859649122806
nb_shared_v2_climatology,2,1,0.8725676145248161,1114,0.8680430879712747,0.9388349514563107,0.3387096774193548
nb_shared_v2_climatology,2,2,0.8822791943531963,273,0.6007326007326007,0.6919831223628692,0.07108081791626096
nb_shared_v2_climatology,2,3,0.9294599514563107,476,0.6890756302521008,0.923943661971831,0.032766990291262135
nb_shared_v2_climatology,2,6,0.8735311314566042,116,0.3879310344827586,0.5,0.03722084367245657
nb_shared_v2_climatology,2,7,0.8413273121238581,363,0.6391184573002755,0.7295597484276729,0.09178228388473852
nb_shared_v2_climatology,2,8,0.917504105090312,145,0.6413793103448275,0.6888888888888889,0.03636363636363636
nb_shared_v2_climatology,2,9,0.890616508909815,103,0.39805825242718446,0.6307692307692307,0.020050125313283207
nb_shared_v2_climatology,3,1,0.8463325997567615,1114,0.8177737881508079,0.9391752577319588,0.3172043010752688
nb_shared_v2_climatology,3,2,0.8559711953090726,273,0.6227106227106227,0.6415094339622641,0.09250243427458617
nb_shared_v2_climatology,3,3,0.9044920759565962,476,0.6197478991596639,0.899390243902439,0.04004854368932039
nb_shared_v2_climatology,3,6,0.8626001825390035,116,0.35344827586206895,0.422680412371134,0.04631927212572374
nb_shared_v2_climatology,3,7,0.8036506522486924,363,0.5647382920110193,0.6949152542372882,0.096051227321238
nb_shared_v2_climatology,3,8,0.9174682788475892,145,0.6206896551724138,0.625,0.046753246753246755
nb_shared_v2_climatology,3,9,0.8636599589588859,103,0.30097087378640774,0.4696969696969697,0.029239766081871343
nb_shared_v2_climatology,4,1,0.8194967278623965,1114,0.7710951526032316,0.9481236203090507,0.25268817204301075
nb_shared_v2_climatology,4,2,0.8127695089720406,273,0.5604395604395604,0.5464285714285714,0.12366114897760468
nb_shared_v2_climatology,4,3,0.8746519845802398,476,0.5441176470588235,0.8436482084690554,0.05825242718446602
nb_shared_v2_climatology,4,6,0.8520079290379624,116,0.3706896551724138,0.4056603773584906,0.052109181141439205
nb_shared_v2_climatology,4,7,0.7595073662794629,363,0.4903581267217631,0.6312056737588653,0.11099252934898612
nb_shared_v2_climatology,4,8,0.9020002985520227,145,0.6413793103448275,0.636986301369863,0.04588744588744589
nb_shared_v2_climatology,4,9,0.8557112846842024,103,0.3592233009708738,0.5068493150684932,0.03007518796992481
nb_shared_v2_climatology,6,1,0.7584771529507153,1114,0.6283662477558348,0.9459459459459459,0.21505376344086022
nb_shared_v2_climatology,6,2,0.7505394637819175,273,0.5311355311355311,0.4723127035830619,0.15774099318403115
nb_shared_v2_climatology,6,3,0.8118881047564657,476,0.4432773109243697,0.8178294573643411,0.05703883495145631
nb_shared_v2_climatology,6,6,0.8252331650551895,116,0.3706896551724138,0.36134453781512604,0.06286186931348221
nb_shared_v2_climatology,6,7,0.7463109801811655,363,0.44352617079889806,0.602996254681648,0.11312700106723586
nb_shared_v2_climatology,6,8,0.8809762651141961,145,0.593103448275862,0.5477707006369427,0.06147186147186147
nb_shared_v2_climatology,6,9,0.8191473830206585,103,0.2621359223300971,0.35526315789473684,0.04093567251461988
nb_shared_v2_climatology,8,1,0.7049719117391556,1114,0.5323159784560144,0.9427662957074722,0.1935483870967742
nb_shared_v2_climatology,8,2,0.7073734444717892,273,0.4945054945054945,0.4192546583850932,0.18208373904576436
nb_shared_v2_climatology,8,3,0.745067869380762,476,0.3067226890756303,0.7373737373737373,0.06310679611650485
nb_shared_v2_climatology,8,6,0.7670666837796982,116,0.3017241379310345,0.3181818181818182,0.062034739454094295
nb_shared_v2_climatology,8,7,0.7418965045820581,363,0.4380165289256198,0.5910780669144982,0.11739594450373532
nb_shared_v2_climatology,8,8,0.7750918047469771,145,0.38620689655172413,0.3971631205673759,0.0735930735930736
nb_shared_v2_climatology,8,9,0.7949039264828739,103,0.23300970873786409,0.3076923076923077,0.045112781954887216
nb_shared_v2_climatology,10,1,0.6645310901333951,1114,0.4452423698384201,0.9393939393939394,0.17204301075268819
nb_shared_v2_climatology,10,2,0.6518042165559206,273,0.48717948717948717,0.38328530259365995,0.20837390457643623
nb_shared_v2_climatology,10,3,0.6822988904299584,476,0.21218487394957983,0.6824324324324325,0.05703883495145631
nb_shared_v2_climatology,10,6,0.7035630757822081,116,0.25,0.27884615384615385,0.062034739454094295
nb_shared_v2_climatology,10,7,0.7220159291567073,363,0.36363636363636365,0.5,0.14087513340448238
nb_shared_v2_climatology,10,8,0.7358769965666517,145,0.30344827586206896,0.32592592592592595,0.07878787878787878
nb_shared_v2_climatology,10,9,0.7669902912621359,103,0.17475728155339806,0.2535211267605634,0.04427736006683375
nb_shared_v2_climatology,12,1,0.6327363371363487,1114,0.39587073608617596,0.9323467230443975,0.17204301075268819
nb_shared_v2_climatology,12,2,0.6187997332106387,273,0.46886446886446886,0.3626062322946176,0.21908471275559882
nb_shared_v2_climatology,12,3,0.6219112038019091,476,0.15966386554621848,0.6129032258064516,0.05825242718446602
nb_shared_v2_climatology,12,6,0.6780682239525399,116,0.16379310344827586,0.2261904761904762,0.053763440860215055
nb_shared_v2_climatology,12,7,0.6871205506113821,363,0.2727272727272727,0.38976377952755903,0.16542155816435433
nb_shared_v2_climatology,12,8,0.7057441409165547,145,0.3103448275862069,0.3191489361702128,0.08311688311688312
nb_shared_v2_climatology,12,9,0.7492598810943215,103,0.1553398058252427,0.23529411764705882,0.04344193817878028
nb_shared_v2_climatology_mean,1,1,0.8953832937588078,1114,0.9326750448833034,0.9243772241992882,0.45698924731182794
nb_shared_v2_climatology_mean,1,2,0.901048967261236,273,0.73992673992674,0.6352201257861635,0.11295034079844206
nb_shared_v2_climatology_mean,1,3,0.9413880843599576,476,0.792016806722689,0.8870588235294118,0.05825242718446602
nb_shared_v2_climatology_mean,1,6,0.8660477453580901,116,0.4482758620689655,0.48598130841121495,0.045492142266335814
nb_shared_v2_climatology_mean,1,7,0.8923885208934205,363,0.7575757575757576,0.7180156657963447,0.1152614727854856
nb_shared_v2_climatology_mean,1,8,0.9305448574414091,145,0.696551724137931,0.6196319018404908,0.05367965367965368
nb_shared_v2_climatology_mean,1,9,0.920448370116229,103,0.5436893203883495,0.6292134831460674,0.02756892230576441
nb_shared_v2_climatology_mean,2,1,0.8735593907453524,1114,0.8994614003590664,0.9260628465804066,0.43010752688172044
nb_shared_v2_climatology_mean,2,2,0.8856550784496257,273,0.7728937728937729,0.5796703296703297,0.14897760467380722
nb_shared_v2_climatology_mean,2,3,0.9275414049114792,476,0.7457983193277311,0.8765432098765432,0.06067961165048544
nb_shared_v2_climatology_mean,2,6,0.8822623427740224,116,0.5086206896551724,0.48760330578512395,0.05128205128205128
nb_shared_v2_climatology_mean,2,7,0.8447803934366465,363,0.696969696969697,0.6710875331564987,0.13233724653148346
nb_shared_v2_climatology_mean,2,8,0.9256426332288401,145,0.7310344827586207,0.6057142857142858,0.05974025974025974
nb_shared_v2_climatology_mean,2,9,0.8909652772708471,103,0.4854368932038835,0.5319148936170213,0.036758563074352546
nb_shared_v2_climatology_mean,3,1,0.8487867029594023,1114,0.8644524236983842,0.9322362052274927,0.3763440860215054
nb_shared_v2_climatology_mean,3,2,0.8592472117301718,273,0.7582417582417582,0.5098522167487685,0.1937682570593963
nb_shared_v2_climatology_mean,3,3,0.9003732560985559,476,0.6743697478991597,0.8316062176165803,0.07888349514563107
nb_shared_v2_climatology_mean,3,6,0.8724009583297682,116,0.5086206896551724,0.3959731543624161,0.07444168734491315
nb_shared_v2_climatology_mean,3,7,0.8080857081536231,363,0.6473829201101928,0.633423180592992,0.14514407684098185
nb_shared_v2_climatology_mean,3,8,0.9237916106881624,145,0.7241379310344828,0.5614973262032086,0.070995670995671
nb_shared_v2_climatology_mean,3,9,0.8637207906497636,103,0.4563106796116505,0.44339622641509435,0.04928989139515455
nb_shared_v2_climatology_mean,4,1,0.8234734850678558,1114,0.8195691202872532,0.9344933469805528,0.34408602150537637
nb_shared_v2_climatology_mean,4,2,0.8185832343573337,273,0.6959706959706959,0.43478260869565216,0.24050632911392406
nb_shared_v2_climatology_mean,4,3,0.8684068287509178,476,0.6092436974789915,0.7967032967032966,0.08980582524271845
nb_shared_v2_climatology_mean,4,6,0.8646573115427398,116,0.5086206896551724,0.36645962732919257,0.08436724565756824
nb_shared_v2_climatology_mean,4,7,0.7659842825264384,363,0.5895316804407713,0.5721925133689839,0.17075773745997866
nb_shared_v2_climatology_mean,4,8,0.9070786684579788,145,0.7448275862068966,0.5142857142857142,0.08831168831168831
nb_shared_v2_climatology_mean,4,9,0.8563642114996228,103,0.42718446601941745,0.39285714285714285,0.05680868838763575
nb_shared_v2_climatology_mean,6,1,0.7643916140615046,1114,0.7064631956912029,0.9291617473435655,0.3225806451612903
nb_shared_v2_climatology_mean,6,2,0.7575854849467313,273,0.6776556776556777,0.36852589641434264,0.308666017526777
nb_shared_v2_climatology_mean,6,3,0.8027453699926572,476,0.5105042016806722,0.7546583850931677,0.09587378640776699
nb_shared_v2_climatology_mean,6,6,0.8475870625481304,116,0.5431034482758621,0.33689839572192515,0.10256410256410256
nb_shared_v2_climatology_mean,6,7,0.7541153261537467,363,0.5426997245179064,0.5612535612535613,0.16435432230522945
nb_shared_v2_climatology_mean,6,8,0.884991789819376,145,0.7310344827586207,0.4435146443514644,0.11515151515151516
nb_shared_v2_climatology_mean,6,9,0.8219983615997923,103,0.3883495145631068,0.29411764705882354,0.08020050125313283
nb_shared_v2_climatology_mean,8,1,0.7132053435261868,1114,0.6077199281867145,0.9286694101508917,0.27956989247311825
nb_shared_v2_climatology_mean,8,2,0.723644742145229,273,0.6959706959706959,0.3345070422535211,0.36806231742940604
nb_shared_v2_climatology_mean,8,3,0.7330275556824671,476,0.38865546218487396,0.6751824817518248,0.10800970873786407
nb_shared_v2_climatology_mean,8,6,0.7957559681697612,116,0.45689655172413796,0.28191489361702127,0.11166253101736973
nb_shared_v2_climatology_mean,8,7,0.7491348921444972,363,0.5674931129476584,0.5421052631578948,0.18569903948772679
nb_shared_v2_climatology_mean,8,8,0.7830303030303031,145,0.6068965517241379,0.3295880149812734,0.15497835497835497
nb_shared_v2_climatology_mean,8,9,0.7988742081741571,103,0.34951456310679613,0.2535211267605634,0.0885547201336675
nb_shared_v2_climatology_mean,10,1,0.6745284840061002,1114,0.5556552962298025,0.917037037037037,0.3010752688172043
nb_shared_v2_climatology_mean,10,2,0.6763395643629334,273,0.673992673992674,0.2875,0.44401168451801365
nb_shared_v2_climatology_mean,10,3,0.6670423023578363,476,0.32563025210084034,0.6224899598393574,0.11407766990291263
nb_shared_v2_climatology_mean,10,6,0.744174438835173,116,0.41379310344827586,0.24742268041237114,0.12076095947063689
nb_shared_v2_climatology_mean,10,7,0.7313064672141028,363,0.5426997245179064,0.4925,0.21664887940234792
nb_shared_v2_climatology_mean,10,8,0.7345514255859084,145,0.5103448275862069,0.25,0.19220779220779222
nb_shared_v2_climatology_mean,10,9,0.7729274642917975,103,0.3300970873786408,0.22818791946308725,0.0960735171261487
nb_shared_v2_climatology_mean,12,1,0.6490704812648405,1114,0.5125673249551167,0.9092356687898089,0.3064516129032258
nb_shared_v2_climatology_mean,12,2,0.6465754304118472,273,0.6776556776556777,0.26618705035971224,0.49659201557935734
nb_shared_v2_climatology_mean,12,3,0.6067731704332219,476,0.26260504201680673,0.5707762557077626,0.11407766990291263
nb_shared_v2_climatology_mean,12,6,0.7202019337725678,116,0.35344827586206895,0.20707070707070707,0.12985938792390406
nb_shared_v2_climatology_mean,12,7,0.6963846282755761,363,0.5041322314049587,0.43884892086330934,0.2497331910352188
nb_shared_v2_climatology_mean,12,8,0.7053291536050157,145,0.503448275862069,0.22884012539184953,0.21298701298701297
nb_shared_v2_climatology_mean,12,9,0.7553917155347917,103,0.30097087378640774,0.1987179487179487,0.10442773600668337
nb_shared_v2_mean,1,1,0.8986023435841007,1114,0.9299820466786356,0.9225289403383793,0.46774193548387094
nb_shared_v2_mean,1,2,0.8986307428371694,273,0.7326007326007326,0.6430868167202572,0.10808179162609542
nb_shared_v2_mean,1,3,0.9498449865383046,476,0.8046218487394958,0.9033018867924528,0.04975728155339806
nb_shared_v2_mean,1,6,0.8462608026011808,116,0.4224137931034483,0.4666666666666667,0.04631927212572374
nb_shared_v2_mean,1,7,0.8928648079710465,363,0.768595041322314,0.7027707808564232,0.12593383137673425
nb_shared_v2_mean,1,8,0.9337513061650993,145,0.7172413793103448,0.6265060240963856,0.05367965367965368
nb_shared_v2_mean,1,9,0.923781946776326,103,0.5728155339805825,0.6082474226804123,0.031746031746031744
nb_shared_v2_mean,2,1,0.8787040790718326,1114,0.9165170556552962,0.9307201458523245,0.40860215053763443
nb_shared_v2_mean,2,2,0.8866715887163794,273,0.7692307692307693,0.5817174515235457,0.14703018500486856
nb_shared_v2_mean,2,3,0.9439249000571103,476,0.7773109243697479,0.9090909090909091,0.044902912621359224
nb_shared_v2_mean,2,6,0.8684507002082086,116,0.4482758620689655,0.4444444444444444,0.053763440860215055
nb_shared_v2_mean,2,7,0.8493580414604961,363,0.7052341597796143,0.6580976863753213,0.14194236926360726
nb_shared_v2_mean,2,8,0.9278937154799224,145,0.7586206896551724,0.6010928961748634,0.0632034632034632
nb_shared_v2_mean,2,9,0.8958966996779976,103,0.5339805825242718,0.5729166666666666,0.034252297410192145
nb_shared_v2_mean,3,1,0.8574496631339164,1114,0.8886894075403949,0.9295774647887324,0.4032258064516129
nb_shared_v2_mean,3,2,0.8593221124866695,273,0.7728937728937729,0.51338199513382,0.19474196689386564
nb_shared_v2_mean,3,3,0.9246807946479563,476,0.75,0.875,0.061893203883495146
nb_shared_v2_mean,3,6,0.849305496135307,116,0.3879310344827586,0.36585365853658536,0.06451612903225806
nb_shared_v2_mean,3,7,0.8188080474875856,363,0.6721763085399449,0.6304909560723514,0.1526147278548559
nb_shared_v2_mean,3,8,0.925200776235259,145,0.7310344827586207,0.5638297872340425,0.070995670995671
nb_shared_v2_mean,3,9,0.8651726403387109,103,0.39805825242718446,0.40594059405940597,0.05012531328320802
nb_shared_v2_mean,4,1,0.8319675295843709,1114,0.8491921005385996,0.9320197044334976,0.3709677419354839
nb_shared_v2_mean,4,2,0.820056282568454,273,0.73992673992674,0.4519015659955257,0.2385589094449854
nb_shared_v2_mean,4,3,0.9042434935139104,476,0.7016806722689075,0.8564102564102564,0.06796116504854369
nb_shared_v2_mean,4,6,0.8404423718661761,116,0.3706896551724138,0.33076923076923076,0.07196029776674938
nb_shared_v2_mean,4,7,0.7821927433841667,363,0.6033057851239669,0.5809018567639257,0.16862326574172892
nb_shared_v2_mean,4,8,0.913013882669055,145,0.7655172413793103,0.5260663507109005,0.08658008658008658
nb_shared_v2_mean,4,9,0.8580188334914958,103,0.4368932038834951,0.4166666666666667,0.05263157894736842
nb_shared_v2_mean,6,1,0.7727167429200208,1114,0.7800718132854578,0.9176346356916578,0.41935483870967744
nb_shared_v2_mean,6,2,0.7619475623370463,273,0.6923076923076923,0.37351778656126483,0.308666017526777
nb_shared_v2_mean,6,3,0.8561459778085991,476,0.6113445378151261,0.784366576819407,0.0970873786407767
nb_shared_v2_mean,6,6,0.8303171615184963,116,0.31896551724137934,0.2534246575342466,0.09015715467328371
nb_shared_v2_mean,6,7,0.7749661159964837,363,0.5482093663911846,0.5558659217877095,0.16969050160085378
nb_shared_v2_mean,6,8,0.890461262875056,145,0.7103448275862069,0.4497816593886463,0.10909090909090909
nb_shared_v2_mean,6,9,0.8192001038194191,103,0.36893203883495146,0.3333333333333333,0.06349206349206349
nb_shared_v2_mean,8,1,0.719879925097971,1114,0.7145421903052065,0.9117983963344788,0.41397849462365593
nb_shared_v2_mean,8,2,0.7327077336814435,273,0.6996336996336996,0.32263513513513514,0.3904576436222006
nb_shared_v2_mean,8,3,0.8052796361262952,476,0.5168067226890757,0.7256637168141593,0.11286407766990292
nb_shared_v2_mean,8,6,0.7837055417700579,116,0.29310344827586204,0.2328767123287671,0.09263854425144748
nb_shared_v2_mean,8,7,0.7782913054087984,363,0.5619834710743802,0.5543478260869565,0.17502668089647813
nb_shared_v2_mean,8,8,0.7998148977459322,145,0.5517241379310345,0.3508771929824561,0.12813852813852813
nb_shared_v2_mean,8,9,0.7814763445831407,103,0.3106796116504854,0.27350427350427353,0.07101086048454469
nb_shared_v2_mean,10,1,0.6825302600335901,1114,0.6651705565529623,0.8992718446601942,0.44623655913978494
nb_shared_v2_mean,10,2,0.6808692767796954,273,0.6886446886446886,0.2887864823348694,0.4508276533592989
nb_shared_v2_mean,10,3,0.7582784327323162,476,0.44537815126050423,0.668769716088328,0.12742718446601942
nb_shared_v2_mean,10,6,0.7434899175722313,116,0.28448275862068967,0.22448979591836735,0.09429280397022333
nb_shared_v2_mean,10,7,0.7701179839532415,363,0.5344352617079889,0.5300546448087432,0.18356456776947705
nb_shared_v2_mean,10,8,0.7723958799820869,145,0.4689655172413793,0.2943722943722944,0.14112554112554113
nb_shared_v2_mean,10,9,0.7522852438539716,103,0.30097087378640774,0.23846153846153847,0.08270676691729323
nb_shared_v2_mean,12,1,0.6569516032509025,1114,0.6490125673249552,0.8970223325062034,0.44623655913978494
nb_shared_v2_mean,12,2,0.6467751657625075,273,0.6886446886446886,0.2678062678062678,0.5004868549172347
nb_shared_v2_mean,12,3,0.7150123398874113,476,0.37815126050420167,0.6228373702422145,0.13228155339805825
nb_shared_v2_mean,12,6,0.7225621060437524,116,0.2413793103448276,0.19718309859154928,0.09429280397022333
nb_shared_v2_mean,12,7,0.7390152617667899,363,0.4931129476584022,0.47480106100795755,0.2113127001067236
nb_shared_v2_mean,12,8,0.7698283325869533,145,0.496551724137931,0.291497975708502,0.15151515151515152
nb_shared_v2_mean,12,9,0.724002563041909,103,0.2621359223300971,0.18243243243243243,0.1010860484544695
nb_shared_v2_noclimate,1,1,0.8965367463948573,1114,0.8770197486535009,0.9467054263565892,0.2956989247311828
nb_shared_v2_noclimate,1,2,0.8931130537751765,273,0.5714285714285714,0.8,0.0379746835443038
nb_shared_v2_noclimate,1,3,0.9412759035653097,476,0.7689075630252101,0.9265822784810127,0.03519417475728155
nb_shared_v2_noclimate,1,6,0.8451056729699666,116,0.35344827586206895,0.5061728395061729,0.033085194375516956
nb_shared_v2_noclimate,1,7,0.8896983809179404,363,0.6859504132231405,0.7432835820895523,0.09178228388473852
nb_shared_v2_noclimate,1,8,0.9221973428869981,145,0.6206896551724138,0.6870229007633588,0.0354978354978355
nb_shared_v2_noclimate,1,9,0.9204564810083461,103,0.4854368932038835,0.7246376811594203,0.015873015873015872
nb_shared_v2_noclimate,2,1,0.874391903631204,1114,0.8375224416517055,0.9501018329938901,0.26344086021505375
nb_shared_v2_noclimate,2,2,0.8797825024699416,273,0.5494505494505495,0.7246376811594203,0.055501460564751706
nb_shared_v2_noclimate,2,3,0.9330624847026189,476,0.7037815126050421,0.9279778393351801,0.03155339805825243
nb_shared_v2_noclimate,2,6,0.8630779213370982,116,0.3793103448275862,0.5057471264367817,0.03556658395368073
nb_shared_v2_noclimate,2,7,0.84292963593439,363,0.628099173553719,0.7058823529411765,0.10138740661686232
nb_shared_v2_noclimate,2,8,0.9147723540826989,145,0.6206896551724138,0.6976744186046512,0.033766233766233764
nb_shared_v2_noclimate,2,9,0.892469847758555,103,0.4077669902912621,0.6774193548387096,0.01670843776106934
nb_shared_v2_noclimate,3,1,0.849472017914712,1114,0.7782764811490126,0.9506578947368421,0.24193548387096775
nb_shared_v2_noclimate,3,2,0.8500968359780434,273,0.5494505494505495,0.6756756756756757,0.07010710808179163
nb_shared_v2_noclimate,3,3,0.9136080403035001,476,0.6491596638655462,0.9169139465875371,0.03398058252427184
nb_shared_v2_noclimate,3,6,0.8518653204415162,116,0.3620689655172414,0.42424242424242425,0.04714640198511166
nb_shared_v2_noclimate,3,7,0.8061982001052536,363,0.5757575757575758,0.6897689768976898,0.10032017075773746
nb_shared_v2_noclimate,3,8,0.9158650544857442,145,0.6344827586206897,0.6571428571428571,0.04155844155844156
nb_shared_v2_noclimate,3,9,0.8649658125897267,103,0.2912621359223301,0.47619047619047616,0.02756892230576441
nb_shared_v2_noclimate,4,1,0.8133795679620085,1114,0.6929982046678635,0.9542645241038319,0.1989247311827957
nb_shared_v2_noclimate,4,2,0.804097071380421,273,0.5201465201465202,0.5843621399176955,0.09834469328140215
nb_shared_v2_noclimate,4,3,0.8921254181284164,476,0.5966386554621849,0.9073482428115016,0.03519417475728155
nb_shared_v2_noclimate,4,6,0.8389021990245572,116,0.3448275862068966,0.37037037037037035,0.05624483043837883
nb_shared_v2_noclimate,4,7,0.7651757705119498,363,0.5151515151515151,0.6470588235294118,0.10885805763073639
nb_shared_v2_noclimate,4,8,0.9017763845350052,145,0.6137931034482759,0.6095890410958904,0.04935064935064935
nb_shared_v2_noclimate,4,9,0.8545960370181116,103,0.30097087378640774,0.5,0.025898078529657476
nb_shared_v2_noclimate,6,1,0.7453765371324877,1114,0.5305206463195691,0.9516908212560387,0.16129032258064516
nb_shared_v2_noclimate,6,2,0.7395522361442517,273,0.4981684981684982,0.5190839694656488,0.12268743914313535
nb_shared_v2_noclimate,6,3,0.8402762197111855,476,0.4810924369747899,0.8544776119402985,0.04733009708737864
nb_shared_v2_noclimate,6,6,0.8137103904623371,116,0.3706896551724138,0.3333333333333333,0.07113316790736146
nb_shared_v2_noclimate,6,7,0.7550384998721081,363,0.4490358126721763,0.6037037037037037,0.11419423692636073
nb_shared_v2_noclimate,6,8,0.8822122704881326,145,0.593103448275862,0.5276073619631901,0.06666666666666667
nb_shared_v2_noclimate,6,9,0.8151568240990826,103,0.2524271844660194,0.36619718309859156,0.03759398496240601
nb_shared_v2_noclimate,8,1,0.6888525318044053,1114,0.39497307001795334,0.9381663113006397,0.15591397849462366
nb_shared_v2_noclimate,8,2,0.6900232192345143,273,0.4908424908424908,0.46206896551724136,0.1518987341772152
nb_shared_v2_noclimate,8,3,0.7733106592151424,476,0.3634453781512605,0.8009259259259259,0.05218446601941747
nb_shared_v2_noclimate,8,6,0.7505419126664955,116,0.3275862068965517,0.304,0.07196029776674938
nb_shared_v2_noclimate,8,7,0.7514986872704928,363,0.4573002754820937,0.5949820788530465,0.12059765208110992
nb_shared_v2_noclimate,8,8,0.7769458128078818,145,0.4482758620689655,0.38922155688622756,0.08831168831168831
nb_shared_v2_noclimate,8,9,0.7897048446358615,103,0.2815533980582524,0.3625,0.042606516290726815
nb_shared_v2_noclimate,10,1,0.6409552904384085,1114,0.289048473967684,0.9387755102040817,0.11290322580645161
nb_shared_v2_noclimate,10,2,0.630644752845337,273,0.47985347985347987,0.39221556886227543,0.1976630963972736
nb_shared_v2_noclimate,10,3,0.7087047197519785,476,0.2689075630252101,0.7757575757575758,0.044902912621359224
nb_shared_v2_noclimate,10,6,0.6825889164598842,116,0.25862068965517243,0.26548672566371684,0.06865177832919768
nb_shared_v2_noclimate,10,7,0.737620211036336,363,0.38292011019283745,0.5054545454545455,0.14514407684098185
nb_shared_v2_noclimate,10,8,0.7397044334975369,145,0.33793103448275863,0.3141025641025641,0.09264069264069263
nb_shared_v2_noclimate,10,9,0.766357641677008,103,0.1941747572815534,0.23809523809523808,0.053467000835421885
nb_shared_v2_noclimate,12,1,0.6106011466960097,1114,0.21543985637342908,0.9375,0.08602150537634409
nb_shared_v2_noclimate,12,2,0.6016331931619177,273,0.43956043956043955,0.33613445378151263,0.23076923076923078
nb_shared_v2_noclimate,12,3,0.6499041364118463,476,0.19327731092436976,0.7131782945736435,0.044902912621359224
nb_shared_v2_noclimate,12,6,0.6580245857220274,116,0.1724137931034483,0.2127659574468085,0.06120760959470637
nb_shared_v2_noclimate,12,7,0.6964713595644031,363,0.32231404958677684,0.4398496240601504,0.15901814300960512
nb_shared_v2_noclimate,12,8,0.7083922973578146,145,0.32413793103448274,0.29012345679012347,0.09956709956709957
nb_shared_v2_noclimate,12,9,0.7380952380952381,103,0.1650485436893204,0.18888888888888888,0.06098579782790309
nb_shared_v2_noclimate_mean,1,1,0.8957307773981197,1114,0.9174147217235189,0.9333333333333333,0.3924731182795699
nb_shared_v2_noclimate_mean,1,2,0.896137617656605,273,0.7216117216117216,0.6253968253968254,0.11489776046738072
nb_shared_v2_noclimate_mean,1,3,0.942418108019907,476,0.8109243697478992,0.8873563218390804,0.05946601941747573
nb_shared_v2_noclimate_mean,1,6,0.8545820142038162,116,0.47413793103448276,0.45454545454545453,0.05459057071960298
nb_shared_v2_noclimate_mean,1,7,0.8937174206408707,363,0.7741046831955923,0.7131979695431472,0.12059765208110992
nb_shared_v2_noclimate_mean,1,8,0.9288789371547992,145,0.6827586206896552,0.6470588235294118,0.046753246753246755
nb_shared_v2_noclimate_mean,1,9,0.9213081246806336,103,0.5242718446601942,0.6352941176470588,0.025898078529657476
nb_shared_v2_noclimate_mean,2,1,0.8747852358062586,1114,0.8734290843806104,0.9355769230769231,0.3602150537634409
nb_shared_v2_noclimate_mean,2,2,0.8814142689507831,273,0.7582417582417582,0.5671232876712329,0.15384615384615385
nb_shared_v2_noclimate_mean,2,3,0.9339561067145304,476,0.7605042016806722,0.8850855745721271,0.05703883495145631
nb_shared_v2_noclimate_mean,2,6,0.8731639143207552,116,0.5258620689655172,0.46923076923076923,0.05707196029776675
nb_shared_v2_noclimate_mean,2,7,0.8480026813198445,363,0.71900826446281,0.6658163265306123,0.13980789754535752
nb_shared_v2_noclimate_mean,2,8,0.9217733990147783,145,0.7034482758620689,0.5895953757225434,0.06147186147186147
nb_shared_v2_noclimate_mean,2,9,0.8928145606735285,103,0.4563106796116505,0.5595238095238095,0.030910609857978277
nb_shared_v2_noclimate_mean,3,1,0.8494961487229976,1114,0.8321364452423698,0.939209726443769,0.3225806451612903
nb_shared_v2_noclimate_mean,3,2,0.848985808089995,273,0.7435897435897436,0.4987714987714988,0.19863680623174293
nb_shared_v2_noclimate_mean,3,3,0.91323580403035,476,0.6953781512605042,0.8487179487179487,0.07160194174757281
nb_shared_v2_noclimate_mean,3,6,0.863487921051881,116,0.5172413793103449,0.40540540540540543,0.07278742762613731
nb_shared_v2_noclimate_mean,3,7,0.8135247889783642,363,0.6584022038567493,0.6191709844559585,0.1568836712913554
nb_shared_v2_noclimate_mean,3,8,0.9204239438722197,145,0.7241379310344828,0.546875,0.07532467532467532
nb_shared_v2_noclimate_mean,3,9,0.8646454323511042,103,0.4077669902912621,0.4772727272727273,0.03842940685045948
nb_shared_v2_noclimate_mean,4,1,0.8161039362174476,1114,0.7764811490125674,0.9443231441048034,0.27419354838709675
nb_shared_v2_noclimate_mean,4,2,0.803528182301308,273,0.7032967032967034,0.42953020134228187,0.24829600778967867
nb_shared_v2_noclimate_mean,4,3,0.888859427266052,476,0.657563025210084,0.819371727748691,0.08373786407766991
nb_shared_v2_noclimate_mean,4,6,0.8530846239411312,116,0.5172413793103449,0.3488372093023256,0.09263854425144748
nb_shared_v2_noclimate_mean,4,7,0.7747485527634941,363,0.5977961432506887,0.5592783505154639,0.1824973319103522
nb_shared_v2_noclimate_mean,4,8,0.9044096133751306,145,0.7448275862068966,0.5217391304347826,0.08571428571428572
nb_shared_v2_noclimate_mean,4,9,0.8534199576611432,103,0.4174757281553398,0.4574468085106383,0.042606516290726815
nb_shared_v2_noclimate_mean,6,1,0.7497249087855447,1114,0.6526032315978456,0.9356499356499357,0.26881720430107525
nb_shared_v2_noclimate_mean,6,2,0.7390207974433876,273,0.673992673992674,0.36363636363636365,0.31353456669912366
nb_shared_v2_noclimate_mean,6,3,0.8310225789344864,476,0.5756302521008403,0.7896253602305475,0.08859223300970874
nb_shared_v2_noclimate_mean,6,6,0.8331550725877755,116,0.5862068965517241,0.3333333333333333,0.11248966087675766
nb_shared_v2_noclimate_mean,6,7,0.7680717135456633,363,0.559228650137741,0.5501355013550135,0.17716115261472787
nb_shared_v2_noclimate_mean,6,8,0.8850455291834602,145,0.7448275862068966,0.42023346303501946,0.129004329004329
nb_shared_v2_noclimate_mean,6,9,0.8169614975951205,103,0.3592233009708738,0.3333333333333333,0.061821219715956555
nb_shared_v2_noclimate_mean,8,1,0.6974479257157198,1114,0.5430879712746858,0.9293394777265745,0.24731182795698925
nb_shared_v2_noclimate_mean,8,2,0.6946010821375963,273,0.6373626373626373,0.3005181347150259,0.3943524829600779
nb_shared_v2_noclimate_mean,8,3,0.761960002447581,476,0.4726890756302521,0.7165605095541401,0.10800970873786407
nb_shared_v2_noclimate_mean,8,6,0.778457545420838,116,0.5,0.27230046948356806,0.1282051282051282
nb_shared_v2_noclimate_mean,8,7,0.7638262904586762,363,0.5867768595041323,0.535175879396985,0.19743863393810032
nb_shared_v2_noclimate_mean,8,8,0.785705329153605,145,0.6482758620689655,0.3219178082191781,0.17142857142857143
nb_shared_v2_noclimate_mean,8,9,0.7927018192731018,103,0.3106796116504854,0.24615384615384617,0.08187134502923976
nb_shared_v2_noclimate_mean,10,1,0.6548329182834308,1114,0.45691202872531417,0.9154676258992805,0.25268817204301075
nb_shared_v2_noclimate_mean,10,2,0.6373055701195915,273,0.6410256410256411,0.26595744680851063,0.47030185004868547
nb_shared_v2_noclimate_mean,10,3,0.6931549318756629,476,0.40756302521008403,0.697841726618705,0.10194174757281553
nb_shared_v2_noclimate_mean,10,6,0.7164869798351444,116,0.41379310344827586,0.22966507177033493,0.13316790736145576
nb_shared_v2_noclimate_mean,10,7,0.7516486294986343,363,0.5757575757575758,0.49292452830188677,0.2294557097118463
nb_shared_v2_noclimate_mean,10,8,0.7424869383490074,145,0.5724137931034483,0.24924924924924924,0.21645021645021645
nb_shared_v2_noclimate_mean,10,9,0.7716946086900098,103,0.3106796116504854,0.22535211267605634,0.09189640768588136
nb_shared_v2_noclimate_mean,12,1,0.6286751221018899,1114,0.4236983842010772,0.923679060665362,0.20967741935483872
nb_shared_v2_noclimate_mean,12,2,0.6074201682770329,273,0.6410256410256411,0.24238227146814403,0.5326192794547225
nb_shared_v2_noclimate_mean,12,3,0.6308792934649587,476,0.34663865546218486,0.64453125,0.1104368932038835
nb_shared_v2_noclimate_mean,12,6,0.6901899546504663,116,0.3620689655172414,0.1990521327014218,0.13978494623655913
nb_shared_v2_noclimate_mean,12,7,0.7137279459972775,363,0.5619834710743802,0.4503311258278146,0.2657417289220918
nb_shared_v2_noclimate_mean,12,8,0.714500671742051,145,0.5655172413793104,0.22404371584699453,0.24588744588744588
nb_shared_v2_noclimate_mean,12,9,0.7514011566132159,103,0.30097087378640774,0.1901840490797546,0.11027568922305764
nb_shared_v2_shuffled,1,1,0.9002215208200613,1114,0.895870736086176,0.9441816461684012,0.3172043010752688
nb_shared_v2_shuffled,1,2,0.8966922399249566,273,0.608058608058608,0.7614678899082569,0.05063291139240506
nb_shared_v2_shuffled,1,3,0.9447331116912785,476,0.7605042016806722,0.9305912596401028,0.032766990291262135
nb_shared_v2_shuffled,1,6,0.8506994951655685,116,0.3448275862068966,0.5263157894736842,0.02977667493796526
nb_shared_v2_shuffled,1,7,0.88659222476046,363,0.6721763085399449,0.7625,0.08110992529348986
nb_shared_v2_shuffled,1,8,0.9249888042991491,145,0.6275862068965518,0.6691176470588235,0.03896103896103896
nb_shared_v2_shuffled,1,9,0.9210810197013569,103,0.49514563106796117,0.7083333333333334,0.017543859649122806
nb_shared_v2_shuffled,2,1,0.8789019516997741,1114,0.8527827648114902,0.9519038076152304,0.25806451612903225
nb_shared_v2_shuffled,2,2,0.8767846888586908,273,0.575091575091575,0.7136363636363636,0.06134371957156767
nb_shared_v2_shuffled,2,3,0.9362558130048135,476,0.7016806722689075,0.9408450704225352,0.025485436893203883
nb_shared_v2_shuffled,2,6,0.8664256581386726,116,0.3620689655172414,0.5060240963855421,0.03391232423490488
nb_shared_v2_shuffled,2,7,0.8376860680149707,363,0.5922865013774105,0.7142857142857143,0.09178228388473852
nb_shared_v2_shuffled,2,8,0.9186027765338111,145,0.6551724137931034,0.6785714285714286,0.03896103896103896
nb_shared_v2_shuffled,2,9,0.8928956695946987,103,0.39805825242718446,0.640625,0.01921470342522974
nb_shared_v2_shuffled,3,1,0.8524714773846065,1114,0.7935368043087971,0.9464668094218416,0.26881720430107525
nb_shared_v2_shuffled,3,2,0.8440102578369375,273,0.5714285714285714,0.6554621848739496,0.0798442064264849
nb_shared_v2_shuffled,3,3,0.915499816431427,476,0.6386554621848739,0.918429003021148,0.032766990291262135
nb_shared_v2_shuffled,3,6,0.854393057813525,116,0.3448275862068966,0.43956043956043955,0.04218362282878412
nb_shared_v2_shuffled,3,7,0.8010178431251488,363,0.5482093663911846,0.708185053380783,0.08751334044823907
nb_shared_v2_shuffled,3,8,0.9173876698014629,145,0.6413793103448275,0.6283783783783784,0.047619047619047616
nb_shared_v2_shuffled,3,9,0.8653835235337535,103,0.30097087378640774,0.45588235294117646,0.030910609857978277
nb_shared_v2_shuffled,4,1,0.8211496882299569,1114,0.7262118491921006,0.9540094339622641,0.20967741935483872
nb_shared_v2_shuffled,4,2,0.7994443077208413,273,0.5238095238095238,0.5813008130081301,0.1002921129503408
nb_shared_v2_shuffled,4,3,0.8899672126132007,476,0.5840336134453782,0.8910256410256411,0.0412621359223301
nb_shared_v2_shuffled,4,6,0.8389877641824249,116,0.3275862068965517,0.4,0.04714640198511166
nb_shared_v2_shuffled,4,7,0.7559616735904695,363,0.46831955922865015,0.6563706563706564,0.09498399146211313
nb_shared_v2_shuffled,4,8,0.9037199582027168,145,0.6551724137931034,0.5900621118012422,0.05714285714285714
nb_shared_v2_shuffled,4,9,0.8581323859811341,103,0.3106796116504854,0.5,0.026733500417710943
nb_shared_v2_shuffled,6,1,0.7545969189783981,1114,0.5601436265709157,0.9497716894977168,0.1774193548387097
nb_shared_v2_shuffled,6,2,0.7297420203944059,273,0.4835164835164835,0.5038167938931297,0.12658227848101267
nb_shared_v2_shuffled,6,3,0.8334331912376601,476,0.4642857142857143,0.8277153558052435,0.055825242718446605
nb_shared_v2_shuffled,6,6,0.8113430877613302,116,0.33620689655172414,0.35454545454545455,0.058726220016542596
nb_shared_v2_shuffled,6,7,0.7363016014417975,363,0.4049586776859504,0.6150627615062761,0.09818569903948772
nb_shared_v2_shuffled,6,8,0.8868219137184654,145,0.6344827586206897,0.5139664804469274,0.07532467532467532
nb_shared_v2_shuffled,6,9,0.8172048243586312,103,0.27184466019417475,0.36363636363636365,0.04093567251461988
nb_shared_v2_shuffled,8,1,0.6955608965077894,1114,0.43357271095152605,0.9324324324324325,0.1881720430107527
nb_shared_v2_shuffled,8,2,0.6855951578444276,273,0.4908424908424908,0.475177304964539,0.14410905550146055
nb_shared_v2_shuffled,8,3,0.764213816594599,476,0.34243697478991597,0.7477064220183486,0.06674757281553398
nb_shared_v2_shuffled,8,6,0.7506096517498074,116,0.28448275862068967,0.3113207547169811,0.060380479735318446
nb_shared_v2_shuffled,8,7,0.7317401236582376,363,0.38292011019283745,0.5914893617021276,0.10245464247598719
nb_shared_v2_shuffled,8,8,0.7871144947007016,145,0.4482758620689655,0.39634146341463417,0.08571428571428572
nb_shared_v2_shuffled,8,9,0.7897616208806807,103,0.22330097087378642,0.25555555555555554,0.055973266499582286
nb_shared_v2_shuffled,10,1,0.6573087392135287,1114,0.3357271095152603,0.9303482587064676,0.15053763440860216
nb_shared_v2_shuffled,10,2,0.6298618616048022,273,0.4542124542124542,0.40789473684210525,0.17526777020447906
nb_shared_v2_shuffled,10,3,0.6991502304805417,476,0.25210084033613445,0.7017543859649122,0.061893203883495146
nb_shared_v2_shuffled,10,6,0.6933273437722826,116,0.25,0.29896907216494845,0.05624483043837883
nb_shared_v2_shuffled,10,7,0.711580244082427,363,0.3168044077134986,0.5227272727272727,0.11205976520811099
nb_shared_v2_shuffled,10,8,0.7536378563964771,145,0.3793103448275862,0.3254437869822485,0.0987012987012987
nb_shared_v2_shuffled,10,9,0.761438385608033,103,0.1941747572815534,0.20833333333333334,0.06349206349206349
nb_shared_v2_shuffled,12,1,0.6229633597806992,1114,0.28096947935368044,0.9315476190476191,0.12365591397849462
nb_shared_v2_shuffled,12,2,0.5997392740333344,273,0.4358974358974359,0.3684210526315789,0.19863680623174293
nb_shared_v2_shuffled,12,3,0.6326512401076936,476,0.19117647058823528,0.65,0.05946601941747573
nb_shared_v2_shuffled,12,6,0.6703744901742678,116,0.1896551724137931,0.28205128205128205,0.04631927212572374
nb_shared_v2_shuffled,12,7,0.670509303768254,363,0.23140495867768596,0.4158415841584158,0.12593383137673425
nb_shared_v2_shuffled,12,8,0.7255620241827139,145,0.38620689655172413,0.3163841807909605,0.10476190476190476
nb_shared_v2_shuffled,12,9,0.7287352685921925,103,0.14563106796116504,0.15463917525773196,0.06850459482038429
nb_shared_v2_shuffled_mean,1,1,0.8991621783363255,1114,0.921903052064632,0.9310970081595649,0.40860215053763443
nb_shared_v2_shuffled_mean,1,2,0.9008456652078852,273,0.7252747252747253,0.6578073089700996,0.1002921129503408
nb_shared_v2_shuffled_mean,1,3,0.9453042139185771,476,0.8046218487394958,0.9011764705882352,0.050970873786407765
nb_shared_v2_shuffled_mean,1,6,0.8592096631584952,116,0.39655172413793105,0.45098039215686275,0.04631927212572374
nb_shared_v2_shuffled_mean,1,7,0.8902658093499269,363,0.7410468319559229,0.7192513368983957,0.11205976520811099
nb_shared_v2_shuffled_mean,1,8,0.9301507687714584,145,0.6689655172413793,0.6178343949044586,0.05194805194805195
nb_shared_v2_shuffled_mean,1,9,0.9197508333941651,103,0.5242718446601942,0.5567010309278351,0.03592314118629908
nb_shared_v2_shuffled_mean,2,1,0.8774975386575549,1114,0.8886894075403949,0.9339622641509434,0.3763440860215054
nb_shared_v2_shuffled_mean,2,2,0.8804191589001715,273,0.7289377289377289,0.6012084592145015,0.12852969814995133
nb_shared_v2_shuffled_mean,2,3,0.935292077996247,476,0.7584033613445378,0.891358024691358,0.05339805825242718
nb_shared_v2_shuffled_mean,2,6,0.8734776532329369,116,0.49137931034482757,0.4789915966386555,0.05128205128205128
nb_shared_v2_shuffled_mean,2,7,0.8435837956552035,363,0.6749311294765841,0.6786703601108033,0.12379935965848453
nb_shared_v2_shuffled_mean,2,8,0.9257859381997313,145,0.7310344827586207,0.572972972972973,0.0683982683982684
nb_shared_v2_shuffled_mean,2,9,0.8916060377480919,103,0.49514563106796117,0.53125,0.03759398496240601
nb_shared_v2_shuffled_mean,3,1,0.8537817802745121,1114,0.8527827648114902,0.9424603174603174,0.3118279569892473
nb_shared_v2_shuffled_mean,3,2,0.8447877990234368,273,0.7252747252747253,0.5196850393700787,0.17818889970788704
nb_shared_v2_shuffled_mean,3,3,0.9125168271191972,476,0.6953781512605042,0.8575129533678757,0.06674757281553398
nb_shared_v2_shuffled_mean,3,6,0.8636590513676164,116,0.4827586206896552,0.39436619718309857,0.07113316790736146
nb_shared_v2_shuffled_mean,3,7,0.807118433779926,363,0.6308539944903582,0.6239782016348774,0.1472785485592316
nb_shared_v2_shuffled_mean,3,8,0.9228422152560084,145,0.7310344827586207,0.5196078431372549,0.08484848484848485
nb_shared_v2_shuffled_mean,3,9,0.8640371154423275,103,0.4174757281553398,0.3944954128440367,0.05513784461152882
nb_shared_v2_shuffled_mean,4,1,0.8223779463716917,1114,0.7971274685816876,0.9446808510638298,0.27956989247311825
nb_shared_v2_shuffled_mean,4,2,0.7997724443683548,273,0.673992673992674,0.44552058111380144,0.22297955209347614
nb_shared_v2_shuffled_mean,4,3,0.8846246022680917,476,0.6386554621848739,0.8238482384823849,0.07888349514563107
nb_shared_v2_shuffled_mean,4,6,0.8529705370639742,116,0.46551724137931033,0.35064935064935066,0.0827129859387924
nb_shared_v2_shuffled_mean,4,7,0.7649493871478931,363,0.5619834710743802,0.5828571428571429,0.15581643543223053
nb_shared_v2_shuffled_mean,4,8,0.907430959844753,145,0.7862068965517242,0.5089285714285714,0.09523809523809523
nb_shared_v2_shuffled_mean,4,9,0.8555044569352183,103,0.4368932038834951,0.38461538461538464,0.06015037593984962
nb_shared_v2_shuffled_mean,6,1,0.7595461477577653,1114,0.6633752244165171,0.9354430379746835,0.27419354838709675
nb_shared_v2_shuffled_mean,6,2,0.7260879334881283,273,0.6410256410256411,0.36382536382536385,0.29795520934761444
nb_shared_v2_shuffled_mean,6,3,0.8200518071306192,476,0.5399159663865546,0.7648809523809523,0.09587378640776699
nb_shared_v2_shuffled_mean,6,6,0.8308305524657026,116,0.5258620689655172,0.33152173913043476,0.10173697270471464
nb_shared_v2_shuffled_mean,6,7,0.7512517236006127,363,0.5151515151515151,0.551622418879056,0.1622198505869797
nb_shared_v2_shuffled_mean,6,8,0.8872189879086431,145,0.7793103448275862,0.42641509433962266,0.1316017316017316
nb_shared_v2_shuffled_mean,6,9,0.8183727928234826,103,0.3883495145631068,0.273972602739726,0.0885547201336675
nb_shared_v2_shuffled_mean,8,1,0.7029352715198548,1114,0.5448833034111311,0.9295558958652373,0.24731182795698925
nb_shared_v2_shuffled_mean,8,2,0.6872180075685431,273,0.6336996336996337,0.3008695652173913,0.3914313534566699
nb_shared_v2_shuffled_mean,8,3,0.7447198539610019,476,0.4474789915966387,0.6983606557377049,0.11165048543689321
nb_shared_v2_shuffled_mean,8,6,0.7844257151821111,116,0.49137931034482757,0.2835820895522388,0.11910669975186104
nb_shared_v2_shuffled_mean,8,7,0.7452834349118428,363,0.5316804407713499,0.543661971830986,0.1728922091782284
nb_shared_v2_shuffled_mean,8,8,0.7924287207045828,145,0.6827586206896552,0.32459016393442625,0.17835497835497835
nb_shared_v2_shuffled_mean,8,9,0.7922070548539634,103,0.36893203883495146,0.2345679012345679,0.1035923141186299
nb_shared_v2_shuffled_mean,10,1,0.6681241674871141,1114,0.4757630161579892,0.9217391304347826,0.24193548387096775
nb_shared_v2_shuffled_mean,10,2,0.6392494230858399,273,0.6483516483516484,0.2669683257918552,0.47322297955209347
nb_shared_v2_shuffled_mean,10,3,0.6712567308476789,476,0.35714285714285715,0.6319702602230484,0.12014563106796117
nb_shared_v2_shuffled_mean,10,6,0.7311328826901685,116,0.3879310344827586,0.234375,0.12158808933002481
nb_shared_v2_shuffled_mean,10,7,0.7244238249380386,363,0.5179063360881543,0.5040214477211796,0.19743863393810032
nb_shared_v2_shuffled_mean,10,8,0.7514554411106136,145,0.6,0.2628398791540785,0.21125541125541125
nb_shared_v2_shuffled_mean,10,9,0.7705266402251584,103,0.36893203883495146,0.21965317919075145,0.11278195488721804
nb_shared_v2_shuffled_mean,12,1,0.6408322233161522,1114,0.4622980251346499,0.9196428571428571,0.24193548387096775
nb_shared_v2_shuffled_mean,12,2,0.6092534534598799,273,0.6556776556776557,0.2448700410396717,0.5374878286270691
nb_shared_v2_shuffled_mean,12,3,0.599208615485029,476,0.3277310924369748,0.5693430656934306,0.14320388349514562
nb_shared_v2_shuffled_mean,12,6,0.7104332449160036,116,0.33620689655172414,0.2,0.12903225806451613
nb_shared_v2_shuffled_mean,12,7,0.6798086619567166,363,0.465564738292011,0.4256926952141058,0.24332977588046958
nb_shared_v2_shuffled_mean,12,8,0.7234034930586655,145,0.5586206896551724,0.22070844686648503,0.24761904761904763
nb_shared_v2_shuffled_mean,12,9,0.7458370846209375,103,0.33980582524271846,0.18324607329842932,0.13032581453634084
nb_shared_v2_wxlag1,1,1,0.8961771973514024,1114,0.8967684021543986,0.945127719962157,0.3118279569892473
nb_shared_v2_wxlag1,1,2,0.8948767882555614,273,0.6043956043956044,0.7710280373831776,0.04771178188899708
nb_shared_v2_wxlag1,1,3,0.9471845170106877,476,0.7794117647058824,0.9345088161209067,0.03155339805825243
nb_shared_v2_wxlag1,1,6,0.8434121958871681,116,0.3275862068965517,0.5135135135135135,0.02977667493796526
nb_shared_v2_wxlag1,1,7,0.8894764076194173,363,0.6859504132231405,0.7545454545454545,0.0864461045891142
nb_shared_v2_wxlag1,1,8,0.9259799970144797,145,0.6413793103448275,0.7153846153846154,0.032034632034632034
nb_shared_v2_wxlag1,1,9,0.9221313802305116,103,0.5242718446601942,0.72,0.017543859649122806
nb_shared_v2_wxlag1,2,1,0.8776399104264396,1114,0.8572710951526032,0.9455445544554455,0.2956989247311828
nb_shared_v2_wxlag1,2,2,0.8842087805086831,273,0.5897435897435898,0.7219730941704036,0.06037000973709834
nb_shared_v2_wxlag1,2,3,0.9420943134535368,476,0.7478991596638656,0.9343832020997376,0.03033980582524272
nb_shared_v2_wxlag1,2,6,0.8556337526026069,116,0.35344827586206895,0.4880952380952381,0.03556658395368073
nb_shared_v2_wxlag1,2,7,0.844129173759522,363,0.6308539944903582,0.7246835443037974,0.09284951974386339
nb_shared_v2_wxlag1,2,8,0.9198746081504702,145,0.6344827586206897,0.6524822695035462,0.04242424242424243
nb_shared_v2_wxlag1,2,9,0.8921373011817569,103,0.4174757281553398,0.6323529411764706,0.020885547201336674
nb_shared_v2_wxlag1,3,1,0.8491221211945715,1114,0.803411131059246,0.9440928270042194,0.2849462365591398
nb_shared_v2_wxlag1,3,2,0.8586979395158558,273,0.5824175824175825,0.673728813559322,0.07497565725413827
nb_shared_v2_wxlag1,3,3,0.9256050114220445,476,0.680672268907563,0.9152542372881356,0.03640776699029126
nb_shared_v2_wxlag1,3,6,0.8406848064801347,116,0.31896551724137934,0.4157303370786517,0.043010752688172046
nb_shared_v2_wxlag1,3,7,0.8110625023887855,363,0.5702479338842975,0.6923076923076923,0.09818569903948772
nb_shared_v2_wxlag1,3,8,0.9194596208389312,145,0.6137931034482759,0.6357142857142857,0.04415584415584416
nb_shared_v2_wxlag1,3,9,0.8620580577657737,103,0.30097087378640774,0.5,0.025898078529657476
nb_shared_v2_wxlag1,4,1,0.820324414586591,1114,0.7495511669658886,0.9467120181405896,0.25268817204301075
nb_shared_v2_wxlag1,4,2,0.8171636866865689,273,0.5421245421245421,0.592,0.09931840311587146
nb_shared_v2_wxlag1,4,3,0.9079429101737783,476,0.6323529411764706,0.9011976047904192,0.04004854368932039
nb_shared_v2_wxlag1,4,6,0.8303421180228744,116,0.3103448275862069,0.3829787234042553,0.04797353184449959
nb_shared_v2_wxlag1,4,7,0.7709750066885994,363,0.49586776859504134,0.627177700348432,0.11419423692636073
nb_shared_v2_wxlag1,4,8,0.9078041498731154,145,0.6068965517241379,0.6111111111111112,0.048484848484848485
nb_shared_v2_wxlag1,4,9,0.8514408999845893,103,0.30097087378640774,0.5535714285714286,0.020885547201336674
nb_shared_v2_wxlag1,6,1,0.7480912530646127,1114,0.6319569120287253,0.9449664429530201,0.22043010752688172
nb_shared_v2_wxlag1,6,2,0.7540312657157837,273,0.5238095238095238,0.5238095238095238,0.12658227848101267
nb_shared_v2_wxlag1,6,3,0.8656736966631313,476,0.5378151260504201,0.8533333333333334,0.05339805825242718
nb_shared_v2_wxlag1,6,6,0.8117316961866461,116,0.21551724137931033,0.2976190476190476,0.04880066170388751
nb_shared_v2_wxlag1,6,7,0.7558176114497062,363,0.46831955922865015,0.6343283582089553,0.10458911419423693
nb_shared_v2_wxlag1,6,8,0.8878519181967458,145,0.5448275862068965,0.5448275862068965,0.05714285714285714
nb_shared_v2_wxlag1,6,9,0.8109999918891079,103,0.24271844660194175,0.44642857142857145,0.025898078529657476
nb_shared_v2_wxlag1,8,1,0.684810621416575,1114,0.5583482944344704,0.9381598793363499,0.22043010752688172
nb_shared_v2_wxlag1,8,2,0.7070149908514076,273,0.5018315018315018,0.46757679180887374,0.1518987341772152
nb_shared_v2_wxlag1,8,3,0.815876896875255,476,0.40756302521008403,0.7918367346938775,0.061893203883495146
nb_shared_v2_wxlag1,8,6,0.7571910384757993,116,0.1810344827586207,0.2692307692307692,0.04714640198511166
nb_shared_v2_wxlag1,8,7,0.7543696399328494,363,0.45454545454545453,0.6111111111111112,0.11205976520811099
nb_shared_v2_wxlag1,8,8,0.7966681594267802,145,0.3586206896551724,0.4094488188976378,0.06493506493506493
nb_shared_v2_wxlag1,8,9,0.7733492306818827,103,0.20388349514563106,0.3387096774193548,0.034252297410192145
nb_shared_v2_wxlag1,10,1,0.6304897588849636,1114,0.4874326750448833,0.9172297297297297,0.26344086021505375
nb_shared_v2_wxlag1,10,2,0.6493592418616762,273,0.4835164835164835,0.4125,0.1830574488802337
nb_shared_v2_wxlag1,10,3,0.7780502977890186,476,0.3004201680672269,0.7371134020618557,0.061893203883495146
nb_shared_v2_wxlag1,10,6,0.705470465759676,116,0.15517241379310345,0.2647058823529412,0.0413564929693962
nb_shared_v2_wxlag1,10,7,0.7450203010016729,363,0.39944903581267216,0.5330882352941176,0.13553895410885805
nb_shared_v2_wxlag1,10,8,0.7738528138528139,145,0.2827586206896552,0.3565217391304348,0.06406926406926407
nb_shared_v2_wxlag1,10,9,0.7371300419333122,103,0.1941747572815534,0.29850746268656714,0.03926482873851295
nb_shared_v2_wxlag1,12,1,0.5971192641068706,1114,0.4452423698384201,0.9084249084249084,0.26881720430107525
nb_shared_v2_wxlag1,12,2,0.6168112964607609,273,0.43223443223443225,0.3619631901840491,0.20253164556962025
nb_shared_v2_wxlag1,12,3,0.7335425675124418,476,0.2415966386554622,0.6647398843930635,0.0703883495145631
nb_shared_v2_wxlag1,12,6,0.6874803913179887,116,0.12931034482758622,0.22727272727272727,0.04218362282878412
nb_shared_v2_wxlag1,12,7,0.7143453551719778,363,0.33608815426997246,0.47843137254901963,0.14194236926360726
nb_shared_v2_wxlag1,12,8,0.7646185997910135,145,0.3448275862068966,0.423728813559322,0.05887445887445888
nb_shared_v2_wxlag1,12,9,0.7094110681233828,103,0.1262135922330097,0.20967741935483872,0.04093567251461988
nb_shared_v2_wxlag1_mean,1,1,0.8975357618578792,1114,0.926391382405745,0.9297297297297298,0.41935483870967744
nb_shared_v2_wxlag1_mean,1,2,0.8984631078107223,273,0.7472527472527473,0.6335403726708074,0.11489776046738072
nb_shared_v2_wxlag1_mean,1,3,0.9485192135106469,476,0.8130252100840336,0.8979118329466357,0.05339805825242718
nb_shared_v2_wxlag1_mean,1,6,0.8522075810729871,116,0.43103448275862066,0.4807692307692308,0.04466501240694789
nb_shared_v2_wxlag1_mean,1,7,0.8948493374611547,363,0.7548209366391184,0.7210526315789474,0.11312700106723586
nb_shared_v2_wxlag1_mean,1,8,0.9322167487684729,145,0.6896551724137931,0.6369426751592356,0.04935064935064935
nb_shared_v2_wxlag1_mean,1,9,0.9230357447015597,103,0.5728155339805825,0.6082474226804123,0.031746031746031744
nb_shared_v2_wxlag1_mean,2,1,0.8788681685681744,1114,0.9012567324955116,0.9287696577243293,0.41397849462365593
nb_shared_v2_wxlag1_mean,2,2,0.8877451662261789,273,0.7728937728937729,0.5733695652173914,0.1528724440116845
nb_shared_v2_wxlag1_mean,2,3,0.9416685363465774,476,0.7773109243697479,0.9024390243902439,0.04854368932038835
nb_shared_v2_wxlag1_mean,2,6,0.8641938336042897,116,0.45689655172413796,0.4774774774774775,0.04797353184449959
nb_shared_v2_wxlag1_mean,2,7,0.8505634593730063,363,0.6942148760330579,0.6702127659574468,0.13233724653148346
nb_shared_v2_wxlag1_mean,2,8,0.9272309299895507,145,0.7448275862068966,0.6,0.06233766233766234
nb_shared_v2_wxlag1_mean,2,9,0.8913302674161131,103,0.49514563106796117,0.5368421052631579,0.036758563074352546
nb_shared_v2_wxlag1_mean,3,1,0.8525221520820061,1114,0.8662477558348295,0.9305689488910318,0.3870967741935484
nb_shared_v2_wxlag1_mean,3,2,0.8598999183225083,273,0.7692307692307693,0.5147058823529411,0.19279454722492698
nb_shared_v2_wxlag1_mean,3,3,0.9249128049277964,476,0.75,0.8728606356968215,0.06310679611650485
nb_shared_v2_wxlag1_mean,3,6,0.8492199309774393,116,0.3793103448275862,0.36666666666666664,0.06286186931348221
nb_shared_v2_wxlag1_mean,3,7,0.8193989962690845,363,0.650137741046832,0.6344086021505376,0.14514407684098185
nb_shared_v2_wxlag1_mean,3,8,0.924723092998955,145,0.7379310344827587,0.5721925133689839,0.06926406926406926
nb_shared_v2_wxlag1_mean,3,9,0.8616444022678055,103,0.42718446601941745,0.4583333333333333,0.04344193817878028
nb_shared_v2_wxlag1_mean,4,1,0.8270062354008609,1114,0.8213644524236984,0.9336734693877551,0.34946236559139787
nb_shared_v2_wxlag1_mean,4,2,0.8216398985629755,273,0.7362637362637363,0.45475113122171945,0.23466407010710807
nb_shared_v2_wxlag1_mean,4,3,0.9038024190258628,476,0.6974789915966386,0.836272040302267,0.07888349514563107
nb_shared_v2_wxlag1_mean,4,6,0.8403068936995522,116,0.3879310344827586,0.3409090909090909,0.07196029776674938
nb_shared_v2_wxlag1_mean,4,7,0.781857578403615,363,0.5895316804407713,0.5994397759103641,0.1526147278548559
nb_shared_v2_wxlag1_mean,4,8,0.9126854754440962,145,0.7586206896551724,0.55,0.07792207792207792
nb_shared_v2_wxlag1_mean,4,9,0.8522033238435895,103,0.4368932038834951,0.45918367346938777,0.04427736006683375
nb_shared_v2_wxlag1_mean,6,1,0.7563464025791008,1114,0.7163375224416517,0.9204152249134948,0.3709677419354839
nb_shared_v2_wxlag1_mean,6,2,0.7635846788719233,273,0.7032967032967034,0.37573385518590996,0.31061343719571566
nb_shared_v2_wxlag1_mean,6,3,0.8571224606347393,476,0.6134453781512605,0.7934782608695652,0.09223300970873786
nb_shared_v2_wxlag1_mean,6,6,0.8304098571061863,116,0.3706896551724138,0.2925170068027211,0.08602150537634409
nb_shared_v2_wxlag1_mean,6,7,0.7707618535211433,363,0.5261707988980716,0.5365168539325843,0.17609391675560299
nb_shared_v2_wxlag1_mean,6,8,0.8947604120017913,145,0.696551724137931,0.46543778801843316,0.10043290043290043
nb_shared_v2_wxlag1_mean,6,9,0.8150635488397369,103,0.33980582524271846,0.3645833333333333,0.050960735171261484
nb_shared_v2_wxlag1_mean,8,1,0.6994218258334781,1114,0.6561938958707361,0.9103362391033624,0.3870967741935484
nb_shared_v2_wxlag1_mean,8,2,0.724625585385079,273,0.684981684981685,0.32578397212543553,0.37682570593963
nb_shared_v2_wxlag1_mean,8,3,0.8032144896793669,476,0.5084033613445378,0.7181008902077152,0.11529126213592233
nb_shared_v2_wxlag1_mean,8,6,0.7837911069279256,116,0.3448275862068966,0.2631578947368421,0.09263854425144748
nb_shared_v2_wxlag1_mean,8,7,0.7690154675698481,363,0.5537190082644629,0.5537190082644629,0.1728922091782284
nb_shared_v2_wxlag1_mean,8,8,0.8094282728765487,145,0.5310344827586206,0.37745098039215685,0.10995670995670996
nb_shared_v2_wxlag1_mean,8,9,0.7747524150181279,103,0.2815533980582524,0.2871287128712871,0.06015037593984962
nb_shared_v2_wxlag1_mean,10,1,0.651227775525569,1114,0.6122082585278277,0.89501312335958,0.43010752688172044
nb_shared_v2_wxlag1_mean,10,2,0.6787970225165941,273,0.6776556776556777,0.292259083728278,0.436222005842259
nb_shared_v2_wxlag1_mean,10,3,0.7589107244839683,476,0.4432773109243697,0.6635220125786163,0.12985436893203883
nb_shared_v2_wxlag1_mean,10,6,0.7427340920110664,116,0.29310344827586204,0.22972972972972974,0.09429280397022333
nb_shared_v2_wxlag1_mean,10,7,0.7633852839053188,363,0.5564738292011019,0.531578947368421,0.18996798292422626
nb_shared_v2_wxlag1_mean,10,8,0.7862307807135394,145,0.4413793103448276,0.3076923076923077,0.12467532467532468
nb_shared_v2_wxlag1_mean,10,9,0.7438661378365007,103,0.23300970873786409,0.22018348623853212,0.07101086048454469
nb_shared_v2_wxlag1_mean,12,1,0.6259097314723654,1114,0.5897666068222621,0.8914518317503393,0.43010752688172044
nb_shared_v2_wxlag1_mean,12,2,0.6456052872800682,273,0.6593406593406593,0.26865671641791045,0.4771178188899708
nb_shared_v2_wxlag1_mean,12,3,0.717995329199641,476,0.3760504201680672,0.6026936026936027,0.14320388349514562
nb_shared_v2_wxlag1_mean,12,6,0.7260346253672172,116,0.2672413793103448,0.2198581560283688,0.09098428453267163
nb_shared_v2_wxlag1_mean,12,7,0.7337320032575684,363,0.48484848484848486,0.46437994722955145,0.21664887940234792
nb_shared_v2_wxlag1_mean,12,8,0.7743424391700254,145,0.4689655172413793,0.30357142857142855,0.13506493506493505
nb_shared_v2_wxlag1_mean,12,9,0.719947116983397,103,0.18446601941747573,0.15966386554621848,0.0835421888053467
nb_shared_v3,1,1,0.8962713075037162,1114,0.8904847396768402,0.9474689589302769,0.2956989247311828
nb_shared_v3,1,2,0.8953226260918569,273,0.6776556776556777,0.6801470588235294,0.08471275559883155
nb_shared_v3,1,3,0.9508291180549889,476,0.7794117647058824,0.9321608040201005,0.032766990291262135
nb_shared_v3,1,6,0.8449345426542312,116,0.3448275862068966,0.5128205128205128,0.03143093465674111
nb_shared_v3,1,7,0.8880093258185817,363,0.6639118457300276,0.7484472049689441,0.0864461045891142
nb_shared_v3,1,8,0.9259889535751604,145,0.5862068965517241,0.7264957264957265,0.027705627705627706
nb_shared_v3,1,9,0.9206551978652132,103,0.49514563106796117,0.7183098591549296,0.01670843776106934
nb_shared_v3,2,1,0.8745294492384317,1114,0.8509874326750448,0.950852557673019,0.26344086021505375
nb_shared_v3,2,2,0.8853679588830514,273,0.6666666666666666,0.6431095406360424,0.09834469328140215
nb_shared_v3,2,3,0.9445865117891817,476,0.7415966386554622,0.9489247311827957,0.023058252427184466
nb_shared_v3,2,6,0.8645610507401387,116,0.35344827586206895,0.4939759036144578,0.034739454094292806
nb_shared_v3,2,7,0.8431692494950475,363,0.6308539944903582,0.726984126984127,0.09178228388473852
nb_shared_v3,2,8,0.9198626660695626,145,0.5379310344827586,0.6666666666666666,0.033766233766233764
nb_shared_v3,2,9,0.89281050522747,103,0.4174757281553398,0.6615384615384615,0.018379281537176273
nb_shared_v3,3,1,0.8462867512210189,1114,0.7953321364452424,0.9465811965811965,0.26881720430107525
nb_shared_v3,3,2,0.8623056592871589,273,0.684981684981685,0.6111111111111112,0.11587147030185005
nb_shared_v3,3,3,0.9279569837643795,476,0.6680672268907563,0.9325513196480938,0.027912621359223302
nb_shared_v3,3,6,0.8471485411140584,116,0.3275862068965517,0.40860215053763443,0.045492142266335814
nb_shared_v3,3,7,0.8059027257145042,363,0.5702479338842975,0.6946308724832215,0.09711846318036287
nb_shared_v3,3,8,0.9202328705776982,145,0.5793103448275863,0.6829268292682927,0.033766233766233764
nb_shared_v3,3,9,0.8645197135232904,103,0.30097087378640774,0.5344827586206896,0.022556390977443608
nb_shared_v3,4,1,0.8092387212602073,1114,0.7387791741472173,0.9514450867052023,0.22580645161290322
nb_shared_v3,4,2,0.8285379015661392,273,0.6336996336996337,0.5356037151702786,0.1460564751703992
nb_shared_v3,4,3,0.9121280186832015,476,0.5987394957983193,0.9076433121019108,0.03519417475728155
nb_shared_v3,4,6,0.8333297681184222,116,0.3448275862068966,0.41237113402061853,0.04714640198511166
nb_shared_v3,4,7,0.7649876077158506,363,0.4820936639118457,0.6386861313868614,0.1056563500533618
nb_shared_v3,4,8,0.9079414838035528,145,0.5862068965517241,0.6692913385826772,0.03636363636363636
nb_shared_v3,4,9,0.8597099544978952,103,0.33980582524271846,0.5833333333333334,0.020885547201336674
nb_shared_v3,6,1,0.7331446304125403,1114,0.6131059245960503,0.9394773039889959,0.23655913978494625
nb_shared_v3,6,2,0.7748126589411887,273,0.6336996336996337,0.4713896457765668,0.18889970788704966
nb_shared_v3,6,3,0.8698320347556499,476,0.4957983193277311,0.851985559566787,0.04975728155339806
nb_shared_v3,6,6,0.8104482188186304,116,0.22413793103448276,0.32098765432098764,0.045492142266335814
nb_shared_v3,6,7,0.7531289414960707,363,0.4325068870523416,0.6254980079681275,0.10032017075773746
nb_shared_v3,6,8,0.8850425436632333,145,0.503448275862069,0.5934959349593496,0.04329004329004329
nb_shared_v3,6,9,0.8197475890373183,103,0.2815533980582524,0.4603174603174603,0.028404344193817876
nb_shared_v3,8,1,0.6649268353892782,1114,0.518850987432675,0.9233226837060703,0.25806451612903225
nb_shared_v3,8,2,0.7483334581679275,273,0.608058608058608,0.4129353233830846,0.22979552093476144
nb_shared_v3,8,3,0.8189529452557722,476,0.38235294117647056,0.7913043478260869,0.05825242718446602
nb_shared_v3,8,6,0.753016171814837,116,0.21551724137931033,0.3472222222222222,0.03887510339123242
nb_shared_v3,8,7,0.7592736328061835,363,0.4214876033057851,0.612,0.10352187833511206
nb_shared_v3,8,8,0.804606657710106,145,0.3103448275862069,0.4326923076923077,0.05108225108225108
nb_shared_v3,8,9,0.7915297953621919,103,0.23300970873786409,0.36363636363636365,0.03508771929824561
nb_shared_v3,10,1,0.6289671048821451,1114,0.44703770197486536,0.9222222222222223,0.22580645161290322
nb_shared_v3,10,2,0.695499891215568,273,0.5787545787545788,0.3798076923076923,0.25121713729308665
nb_shared_v3,10,3,0.775159092763319,476,0.3172268907563025,0.719047619047619,0.07160194174757281
nb_shared_v3,10,6,0.7038482929751005,116,0.15517241379310345,0.2535211267605634,0.043837882547559964
nb_shared_v3,10,7,0.7421993290820301,363,0.3443526170798898,0.5186721991701245,0.12379935965848453
nb_shared_v3,10,8,0.800235856097925,145,0.296551724137931,0.4387755102040816,0.047619047619047616
nb_shared_v3,10,9,0.7597756527240431,103,0.17475728155339806,0.2647058823529412,0.04177109440267335
nb_shared_v3,12,1,0.6147419933978109,1114,0.41651705565529623,0.9206349206349206,0.21505376344086022
nb_shared_v3,12,2,0.6475420068409358,273,0.5018315018315018,0.3477157360406091,0.25024342745861733
nb_shared_v3,12,3,0.7316737374561475,476,0.2689075630252101,0.6666666666666666,0.07766990291262135
nb_shared_v3,12,6,0.7007180342831066,116,0.1206896551724138,0.22580645161290322,0.03970223325062035
nb_shared_v3,12,7,0.7012504005809527,363,0.27823691460055094,0.4719626168224299,0.12059765208110992
nb_shared_v3,12,8,0.8017733990147783,145,0.32413793103448274,0.4519230769230769,0.04935064935064935
nb_shared_v3,12,9,0.7289623735714691,103,0.13592233009708737,0.208955223880597,0.04427736006683375
nb_shared_v3_mean,1,1,0.8934286982876778,1114,0.921903052064632,0.9260595130748422,0.44086021505376344
nb_shared_v3_mean,1,2,0.8950319398225922,273,0.7838827838827839,0.601123595505618,0.1382667964946446
nb_shared_v3_mean,1,3,0.9524863343395611,476,0.8088235294117647,0.9166666666666666,0.04247572815533981
nb_shared_v3_mean,1,6,0.853612275747982,116,0.39655172413793105,0.4742268041237113,0.04218362282878412
nb_shared_v3_mean,1,7,0.8926648850001911,363,0.7520661157024794,0.7165354330708661,0.1152614727854856
nb_shared_v3_mean,1,8,0.9319420809075981,145,0.6344827586206897,0.6618705035971223,0.04069264069264069
nb_shared_v3_mean,1,9,0.9219651069421125,103,0.5533980582524272,0.6551724137931034,0.02506265664160401
nb_shared_v3_mean,2,1,0.8679224339298469,1114,0.9021543985637342,0.9271217712177122,0.42473118279569894
nb_shared_v3_mean,2,2,0.8828516501349997,273,0.7765567765567766,0.531328320802005,0.18208373904576436
nb_shared_v3_mean,2,3,0.9446336787142041,476,0.7710084033613446,0.9197994987468672,0.038834951456310676
nb_shared_v3_mean,2,6,0.8717948717948718,116,0.41379310344827586,0.44036697247706424,0.050454921422663356
nb_shared_v3_mean,2,7,0.8491316580964393,363,0.6942148760330579,0.675603217158177,0.12913553895410887
nb_shared_v3_mean,2,8,0.9271592775041051,145,0.6413793103448275,0.6283783783783784,0.047619047619047616
nb_shared_v3_mean,2,9,0.8941366360886034,103,0.5048543689320388,0.5842696629213483,0.030910609857978277
nb_shared_v3_mean,3,1,0.8386469373178124,1114,0.86983842010772,0.9299424184261037,0.3924731182795699
nb_shared_v3_mean,3,2,0.8535761544524934,273,0.7802197802197802,0.4650655021834061,0.2385589094449854
nb_shared_v3_mean,3,3,0.9279977767806151,476,0.7184873949579832,0.9047619047619048,0.043689320388349516
nb_shared_v3_mean,3,6,0.852942015344685,116,0.39655172413793105,0.38016528925619836,0.062034739454094295
nb_shared_v3_mean,3,7,0.8124751933813736,363,0.6556473829201102,0.6380697050938338,0.144076840981857
nb_shared_v3_mean,3,8,0.9258456486042693,145,0.6896551724137931,0.6211180124223602,0.05281385281385281
nb_shared_v3_mean,3,9,0.865886398845009,103,0.42718446601941745,0.4731182795698925,0.04093567251461988
nb_shared_v3_mean,4,1,0.7996612034516708,1114,0.8231597845601436,0.9271991911021233,0.3870967741935484
nb_shared_v3_mean,4,2,0.8233269489355176,273,0.7509157509157509,0.41082164328657317,0.2862706913339825
nb_shared_v3_mean,4,3,0.9081392265644121,476,0.6743697478991597,0.8652291105121294,0.06067961165048544
nb_shared_v3_mean,4,6,0.841590371067568,116,0.3879310344827586,0.3409090909090909,0.07196029776674938
nb_shared_v3_mean,4,7,0.7753512617197491,363,0.5840220385674931,0.6022727272727273,0.14941302027748132
nb_shared_v3_mean,4,8,0.911533064636513,145,0.6620689655172414,0.5925925925925926,0.05714285714285714
nb_shared_v3_mean,4,9,0.8600465565207517,103,0.42718446601941745,0.4782608695652174,0.040100250626566414
nb_shared_v3_mean,6,1,0.7275342174861489,1114,0.72262118491921,0.92,0.3763440860215054
nb_shared_v3_mean,6,2,0.7692450360415307,273,0.7435897435897436,0.33889816360601,0.38558909444985395
nb_shared_v3_mean,6,3,0.8575099942889777,476,0.5672268907563025,0.7917888563049853,0.08616504854368932
nb_shared_v3_mean,6,6,0.826673511879296,116,0.3620689655172414,0.2876712328767123,0.08602150537634409
nb_shared_v3_mean,6,7,0.7690360478756715,363,0.5289256198347108,0.5818181818181818,0.1472785485592316
nb_shared_v3_mean,6,8,0.891530079116286,145,0.6344827586206897,0.5227272727272727,0.07272727272727272
nb_shared_v3_mean,6,9,0.8226066785085692,103,0.3786407766990291,0.36792452830188677,0.055973266499582286
nb_shared_v3_mean,8,1,0.6699822397251018,1114,0.6579892280071813,0.9105590062111801,0.3870967741935484
nb_shared_v3_mean,8,2,0.7490182650844773,273,0.7875457875457875,0.3302611367127496,0.42453748782862705
nb_shared_v3_mean,8,3,0.8019269601044301,476,0.47058823529411764,0.6850152905198776,0.125
nb_shared_v3_mean,8,6,0.7802330224465931,116,0.3017241379310345,0.25925925925925924,0.0827129859387924
nb_shared_v3_mean,8,7,0.7734020127539095,363,0.559228650137741,0.5783475783475783,0.15795090715048027
nb_shared_v3_mean,8,8,0.8202060008956561,145,0.4482758620689655,0.40372670807453415,0.08311688311688312
nb_shared_v3_mean,8,9,0.7961813919913051,103,0.30097087378640774,0.26495726495726496,0.07184628237259816
nb_shared_v3_mean,10,1,0.6379172216752572,1114,0.6005385996409336,0.904054054054054,0.3817204301075269
nb_shared_v3_mean,10,2,0.7068063387440213,273,0.7472527472527473,0.28895184135977336,0.48880233690360275
nb_shared_v3_mean,10,3,0.7556345353675451,476,0.42436974789915966,0.6474358974358975,0.13349514563106796
nb_shared_v3_mean,10,6,0.7457146116767919,116,0.2672413793103448,0.2366412213740458,0.0827129859387924
nb_shared_v3_mean,10,7,0.758978158415434,363,0.5399449035812672,0.5414364640883977,0.17716115261472787
nb_shared_v3_mean,10,8,0.8113927451858486,145,0.4206896551724138,0.38125,0.08571428571428572
nb_shared_v3_mean,10,9,0.7658872099342207,103,0.3106796116504854,0.256,0.07769423558897243
nb_shared_v3_mean,12,1,0.6335447192139148,1114,0.6005385996409336,0.902834008097166,0.3870967741935484
nb_shared_v3_mean,12,2,0.6608422411733025,273,0.7252747252747253,0.27123287671232876,0.5180136319376826
nb_shared_v3_mean,12,3,0.7150786285387941,476,0.38865546218487396,0.5854430379746836,0.15898058252427186
nb_shared_v3_mean,12,6,0.7510695644733465,116,0.22413793103448276,0.203125,0.08436724565756824
nb_shared_v3_mean,12,7,0.7188612622783574,363,0.46831955922865015,0.46321525885558584,0.2102454642475987
nb_shared_v3_mean,12,8,0.8141991341991341,145,0.43448275862068964,0.3559322033898305,0.0987012987012987
nb_shared_v3_mean,12,9,0.7370205448897325,103,0.22330097087378642,0.17164179104477612,0.09273182957393483
nb_shared_v4,1,1,0.897140016601996,1114,0.8949730700179533,0.9477186311787072,0.2956989247311828
nb_shared_v4,1,2,0.8962909858722906,273,0.6410256410256411,0.7415254237288136,0.05939629990262902
nb_shared_v4,1,3,0.9503918679122134,476,0.792016806722689,0.9285714285714286,0.03519417475728155
nb_shared_v4,1,6,0.8348592453153076,116,0.3103448275862069,0.5454545454545454,0.02481389578163772
nb_shared_v4,1,7,0.888119577456921,363,0.699724517906336,0.7383720930232558,0.096051227321238
nb_shared_v4,1,8,0.9192237647410061,145,0.6344827586206897,0.6764705882352942,0.0380952380952381
nb_shared_v4,1,9,0.9211256296080006,103,0.5533980582524272,0.6705882352941176,0.023391812865497075
nb_shared_v4,2,1,0.872345611088589,1114,0.8473967684021544,0.9516129032258065,0.25806451612903225
nb_shared_v4,2,2,0.8881250200627027,273,0.6227106227106227,0.6882591093117408,0.07497565725413827
nb_shared_v4,2,3,0.9455183772538142,476,0.7478991596638656,0.9319371727748691,0.03155339805825243
nb_shared_v4,2,6,0.8570277516328685,116,0.3448275862068966,0.5333333333333333,0.028949545078577336
nb_shared_v4,2,7,0.8447215925628655,363,0.6556473829201102,0.7168674698795181,0.10032017075773746
nb_shared_v4,2,8,0.9141961486789073,145,0.6,0.6590909090909091,0.03896103896103896
nb_shared_v4,2,9,0.8929524458395179,103,0.4563106796116505,0.5802469135802469,0.028404344193817876
nb_shared_v4,3,1,0.8451212331808267,1114,0.7791741472172352,0.9465648854961832,0.26344086021505375
nb_shared_v4,3,2,0.8639695260922136,273,0.6446886446886447,0.6616541353383458,0.08763388510223953
nb_shared_v4,3,3,0.9316385534796443,476,0.6848739495798319,0.9261363636363636,0.03155339805825243
nb_shared_v4,3,6,0.8392016770770943,116,0.29310344827586204,0.39080459770114945,0.043837882547559964
nb_shared_v4,3,7,0.8051368443335067,363,0.5895316804407713,0.6729559748427673,0.11099252934898612
nb_shared_v4,3,8,0.9180176145693387,145,0.6482758620689655,0.6573426573426573,0.04242424242424243
nb_shared_v4,3,9,0.8658052899238388,103,0.36893203883495146,0.5066666666666667,0.030910609857978277
nb_shared_v4,4,1,0.8080587247350437,1114,0.7315978456014363,0.9476744186046512,0.24193548387096775
nb_shared_v4,4,2,0.8267420667615409,273,0.6043956043956044,0.5769230769230769,0.11781888997078871
nb_shared_v4,4,3,0.915503640776699,476,0.6323529411764706,0.9093655589123867,0.03640776699029126
nb_shared_v4,4,6,0.8246021220159151,116,0.25862068965517243,0.3448275862068966,0.04714640198511166
nb_shared_v4,4,7,0.7684950798368864,363,0.5151515151515151,0.6111111111111112,0.12700106723585913
nb_shared_v4,4,8,0.9083296014330497,145,0.6413793103448275,0.6413793103448275,0.045021645021645025
nb_shared_v4,4,9,0.8606183744150019,103,0.3786407766990291,0.4936708860759494,0.03341687552213868
nb_shared_v4,6,1,0.7309849230709832,1114,0.5969479353680431,0.9419263456090652,0.22043010752688172
nb_shared_v4,6,2,0.7716168933306227,273,0.6043956043956044,0.4984894259818731,0.16163583252190847
nb_shared_v4,6,3,0.8764608998939382,476,0.5126050420168067,0.8808664259927798,0.04004854368932039
nb_shared_v4,6,6,0.8102164798494054,116,0.19827586206896552,0.2987012987012987,0.04466501240694789
nb_shared_v4,6,7,0.7541858872022839,363,0.46831955922865015,0.604982206405694,0.11846318036286019
nb_shared_v4,6,8,0.8933602030153754,145,0.6275862068965518,0.558282208588957,0.06233766233766234
nb_shared_v4,6,9,0.8198205870663714,103,0.2912621359223301,0.39473684210526316,0.03842940685045948
nb_shared_v4,8,1,0.659647014536399,1114,0.48473967684021546,0.9294320137693631,0.22043010752688172
nb_shared_v4,8,2,0.7466196575252076,273,0.5897435897435898,0.4447513812154696,0.19571567672833495
nb_shared_v4,8,3,0.8302079933915314,476,0.39285714285714285,0.827433628318584,0.04733009708737864
nb_shared_v4,8,6,0.7509519123812783,116,0.1896551724137931,0.3055555555555556,0.0413564929693962
nb_shared_v4,8,7,0.7559778438307593,363,0.4628099173553719,0.6153846153846154,0.11205976520811099
nb_shared_v4,8,8,0.8070010449320795,145,0.43448275862068964,0.42567567567567566,0.0735930735930736
nb_shared_v4,8,9,0.7924909360780592,103,0.22330097087378642,0.3382352941176471,0.03759398496240601
nb_shared_v4,10,1,0.6245632323700314,1114,0.4156193895870736,0.9241516966067864,0.20430107526881722
nb_shared_v4,10,2,0.6856629251955445,273,0.5421245421245421,0.39050131926121373,0.2249269717624148
nb_shared_v4,10,3,0.788207758831688,476,0.3067226890756303,0.7411167512690355,0.061893203883495146
nb_shared_v4,10,6,0.7047467271327116,116,0.13793103448275862,0.25396825396825395,0.03887510339123242
nb_shared_v4,10,7,0.7434018069508513,363,0.4132231404958678,0.5434782608695652,0.1344717182497332
nb_shared_v4,10,8,0.7980176145693387,145,0.4,0.38926174496644295,0.07878787878787878
nb_shared_v4,10,9,0.7626996293322302,103,0.22330097087378642,0.30666666666666664,0.04344193817878028
nb_shared_v4,12,1,0.6046384239686493,1114,0.3850987432675045,0.9245689655172413,0.1881720430107527
nb_shared_v4,12,2,0.6411165919442453,273,0.4945054945054945,0.36486486486486486,0.22882181110029212
nb_shared_v4,12,3,0.7442443603655055,476,0.2415966386554622,0.672514619883041,0.06796116504854369
nb_shared_v4,12,6,0.6901507372864436,116,0.1206896551724138,0.21212121212121213,0.043010752688172046
nb_shared_v4,12,7,0.7094810528884459,363,0.3443526170798898,0.49603174603174605,0.13553895410885805
nb_shared_v4,12,8,0.7837110016420361,145,0.4,0.36024844720496896,0.08917748917748917
nb_shared_v4,12,9,0.7344575029807529,103,0.14563106796116504,0.21428571428571427,0.04594820384294068
nb_shared_v4_mean,1,1,0.8932066948514508,1114,0.9272890484739676,0.9247985675917636,0.45161290322580644
nb_shared_v4_mean,1,2,0.8975749988408216,273,0.7802197802197802,0.6,0.1382667964946446
nb_shared_v4_mean,1,3,0.9525781186260912,476,0.8151260504201681,0.9150943396226415,0.043689320388349516
nb_shared_v4_mean,1,6,0.841176806137874,116,0.3879310344827586,0.4639175257731959,0.043010752688172046
nb_shared_v4_mean,1,7,0.8924737821604029,363,0.7548209366391184,0.7116883116883117,0.11846318036286019
nb_shared_v4_mean,1,8,0.9283713987162263,145,0.7034482758620689,0.6375,0.050216450216450215
nb_shared_v4_mean,1,9,0.9221841010292722,103,0.5825242718446602,0.5714285714285714,0.03759398496240601
nb_shared_v4_mean,2,1,0.8632265786374781,1114,0.8985637342908438,0.927710843373494,0.41935483870967744
nb_shared_v4_mean,2,2,0.88775586633425,273,0.7912087912087912,0.5581395348837209,0.1665043816942551
nb_shared_v4_mean,2,3,0.9464132740474831,476,0.7773109243697479,0.9181141439205955,0.04004854368932039
nb_shared_v4_mean,2,6,0.8628533127976954,116,0.41379310344827586,0.43243243243243246,0.052109181141439205
nb_shared_v4_mean,2,7,0.8511250077176147,363,0.7134986225895317,0.6658097686375322,0.13874066168623267
nb_shared_v4_mean,2,8,0.9232542170473205,145,0.7034482758620689,0.6035502958579881,0.05800865800865801
nb_shared_v4_mean,2,9,0.894696287644678,103,0.5533980582524272,0.5327102803738317,0.04177109440267335
nb_shared_v4_mean,3,1,0.8317165691782012,1114,0.8644524236983842,0.9331395348837209,0.3709677419354839
nb_shared_v4_mean,3,2,0.859150910757532,273,0.7802197802197802,0.4930555555555556,0.21324245374878287
nb_shared_v4_mean,3,3,0.9315697152647466,476,0.7352941176470589,0.8997429305912596,0.04733009708737864
nb_shared_v4_mean,3,6,0.8443712386982687,116,0.3879310344827586,0.391304347826087,0.05789909015715467
nb_shared_v4_mean,3,7,0.8135189088909861,363,0.6584022038567493,0.6256544502617801,0.1526147278548559
nb_shared_v4_mean,3,8,0.9253142260038811,145,0.7034482758620689,0.5604395604395604,0.06926406926406926
nb_shared_v4_mean,3,9,0.8665433811064879,103,0.44660194174757284,0.40350877192982454,0.05680868838763575
nb_shared_v4_mean,4,1,0.7945647767417617,1114,0.8087971274685817,0.9317476732161324,0.3548387096774194
nb_shared_v4_mean,4,2,0.8237406864475998,273,0.7362637362637363,0.42948717948717946,0.2599805258033106
nb_shared_v4_mean,4,3,0.9130700824018928,476,0.6932773109243697,0.8638743455497382,0.06310679611650485
nb_shared_v4_mean,4,6,0.8327842902370155,116,0.3706896551724138,0.3359375,0.07030603804797353
nb_shared_v4_mean,4,7,0.7793379609621,363,0.6115702479338843,0.5935828877005348,0.1622198505869797
nb_shared_v4_mean,4,8,0.9123212419764144,145,0.7862068965517242,0.5615763546798029,0.07705627705627706
nb_shared_v4_mean,4,9,0.861506517101816,103,0.44660194174757284,0.40350877192982454,0.05680868838763575
nb_shared_v4_mean,6,1,0.7188374741800352,1114,0.7145421903052065,0.9212962962962963,0.3655913978494624
nb_shared_v4_mean,6,2,0.7712566563588958,273,0.7435897435897436,0.3612099644128114,0.3495618305744888
nb_shared_v4_mean,6,3,0.8673742555274537,476,0.6029411764705882,0.8107344632768362,0.08131067961165049
nb_shared_v4_mean,6,6,0.8272368158352585,116,0.33620689655172414,0.2765957446808511,0.08436724565756824
nb_shared_v4_mean,6,7,0.7687861441621022,363,0.5647382920110193,0.5694444444444444,0.16542155816435433
nb_shared_v4_mean,6,8,0.8983191521122555,145,0.7517241379310344,0.48660714285714285,0.09956709956709957
nb_shared_v4_mean,6,9,0.8226958983218564,103,0.3883495145631068,0.3333333333333333,0.06683375104427736
nb_shared_v4_mean,8,1,0.6576369182062123,1114,0.6463195691202872,0.9090909090909091,0.3870967741935484
nb_shared_v4_mean,8,2,0.7569292116517043,273,0.7838827838827839,0.33647798742138363,0.41090555014605645
nb_shared_v4_mean,8,3,0.8184991229501509,476,0.4789915966386555,0.7331189710610932,0.10072815533980582
nb_shared_v4_mean,8,6,0.7787712843330196,116,0.29310344827586204,0.2446043165467626,0.08684863523573201
nb_shared_v4_mean,8,7,0.7701944250891568,363,0.5922865013774105,0.5555555555555556,0.18356456776947705
nb_shared_v4_mean,8,8,0.8168383340797134,145,0.6206896551724138,0.3879310344827586,0.12294372294372294
nb_shared_v4_mean,8,9,0.7939265639827725,103,0.30097087378640774,0.2672413793103448,0.07101086048454469
nb_shared_v4_mean,10,1,0.6298768363545105,1114,0.5987432675044884,0.9074829931972789,0.3655913978494624
nb_shared_v4_mean,10,2,0.7089285268447878,273,0.7655677655677655,0.3033381712626996,0.4673807205452775
nb_shared_v4_mean,10,3,0.7743049889858856,476,0.4054621848739496,0.6819787985865724,0.10922330097087378
nb_shared_v4_mean,10,6,0.7403240067311257,116,0.25,0.21804511278195488,0.08602150537634409
nb_shared_v4_mean,10,7,0.7592074818231799,363,0.5619834710743802,0.5354330708661418,0.18890074706510138
nb_shared_v4_mean,10,8,0.8028422152560084,145,0.5379310344827586,0.31451612903225806,0.1471861471861472
nb_shared_v4_mean,10,9,0.7663170872164229,103,0.27184466019417475,0.23728813559322035,0.07518796992481203
nb_shared_v4_mean,12,1,0.6229512943765564,1114,0.5807899461400359,0.9011142061281338,0.3817204301075269
nb_shared_v4_mean,12,2,0.663827571325137,273,0.717948717948718,0.2776203966005666,0.49659201557935734
nb_shared_v4_mean,12,3,0.7291216243779065,476,0.3739495798319328,0.6180555555555556,0.13349514563106796
nb_shared_v4_mean,12,6,0.7259704514988163,116,0.2413793103448276,0.21212121212121213,0.08602150537634409
nb_shared_v4_mean,12,7,0.7238857969429425,363,0.48484848484848486,0.4583333333333333,0.22198505869797225
nb_shared_v4_mean,12,8,0.7886430810568742,145,0.5517241379310345,0.2898550724637681,0.1696969696969697
nb_shared_v4_mean,12,9,0.7433551516331282,103,0.17475728155339806,0.15126050420168066,0.08437761069340016
nb_shared_v4_t26,1,1,0.8967177274569988,1114,0.8877917414721723,0.9482262703739214,0.2903225806451613
nb_shared_v4_t26,1,2,0.8930916535590343,273,0.6263736263736264,0.7370689655172413,0.05939629990262902
nb_shared_v4_t26,1,3,0.9507717528759076,476,0.7983193277310925,0.9382716049382716,0.03033980582524272
nb_shared_v4_t26,1,6,0.8338538547103619,116,0.3103448275862069,0.5373134328358209,0.02564102564102564
nb_shared_v4_t26,1,7,0.8920445357818018,363,0.7052341597796143,0.7485380116959064,0.09178228388473852
nb_shared_v4_t26,1,8,0.9266905508284818,145,0.6344827586206897,0.7076923076923077,0.0329004329004329
nb_shared_v4_t26,1,9,0.9178001638400207,103,0.5242718446601942,0.6835443037974683,0.020885547201336674
nb_shared_v4_t26,2,1,0.8735207814520956,1114,0.8464991023339318,0.9534883720930233,0.24731182795698925
nb_shared_v4_t26,2,2,0.8860153154213524,273,0.6227106227106227,0.6854838709677419,0.0759493670886076
nb_shared_v4_t26,2,3,0.9455617198335645,476,0.7542016806722689,0.9497354497354498,0.023058252427184466
nb_shared_v4_t26,2,6,0.8574876643564074,116,0.3275862068965517,0.5277777777777778,0.028122415219189414
nb_shared_v4_t26,2,7,0.8499886808317971,363,0.6611570247933884,0.729483282674772,0.09498399146211313
nb_shared_v4_t26,2,8,0.9191222570532915,145,0.6275862068965518,0.6594202898550725,0.04069264069264069
nb_shared_v4_t26,2,9,0.8913546000924641,103,0.42718446601941745,0.5945945945945946,0.02506265664160401
nb_shared_v4_t26,3,1,0.8457824173278509,1114,0.7989228007181328,0.9478168264110756,0.26344086021505375
nb_shared_v4_t26,3,2,0.8629262655552821,273,0.6483516483516484,0.6629213483146067,0.08763388510223953
nb_shared_v4_t26,3,3,0.931697193440483,476,0.6995798319327731,0.9275766016713092,0.03155339805825243
nb_shared_v4_t26,3,6,0.8370411568409344,116,0.2672413793103448,0.40789473684210525,0.03722084367245657
nb_shared_v4_t26,3,7,0.8140775171919055,363,0.5840220385674931,0.686084142394822,0.10352187833511206
nb_shared_v4_t26,3,8,0.9211135990446335,145,0.6275862068965518,0.6546762589928058,0.04155844155844156
nb_shared_v4_t26,3,9,0.8666042127973655,103,0.3300970873786408,0.4722222222222222,0.031746031746031744
nb_shared_v4_t26,4,1,0.8118689793633328,1114,0.7315978456014363,0.9509918319719953,0.22580645161290322
nb_shared_v4_t26,4,2,0.8238352040688944,273,0.575091575091575,0.564748201438849,0.11781888997078871
nb_shared_v4_t26,4,3,0.917739607979114,476,0.6596638655462185,0.9235294117647059,0.03155339805825243
nb_shared_v4_t26,4,6,0.8215752545563446,116,0.22413793103448276,0.3333333333333333,0.043010752688172046
nb_shared_v4_t26,4,7,0.779705466423231,363,0.512396694214876,0.6348122866894198,0.11419423692636073
nb_shared_v4_t26,4,8,0.9054127481713689,145,0.6413793103448275,0.636986301369863,0.04588744588744589
nb_shared_v4_t26,4,9,0.8623987152346887,103,0.36893203883495146,0.5,0.031746031746031744
nb_shared_v4_t26,6,1,0.7302875427115306,1114,0.5969479353680431,0.9366197183098591,0.24193548387096775
nb_shared_v4_t26,6,2,0.766837511725535,273,0.5677655677655677,0.5115511551155115,0.14410905550146055
nb_shared_v4_t26,6,3,0.8821362282777189,476,0.5714285714285714,0.8831168831168831,0.043689320388349516
nb_shared_v4_t26,6,6,0.8074498730783491,116,0.16379310344827586,0.2676056338028169,0.043010752688172046
nb_shared_v4_t26,6,7,0.7704340386498143,363,0.465564738292011,0.6167883211678832,0.11205976520811099
nb_shared_v4_t26,6,8,0.8817107030900134,145,0.5724137931034483,0.5424836601307189,0.06060606060606061
nb_shared_v4_t26,6,9,0.8211791614959729,103,0.2621359223300971,0.3698630136986301,0.03842940685045948
nb_shared_v4_t26,8,1,0.6591161367541167,1114,0.507181328545781,0.9262295081967213,0.24193548387096775
nb_shared_v4_t26,8,2,0.7365936562625949,273,0.5457875457875457,0.4584615384615385,0.17137293086660174
nb_shared_v4_t26,8,3,0.842735273721139,476,0.4810924369747899,0.8450184501845018,0.050970873786407765
nb_shared_v4_t26,8,6,0.7435113088616981,116,0.1896551724137931,0.3384615384615385,0.03556658395368073
nb_shared_v4_t26,8,7,0.7730506775330681,363,0.4793388429752066,0.6214285714285714,0.11312700106723586
nb_shared_v4_t26,8,8,0.7950291088222122,145,0.36551724137931035,0.41732283464566927,0.06406926406926407
nb_shared_v4_t26,8,9,0.7938778986300703,103,0.23300970873786409,0.2962962962962963,0.047619047619047616
nb_shared_v4_t26,10,1,0.6172733151869655,1114,0.4254937163375224,0.920388349514563,0.22043010752688172
nb_shared_v4_t26,10,2,0.6753177040421442,273,0.5238095238095238,0.41329479768786126,0.1976630963972736
nb_shared_v4_t26,10,3,0.8066245308803133,476,0.4054621848739496,0.7942386831275721,0.06067961165048544
nb_shared_v4_t26,10,6,0.691173953965945,116,0.12931034482758622,0.2542372881355932,0.036393713813068655
nb_shared_v4_t26,10,7,0.7596778888134278,363,0.42424242424242425,0.5641025641025641,0.12700106723585913
nb_shared_v4_t26,10,8,0.7883027317510076,145,0.30344827586206896,0.36065573770491804,0.06753246753246753
nb_shared_v4_t26,10,9,0.7596904883568144,103,0.22330097087378642,0.26436781609195403,0.053467000835421885
nb_shared_v4_t26,12,1,0.5910503658230536,1114,0.38150807899461403,0.91792656587473,0.20430107526881722
nb_shared_v4_t26,12,2,0.6325993059196564,273,0.4652014652014652,0.3659942363112392,0.21421616358325218
nb_shared_v4_t26,12,3,0.7665568654646324,476,0.35714285714285715,0.7555555555555555,0.06674757281553398
nb_shared_v4_t26,12,6,0.6782821368472092,116,0.10344827586206896,0.20689655172413793,0.0380479735318445
nb_shared_v4_t26,12,7,0.7299746274229635,363,0.3774104683195592,0.5310077519379846,0.12913553895410887
nb_shared_v4_t26,12,8,0.7852992984027467,145,0.3310344827586207,0.35555555555555557,0.07532467532467532
nb_shared_v4_t26,12,9,0.7271049792766706,103,0.1262135922330097,0.16883116883116883,0.053467000835421885
nb_shared_v4_t26_mean,1,1,0.8948427636532114,1114,0.9210053859964094,0.9301903898458749,0.41397849462365593
nb_shared_v4_t26_mean,1,2,0.8960520167920363,273,0.7838827838827839,0.5895316804407713,0.1450827653359299
nb_shared_v4_t26_mean,1,3,0.9529197601370646,476,0.8172268907563025,0.9218009478672986,0.04004854368932039
nb_shared_v4_t26_mean,1,6,0.8400787199452383,116,0.3879310344827586,0.46875,0.04218362282878412
nb_shared_v4_t26_mean,1,7,0.8960282949804634,363,0.7603305785123967,0.720626631853786,0.11419423692636073
nb_shared_v4_t26_mean,1,8,0.9315539632781012,145,0.7103448275862069,0.64375,0.04935064935064935
nb_shared_v4_t26_mean,1,9,0.9186964174189519,103,0.5728155339805825,0.5673076923076923,0.03759398496240601
nb_shared_v4_t26_mean,2,1,0.8697612015212062,1114,0.900359066427289,0.9304267161410018,0.4032258064516129
nb_shared_v4_t26_mean,2,2,0.8875382974701378,273,0.7985347985347986,0.5518987341772152,0.17234664070107109
nb_shared_v4_t26_mean,2,3,0.9468416007179571,476,0.7815126050420168,0.916256157635468,0.0412621359223301
nb_shared_v4_t26_mean,2,6,0.8620190525084852,116,0.43103448275862066,0.4672897196261682,0.04714640198511166
nb_shared_v4_t26_mean,2,7,0.855861418100673,363,0.7079889807162535,0.6816976127320955,0.128068303094984
nb_shared_v4_t26_mean,2,8,0.9265024630541872,145,0.7103448275862069,0.5953757225433526,0.06060606060606061
nb_shared_v4_t26_mean,2,9,0.8922143546568687,103,0.5436893203883495,0.5490196078431373,0.03842940685045948
nb_shared_v4_t26_mean,3,1,0.8397231713673481,1114,0.8608617594254937,0.9310679611650485,0.3817204301075269
nb_shared_v4_t26_mean,3,2,0.8585766716243834,273,0.7875457875457875,0.4875283446712018,0.22005842259006816
nb_shared_v4_t26_mean,3,3,0.9322224035245166,476,0.7542016806722689,0.9042821158690176,0.04611650485436893
nb_shared_v4_t26_mean,3,6,0.8424032400673113,116,0.35344827586206895,0.3761467889908257,0.05624483043837883
nb_shared_v4_t26_mean,3,7,0.8215040675504438,363,0.6528925619834711,0.6353887399463807,0.14514407684098185
nb_shared_v4_t26_mean,3,8,0.9275115688908793,145,0.7310344827586207,0.572972972972973,0.0683982683982684
nb_shared_v4_t26_mean,3,9,0.8662513889902751,103,0.4174757281553398,0.38738738738738737,0.05680868838763575
nb_shared_v4_t26_mean,4,1,0.8035269589390166,1114,0.8177737881508079,0.9353182751540041,0.3387096774193548
nb_shared_v4_t26_mean,4,2,0.8222926051553121,273,0.7435897435897436,0.42291666666666666,0.2697176241480039
nb_shared_v4_t26_mean,4,3,0.9167338051725544,476,0.7247899159663865,0.8823529411764706,0.055825242718446605
nb_shared_v4_t26_mean,4,6,0.8292689883346168,116,0.35344827586206895,0.3565217391304348,0.06120760959470637
nb_shared_v4_t26_mean,4,7,0.790095580820331,363,0.6088154269972452,0.5940860215053764,0.16115261472785486
nb_shared_v4_t26_mean,4,8,0.9113479623824451,145,0.7586206896551724,0.5641025641025641,0.0735930735930736
nb_shared_v4_t26_mean,4,9,0.8628042598405399,103,0.47572815533980584,0.3888888888888889,0.06432748538011696
nb_shared_v4_t26_mean,6,1,0.7263566340418138,1114,0.7271095152603232,0.9246575342465754,0.3548387096774194
nb_shared_v4_t26_mean,6,2,0.7692307692307693,273,0.717948717948718,0.3583180987202925,0.34177215189873417
nb_shared_v4_t26_mean,6,3,0.876881577873868,476,0.6470588235294118,0.8191489361702128,0.0825242718446602
nb_shared_v4_t26_mean,6,6,0.8224309061350218,116,0.3017241379310345,0.26717557251908397,0.0794044665012407
nb_shared_v4_t26_mean,6,7,0.7842772343597025,363,0.581267217630854,0.5910364145658263,0.15581643543223053
nb_shared_v4_t26_mean,6,8,0.8879116286012838,145,0.6758620689655173,0.44954128440366975,0.1038961038961039
nb_shared_v4_t26_mean,6,9,0.8224606824504628,103,0.36893203883495146,0.3064516129032258,0.07184628237259816
nb_shared_v4_t26_mean,8,1,0.6637034034092006,1114,0.6481149012567325,0.9116161616161617,0.3763440860215054
nb_shared_v4_t26_mean,8,2,0.7513437552385945,273,0.7545787545787546,0.3344155844155844,0.39922103213242455
nb_shared_v4_t26_mean,8,3,0.8359916782246879,476,0.569327731092437,0.7486187845303868,0.1104368932038835
nb_shared_v4_t26_mean,8,6,0.7676692050996834,116,0.29310344827586204,0.25757575757575757,0.08105872622001654
nb_shared_v4_t26_mean,8,7,0.7847946820489753,363,0.6115702479338843,0.5873015873015873,0.1664887940234792
nb_shared_v4_t26_mean,8,8,0.8064726078519182,145,0.5103448275862069,0.37373737373737376,0.10735930735930736
nb_shared_v4_t26_mean,8,9,0.7920367261195059,103,0.34951456310679613,0.2706766917293233,0.0810359231411863
nb_shared_v4_t26_mean,10,1,0.6340080307329974,1114,0.5888689407540395,0.9060773480662984,0.3655913978494624
nb_shared_v4_t26_mean,10,2,0.7006466431977629,273,0.7362637362637363,0.30454545454545456,0.4469328140214216
nb_shared_v4_t26_mean,10,3,0.7988751325773028,476,0.5042016806722689,0.7250755287009063,0.1104368932038835
nb_shared_v4_t26_mean,10,6,0.727275320156299,116,0.2413793103448276,0.21374045801526717,0.08519437551695616
nb_shared_v4_t26_mean,10,7,0.7744016276081862,363,0.5977961432506887,0.5452261306532663,0.19316969050160085
nb_shared_v4_t26_mean,10,8,0.7951634572324228,145,0.41379310344827586,0.31088082901554404,0.11515151515151516
nb_shared_v4_t26_mean,10,9,0.7596580447883463,103,0.3106796116504854,0.21621621621621623,0.09690893901420217
nb_shared_v4_t26_mean,12,1,0.620885697187313,1114,0.5816876122082585,0.8962655601659751,0.4032258064516129
nb_shared_v4_t26_mean,12,2,0.6575894083196907,273,0.6923076923076923,0.2767203513909224,0.4810126582278481
nb_shared_v4_t26_mean,12,3,0.7594767275842376,476,0.4642857142857143,0.6538461538461539,0.14199029126213591
nb_shared_v4_t26_mean,12,6,0.7125367217135848,116,0.23275862068965517,0.21951219512195122,0.0794044665012407
nb_shared_v4_t26_mean,12,7,0.7446454454313192,363,0.5426997245179064,0.49747474747474746,0.21237993596584845
nb_shared_v4_t26_mean,12,8,0.7956172563069115,145,0.4206896551724138,0.30049261083743845,0.12294372294372294
nb_shared_v4_t26_mean,12,9,0.7323567819224437,103,0.2524271844660194,0.17687074829931973,0.1010860484544695
nb_shared_v4_t27,1,1,0.8979966602961332,1114,0.8913824057450629,0.9484240687679083,0.2903225806451613
nb_shared_v4_t27,1,2,0.8939833292316253,273,0.6446886446886447,0.7394957983193278,0.06037000973709834
nb_shared_v4_t27,1,3,0.9494370563759484,476,0.7878151260504201,0.9422110552763819,0.027912621359223302
nb_shared_v4_t27,1,6,0.8308055959613245,116,0.3017241379310345,0.5384615384615384,0.02481389578163772
nb_shared_v4_t27,1,7,0.8892911848670071,363,0.7024793388429752,0.7456140350877193,0.09284951974386339
nb_shared_v4_t27,1,8,0.9234423048216152,145,0.6413793103448275,0.6992481203007519,0.03463203463203463
nb_shared_v4_t27,1,9,0.9209715226577772,103,0.5145631067961165,0.6973684210526315,0.01921470342522974
nb_shared_v4_t27,2,1,0.8716796007799077,1114,0.8420107719928187,0.9522842639593908,0.25268817204301075
nb_shared_v4_t27,2,2,0.887021125580035,273,0.63003663003663,0.688,0.0759493670886076
nb_shared_v4_t27,2,3,0.9455757424328954,476,0.7415966386554622,0.9463806970509383,0.024271844660194174
nb_shared_v4_t27,2,6,0.8559546219446108,116,0.3103448275862069,0.5373134328358209,0.02564102564102564
nb_shared_v4_t27,2,7,0.8454286730700818,363,0.6528925619834711,0.7203647416413373,0.09818569903948772
nb_shared_v4_t27,2,8,0.9194596208389312,145,0.6413793103448275,0.6690647482014388,0.03982683982683983
nb_shared_v4_t27,2,9,0.8926563982772465,103,0.44660194174757284,0.6133333333333333,0.02422723475355054
nb_shared_v4_t27,3,1,0.8448678596938283,1114,0.7827648114901257,0.9488574537540805,0.25268817204301075
nb_shared_v4_t27,3,2,0.8630189998252316,273,0.6373626373626373,0.6615969581749049,0.0866601752677702
nb_shared_v4_t27,3,3,0.9313224076038182,476,0.680672268907563,0.9391304347826087,0.025485436893203883
nb_shared_v4_t27,3,6,0.8364885485297053,116,0.25862068965517243,0.43478260869565216,0.03225806451612903
nb_shared_v4_t27,3,7,0.8075917808138628,363,0.5922865013774105,0.6739811912225705,0.11099252934898612
nb_shared_v4_t27,3,8,0.9198357963875206,145,0.6206896551724138,0.6382978723404256,0.04415584415584416
nb_shared_v4_t27,3,9,0.8644304937100031,103,0.3592233009708738,0.5068493150684932,0.03007518796992481
nb_shared_v4_t27,4,1,0.8089177815100095,1114,0.7217235188509874,0.9514792899408284,0.22043010752688172
nb_shared_v4_t27,4,2,0.8221713372638397,273,0.5787545787545788,0.5622775800711743,0.11976630963972736
nb_shared_v4_t27,4,3,0.9169696397976667,476,0.6302521008403361,0.9230769230769231,0.03033980582524272
nb_shared_v4_t27,4,6,0.8204308205698639,116,0.19827586206896552,0.32857142857142857,0.03887510339123242
nb_shared_v4_t27,4,7,0.7691830500601239,363,0.5179063360881543,0.6204620462046204,0.12273212379935966
nb_shared_v4_t27,4,8,0.9066188983430363,145,0.6482758620689655,0.6482758620689655,0.04415584415584416
nb_shared_v4_t27,4,9,0.8590286395600653,103,0.3786407766990291,0.527027027027027,0.029239766081871343
nb_shared_v4_t27,6,1,0.7253889886295631,1114,0.5906642728904847,0.94,0.22580645161290322
nb_shared_v4_t27,6,2,0.7646083225440578,273,0.5677655677655677,0.5081967213114754,0.1460564751703992
nb_shared_v4_t27,6,3,0.880416547687036,476,0.5105042016806722,0.8966789667896679,0.03398058252427184
nb_shared_v4_t27,6,6,0.807745785915975,116,0.14655172413793102,0.2537313432835821,0.0413564929693962
nb_shared_v4_t27,6,7,0.7582754879737513,363,0.46831955922865015,0.6115107913669064,0.1152614727854856
nb_shared_v4_t27,6,8,0.8846215853112405,145,0.5517241379310345,0.5405405405405406,0.05887445887445888
nb_shared_v4_t27,6,9,0.8157610855618009,103,0.30097087378640774,0.4025974025974026,0.03842940685045948
nb_shared_v4_t27,8,1,0.650771703248972,1114,0.4874326750448833,0.9345955249569707,0.20430107526881722
nb_shared_v4_t27,8,2,0.7333087230847698,273,0.5384615384615384,0.4551083591331269,0.17137293086660174
nb_shared_v4_t27,8,3,0.8389529962470426,476,0.42016806722689076,0.8695652173913043,0.03640776699029126
nb_shared_v4_t27,8,6,0.7464846980976013,116,0.15517241379310345,0.3050847457627119,0.03391232423490488
nb_shared_v4_t27,8,7,0.7600924349735837,363,0.4628099173553719,0.6153846153846154,0.11205976520811099
nb_shared_v4_t27,8,8,0.8017196596506941,145,0.36551724137931035,0.43089430894308944,0.06060606060606061
nb_shared_v4_t27,8,9,0.7851992440648546,103,0.24271844660194175,0.3048780487804878,0.047619047619047616
nb_shared_v4_t27,10,1,0.6104491226038108,1114,0.40394973070017953,0.9221311475409836,0.20430107526881722
nb_shared_v4_t27,10,2,0.671472798541932,273,0.5164835164835165,0.407514450867052,0.19961051606621227
nb_shared_v4_t27,10,3,0.7965269845802398,476,0.32983193277310924,0.7929292929292929,0.04975728155339806
nb_shared_v4_t27,10,6,0.6901222155671544,116,0.13793103448275862,0.2711864406779661,0.03556658395368073
nb_shared_v4_t27,10,7,0.7448012677468387,363,0.4049586776859504,0.5364963503649635,0.13553895410885805
nb_shared_v4_t27,10,8,0.7904075235109718,145,0.2482758620689655,0.3711340206185567,0.05281385281385281
nb_shared_v4_t27,10,9,0.7522041349328012,103,0.18446601941747573,0.24675324675324675,0.04845446950710108
nb_shared_v4_t27,12,1,0.5874403969035347,1114,0.36804308797127466,0.9192825112107623,0.1935483870967742
nb_shared_v4_t27,12,2,0.6302577656034326,273,0.4652014652014652,0.3713450292397661,0.20934761441090555
nb_shared_v4_t27,12,3,0.7519848351962144,476,0.27310924369747897,0.7602339181286549,0.04975728155339806
nb_shared_v4_t27,12,6,0.676920224751148,116,0.10344827586206896,0.21818181818181817,0.03556658395368073
nb_shared_v4_t27,12,7,0.7072128091823444,363,0.3305785123966942,0.4878048780487805,0.1344717182497332
nb_shared_v4_t27,12,8,0.7881952530228392,145,0.27586206896551724,0.40404040404040403,0.05108225108225108
nb_shared_v4_t27,12,9,0.7232076956144406,103,0.1553398058252427,0.2,0.053467000835421885
nb_shared_v4_t27_mean,1,1,0.8941960579911584,1114,0.9281867145421903,0.9298561151079137,0.41935483870967744
nb_shared_v4_t27_mean,1,2,0.896833124681226,273,0.7875457875457875,0.587431693989071,0.14703018500486856
nb_shared_v4_t27_mean,1,3,0.9522798196948682,476,0.8172268907563025,0.9284009546539379,0.03640776699029126
nb_shared_v4_t27_mean,1,6,0.8370910698496905,116,0.3793103448275862,0.4782608695652174,0.03970223325062035
nb_shared_v4_t27_mean,1,7,0.8934675169273015,363,0.7603305785123967,0.7095115681233933,0.12059765208110992
nb_shared_v4_t27_mean,1,8,0.9305806836841319,145,0.7103448275862069,0.6560509554140127,0.046753246753246755
nb_shared_v4_t27_mean,1,9,0.9203348176265908,103,0.5825242718446602,0.6122448979591837,0.031746031746031744
nb_shared_v4_t27_mean,2,1,0.863878110461188,1114,0.8967684021543986,0.9241443108233117,0.44086021505376344
nb_shared_v4_t27_mean,2,2,0.887845033901509,273,0.7948717948717948,0.5521628498727735,0.17137293086660174
nb_shared_v4_t27_mean,2,3,0.9464132740474831,476,0.773109243697479,0.92,0.038834951456310676
nb_shared_v4_t27_mean,2,6,0.8614414876928781,116,0.4051724137931034,0.4845360824742268,0.0413564929693962
nb_shared_v4_t27_mean,2,7,0.8519158794699689,363,0.7079889807162535,0.6658031088082902,0.1376734258271078
nb_shared_v4_t27_mean,2,8,0.9259531273324377,145,0.7241379310344828,0.6069364161849711,0.05887445887445888
nb_shared_v4_t27_mean,2,9,0.8935932063167628,103,0.5533980582524272,0.5757575757575758,0.03508771929824561
nb_shared_v4_t27_mean,3,1,0.832923109592479,1114,0.8599640933572711,0.9319066147859922,0.3763440860215054
nb_shared_v4_t27_mean,3,2,0.858337702544129,273,0.7802197802197802,0.4797297297297297,0.2249269717624148
nb_shared_v4_t27_mean,3,3,0.9322708452312964,476,0.7289915966386554,0.9012987012987013,0.04611650485436893
nb_shared_v4_t27_mean,3,6,0.8425101965146459,116,0.3275862068965517,0.36893203883495146,0.053763440860215055
nb_shared_v4_t27_mean,3,7,0.816076746900459,363,0.6556473829201102,0.6230366492146597,0.1536819637139808
nb_shared_v4_t27_mean,3,8,0.9260307508583371,145,0.7241379310344828,0.580110497237569,0.0658008658008658
nb_shared_v4_t27_mean,3,9,0.8650428660648385,103,0.4077669902912621,0.4077669902912621,0.050960735171261484
nb_shared_v4_t27_mean,4,1,0.794357251790506,1114,0.8087971274685817,0.9317476732161324,0.3548387096774194
nb_shared_v4_t27_mean,4,2,0.8209336914302835,273,0.7435897435897436,0.42291666666666666,0.2697176241480039
nb_shared_v4_t27_mean,4,3,0.9158567553234886,476,0.6827731092436975,0.8783783783783784,0.05461165048543689
nb_shared_v4_t27_mean,4,6,0.8297752488520008,116,0.3275862068965517,0.3619047619047619,0.055417700578990904
nb_shared_v4_t27_mean,4,7,0.7810079057774798,363,0.6060606060606061,0.5962059620596206,0.15901814300960512
nb_shared_v4_t27_mean,4,8,0.9122257053291536,145,0.7655172413793103,0.5721649484536082,0.07186147186147186
nb_shared_v4_t27_mean,4,9,0.8596572336991346,103,0.47572815533980584,0.4188034188034188,0.05680868838763575
nb_shared_v4_t27_mean,6,1,0.7145711472751491,1114,0.7109515260323159,0.9220023282887078,0.3602150537634409
nb_shared_v4_t27_mean,6,2,0.7659208691341116,273,0.717948717948718,0.35766423357664234,0.3427458617332035
nb_shared_v4_t27_mean,6,3,0.8740719588806396,476,0.5861344537815126,0.8480243161094225,0.06067961165048544
nb_shared_v4_t27_mean,6,6,0.8226448190296911,116,0.27586206896551724,0.2711864406779661,0.07113316790736146
nb_shared_v4_t27_mean,6,7,0.7716673869773705,363,0.5619834710743802,0.5650969529085873,0.16755602988260407
nb_shared_v4_t27_mean,6,8,0.8914166293476639,145,0.696551724137931,0.48792270531400966,0.09177489177489177
nb_shared_v4_t27_mean,6,9,0.8194596523671639,103,0.3883495145631068,0.3333333333333333,0.06683375104427736
nb_shared_v4_t27_mean,8,1,0.6499054072315207,1114,0.6346499102333932,0.9146183699870634,0.3548387096774194
nb_shared_v4_t27_mean,8,2,0.7477663524401597,273,0.7435897435897436,0.32636655948553056,0.4079844206426485
nb_shared_v4_t27_mean,8,3,0.8288630986375133,476,0.48739495798319327,0.7837837837837838,0.07766990291262135
nb_shared_v4_t27_mean,8,6,0.7692236388009469,116,0.29310344827586204,0.2809917355371901,0.07196029776674938
nb_shared_v4_t27_mean,8,7,0.7727199226180501,363,0.5785123966942148,0.5630026809651475,0.17395944503735325
nb_shared_v4_t27_mean,8,8,0.8136259143155695,145,0.4896551724137931,0.4011299435028249,0.09177489177489177
nb_shared_v4_t27_mean,8,9,0.787332408691632,103,0.33980582524271846,0.25547445255474455,0.08521303258145363
nb_shared_v4_t27_mean,10,1,0.6202534700102315,1114,0.5825852782764811,0.9001386962552012,0.3870967741935484
nb_shared_v4_t27_mean,10,2,0.6986314561777074,273,0.7252747252747253,0.29774436090225564,0.45472249269717624
nb_shared_v4_t27_mean,10,3,0.7845159908623643,476,0.42016806722689076,0.7117437722419929,0.0983009708737864
nb_shared_v4_t27_mean,10,6,0.7258421037620147,116,0.22413793103448276,0.21138211382113822,0.08023159636062861
nb_shared_v4_t27_mean,10,7,0.7595426468037315,363,0.5564738292011019,0.5301837270341208,0.1910352187833511
nb_shared_v4_t27_mean,10,8,0.8017913121361397,145,0.43448275862068964,0.3559322033898305,0.0987012987012987
nb_shared_v4_t27_mean,10,9,0.7569490068212603,103,0.32038834951456313,0.2214765100671141,0.09690893901420217
nb_shared_v4_t27_mean,12,1,0.6114650296326326,1114,0.5583482944344704,0.8923959827833573,0.4032258064516129
nb_shared_v4_t27_mean,12,2,0.6566763324309576,273,0.6959706959706959,0.2761627906976744,0.48490749756572543
nb_shared_v4_t27_mean,12,3,0.737295525006119,476,0.40756302521008403,0.6466666666666666,0.12864077669902912
nb_shared_v4_t27_mean,12,6,0.7074455948204558,116,0.22413793103448276,0.22608695652173913,0.07361455748552523
nb_shared_v4_t27_mean,12,7,0.7231243256274789,363,0.4931129476584022,0.4637305699481865,0.2209178228388474
nb_shared_v4_t27_mean,12,8,0.7986386027765338,145,0.42758620689655175,0.3502824858757062,0.09956709956709957
nb_shared_v4_t27_mean,12,9,0.7323811145987947,103,0.27184466019417475,0.18421052631578946,0.1035923141186299
nb_shared_v4_t29,1,1,0.8981221404992181,1114,0.9021543985637342,0.9472196041470311,0.3010752688172043
nb_shared_v4_t29,1,2,0.8961233508458435,273,0.6373626373626373,0.7404255319148936,0.05939629990262902
nb_shared_v4_t29,1,3,0.950857163253651,476,0.7941176470588235,0.9379652605459057,0.03033980582524272
nb_shared_v4_t29,1,6,0.8334688114999572,116,0.3017241379310345,0.5303030303030303,0.02564102564102564
nb_shared_v4_t29,1,7,0.8873522260540792,363,0.6804407713498623,0.7484848484848485,0.08858057630736393
nb_shared_v4_t29,1,8,0.922881027018958,145,0.6137931034482759,0.7063492063492064,0.032034632034632034
nb_shared_v4_t29,1,9,0.9204686473465217,103,0.5339805825242718,0.6875,0.020885547201336674
nb_shared_v4_t29,2,1,0.8729899036698133,1114,0.8536804308797128,0.9500499500499501,0.26881720430107525
nb_shared_v4_t29,2,2,0.8877612163882855,273,0.6227106227106227,0.6882591093117408,0.07497565725413827
nb_shared_v4_t29,2,3,0.9469333850044872,476,0.7394957983193278,0.9436997319034852,0.025485436893203883
nb_shared_v4_t29,2,6,0.8545677533441716,116,0.3275862068965517,0.5,0.03143093465674111
nb_shared_v4_t29,2,7,0.8446730818419962,363,0.6363636363636364,0.7287066246056783,0.09178228388473852
nb_shared_v4_t29,2,8,0.915187341394238,145,0.5655172413793104,0.6612903225806451,0.03636363636363636
nb_shared_v4_t29,2,9,0.8899027504035169,103,0.4368932038834951,0.6338028169014085,0.02172096908939014
nb_shared_v4_t29,3,1,0.8445541591861161,1114,0.800718132854578,0.9439153439153439,0.2849462365591398
nb_shared_v4_t29,3,2,0.8641817449022902,273,0.6410256410256411,0.6628787878787878,0.0866601752677702
nb_shared_v4_t29,3,3,0.9313122093497593,476,0.6785714285714286,0.936231884057971,0.02669902912621359
nb_shared_v4_t29,3,6,0.8361926356920795,116,0.27586206896551724,0.3902439024390244,0.0413564929693962
nb_shared_v4_t29,3,7,0.8035330505011304,363,0.581267217630854,0.6784565916398714,0.10672358591248667
nb_shared_v4_t29,3,8,0.9174682788475892,145,0.6068965517241379,0.6567164179104478,0.03982683982683983
nb_shared_v4_t29,3,9,0.861157748740784,103,0.3300970873786408,0.5,0.028404344193817876
nb_shared_v4_t29,4,1,0.808068377058358,1114,0.7432675044883303,0.9462857142857143,0.25268817204301075
nb_shared_v4_t29,4,2,0.8264531638436214,273,0.5934065934065934,0.5765124555160143,0.11587147030185005
nb_shared_v4_t29,4,3,0.9171124153544913,476,0.6092436974789915,0.90625,0.03640776699029126
nb_shared_v4_t29,4,6,0.822227688885086,116,0.2672413793103448,0.36904761904761907,0.043837882547559964
nb_shared_v4_t29,4,7,0.7654962352740562,363,0.5013774104683195,0.6148648648648649,0.12166488794023479
nb_shared_v4_t29,4,8,0.9047798178832661,145,0.6275862068965518,0.6408450704225352,0.04415584415584416
nb_shared_v4_t29,4,9,0.858424378097347,103,0.3786407766990291,0.52,0.03007518796992481
nb_shared_v4_t29,6,1,0.7280071813285458,1114,0.6229802513464991,0.9416553595658074,0.23118279569892472
nb_shared_v4_t29,6,2,0.7711906723591242,273,0.608058608058608,0.5060975609756098,0.15774099318403115
nb_shared_v4_t29,6,3,0.8774029636126295,476,0.49369747899159666,0.8834586466165414,0.03762135922330097
nb_shared_v4_t29,6,6,0.8073393514161034,116,0.1810344827586207,0.2916666666666667,0.04218362282878412
nb_shared_v4_t29,6,7,0.7534538163237106,363,0.4628099173553719,0.6086956521739131,0.1152614727854856
nb_shared_v4_t29,6,8,0.8867950440364234,145,0.5655172413793104,0.5815602836879432,0.05108225108225108
nb_shared_v4_t29,6,9,0.8136035882586725,103,0.2912621359223301,0.38461538461538464,0.040100250626566414
nb_shared_v4_t29,8,1,0.6595456651415996,1114,0.5224416517055656,0.9267515923566879,0.24731182795698925
nb_shared_v4_t29,8,2,0.7462808207696231,273,0.5860805860805861,0.44077134986225897,0.1976630963972736
nb_shared_v4_t29,8,3,0.8353632108183079,476,0.38445378151260506,0.8243243243243243,0.04733009708737864
nb_shared_v4_t29,8,6,0.750046347793845,116,0.1810344827586207,0.30434782608695654,0.03970223325062035
nb_shared_v4_t29,8,7,0.7557235300516566,363,0.46831955922865015,0.6071428571428571,0.11739594450373532
nb_shared_v4_t29,8,8,0.8082639199880579,145,0.38620689655172413,0.45528455284552843,0.05800865800865801
nb_shared_v4_t29,8,9,0.7850573034528068,103,0.23300970873786409,0.32,0.042606516290726815
nb_shared_v4_t29,10,1,0.622519352908245,1114,0.4452423698384201,0.9202226345083488,0.23118279569892472
nb_shared_v4_t29,10,2,0.6851011695218122,273,0.5347985347985348,0.3924731182795699,0.22005842259006816
nb_shared_v4_t29,10,3,0.797703608142286,476,0.31092436974789917,0.7789473684210526,0.050970873786407765
nb_shared_v4_t29,10,6,0.7018909899888766,116,0.13793103448275862,0.25806451612903225,0.0380479735318445
nb_shared_v4_t29,10,7,0.7421081877276696,363,0.39669421487603307,0.5274725274725275,0.1376734258271078
nb_shared_v4_t29,10,8,0.8025675473951336,145,0.31724137931034485,0.4144144144144144,0.05627705627705628
nb_shared_v4_t29,10,9,0.7541548044869455,103,0.20388349514563106,0.2727272727272727,0.04678362573099415
nb_shared_v4_t29,12,1,0.6051499971043031,1114,0.4138240574506284,0.9201596806387226,0.21505376344086022
nb_shared_v4_t29,12,2,0.6400180475156132,273,0.4835164835164835,0.36363636363636365,0.2249269717624148
nb_shared_v4_t29,12,3,0.7606036346577466,476,0.2415966386554622,0.7142857142857143,0.055825242718446605
nb_shared_v4_t29,12,6,0.6892772596332107,116,0.11206896551724138,0.21311475409836064,0.03970223325062035
nb_shared_v4_t29,12,7,0.7115508436455366,363,0.349862258953168,0.49609375,0.1376734258271078
nb_shared_v4_t29,12,8,0.7986505448574414,145,0.31724137931034485,0.4144144144144144,0.05627705627705628
nb_shared_v4_t29,12,9,0.7272428644426601,103,0.13592233009708737,0.18666666666666668,0.050960735171261484
nb_shared_v4_t29_mean,1,1,0.892955734445281,1114,0.9344703770197487,0.9245115452930728,0.45698924731182794
nb_shared_v4_t29_mean,1,2,0.8977533339753399,273,0.7765567765567766,0.6022727272727273,0.13631937682570594
nb_shared_v4_t29_mean,1,3,0.9539676307416171,476,0.8151260504201681,0.919431279620853,0.0412621359223301
nb_shared_v4_t29_mean,1,6,0.8405707196029777,116,0.3879310344827586,0.45454545454545453,0.04466501240694789
nb_shared_v4_t29_mean,1,7,0.8920856963934484,363,0.7493112947658402,0.7157894736842105,0.1152614727854856
nb_shared_v4_t29_mean,1,8,0.9295417226451709,145,0.6620689655172414,0.6575342465753424,0.04329004329004329
nb_shared_v4_t29_mean,1,9,0.9212919028963996,103,0.5728155339805825,0.5728155339805825,0.036758563074352546
nb_shared_v4_t29_mean,2,1,0.8635064960135904,1114,0.9066427289048474,0.9223744292237442,0.45698924731182794
nb_shared_v4_t29_mean,2,2,0.8876203316320161,273,0.7838827838827839,0.5587467362924282,0.16455696202531644
nb_shared_v4_t29_mean,2,3,0.9475860732642571,476,0.7815126050420168,0.9185185185185185,0.04004854368932039
nb_shared_v4_t29_mean,2,6,0.8612632269473204,116,0.4224137931034483,0.44545454545454544,0.050454921422663356
nb_shared_v4_t29_mean,2,7,0.8504017569701086,363,0.6942148760330579,0.675603217158177,0.12913553895410887
nb_shared_v4_t29_mean,2,8,0.9241558441558442,145,0.6482758620689655,0.6064516129032258,0.05281385281385281
nb_shared_v4_t29_mean,2,9,0.8918169209431346,103,0.5242718446601942,0.5192307692307693,0.04177109440267335
nb_shared_v4_t29_mean,3,1,0.8328458910059652,1114,0.86983842010772,0.9290508149568553,0.3978494623655914
nb_shared_v4_t29_mean,3,2,0.8594897475131166,273,0.7802197802197802,0.49534883720930234,0.2112950340798442
nb_shared_v4_t29_mean,3,3,0.931967447173044,476,0.7247899159663865,0.8984375,0.04733009708737864
nb_shared_v4_t29_mean,3,6,0.8417615013833034,116,0.3879310344827586,0.3879310344827586,0.058726220016542596
nb_shared_v4_t29_mean,3,7,0.8110345719737395,363,0.6418732782369146,0.6263440860215054,0.14834578441835647
nb_shared_v4_t29_mean,3,8,0.9241080758322138,145,0.6896551724137931,0.5988023952095808,0.05800865800865801
nb_shared_v4_t29_mean,3,9,0.8625690439691461,103,0.44660194174757284,0.41818181818181815,0.053467000835421885
nb_shared_v4_t29_mean,4,1,0.7951680469489006,1114,0.8249551166965888,0.9273461150353178,0.3870967741935484
nb_shared_v4_t29_mean,4,2,0.8238084537987167,273,0.7362637362637363,0.4313304721030043,0.25803310613437197
nb_shared_v4_t29_mean,4,3,0.9141408990780778,476,0.6743697478991597,0.8818681318681318,0.05218446601941747
nb_shared_v4_t29_mean,4,6,0.8306736830096119,116,0.3706896551724138,0.344,0.06782464846980976
nb_shared_v4_t29_mean,4,7,0.7757275873119475,363,0.5895316804407713,0.5911602209944752,0.15795090715048027
nb_shared_v4_t29_mean,4,8,0.9103985669502911,145,0.7172413793103448,0.5714285714285714,0.06753246753246753
nb_shared_v4_t29_mean,4,9,0.8590975821430599,103,0.46601941747572817,0.384,0.06432748538011696
nb_shared_v4_t29_mean,6,1,0.7191463485260903,1114,0.7342908438061041,0.9222096956031567,0.3709677419354839
nb_shared_v4_t29_mean,6,2,0.7714278580880334,273,0.73992673992674,0.3600713012477718,0.3495618305744888
nb_shared_v4_t29_mean,6,3,0.8691640491147915,476,0.5546218487394958,0.8,0.08009708737864078
nb_shared_v4_t29_mean,6,6,0.8227517754770257,116,0.31896551724137934,0.27611940298507465,0.08023159636062861
nb_shared_v4_t29_mean,6,7,0.7674690045894081,363,0.5509641873278237,0.5617977528089888,0.1664887940234792
nb_shared_v4_t29_mean,6,8,0.8935244066278549,145,0.6689655172413793,0.49489795918367346,0.08571428571428572
nb_shared_v4_t29_mean,6,9,0.8164829549602161,103,0.4174757281553398,0.3333333333333333,0.07184628237259816
nb_shared_v4_t29_mean,8,1,0.6607642709600201,1114,0.6552962298025135,0.906832298136646,0.4032258064516129
nb_shared_v4_t29_mean,8,2,0.7568828445167296,273,0.7875457875457875,0.33858267716535434,0.4089581304771178
nb_shared_v4_t29_mean,8,3,0.8284373215305539,476,0.46638655462184875,0.75,0.08980582524271845
nb_shared_v4_t29_mean,8,6,0.7758977211146287,116,0.29310344827586204,0.2463768115942029,0.08602150537634409
nb_shared_v4_t29_mean,8,7,0.7710117572347125,363,0.5785123966942148,0.5570291777188329,0.17822838847385272
nb_shared_v4_t29_mean,8,8,0.8224869383490073,145,0.4827586206896552,0.39325842696629215,0.09350649350649351
nb_shared_v4_t29_mean,8,9,0.7878758384634726,103,0.3106796116504854,0.24615384615384617,0.08187134502923976
nb_shared_v4_t29_mean,10,1,0.6329993629466613,1114,0.6113105924596051,0.9055851063829787,0.3817204301075269
nb_shared_v4_t29_mean,10,2,0.7083828213331621,273,0.7582417582417582,0.30174927113702626,0.4664070107108082
nb_shared_v4_t29_mean,10,3,0.7934012197111855,476,0.4096638655462185,0.7065217391304348,0.0983009708737864
nb_shared_v4_t29_mean,10,6,0.7373149653461111,116,0.2413793103448276,0.21875,0.0827129859387924
nb_shared_v4_t29_mean,10,7,0.7605069811337396,363,0.5619834710743802,0.53125,0.192102454642476
nb_shared_v4_t29_mean,10,8,0.8148738617704135,145,0.4482758620689655,0.35135135135135137,0.1038961038961039
nb_shared_v4_t29_mean,10,9,0.7580601990412925,103,0.3300970873786408,0.23448275862068965,0.09273182957393483
nb_shared_v4_t29_mean,12,1,0.6233325611474682,1114,0.5942549371633752,0.905608755129959,0.3709677419354839
nb_shared_v4_t29_mean,12,2,0.6627076266803628,273,0.717948717948718,0.27880512091038406,0.4936708860759494
nb_shared_v4_t29_mean,12,3,0.7553438851268662,476,0.38235294117647056,0.6765799256505576,0.10558252427184465
nb_shared_v4_t29_mean,12,6,0.7248367131570691,116,0.23275862068965517,0.21951219512195122,0.0794044665012407
nb_shared_v4_t29_mean,12,7,0.7297541241462848,363,0.5151515151515151,0.4675,0.22732123799359658
nb_shared_v4_t29_mean,12,8,0.8096432303328855,145,0.46206896551724136,0.3471502590673575,0.10909090909090909
nb_shared_v4_t29_mean,12,9,0.7340681801591357,103,0.20388349514563106,0.14285714285714285,0.10526315789473684
nb_shared_v4_t30,1,1,0.8974561301905368,1114,0.9066427289048474,0.9448082319925164,0.3172043010752688
nb_shared_v4_t30,1,2,0.8962981192776713,273,0.6336996336996337,0.7393162393162394,0.05939629990262902
nb_shared_v4_t30,1,3,0.9512778412335808,476,0.7962184873949579,0.9358024691358025,0.03155339805825243
nb_shared_v4_t30,1,6,0.8279676848920453,116,0.3275862068965517,0.5428571428571428,0.026468155500413565
nb_shared_v4_t30,1,7,0.8877888225419029,363,0.6887052341597796,0.7507507507507507,0.08858057630736393
nb_shared_v4_t30,1,8,0.9226511419614868,145,0.6137931034482759,0.689922480620155,0.03463203463203463
nb_shared_v4_t30,1,9,0.9197062234875214,103,0.5242718446601942,0.6923076923076923,0.020050125313283207
nb_shared_v4_t30,2,1,0.8723142410378179,1114,0.8608617594254937,0.9495049504950495,0.27419354838709675
nb_shared_v4_t30,2,2,0.8877772665503921,273,0.6227106227106227,0.7024793388429752,0.07010710808179163
nb_shared_v4_t30,2,3,0.9466911764705882,476,0.75,0.9444444444444444,0.025485436893203883
nb_shared_v4_t30,2,6,0.8535124497304698,116,0.3620689655172414,0.5526315789473685,0.028122415219189414
nb_shared_v4_t30,2,7,0.8446730818419962,363,0.6391184573002755,0.725,0.09391675560298826
nb_shared_v4_t30,2,8,0.9151336020301537,145,0.5862068965517241,0.6692913385826772,0.03636363636363636
nb_shared_v4_t30,2,9,0.8912491584949429,103,0.4368932038834951,0.625,0.022556390977443608
nb_shared_v4_t30,3,1,0.8436396015520936,1114,0.8061041292639138,0.9422875131164743,0.2956989247311828
nb_shared_v4_t30,3,2,0.864690000035667,273,0.6410256410256411,0.6628787878787878,0.0866601752677702
nb_shared_v4_t30,3,3,0.9322886921758995,476,0.6890756302521008,0.9291784702549575,0.03033980582524272
nb_shared_v4_t30,3,6,0.8358289837711417,116,0.2672413793103448,0.3974358974358974,0.03887510339123242
nb_shared_v4_t30,3,7,0.8045429555083189,363,0.5757575757575758,0.6830065359477124,0.10352187833511206
nb_shared_v4_t30,3,8,0.9176026272577996,145,0.6137931034482759,0.6691729323308271,0.0380952380952381
nb_shared_v4_t30,3,9,0.8649617571436682,103,0.34951456310679613,0.5,0.03007518796992481
nb_shared_v4_t30,4,1,0.8070572961911933,1114,0.7432675044883303,0.9441277080957811,0.26344086021505375
nb_shared_v4_t30,4,2,0.8270095694633183,273,0.5934065934065934,0.5765124555160143,0.11587147030185005
nb_shared_v4_t30,4,3,0.9185592926490985,476,0.6407563025210085,0.9131736526946108,0.03519417475728155
nb_shared_v4_t30,4,6,0.8200529077892815,116,0.23275862068965517,0.35526315789473684,0.04052936311000827
nb_shared_v4_t30,4,7,0.7657755394245158,363,0.512396694214876,0.6241610738255033,0.11953041622198506
nb_shared_v4_t30,4,8,0.905645618749067,145,0.6206896551724138,0.6382978723404256,0.04415584415584416
nb_shared_v4_t30,4,9,0.8632909133675613,103,0.3592233009708738,0.5211267605633803,0.028404344193817876
nb_shared_v4_t30,6,1,0.7290327406806818,1114,0.6292639138240574,0.9409395973154362,0.23655913978494625
nb_shared_v4_t30,6,2,0.7722339328960556,273,0.608058608058608,0.50920245398773,0.15579357351509251
nb_shared_v4_t30,6,3,0.8804955841559925,476,0.5462184873949579,0.8637873754152824,0.04975728155339806
nb_shared_v4_t30,6,6,0.8079276118764439,116,0.16379310344827586,0.2676056338028169,0.043010752688172046
nb_shared_v4_t30,6,7,0.7538360220032869,363,0.46005509641873277,0.6117216117216118,0.11312700106723586
nb_shared_v4_t30,6,8,0.8838602776533812,145,0.5517241379310345,0.5714285714285714,0.05194805194805195
nb_shared_v4_t30,6,9,0.8148648319828697,103,0.2912621359223301,0.4166666666666667,0.03508771929824561
nb_shared_v4_t30,8,1,0.6603661126233085,1114,0.5152603231597845,0.9273021001615509,0.24193548387096775
nb_shared_v4_t30,8,2,0.7459223671492415,273,0.5824175824175825,0.44662921348314605,0.19182083739045763
nb_shared_v4_t30,8,3,0.8370382740474831,476,0.44537815126050423,0.8217054263565892,0.055825242718446605
nb_shared_v4_t30,8,6,0.7471478280710762,116,0.1810344827586207,0.29577464788732394,0.0413564929693962
nb_shared_v4_t30,8,7,0.7569848087942587,363,0.45179063360881544,0.6074074074074074,0.11312700106723586
nb_shared_v4_t30,8,8,0.8047648902821316,145,0.3793103448275862,0.4583333333333333,0.05627705627705628
nb_shared_v4_t30,8,9,0.7838812240958383,103,0.22330097087378642,0.36507936507936506,0.03341687552213868
nb_shared_v4_t30,10,1,0.6218798864886779,1114,0.44165170556552963,0.9196261682242991,0.23118279569892472
nb_shared_v4_t30,10,2,0.6860713126535911,273,0.5384615384615384,0.39622641509433965,0.2181110029211295
nb_shared_v4_t30,10,3,0.7992652157950559,476,0.36134453781512604,0.7610619469026548,0.06553398058252427
nb_shared_v4_t30,10,6,0.6941829953509597,116,0.15517241379310345,0.26865671641791045,0.04052936311000827
nb_shared_v4_t30,10,7,0.7428270284096422,363,0.40771349862258954,0.5381818181818182,0.13553895410885805
nb_shared_v4_t30,10,8,0.7991610688162413,145,0.3310344827586207,0.42105263157894735,0.05714285714285714
nb_shared_v4_t30,10,9,0.7598324289688623,103,0.21359223300970873,0.30985915492957744,0.04093567251461988
nb_shared_v4_t30,12,1,0.6027924171348044,1114,0.40843806104129265,0.922920892494929,0.20430107526881722
nb_shared_v4_t30,12,2,0.6395918265441147,273,0.4835164835164835,0.36464088397790057,0.22395326192794549
nb_shared_v4_t30,12,3,0.75572886921759,476,0.31512605042016806,0.7142857142857143,0.07281553398058252
nb_shared_v4_t30,12,6,0.6717577935597958,116,0.11206896551724138,0.20634920634920634,0.0413564929693962
nb_shared_v4_t30,12,7,0.7133633805798354,363,0.34710743801652894,0.5060240963855421,0.13127001067235858
nb_shared_v4_t30,12,8,0.7938707269741753,145,0.3310344827586207,0.41025641025641024,0.05974025974025974
nb_shared_v4_t30,12,9,0.7328637126797577,103,0.1262135922330097,0.18840579710144928,0.04678362573099415
nb_shared_v4_t30_mean,1,1,0.8922704194899712,1114,0.933572710951526,0.9236234458259325,0.46236559139784944
nb_shared_v4_t30_mean,1,2,0.897892435380264,273,0.7765567765567766,0.6091954022988506,0.13242453748782862
nb_shared_v4_t30_mean,1,3,0.9539472342334993,476,0.819327731092437,0.9198113207547169,0.0412621359223301
nb_shared_v4_t30_mean,1,6,0.8348022018767292,116,0.4051724137931034,0.46534653465346537,0.04466501240694789
nb_shared_v4_t30_mean,1,7,0.8922209384031446,363,0.7465564738292011,0.7150395778364116,0.1152614727854856
nb_shared_v4_t30_mean,1,8,0.9298163905060457,145,0.6620689655172414,0.6530612244897959,0.04415584415584416
nb_shared_v4_t30_mean,1,9,0.9207241404482079,103,0.5825242718446602,0.594059405940594,0.034252297410192145
nb_shared_v4_t30_mean,2,1,0.8616098144823459,1114,0.9111310592459605,0.9235668789808917,0.45161290322580644
nb_shared_v4_t30_mean,2,2,0.8878486006041995,273,0.7838827838827839,0.5616797900262467,0.1626095423563778
nb_shared_v4_t30_mean,2,3,0.9479455617198336,476,0.7836134453781513,0.9187192118226601,0.04004854368932039
nb_shared_v4_t30_mean,2,6,0.8588460112375574,116,0.4396551724137931,0.4811320754716981,0.045492142266335814
nb_shared_v4_t30_mean,2,7,0.8505134786302925,363,0.6914600550964187,0.6783783783783783,0.12700106723585913
nb_shared_v4_t30_mean,2,8,0.925200776235259,145,0.6827586206896552,0.61875,0.05281385281385281
nb_shared_v4_t30_mean,2,9,0.8913383783082302,103,0.5339805825242718,0.5392156862745098,0.03926482873851295
nb_shared_v4_t30_mean,3,1,0.8310312542228915,1114,0.8761220825852782,0.9295238095238095,0.3978494623655914
nb_shared_v4_t30_mean,3,2,0.8600069194032193,273,0.7802197802197802,0.49882903981264637,0.20837390457643623
nb_shared_v4_t30_mean,3,3,0.9323906747164885,476,0.7584033613445378,0.8869778869778869,0.055825242718446605
nb_shared_v4_t30_mean,3,6,0.8384244602264624,116,0.33620689655172414,0.3611111111111111,0.05707196029776675
nb_shared_v4_t30_mean,3,7,0.811181574158192,363,0.6418732782369146,0.6297297297297297,0.14621131270010673
nb_shared_v4_t30_mean,3,8,0.9251649499925362,145,0.6896551724137931,0.5952380952380952,0.05887445887445888
nb_shared_v4_t30_mean,3,9,0.8651239749860087,103,0.44660194174757284,0.4339622641509434,0.05012531328320802
nb_shared_v4_t30_mean,4,1,0.7942896855273064,1114,0.8330341113105925,0.9270729270729271,0.3924731182795699
nb_shared_v4_t30_mean,4,2,0.8244932607152665,273,0.73992673992674,0.43628509719222464,0.25413826679649465
nb_shared_v4_t30_mean,4,3,0.9150306967447173,476,0.6953781512605042,0.8597402597402597,0.06553398058252427
nb_shared_v4_t30_mean,4,6,0.8268802943441431,116,0.3793103448275862,0.3793103448275862,0.05955334987593052
nb_shared_v4_t30_mean,4,7,0.7756217457391417,363,0.5867768595041323,0.5867768595041323,0.16008537886872998
nb_shared_v4_t30_mean,4,8,0.9103925959098373,145,0.7241379310344828,0.5865921787709497,0.06406926406926407
nb_shared_v4_t30_mean,4,9,0.8639154520605722,103,0.44660194174757284,0.41818181818181815,0.053467000835421885
nb_shared_v4_t30_mean,6,1,0.7189484758981487,1114,0.7333931777378815,0.9221218961625283,0.3709677419354839
nb_shared_v4_t30_mean,6,2,0.7726655039215896,273,0.73992673992674,0.3613595706618962,0.3476144109055501
nb_shared_v4_t30_mean,6,3,0.8711323121481602,476,0.6176470588235294,0.7798408488063661,0.10072815533980582
nb_shared_v4_t30_mean,6,6,0.8207837768460683,116,0.3017241379310345,0.26515151515151514,0.08023159636062861
nb_shared_v4_t30_mean,6,7,0.7679835122349918,363,0.5619834710743802,0.5604395604395604,0.17075773745997866
nb_shared_v4_t30_mean,6,8,0.8921630094043888,145,0.6689655172413793,0.4898989898989899,0.08744588744588745
nb_shared_v4_t30_mean,6,9,0.8185268997737061,103,0.36893203883495146,0.34234234234234234,0.06098579782790309
nb_shared_v4_t30_mean,8,1,0.6594322503426575,1114,0.6561938958707361,0.9080745341614906,0.3978494623655914
nb_shared_v4_t30_mean,8,2,0.7577566866758687,273,0.7875457875457875,0.3412698412698413,0.4040895813047712
nb_shared_v4_t30_mean,8,3,0.8254925756710452,476,0.5483193277310925,0.7352112676056338,0.11407766990291263
nb_shared_v4_t30_mean,8,6,0.769316334388637,116,0.3017241379310345,0.25735294117647056,0.08354011579818031
nb_shared_v4_t30_mean,8,7,0.7713910228705999,363,0.5867768595041323,0.5503875968992248,0.18569903948772679
nb_shared_v4_t30_mean,8,8,0.8204149873115391,145,0.5103448275862069,0.4,0.09610389610389611
nb_shared_v4_t30_mean,8,9,0.786667315538036,103,0.30097087378640774,0.2605042016806723,0.07351712614870509
nb_shared_v4_t30_mean,10,1,0.631812127179012,1114,0.6095152603231598,0.9041278295605859,0.3870967741935484
nb_shared_v4_t30_mean,10,2,0.7090604948443313,273,0.7582417582417582,0.3026315789473684,0.4644595910418695
nb_shared_v4_t30_mean,10,3,0.7854465815452395,476,0.4810924369747899,0.6815476190476191,0.12985436893203883
nb_shared_v4_t30_mean,10,6,0.7228259319471778,116,0.2413793103448276,0.20437956204379562,0.09015715467328371
nb_shared_v4_t30_mean,10,7,0.7608686065074927,363,0.5619834710743802,0.5271317829457365,0.19530416221985059
nb_shared_v4_t30_mean,10,8,0.810759814897746,145,0.4689655172413793,0.36363636363636365,0.10303030303030303
nb_shared_v4_t30_mean,10,9,0.7647760177141883,103,0.2524271844660194,0.21666666666666667,0.0785296574770259
nb_shared_v4_t30_mean,12,1,0.6220970637632478,1114,0.5942549371633752,0.905608755129959,0.3709677419354839
nb_shared_v4_t30_mean,12,2,0.6631677313274197,273,0.7216117216117216,0.28062678062678065,0.4917234664070107
nb_shared_v4_t30_mean,12,3,0.7428382760871339,476,0.43067226890756305,0.6212121212121212,0.15169902912621358
nb_shared_v4_t30_mean,12,6,0.7007358603576623,116,0.23275862068965517,0.19708029197080293,0.09098428453267163
nb_shared_v4_t30_mean,12,7,0.7313123473014809,363,0.512396694214876,0.46851385390428213,0.22518676627534684
nb_shared_v4_t30_mean,12,8,0.8060725481415136,145,0.4689655172413793,0.35051546391752575,0.10909090909090909
nb_shared_v4_t30_mean,12,9,0.743306486280426,103,0.18446601941747573,0.14615384615384616,0.09273182957393483
nb_shared_v4_tsel,1,1,0.8967177274569988,1114,0.8877917414721723,0.9482262703739214,0.2903225806451613
nb_shared_v4_tsel,1,2,0.8930916535590343,273,0.6263736263736264,0.7370689655172413,0.05939629990262902
nb_shared_v4_tsel,1,3,0.950857163253651,476,0.7941176470588235,0.9379652605459057,0.03033980582524272
nb_shared_v4_tsel,1,6,0.8334688114999572,116,0.3017241379310345,0.5303030303030303,0.02564102564102564
nb_shared_v4_tsel,1,7,0.8920445357818018,363,0.7052341597796143,0.7485380116959064,0.09178228388473852
nb_shared_v4_tsel,1,8,0.9266905508284818,145,0.6344827586206897,0.7076923076923077,0.0329004329004329
nb_shared_v4_tsel,1,9,0.9197062234875214,103,0.5242718446601942,0.6923076923076923,0.020050125313283207
nb_shared_v4_tsel,2,1,0.8735207814520956,1114,0.8464991023339318,0.9534883720930233,0.24731182795698925
nb_shared_v4_tsel,2,2,0.8860153154213524,273,0.6227106227106227,0.6854838709677419,0.0759493670886076
nb_shared_v4_tsel,2,3,0.9469333850044872,476,0.7394957983193278,0.9436997319034852,0.025485436893203883
nb_shared_v4_tsel,2,6,0.8545677533441716,116,0.3275862068965517,0.5,0.03143093465674111
nb_shared_v4_tsel,2,7,0.8499886808317971,363,0.6611570247933884,0.729483282674772,0.09498399146211313
nb_shared_v4_tsel,2,8,0.9191222570532915,145,0.6275862068965518,0.6594202898550725,0.04069264069264069
nb_shared_v4_tsel,2,9,0.8912491584949429,103,0.4368932038834951,0.625,0.022556390977443608
nb_shared_v4_tsel,3,1,0.8457824173278509,1114,0.7989228007181328,0.9478168264110756,0.26344086021505375
nb_shared_v4_tsel,3,2,0.8629262655552821,273,0.6483516483516484,0.6629213483146067,0.08763388510223953
nb_shared_v4_tsel,3,3,0.9313122093497593,476,0.6785714285714286,0.936231884057971,0.02669902912621359
nb_shared_v4_tsel,3,6,0.8361926356920795,116,0.27586206896551724,0.3902439024390244,0.0413564929693962
nb_shared_v4_tsel,3,7,0.8140775171919055,363,0.5840220385674931,0.686084142394822,0.10352187833511206
nb_shared_v4_tsel,3,8,0.9211135990446335,145,0.6275862068965518,0.6546762589928058,0.04155844155844156
nb_shared_v4_tsel,3,9,0.8649617571436682,103,0.34951456310679613,0.5,0.03007518796992481
nb_shared_v4_tsel,4,1,0.8118689793633328,1114,0.7315978456014363,0.9509918319719953,0.22580645161290322
nb_shared_v4_tsel,4,2,0.8238352040688944,273,0.575091575091575,0.564748201438849,0.11781888997078871
nb_shared_v4_tsel,4,3,0.9171124153544913,476,0.6092436974789915,0.90625,0.03640776699029126
nb_shared_v4_tsel,4,6,0.822227688885086,116,0.2672413793103448,0.36904761904761907,0.043837882547559964
nb_shared_v4_tsel,4,7,0.779705466423231,363,0.512396694214876,0.6348122866894198,0.11419423692636073
nb_shared_v4_tsel,4,8,0.9054127481713689,145,0.6413793103448275,0.636986301369863,0.04588744588744589
nb_shared_v4_tsel,4,9,0.8632909133675613,103,0.3592233009708738,0.5211267605633803,0.028404344193817876
nb_shared_v4_tsel,6,1,0.7302875427115306,1114,0.5969479353680431,0.9366197183098591,0.24193548387096775
nb_shared_v4_tsel,6,2,0.766837511725535,273,0.5677655677655677,0.5115511551155115,0.14410905550146055
nb_shared_v4_tsel,6,3,0.8774029636126295,476,0.49369747899159666,0.8834586466165414,0.03762135922330097
nb_shared_v4_tsel,6,6,0.8073393514161034,116,0.1810344827586207,0.2916666666666667,0.04218362282878412
nb_shared_v4_tsel,6,7,0.7704340386498143,363,0.465564738292011,0.6167883211678832,0.11205976520811099
nb_shared_v4_tsel,6,8,0.8817107030900134,145,0.5724137931034483,0.5424836601307189,0.06060606060606061
nb_shared_v4_tsel,6,9,0.8148648319828697,103,0.2912621359223301,0.4166666666666667,0.03508771929824561
nb_shared_v4_tsel,8,1,0.6591161367541167,1114,0.507181328545781,0.9262295081967213,0.24193548387096775
nb_shared_v4_tsel,8,2,0.7365936562625949,273,0.5457875457875457,0.4584615384615385,0.17137293086660174
nb_shared_v4_tsel,8,3,0.8353632108183079,476,0.38445378151260506,0.8243243243243243,0.04733009708737864
nb_shared_v4_tsel,8,6,0.750046347793845,116,0.1810344827586207,0.30434782608695654,0.03970223325062035
nb_shared_v4_tsel,8,7,0.7730506775330681,363,0.4793388429752066,0.6214285714285714,0.11312700106723586
nb_shared_v4_tsel,8,8,0.7950291088222122,145,0.36551724137931035,0.41732283464566927,0.06406926406926407
nb_shared_v4_tsel,8,9,0.7838812240958383,103,0.22330097087378642,0.36507936507936506,0.03341687552213868
nb_shared_v4_tsel,10,1,0.6172733151869655,1114,0.4254937163375224,0.920388349514563,0.22043010752688172
nb_shared_v4_tsel,10,2,0.6753177040421442,273,0.5238095238095238,0.41329479768786126,0.1976630963972736
nb_shared_v4_tsel,10,3,0.797703608142286,476,0.31092436974789917,0.7789473684210526,0.050970873786407765
nb_shared_v4_tsel,10,6,0.7018909899888766,116,0.13793103448275862,0.25806451612903225,0.0380479735318445
nb_shared_v4_tsel,10,7,0.7596778888134278,363,0.42424242424242425,0.5641025641025641,0.12700106723585913
nb_shared_v4_tsel,10,8,0.7883027317510076,145,0.30344827586206896,0.36065573770491804,0.06753246753246753
nb_shared_v4_tsel,10,9,0.7598324289688623,103,0.21359223300970873,0.30985915492957744,0.04093567251461988
nb_shared_v4_tsel,12,1,0.5910503658230536,1114,0.38150807899461403,0.91792656587473,0.20430107526881722
nb_shared_v4_tsel,12,2,0.6325993059196564,273,0.4652014652014652,0.3659942363112392,0.21421616358325218
nb_shared_v4_tsel,12,3,0.7606036346577466,476,0.2415966386554622,0.7142857142857143,0.055825242718446605
nb_shared_v4_tsel,12,6,0.6892772596332107,116,0.11206896551724138,0.21311475409836064,0.03970223325062035
nb_shared_v4_tsel,12,7,0.7299746274229635,363,0.3774104683195592,0.5310077519379846,0.12913553895410887
nb_shared_v4_tsel,12,8,0.7852992984027467,145,0.3310344827586207,0.35555555555555557,0.07532467532467532
nb_shared_v4_tsel,12,9,0.7328637126797577,103,0.1262135922330097,0.18840579710144928,0.04678362573099415
persistence,1,1,0.884753672709021,1114,0.9228007181328546,0.9244604316546763,0.45161290322580644
persistence,1,2,0.8855890944498539,273,0.6776556776556777,0.6630824372759857,0.09152872444011685
persistence,1,3,0.9324505894590847,476,0.8235294117647058,0.8540305010893247,0.08131067961165049
persistence,1,6,0.8026617894526682,116,0.47413793103448276,0.4782608695652174,0.04962779156327544
persistence,1,7,0.8762476810405403,363,0.696969696969697,0.7207977207977208,0.10458911419423693
persistence,1,8,0.9057919092401852,145,0.6689655172413793,0.6139240506329114,0.05281385281385281
persistence,1,9,0.9103016440778321,103,0.5533980582524272,0.5533980582524272,0.03842940685045948
persistence,2,1,0.8805331943398776,1114,0.9183123877917415,0.9199640287769785,0.478494623655914
persistence,2,2,0.8737797418420593,273,0.673992673992674,0.6323024054982818,0.10418695228821812
persistence,2,3,0.9314664579424002,476,0.7941176470588235,0.8571428571428571,0.07645631067961164
persistence,2,6,0.8342282022760332,116,0.49137931034482757,0.4789915966386555,0.05128205128205128
persistence,2,7,0.818408201545875,363,0.6143250688705234,0.6656716417910448,0.11953041622198506
persistence,2,8,0.8879265562024182,145,0.6689655172413793,0.5606936416184971,0.0658008658008658
persistence,2,9,0.8701567835446221,103,0.4854368932038835,0.5208333333333334,0.03842940685045948
persistence,3,1,0.8666241964440841,1114,0.90754039497307,0.9174228675136116,0.489247311827957
persistence,3,2,0.8430918318941688,273,0.652014652014652,0.6013513513513513,0.11489776046738072
persistence,3,3,0.9080640144407277,476,0.7626050420168067,0.8561320754716981,0.07402912621359223
persistence,3,6,0.8061770913550669,116,0.43103448275862066,0.4132231404958678,0.058726220016542596
persistence,3,7,0.7629722077670075,363,0.5426997245179064,0.6194968553459119,0.12913553895410887
persistence,3,8,0.8923122854157337,145,0.6827586206896552,0.5210526315789473,0.07878787878787878
persistence,3,9,0.8179550818794559,103,0.36893203883495146,0.40860215053763443,0.04594820384294068
persistence,4,1,0.8379978185749309,1114,0.8877917414721723,0.9132040627885504,0.5053763440860215
persistence,4,2,0.7948272110881653,273,0.5677655677655677,0.504885993485342,0.14800389483933787
persistence,4,3,0.8834339561067145,476,0.7142857142857143,0.8353808353808354,0.08131067961165049
persistence,4,6,0.7815414563189869,116,0.3793103448275862,0.36666666666666664,0.06286186931348221
persistence,4,7,0.6894711155407769,363,0.45179063360881544,0.543046357615894,0.1472785485592316
persistence,4,8,0.8715778474399164,145,0.7034482758620689,0.4975609756097561,0.08917748917748917
persistence,4,9,0.8221159695354892,103,0.3592233009708738,0.3978494623655914,0.04678362573099415
persistence,6,1,0.7903370591301326,1114,0.8626570915619389,0.9161105815061964,0.4731182795698925
persistence,6,2,0.7303180428788998,273,0.5347985347985348,0.44376899696048633,0.17818889970788704
persistence,6,3,0.8322170494411357,476,0.6281512605042017,0.8016085790884718,0.08980582524271845
persistence,6,6,0.7497540001711304,116,0.28448275862068967,0.2796610169491525,0.07030603804797353
persistence,6,7,0.6312582504976024,363,0.3691460055096419,0.48028673835125446,0.15474919957310565
persistence,6,8,0.8352858635617256,145,0.6137931034482759,0.3869565217391304,0.12207792207792208
persistence,6,9,0.7464454015297143,103,0.24271844660194175,0.26595744680851063,0.05764411027568922
persistence,8,1,0.7431806335785024,1114,0.8240574506283662,0.9098116947472745,0.489247311827957
persistence,8,2,0.682952231150868,273,0.5164835164835165,0.39166666666666666,0.21324245374878287
persistence,8,3,0.7690006220934976,476,0.5315126050420168,0.7620481927710844,0.09587378640776699
persistence,8,6,0.653204415162146,116,0.20689655172413793,0.21238938053097345,0.07361455748552523
persistence,8,7,0.6004039620028754,363,0.3168044077134986,0.4151624548736462,0.1728922091782284
persistence,8,8,0.6829168532616808,145,0.4413793103448276,0.27350427350427353,0.1471861471861472
persistence,8,9,0.7022085959234656,103,0.17475728155339806,0.19148936170212766,0.06349206349206349
persistence,10,1,0.7236515704330032,1114,0.7980251346499102,0.9155509783728115,0.44086021505376344
persistence,10,2,0.6212803749317868,273,0.47985347985347987,0.3350383631713555,0.25316455696202533
persistence,10,3,0.7225628722362731,476,0.4495798319327731,0.7303754266211604,0.09587378640776699
persistence,10,6,0.581023074070905,116,0.11206896551724138,0.11818181818181818,0.08023159636062861
persistence,10,7,0.5643560863314429,363,0.2644628099173554,0.35294117647058826,0.18783351120597652
persistence,10,8,0.5632840722495895,145,0.3103448275862069,0.18672199170124482,0.1696969696969697
persistence,10,9,0.66000762423859,103,0.14563106796116504,0.15789473684210525,0.06683375104427736
persistence,12,1,0.6917047933437579,1114,0.7594254937163375,0.9067524115755627,0.46774193548387094
persistence,12,2,0.5934832775144362,273,0.45787545787545786,0.2997601918465228,0.28432327166504384
persistence,12,3,0.6788926735742841,476,0.37815126050420167,0.7003891050583657,0.09344660194174757
persistence,12,6,0.532143977638972,116,0.07758620689655173,0.08108108108108109,0.08436724565756824
persistence,12,7,0.5437640203333421,363,0.20110192837465565,0.28076923076923077,0.19957310565635006
persistence,12,8,0.5113628899835796,145,0.22758620689655173,0.13360323886639677,0.18528138528138527
persistence,12,9,0.6533526372565719,103,0.14563106796116504,0.15306122448979592,0.06934001670843776
qavg_nb_chronos,1,1,0.9043647806026911,1114,0.914721723518851,0.9409048938134811,0.34408602150537637
qavg_nb_chronos,1,2,0.9070517278891184,273,0.6373626373626373,0.7767857142857143,0.04868549172346641
qavg_nb_chronos,1,3,0.9502427184466019,476,0.7752100840336135,0.9341772151898734,0.03155339805825243
qavg_nb_chronos,1,6,0.8570990559310915,116,0.3275862068965517,0.5671641791044776,0.023986765922249794
qavg_nb_chronos,1,7,0.8925913839079649,363,0.6942148760330579,0.7682926829268293,0.08110992529348986
qavg_nb_chronos,1,8,0.9304194655918794,145,0.6551724137931034,0.6834532374100719,0.0380952380952381
qavg_nb_chronos,1,9,0.920764694908793,103,0.4368932038834951,0.7377049180327869,0.013366750208855471
qavg_nb_chronos,2,1,0.8859819308507558,1114,0.8877917414721723,0.9464114832535885,0.3010752688172043
qavg_nb_chronos,2,2,0.8923711796155808,273,0.6373626373626373,0.7310924369747899,0.062317429406037
qavg_nb_chronos,2,3,0.9456713510646977,476,0.7352941176470589,0.9510869565217391,0.021844660194174758
qavg_nb_chronos,2,6,0.8717806109352272,116,0.3620689655172414,0.5753424657534246,0.02564102564102564
qavg_nb_chronos,2,7,0.8458094087278137,363,0.6005509641873278,0.7194719471947195,0.09071504802561366
qavg_nb_chronos,2,8,0.9230571727123451,145,0.6896551724137931,0.684931506849315,0.03982683982683983
qavg_nb_chronos,2,9,0.8960832501966891,103,0.3106796116504854,0.6666666666666666,0.013366750208855471
qavg_nb_chronos,3,1,0.8631010984343932,1114,0.8509874326750448,0.9451645064805583,0.2956989247311828
qavg_nb_chronos,3,2,0.8651643714934855,273,0.6153846153846154,0.6857142857142857,0.07497565725413827
qavg_nb_chronos,3,3,0.9304504568817819,476,0.6848739495798319,0.9421965317919075,0.024271844660194174
qavg_nb_chronos,3,6,0.8557442742648527,116,0.29310344827586204,0.4927536231884058,0.028949545078577336
qavg_nb_chronos,3,7,0.81100223149316,363,0.5289256198347108,0.7058823529411765,0.08537886872998933
qavg_nb_chronos,3,8,0.9240244812658606,145,0.6827586206896552,0.6428571428571429,0.047619047619047616
qavg_nb_chronos,3,9,0.8697066290321273,103,0.24271844660194175,0.5555555555555556,0.01670843776106934
qavg_nb_chronos,4,1,0.8377444450879327,1114,0.8061041292639138,0.9502645502645503,0.25268817204301075
qavg_nb_chronos,4,2,0.8285058012419259,273,0.5677655677655677,0.5961538461538461,0.10223953261927946
qavg_nb_chronos,4,3,0.9162532124500286,476,0.6302521008403361,0.9316770186335404,0.02669902912621359
qavg_nb_chronos,4,6,0.8441787170930664,116,0.2672413793103448,0.4626865671641791,0.02977667493796526
qavg_nb_chronos,4,7,0.775521784253714,363,0.4490358126721763,0.6626016260162602,0.08858057630736393
qavg_nb_chronos,4,8,0.9126496492013734,145,0.7034482758620689,0.6296296296296297,0.05194805194805195
qavg_nb_chronos,4,9,0.8618877290313162,103,0.24271844660194175,0.5952380952380952,0.014202172096908938
qavg_nb_chronos,6,1,0.7845794482731994,1114,0.7190305206463196,0.9379391100702577,0.2849462365591398
qavg_nb_chronos,6,2,0.7676507199389381,273,0.5421245421245421,0.5362318840579711,0.124634858812074
qavg_nb_chronos,6,3,0.878278738679938,476,0.5378151260504201,0.9078014184397163,0.03155339805825243
qavg_nb_chronos,6,6,0.8190510823992471,116,0.16379310344827586,0.36538461538461536,0.02729528535980149
qavg_nb_chronos,6,7,0.7693770929436011,363,0.3774104683195592,0.6492890995260664,0.07897545357524013
qavg_nb_chronos,6,8,0.888025078369906,145,0.593103448275862,0.5620915032679739,0.05800865800865801
qavg_nb_chronos,6,9,0.8332643907503386,103,0.20388349514563106,0.4772727272727273,0.01921470342522974
qavg_nb_chronos,8,1,0.7350823343178703,1114,0.6472172351885098,0.9291237113402062,0.2956989247311828
qavg_nb_chronos,8,2,0.7279533189951886,273,0.5091575091575091,0.4512987012987013,0.16455696202531644
qavg_nb_chronos,8,3,0.8323712980337766,476,0.4411764705882353,0.8823529411764706,0.03398058252427184
qavg_nb_chronos,8,6,0.7581429508570776,116,0.08620689655172414,0.2777777777777778,0.021505376344086023
qavg_nb_chronos,8,7,0.7726964022685378,363,0.35537190082644626,0.6201923076923077,0.08431163287086446
qavg_nb_chronos,8,8,0.7806180026869682,145,0.3793103448275862,0.3767123287671233,0.07878787878787878
qavg_nb_chronos,8,9,0.813749584316779,103,0.18446601941747573,0.4418604651162791,0.020050125313283207
qavg_nb_chronos,10,1,0.7032972336441381,1114,0.5960502692998204,0.9325842696629213,0.25806451612903225
qavg_nb_chronos,10,2,0.6774916093319209,273,0.4908424908424908,0.4161490683229814,0.1830574488802337
qavg_nb_chronos,10,3,0.7874046463245492,476,0.32983193277310924,0.8440860215053764,0.03519417475728155
qavg_nb_chronos,10,6,0.6968711673939705,116,0.07758620689655173,0.3103448275862069,0.016542597187758478
qavg_nb_chronos,10,7,0.7676895078660869,363,0.29201101928374656,0.5888888888888889,0.07897545357524013
qavg_nb_chronos,10,8,0.7343842364532019,145,0.22758620689655173,0.2558139534883721,0.08311688311688312
qavg_nb_chronos,10,9,0.7948512056841132,103,0.1262135922330097,0.34210526315789475,0.020885547201336674
qavg_nb_chronos,12,1,0.6688384394123665,1114,0.5466786355475763,0.9171686746987951,0.2956989247311828
qavg_nb_chronos,12,2,0.6497640626170325,273,0.48717948717948717,0.39002932551319647,0.20253164556962025
qavg_nb_chronos,12,3,0.7414819082972995,476,0.24579831932773108,0.8181818181818182,0.03155339805825243
qavg_nb_chronos,12,6,0.6820470037933887,116,0.07758620689655173,0.36,0.013234077750206782
qavg_nb_chronos,12,7,0.746074306664197,363,0.22038567493112948,0.5555555555555556,0.06830309498399147
qavg_nb_chronos,12,8,0.7116345723242274,145,0.2206896551724138,0.2644628099173554,0.07705627705627706
qavg_nb_chronos,12,9,0.7817764475914706,103,0.11650485436893204,0.3,0.023391812865497075
ridge_v2,1,1,0.9045530009073184,1114,0.9129263913824057,0.9390581717451524,0.3548387096774194
ridge_v2,1,2,0.9088992798827268,273,0.6153846153846154,0.7924528301886793,0.042843232716650435
ridge_v2,1,3,0.9529325079546381,476,0.7542016806722689,0.9497354497354498,0.023058252427184466
ridge_v2,1,6,0.860978009754428,116,0.25,0.7435897435897436,0.008271298593879239
ridge_v2,1,7,0.8736898430310674,363,0.5564738292011019,0.7769230769230769,0.061899679829242264
ridge_v2,1,8,0.9302642185400806,145,0.6620689655172414,0.732824427480916,0.030303030303030304
ridge_v2,1,9,0.9042103640979471,103,0.23300970873786409,0.8571428571428571,0.003341687552213868
ridge_v2,2,1,0.8854462269068165,1114,0.8689407540394973,0.952755905511811,0.25806451612903225
ridge_v2,2,2,0.8934554572334514,273,0.5494505494505495,0.7853403141361257,0.03992210321324245
ridge_v2,2,3,0.9478639756873624,476,0.6953781512605042,0.9538904899135446,0.019417475728155338
ridge_v2,2,6,0.8700550469182282,116,0.20689655172413793,0.6666666666666666,0.009925558312655087
ridge_v2,2,7,0.8199399643078696,363,0.45454545454545453,0.7534246575342466,0.0576307363927428
ridge_v2,2,8,0.9257202567547396,145,0.6551724137931034,0.7251908396946565,0.03116883116883117
ridge_v2,2,9,0.876754994281821,103,0.18446601941747573,0.9047619047619048,0.001670843776106934
ridge_v2,3,1,0.8613733325611475,1114,0.8276481149012568,0.9574247144340602,0.22043010752688172
ridge_v2,3,2,0.8649753362508962,273,0.5347985347985348,0.7373737373737373,0.05063291139240506
ridge_v2,3,3,0.9351773476380844,476,0.6470588235294118,0.9506172839506173,0.019417475728155338
ridge_v2,3,6,0.8347736801574399,116,0.15517241379310345,0.5806451612903226,0.010752688172043012
ridge_v2,3,7,0.7831570777141749,363,0.40771349862258954,0.7589743589743589,0.05016008537886873
ridge_v2,3,8,0.9284729064039409,145,0.6620689655172414,0.7384615384615385,0.02943722943722944
ridge_v2,3,9,0.8379200428255104,103,0.13592233009708737,0.7,0.005012531328320802
ridge_v2,4,1,0.834361305766298,1114,0.7585278276481149,0.9515765765765766,0.23118279569892472
ridge_v2,4,2,0.8421092053029735,273,0.46153846153846156,0.6961325966850829,0.053554040895813046
ridge_v2,4,3,0.9211369013624867,476,0.6071428571428571,0.9633333333333334,0.013349514563106795
ridge_v2,4,6,0.8284775106243404,116,0.12931034482758622,0.5,0.01240694789081886
ridge_v2,4,7,0.7416142603879093,363,0.3278236914600551,0.7168674698795181,0.05016008537886873
ridge_v2,4,8,0.9147574264815644,145,0.6206896551724138,0.703125,0.0329004329004329
ridge_v2,4,9,0.8277814276792305,103,0.13592233009708737,0.8235294117647058,0.002506265664160401
ridge_v2,6,1,0.7754580027412599,1114,0.63016157989228,0.9486486486486486,0.20430107526881722
ridge_v2,6,2,0.7880451259224385,273,0.36996336996337,0.6688741721854304,0.04868549172346641
ridge_v2,6,3,0.884854062984417,476,0.4810924369747899,0.9541666666666667,0.013349514563106795
ridge_v2,6,6,0.7825646729984883,116,0.10344827586206896,0.48,0.010752688172043012
ridge_v2,6,7,0.7144982374438085,363,0.20385674931129477,0.6915887850467289,0.035218783351120594
ridge_v2,6,8,0.8931124048365428,145,0.5379310344827586,0.6341463414634146,0.03896103896103896
ridge_v2,6,9,0.7789133026741611,103,0.11650485436893204,0.631578947368421,0.005847953216374269
ridge_v2,8,1,0.7277369162757475,1114,0.4838420107719928,0.948943661971831,0.15591397849462366
ridge_v2,8,2,0.7642338187615695,273,0.2967032967032967,0.7105263157894737,0.03213242453748783
ridge_v2,8,3,0.8385845843191646,476,0.31932773109243695,0.926829268292683,0.014563106796116505
ridge_v2,8,6,0.7084188984912011,116,0.02586206896551724,0.2,0.009925558312655087
ridge_v2,8,7,0.7049901361534232,363,0.1184573002754821,0.6231884057971014,0.02774813233724653
ridge_v2,8,8,0.7840095536647261,145,0.2689655172413793,0.5909090909090909,0.023376623376623377
ridge_v2,8,9,0.7499330851400345,103,0.11650485436893204,0.6666666666666666,0.005012531328320802
ridge_v2,10,1,0.703943939306191,1114,0.33303411131059246,0.9368686868686869,0.13440860215053763
ridge_v2,10,2,0.7189259944858777,273,0.23076923076923078,0.6631578947368421,0.0311587147030185
ridge_v2,10,3,0.7725763849229011,476,0.1722689075630252,0.9213483146067416,0.00849514563106796
ridge_v2,10,6,0.6289324320470038,116,0.017241379310344827,0.25,0.004962779156327543
ridge_v2,10,7,0.673202383787423,363,0.05785123966942149,0.6176470588235294,0.013874066168623266
ridge_v2,10,8,0.7494670846394984,145,0.1310344827586207,0.59375,0.011255411255411256
ridge_v2,10,9,0.7231428084775045,103,0.08737864077669903,0.6,0.005012531328320802
ridge_v2,12,1,0.6753151483562093,1114,0.28276481149012567,0.9319526627218935,0.12365591397849462
ridge_v2,12,2,0.6875354441079855,273,0.18315018315018314,0.7352941176470589,0.017526777020447908
ridge_v2,12,3,0.7104843150852574,476,0.04831932773109244,0.8846153846153846,0.0036407766990291263
ridge_v2,12,6,0.6027423633096604,116,0.02586206896551724,0.5,0.0024813895781637717
ridge_v2,12,7,0.6390302559896041,363,0.011019283746556474,0.4444444444444444,0.005336179295624333
ridge_v2,12,8,0.7357814599193909,145,0.020689655172413793,0.6,0.0017316017316017316
ridge_v2,12,9,0.6900341468558127,103,0.038834951456310676,0.6666666666666666,0.001670843776106934
seasonal_naive,1,1,0.525636570722573,1114,0.24236983842010773,0.9,0.16129032258064516
seasonal_naive,1,2,0.5560685662925196,273,0.7326007326007326,0.21905805038335158,0.6942551119766309
seasonal_naive,1,3,0.5076295688178184,476,0.1722689075630252,0.35807860262008734,0.1783980582524272
seasonal_naive,1,6,0.6551724137931034,116,0.11206896551724138,0.3333333333333333,0.021505376344086023
seasonal_naive,1,7,0.6074879972716395,363,0.15702479338842976,0.5135135135135135,0.0576307363927428
seasonal_naive,1,8,0.5170413494551426,145,0.22758620689655173,0.10543130990415335,0.24242424242424243
seasonal_naive,1,9,0.6600927886058188,103,0.1650485436893204,0.1223021582733813,0.10192147034252297
seasonal_naive,2,1,0.525636570722573,1114,0.24236983842010773,0.9,0.16129032258064516
seasonal_naive,2,2,0.5560685662925196,273,0.7326007326007326,0.21905805038335158,0.6942551119766309
seasonal_naive,2,3,0.5076295688178184,476,0.1722689075630252,0.35807860262008734,0.1783980582524272
seasonal_naive,2,6,0.6551724137931034,116,0.11206896551724138,0.3333333333333333,0.021505376344086023
seasonal_naive,2,7,0.6074879972716395,363,0.15702479338842976,0.5135135135135135,0.0576307363927428
seasonal_naive,2,8,0.5170413494551426,145,0.22758620689655173,0.10543130990415335,0.24242424242424243
seasonal_naive,2,9,0.6600927886058188,103,0.1650485436893204,0.1223021582733813,0.10192147034252297
seasonal_naive,3,1,0.525636570722573,1114,0.24236983842010773,0.9,0.16129032258064516
seasonal_naive,3,2,0.5560685662925196,273,0.7326007326007326,0.21905805038335158,0.6942551119766309
seasonal_naive,3,3,0.5076295688178184,476,0.1722689075630252,0.35807860262008734,0.1783980582524272
seasonal_naive,3,6,0.6551724137931034,116,0.11206896551724138,0.3333333333333333,0.021505376344086023
seasonal_naive,3,7,0.6074879972716395,363,0.15702479338842976,0.5135135135135135,0.0576307363927428
seasonal_naive,3,8,0.5170413494551426,145,0.22758620689655173,0.10543130990415335,0.24242424242424243
seasonal_naive,3,9,0.6600927886058188,103,0.1650485436893204,0.1223021582733813,0.10192147034252297
seasonal_naive,4,1,0.525636570722573,1114,0.24236983842010773,0.9,0.16129032258064516
seasonal_naive,4,2,0.5560685662925196,273,0.7326007326007326,0.21905805038335158,0.6942551119766309
seasonal_naive,4,3,0.5076295688178184,476,0.1722689075630252,0.35807860262008734,0.1783980582524272
seasonal_naive,4,6,0.6551724137931034,116,0.11206896551724138,0.3333333333333333,0.021505376344086023
seasonal_naive,4,7,0.6074879972716395,363,0.15702479338842976,0.5135135135135135,0.0576307363927428
seasonal_naive,4,8,0.5170413494551426,145,0.22758620689655173,0.10543130990415335,0.24242424242424243
seasonal_naive,4,9,0.6600927886058188,103,0.1650485436893204,0.1223021582733813,0.10192147034252297
seasonal_naive,6,1,0.525636570722573,1114,0.24236983842010773,0.9,0.16129032258064516
seasonal_naive,6,2,0.5560685662925196,273,0.7326007326007326,0.21905805038335158,0.6942551119766309
seasonal_naive,6,3,0.5076295688178184,476,0.1722689075630252,0.35807860262008734,0.1783980582524272
seasonal_naive,6,6,0.6551724137931034,116,0.11206896551724138,0.3333333333333333,0.021505376344086023
seasonal_naive,6,7,0.6074879972716395,363,0.15702479338842976,0.5135135135135135,0.0576307363927428
seasonal_naive,6,8,0.5170413494551426,145,0.22758620689655173,0.10543130990415335,0.24242424242424243
seasonal_naive,6,9,0.6600927886058188,103,0.1650485436893204,0.1223021582733813,0.10192147034252297
seasonal_naive,8,1,0.525636570722573,1114,0.24236983842010773,0.9,0.16129032258064516
seasonal_naive,8,2,0.5560685662925196,273,0.7326007326007326,0.21905805038335158,0.6942551119766309
seasonal_naive,8,3,0.5076295688178184,476,0.1722689075630252,0.35807860262008734,0.1783980582524272
seasonal_naive,8,6,0.6551724137931034,116,0.11206896551724138,0.3333333333333333,0.021505376344086023
seasonal_naive,8,7,0.6074879972716395,363,0.15702479338842976,0.5135135135135135,0.0576307363927428
seasonal_naive,8,8,0.5170413494551426,145,0.22758620689655173,0.10543130990415335,0.24242424242424243
seasonal_naive,8,9,0.6600927886058188,103,0.1650485436893204,0.1223021582733813,0.10192147034252297
seasonal_naive,10,1,0.525636570722573,1114,0.24236983842010773,0.9,0.16129032258064516
seasonal_naive,10,2,0.5560685662925196,273,0.7326007326007326,0.21905805038335158,0.6942551119766309
seasonal_naive,10,3,0.5076295688178184,476,0.1722689075630252,0.35807860262008734,0.1783980582524272
seasonal_naive,10,6,0.6551724137931034,116,0.11206896551724138,0.3333333333333333,0.021505376344086023
seasonal_naive,10,7,0.6074879972716395,363,0.15702479338842976,0.5135135135135135,0.0576307363927428
seasonal_naive,10,8,0.5170413494551426,145,0.22758620689655173,0.10543130990415335,0.24242424242424243
seasonal_naive,10,9,0.6600927886058188,103,0.1650485436893204,0.1223021582733813,0.10192147034252297
seasonal_naive,12,1,0.525636570722573,1114,0.24236983842010773,0.9,0.16129032258064516
seasonal_naive,12,2,0.5560685662925196,273,0.7326007326007326,0.21905805038335158,0.6942551119766309
seasonal_naive,12,3,0.5076295688178184,476,0.1722689075630252,0.35807860262008734,0.1783980582524272
seasonal_naive,12,6,0.6551724137931034,116,0.11206896551724138,0.3333333333333333,0.021505376344086023
seasonal_naive,12,7,0.6074879972716395,363,0.15702479338842976,0.5135135135135135,0.0576307363927428
seasonal_naive,12,8,0.5170413494551426,145,0.22758620689655173,0.10543130990415335,0.24242424242424243
seasonal_naive,12,9,0.6600927886058188,103,0.1650485436893204,0.1223021582733813,0.10192147034252297
seasonal_persistence,1,1,0.8527055462249764,1114,0.8779174147217235,0.9252601702932829,0.42473118279569894
seasonal_persistence,1,2,0.8575940450331881,273,0.6666666666666666,0.610738255033557,0.11295034079844206
seasonal_persistence,1,3,0.9028909500693482,476,0.7899159663865546,0.8051391862955032,0.1104368932038835
seasonal_persistence,1,6,0.8063018738769573,116,0.45689655172413796,0.424,0.05955334987593052
seasonal_persistence,1,7,0.8602406131755118,363,0.696969696969697,0.6912568306010929,0.12059765208110992
seasonal_persistence,1,8,0.889210329899985,145,0.6551724137931034,0.5397727272727273,0.07012987012987013
seasonal_persistence,1,9,0.8788232717716622,103,0.5145631067961165,0.3732394366197183,0.07435254803675856
seasonal_persistence,2,1,0.8477418389606378,1114,0.8833034111310593,0.922211808809747,0.44623655913978494
seasonal_persistence,2,2,0.8490838924139801,273,0.6703296703296703,0.5683229813664596,0.13534566699123662
seasonal_persistence,2,3,0.9182750163172065,476,0.7857142857142857,0.8237885462555066,0.0970873786407767
seasonal_persistence,2,6,0.8423105444796213,116,0.5086206896551724,0.41843971631205673,0.06782464846980976
seasonal_persistence,2,7,0.8131102428182083,363,0.6005509641873278,0.6449704142011834,0.128068303094984
seasonal_persistence,2,8,0.8723809523809524,145,0.6275862068965518,0.4972677595628415,0.07965367965367966
seasonal_persistence,2,9,0.8477909985319285,103,0.5242718446601942,0.3776223776223776,0.07435254803675856
seasonal_persistence,3,1,0.8365547962394548,1114,0.8689407540394973,0.9210275927687916,0.44623655913978494
seasonal_persistence,3,2,0.8451676528599605,273,0.673992673992674,0.5525525525525525,0.1450827653359299
seasonal_persistence,3,3,0.8992399751162601,476,0.7436974789915967,0.8009049773755657,0.10679611650485436
seasonal_persistence,3,6,0.8203523858418186,116,0.4827586206896552,0.37333333333333335,0.07775020678246485
seasonal_persistence,3,7,0.7613845841749208,363,0.5564738292011019,0.5976331360946746,0.14514407684098185
seasonal_persistence,3,8,0.8759337214509628,145,0.6827586206896552,0.4852941176470588,0.09090909090909091
seasonal_persistence,3,9,0.8121314613394327,103,0.46601941747572817,0.32,0.08521303258145363
seasonal_persistence,4,1,0.8045959537460666,1114,0.8366247755834829,0.9182266009852217,0.44623655913978494
seasonal_persistence,4,2,0.8153054345848894,273,0.6483516483516484,0.5347432024169184,0.14995131450827653
seasonal_persistence,4,3,0.8733415089336706,476,0.7037815126050421,0.7790697674418605,0.11529126213592233
seasonal_persistence,4,6,0.814630215909415,116,0.4827586206896552,0.3684210526315789,0.0794044665012407
seasonal_persistence,4,7,0.7117154860921233,363,0.5151515151515151,0.5718654434250765,0.14941302027748132
seasonal_persistence,4,8,0.8595163457232423,145,0.7172413793103448,0.45217391304347826,0.10909090909090909
seasonal_persistence,4,9,0.8224525715583457,103,0.4563106796116505,0.3092105263157895,0.08771929824561403
seasonal_persistence,6,1,0.7782016756433273,1114,0.8016157989228008,0.9168377823408624,0.43548387096774194
seasonal_persistence,6,2,0.7795599402220629,273,0.6556776556776557,0.4904109589041096,0.18111002921129504
seasonal_persistence,6,3,0.8445684098882271,476,0.6764705882352942,0.7540983606557377,0.12742718446601942
seasonal_persistence,6,6,0.8059382219560195,116,0.46551724137931033,0.32142857142857145,0.09429280397022333
seasonal_persistence,6,7,0.7025278495638445,363,0.46831955922865015,0.5610561056105611,0.14194236926360726
seasonal_persistence,6,8,0.85209434243917,145,0.6896551724137931,0.3861003861003861,0.13766233766233765
seasonal_persistence,6,9,0.7898386743557924,103,0.39805825242718446,0.26973684210526316,0.09273182957393483
seasonal_persistence,8,1,0.732674079650972,1114,0.7594254937163375,0.9106566200215285,0.44623655913978494
seasonal_persistence,8,2,0.766218688808757,273,0.6190476190476191,0.4225,0.2249269717624148
seasonal_persistence,8,3,0.8015572733947948,476,0.6008403361344538,0.7027027027027027,0.14684466019417475
seasonal_persistence,8,6,0.7497076523772853,116,0.4482758620689655,0.30409356725146197,0.09842845326716294
seasonal_persistence,8,7,0.6962141057416114,363,0.4380165289256198,0.5264900662251656,0.1526147278548559
seasonal_persistence,8,8,0.7152589938796835,145,0.4827586206896552,0.30042918454935624,0.14112554112554113
seasonal_persistence,8,9,0.7733289534515901,103,0.3883495145631068,0.27586206896551724,0.08771929824561403
seasonal_persistence,10,1,0.710647477847918,1114,0.7163375224416517,0.908883826879271,0.43010752688172044
seasonal_persistence,10,2,0.7145032831498265,273,0.608058608058608,0.3980815347721823,0.24440116845180138
seasonal_persistence,10,3,0.7729728420494412,476,0.5399159663865546,0.6983695652173914,0.13470873786407767
seasonal_persistence,10,6,0.7156883716950457,116,0.35344827586206895,0.2645161290322581,0.09429280397022333
seasonal_persistence,10,7,0.6917952200769704,363,0.39669421487603307,0.4948453608247423,0.1568836712913554
seasonal_persistence,10,8,0.634264815644126,145,0.38620689655172413,0.22950819672131148,0.16277056277056276
seasonal_persistence,10,9,0.7414815355540956,103,0.30097087378640774,0.1962025316455696,0.1060985797827903
seasonal_persistence,12,1,0.6819535337155653,1114,0.6822262118491921,0.8994082840236687,0.45698924731182794
seasonal_persistence,12,2,0.7058005285853387,273,0.6117216117216118,0.3686534216335541,0.27848101265822783
seasonal_persistence,12,3,0.7329039018520029,476,0.47689075630252103,0.6676470588235294,0.13713592233009708
seasonal_persistence,12,6,0.7088823764296511,116,0.3620689655172414,0.25925925925925924,0.09925558312655088
seasonal_persistence,12,7,0.6909455474508351,363,0.38016528925619836,0.47750865051903113,0.16115261472785486
seasonal_persistence,12,8,0.607401104642484,145,0.3586206896551724,0.2047244094488189,0.1748917748917749
seasonal_persistence,12,9,0.7231428084775045,103,0.3106796116504854,0.19631901840490798,0.10944026733500417
