method,seed,fold_id,horizon,mae,rmse,peak_mae,cells
adaptive_v2,-2,0,1,10.131028956066254,21.277394209094957,19.743033611441906,1325.0
adaptive_v2,-2,0,2,11.271787151667588,24.87742517675972,22.754927816314066,1325.0
adaptive_v2,-2,0,3,12.521063627521068,27.888723967040516,24.77602238502711,1325.0
adaptive_v2,-2,0,4,13.827796126755816,32.96834838725687,27.48078930922547,1325.0
adaptive_v2,-2,0,6,14.882502242011844,35.47157084244988,29.379127032039317,1325.0
adaptive_v2,-2,0,8,18.79608186016171,51.49881629199898,30.972077309346027,1325.0
adaptive_v2,-2,0,10,20.610913773120892,60.024372165472315,35.61523162353439,1325.0
adaptive_v2,-2,0,12,18.936488941010825,41.77289855297847,29.395863032684066,1325.0
adaptive_v2,-2,1,1,42.880912889677745,97.29645000508138,48.118695417656504,1300.0
adaptive_v2,-2,1,2,83.70655925236821,194.7185753595937,95.37370122467038,1300.0
adaptive_v2,-2,1,3,71.70585706510222,173.3934916899658,82.2041669332521,1300.0
adaptive_v2,-2,1,4,72.72976732090618,172.76044433677646,82.6807462761916,1300.0
adaptive_v2,-2,1,6,89.77708172159305,209.11380594616554,101.98950650298733,1300.0
adaptive_v2,-2,1,8,97.570047422098,218.12566244205178,110.08748341879985,1300.0
adaptive_v2,-2,1,10,102.07463504907747,223.02448340023238,113.96433602295703,1300.0
adaptive_v2,-2,1,12,107.14987735275967,240.70516560261586,121.73440953214943,1300.0
adaptive_v2,-2,2,1,10.373278493881584,16.506173103934298,16.133521707257728,1300.0
adaptive_v2,-2,2,2,12.678102005025766,21.521453018194116,20.05980521424131,1300.0
adaptive_v2,-2,2,3,15.30837050931779,26.588116637041736,24.479001147597483,1300.0
adaptive_v2,-2,2,4,17.79491850375144,30.99571586153716,29.270707309246063,1300.0
adaptive_v2,-2,2,6,23.272626439253173,41.56733212236101,36.81853587565868,1300.0
adaptive_v2,-2,2,8,27.543553376929978,49.1881222579904,42.37861167373402,1300.0
adaptive_v2,-2,2,10,29.913039417246967,53.50060159840221,45.191880300327206,1300.0
adaptive_v2,-2,2,12,25.392533558880768,46.843591801461635,44.595133740086474,1300.0
adaptive_v2,-2,3,1,17.00201690281813,35.56886867049404,33.580260401137735,1300.0
adaptive_v2,-2,3,2,20.323277949163547,44.38764285866241,42.47642492997546,1300.0
adaptive_v2,-2,3,3,23.2636261934959,52.48903164767577,48.69170582225593,1300.0
adaptive_v2,-2,3,4,26.107231356611546,58.93474298844405,55.31305038888289,1300.0
adaptive_v2,-2,3,6,27.18684906073058,59.82350534605923,57.25155503393597,1300.0
adaptive_v2,-2,3,8,31.70314923265519,70.68630917556347,67.20067501079072,1300.0
adaptive_v2,-2,3,10,37.248086680592294,79.59660746891485,74.68973469984631,1300.0
adaptive_v2,-2,3,12,37.91861757778778,80.79741365293673,79.59849377878074,1300.0
adaptive_v2,-2,4,1,7.03437642231203,15.052009454886676,23.666506998431988,1300.0
adaptive_v2,-2,4,2,9.084080744958124,20.32329990241025,34.09366670289101,1300.0
adaptive_v2,-2,4,3,10.557994362306422,23.355780902739244,39.081070738979896,1300.0
adaptive_v2,-2,4,4,11.897699062635835,26.20806341349627,39.27952202059265,1300.0
adaptive_v2,-2,4,6,19.127186774781975,39.99545145278589,53.005338833882256,1300.0
adaptive_v2,-2,4,8,20.828257525459005,44.4682324619708,55.77249913745456,1300.0
adaptive_v2,-2,4,10,21.167311515716765,42.77597149632595,59.331446927836815,1300.0
adaptive_v2,-2,4,12,25.07543654634116,46.20141785707592,64.45958966475267,1300.0
adaptive_v2,-2,5,1,6.8949380667772715,19.028473428899403,35.44196376108354,1300.0
adaptive_v2,-2,5,2,8.002073312358675,21.1240725506185,39.470698871920185,1300.0
adaptive_v2,-2,5,3,9.66500410034939,24.76607925262002,49.96936807300775,1300.0
adaptive_v2,-2,5,4,10.256317561524904,25.44365454867591,50.8578202138024,1300.0
adaptive_v2,-2,5,6,10.94517550536718,25.196609772585973,52.00656201666401,1300.0
adaptive_v2,-2,5,8,11.619041787483013,26.58029068554193,61.596270971240536,1300.0
adaptive_v2,-2,5,10,11.323719214002704,25.973363287413882,79.36390968195853,1300.0
adaptive_v2,-2,5,12,12.928543806636322,36.61587809535339,93.25796753552652,1300.0
adaptive_v2,-2,6,1,11.43776134310958,20.595470245621733,23.421857382716805,1325.0
adaptive_v2,-2,6,2,12.455255025141645,22.344631879047913,21.951489517401004,1325.0
adaptive_v2,-2,6,3,13.467652190530075,23.228632223488358,23.767297948742733,1325.0
adaptive_v2,-2,6,4,14.334184399772225,24.668892981940544,24.33303697275576,1325.0
adaptive_v2,-2,6,6,16.090617265170703,28.14934476166129,25.119533226150892,1325.0
adaptive_v2,-2,6,8,17.365565372328714,30.588341226834547,30.351069132540502,1325.0
adaptive_v2,-2,6,10,17.319615617348056,29.566322854059848,31.530124061644592,1325.0
adaptive_v2,-2,6,12,18.254850133014315,30.232779636004757,34.47367272484277,1325.0
adaptive_v2,-2,7,1,17.71696359995466,39.7402823693485,34.34063024461762,1300.0
adaptive_v2,-2,7,2,22.48290508526449,50.295369008903705,43.29667125096334,1300.0
adaptive_v2,-2,7,3,25.16715669776528,56.04274344406646,49.30254259368933,1300.0
adaptive_v2,-2,7,4,27.947521760093515,61.23234478765744,53.69997781669059,1300.0
adaptive_v2,-2,7,6,30.473093400688555,62.68960279702724,57.48074665883192,1300.0
adaptive_v2,-2,7,8,31.85625400802443,63.87761178070546,59.28798490404549,1300.0
adaptive_v2,-2,7,10,33.825676360737106,68.46065927776415,64.95045031578417,1300.0
adaptive_v2,-2,7,12,38.539860110899006,75.24103299661488,71.66071323715869,1300.0
adaptive_v2,-2,8,1,9.400056240833722,18.54412956805723,22.252092543141597,1300.0
adaptive_v2,-2,8,2,11.194146744518255,20.610215227860632,24.721127129423206,1300.0
adaptive_v2,-2,8,3,12.289592398072665,28.718333820666786,33.472169957489804,1300.0
adaptive_v2,-2,8,4,13.871280302764633,32.993073957398494,38.520005667415155,1300.0
adaptive_v2,-2,8,6,17.602822653668788,41.80749302858124,48.188665989503775,1300.0
adaptive_v2,-2,8,8,23.381671430202417,55.91116716420311,52.552897728106075,1300.0
adaptive_v2,-2,8,10,21.606297474184,50.0474983572701,55.76072824864552,1300.0
adaptive_v2,-2,8,12,23.315804355198946,55.28722834054169,56.33537839825811,1300.0
adaptive_v2,-2,9,1,8.272574197036716,15.041587449483186,17.547545304576172,1300.0
adaptive_v2,-2,9,2,9.710927156567967,17.448351909928114,23.13236370132965,1300.0
adaptive_v2,-2,9,3,10.805156503388515,20.57060515266042,29.454243846599336,1300.0
adaptive_v2,-2,9,4,11.697922906445768,22.56393195718371,30.36031640617593,1300.0
adaptive_v2,-2,9,6,14.921742383380233,29.562330207271533,42.45174359436174,1300.0
adaptive_v2,-2,9,8,16.972458267610232,37.31594905920245,47.979664446080776,1300.0
adaptive_v2,-2,9,10,19.436711052338808,41.207607261286675,57.39114931341514,1300.0
adaptive_v2,-2,9,12,20.54838647317786,43.603470874618765,56.24306827089161,1300.0
adaptive_v2,0,0,1,10.633898843189455,23.13778544573647,21.61954431242104,1325.0
adaptive_v2,0,0,2,11.859360322689742,27.1796147303895,25.163428320121916,1325.0
adaptive_v2,0,0,3,12.859755757840896,29.117687080813237,26.652573751811843,1325.0
adaptive_v2,0,0,4,15.909209724956737,38.94978509993109,32.41630037709818,1325.0
adaptive_v2,0,0,6,15.29758681356204,36.8798434287755,30.717895986143983,1325.0
adaptive_v2,0,0,8,22.55233851075594,71.44984037607121,33.75271141038692,1325.0
adaptive_v2,0,0,10,20.296893424412833,55.15812953709212,35.54106513440272,1325.0
adaptive_v2,0,0,12,19.136039526453946,42.37778917832855,31.079380394195702,1325.0
adaptive_v2,0,1,1,38.05115939156367,84.97104510240341,42.37698455598988,1300.0
adaptive_v2,0,1,2,69.18011011806388,166.2753951152414,78.84590558702364,1300.0
adaptive_v2,0,1,3,74.64035260418287,184.42582134193148,85.51694481427944,1300.0
adaptive_v2,0,1,4,79.02984306381872,186.419663738856,89.94265155831295,1300.0
adaptive_v2,0,1,6,88.55466478807851,206.68156405437364,100.52705036482608,1300.0
adaptive_v2,0,1,8,101.04080804630827,227.47045484202246,114.86332280415192,1300.0
adaptive_v2,0,1,10,104.6176384198456,225.70656552760548,116.46461376479824,1300.0
adaptive_v2,0,1,12,109.37231145395181,245.46733526735255,124.71024719615428,1300.0
adaptive_v2,0,2,1,10.179747924593707,16.19368970307079,15.927795919961545,1300.0
adaptive_v2,0,2,2,12.656519801786098,21.6317053574369,20.16929950090057,1300.0
adaptive_v2,0,2,3,15.55138188657727,27.072610814577615,24.73909607936625,1300.0
adaptive_v2,0,2,4,18.435767269497468,32.106424402381556,29.80418894547055,1300.0
adaptive_v2,0,2,6,23.61214549081579,42.196117210682836,37.26294780084727,1300.0
adaptive_v2,0,2,8,28.344128136444265,50.54449210689866,42.764566718535875,1300.0
adaptive_v2,0,2,10,32.01089109913025,57.04093769865778,46.04101127585321,1300.0
adaptive_v2,0,2,12,26.444352596677266,48.05627641608803,43.88708616336023,1300.0
adaptive_v2,0,3,1,18.204610280623804,39.05844287686283,36.71543704186167,1300.0
adaptive_v2,0,3,2,21.29122293366549,47.2335373626783,44.9093669212165,1300.0
adaptive_v2,0,3,3,25.204159881701838,56.99542046818304,52.274930791444135,1300.0
adaptive_v2,0,3,4,28.076272188357365,64.08562777270804,59.36031216805598,1300.0
adaptive_v2,0,3,6,28.25164268861883,61.05531859386769,58.54217121480894,1300.0
adaptive_v2,0,3,8,33.36171527496754,73.58293807578637,68.12696259215224,1300.0
adaptive_v2,0,3,10,36.485532204707944,79.20150600442723,73.41524837483816,1300.0
adaptive_v2,0,3,12,39.87919893141263,85.50011585291419,85.21278323415478,1300.0
adaptive_v2,0,4,1,7.149183100436886,15.15232924847117,23.990246330570972,1300.0
adaptive_v2,0,4,2,8.772778234913801,19.44383221113446,32.20703034930759,1300.0
adaptive_v2,0,4,3,10.898680045174014,25.311660194337637,42.92466379230858,1300.0
adaptive_v2,0,4,4,11.282660903963619,24.668112756321456,37.323634115039795,1300.0
adaptive_v2,0,4,6,17.14657352223276,37.325531466756786,50.002793295261185,1300.0
adaptive_v2,0,4,8,23.555429934958138,50.590071342932255,56.318838771591835,1300.0
adaptive_v2,0,4,10,20.965837759238024,43.6962507159511,61.28347549249983,1300.0
adaptive_v2,0,4,12,28.253640540700694,50.99047132429877,59.51552997185634,1300.0
adaptive_v2,0,5,1,7.037767371833683,18.197230194744037,36.43959467641769,1300.0
adaptive_v2,0,5,2,8.078253205564016,20.248381561949028,42.36924258355172,1300.0
adaptive_v2,0,5,3,9.6446489264748,25.007869809476215,52.301191776029526,1300.0
adaptive_v2,0,5,4,9.975199410679679,23.735827611870583,47.67711885417661,1300.0
adaptive_v2,0,5,6,10.277935666476305,23.642195665073213,53.131392165778145,1300.0
adaptive_v2,0,5,8,11.90942373839601,27.92111700846104,70.8366417904054,1300.0
adaptive_v2,0,5,10,11.976195862759688,28.480841442193046,84.31182376030952,1300.0
adaptive_v2,0,5,12,13.375665771140216,39.864369907572446,97.71101475050372,1300.0
adaptive_v2,0,6,1,11.717078254116032,21.112485845600073,24.48562543556608,1325.0
adaptive_v2,0,6,2,12.848604280814738,23.178859790451398,23.101439183128292,1325.0
adaptive_v2,0,6,3,14.21292354827782,25.176365412862122,23.504214894925727,1325.0
adaptive_v2,0,6,4,14.623216555176988,24.634926247277345,25.261752834054843,1325.0
adaptive_v2,0,6,6,15.93218764866017,27.20056868774778,27.765224610037844,1325.0
adaptive_v2,0,6,8,17.53597740704053,30.098886271012347,32.90232614235118,1325.0
adaptive_v2,0,6,10,18.295558918194388,32.41648686528831,34.74765051098476,1325.0
adaptive_v2,0,6,12,18.62246701628075,31.627466386650536,38.07465093392188,1325.0
adaptive_v2,0,7,1,18.169259114913068,40.924734620315974,36.079741388354094,1300.0
adaptive_v2,0,7,2,21.714675993561173,47.77873314099384,42.15146997940442,1300.0
adaptive_v2,0,7,3,26.364008681000424,60.20547403653697,52.01980447514655,1300.0
adaptive_v2,0,7,4,28.70503528935736,61.99603748634834,54.80862444516056,1300.0
adaptive_v2,0,7,6,30.466151727965244,62.70226409040498,57.672843050406655,1300.0
adaptive_v2,0,7,8,31.544993373321798,62.857350145072175,59.51105350995893,1300.0
adaptive_v2,0,7,10,34.848087018212446,69.58338748811053,66.59572466961609,1300.0
adaptive_v2,0,7,12,41.56459331725868,79.58267965552595,72.81085809573952,1300.0
adaptive_v2,0,8,1,9.479448456787146,18.722644442287656,22.239964746606763,1300.0
adaptive_v2,0,8,2,11.125793093583331,19.846564419604988,23.40890909638898,1300.0
adaptive_v2,0,8,3,11.945116125929815,24.72907467972764,31.85674964970556,1300.0
adaptive_v2,0,8,4,13.923335280191296,33.06695694676848,38.63252398690273,1300.0
adaptive_v2,0,8,6,18.966374340376174,45.450167277701986,49.92891571932825,1300.0
adaptive_v2,0,8,8,20.62469529328044,49.38581065133244,49.84735018939808,1300.0
adaptive_v2,0,8,10,19.10685259494447,45.831253649365216,54.62335797753828,1300.0
adaptive_v2,0,8,12,21.526239653705403,51.786031376007365,54.30594420391938,1300.0
adaptive_v2,0,9,1,8.49923518943672,15.579359227886862,18.958410721380734,1300.0
adaptive_v2,0,9,2,10.33690698649806,19.848639641587503,28.67484606932668,1300.0
adaptive_v2,0,9,3,11.156627544279281,21.7676332503837,30.012662357496986,1300.0
adaptive_v2,0,9,4,12.519107690379919,24.127010833512053,31.956168991848102,1300.0
adaptive_v2,0,9,6,15.702743520839498,30.390796428661034,45.18372682691778,1300.0
adaptive_v2,0,9,8,18.204176646895135,39.98278074201044,51.100351168548016,1300.0
adaptive_v2,0,9,10,17.40936443494633,34.59675357807705,52.516446656683115,1300.0
adaptive_v2,0,9,12,22.694471428125308,50.946705559196445,58.99748221647392,1300.0
adaptive_v2,1,0,1,10.396115663904908,21.321666051582365,19.43781413582527,1325.0
adaptive_v2,1,0,2,11.740164642043869,25.252171342998064,22.07360050095887,1325.0
adaptive_v2,1,0,3,12.730723348112145,27.550996362333652,23.77055789204051,1325.0
adaptive_v2,1,0,4,13.792398382759881,31.079038416582964,26.27660762308176,1325.0
adaptive_v2,1,0,6,15.295378039462387,35.46085797857935,29.57974768591003,1325.0
adaptive_v2,1,0,8,20.547675744278074,56.99919201215215,34.32328182179481,1325.0
adaptive_v2,1,0,10,22.717755666914975,72.76196182011472,39.533658220785235,1325.0
adaptive_v2,1,0,12,22.98349941096778,55.1952338273702,33.503657749101606,1325.0
adaptive_v2,1,1,1,47.939179822573294,108.84839208173148,54.07367300377286,1300.0
adaptive_v2,1,1,2,91.35273792792111,211.53874566642853,104.01022129706851,1300.0
adaptive_v2,1,1,3,61.490396620585365,142.933225034874,69.67961048229165,1300.0
adaptive_v2,1,1,4,72.16130541407145,170.12183214663594,82.08501065453545,1300.0
adaptive_v2,1,1,6,87.55803760463802,203.06972771426754,99.23106132963375,1300.0
adaptive_v2,1,1,8,97.44930135807954,214.73608040791478,109.18857571684222,1300.0
adaptive_v2,1,1,10,101.68205478467836,224.41689122556517,114.32288728059392,1300.0
adaptive_v2,1,1,12,107.24504837687378,240.39475641668758,121.88144994332686,1300.0
adaptive_v2,1,2,1,10.292572310554007,16.394227709035047,16.23294327751266,1300.0
adaptive_v2,1,2,2,12.493093846191007,21.080703114091314,19.921418417149628,1300.0
adaptive_v2,1,2,3,15.029493827395715,25.96515808534477,24.13993011734315,1300.0
adaptive_v2,1,2,4,17.42616945293087,30.318156208844766,29.208627239647473,1300.0
adaptive_v2,1,2,6,23.844258132600224,42.66418653959916,37.368457634834364,1300.0
adaptive_v2,1,2,8,28.938329279083902,51.68614136972396,43.20232970371242,1300.0
adaptive_v2,1,2,10,30.206928418784475,53.996653320656854,45.15674585289571,1300.0
adaptive_v2,1,2,12,26.682776453735737,48.45480047839412,43.828115964765516,1300.0
adaptive_v2,1,3,1,17.13308938849431,36.13481185792969,33.8310960368449,1300.0
adaptive_v2,1,3,2,21.74248949259448,47.589354670885115,45.80515342825601,1300.0
adaptive_v2,1,3,3,22.860197548756663,49.536292528034934,46.697678928177396,1300.0
adaptive_v2,1,3,4,25.182148108817056,54.91564918509261,52.33132229022243,1300.0
adaptive_v2,1,3,6,30.92655533955504,69.5191993554468,67.33120091467266,1300.0
adaptive_v2,1,3,8,34.50190120976203,80.00729755551612,75.04087814218326,1300.0
adaptive_v2,1,3,10,37.92216070656736,79.86669662423803,74.7713176730488,1300.0
adaptive_v2,1,3,12,36.50581892047838,78.72401493303688,76.58291938109714,1300.0
adaptive_v2,1,4,1,7.134081306302418,15.416334236886515,24.267713355330322,1300.0
adaptive_v2,1,4,2,9.470479487361064,21.47220632639683,36.30452704111226,1300.0
adaptive_v2,1,4,3,10.814578865056571,24.92207068367893,39.1376479120336,1300.0
adaptive_v2,1,4,4,12.62263642342582,28.303923843375,42.77508287144522,1300.0
adaptive_v2,1,4,6,20.832585619504634,46.55110856270093,70.59231352602315,1300.0
adaptive_v2,1,4,8,21.130092867117245,47.384362117050664,59.9852604621496,1300.0
adaptive_v2,1,4,10,21.946248262867044,45.18194203878219,58.87255654095585,1300.0
adaptive_v2,1,4,12,26.502399341045663,54.81334673706507,83.05115412545,1300.0
adaptive_v2,1,5,1,7.281420295701738,21.057178572609907,34.58773233813624,1300.0
adaptive_v2,1,5,2,8.22432422749143,21.78778012138715,39.37338056871968,1300.0
adaptive_v2,1,5,3,9.678459944637636,24.44707027372631,49.4108470524511,1300.0
adaptive_v2,1,5,4,10.597708648315702,26.571498007742814,50.04359127917597,1300.0
adaptive_v2,1,5,6,11.146801154888951,26.00035587102428,51.41609269572842,1300.0
adaptive_v2,1,5,8,11.671019494579388,26.58954872814683,57.98204924983363,1300.0
adaptive_v2,1,5,10,11.774165788946602,28.263788247875787,84.74287248811414,1300.0
adaptive_v2,1,5,12,14.324729830282024,47.68720646311945,115.71982076475697,1300.0
adaptive_v2,1,6,1,11.491373175292646,20.38784309968899,23.30536611737876,1325.0
adaptive_v2,1,6,2,12.524872194407683,21.86576142632706,24.502028864005517,1325.0
adaptive_v2,1,6,3,13.358815702921799,23.136159166381773,24.281741002510334,1325.0
adaptive_v2,1,6,4,15.315858717503131,26.329609776201075,24.47955664154142,1325.0
adaptive_v2,1,6,6,17.374882467495596,31.62959336873856,23.255484508286262,1325.0
adaptive_v2,1,6,8,19.81310316672566,39.0656814617119,29.107404485633918,1325.0
adaptive_v2,1,6,10,18.160151135430866,30.432434170489252,33.09763853839631,1325.0
adaptive_v2,1,6,12,19.498298509570787,32.12814898110907,35.10448020760869,1325.0
adaptive_v2,1,7,1,17.885092582255602,40.11344294980146,35.03381109040631,1300.0
adaptive_v2,1,7,2,25.517234858784178,58.4149316178566,47.28977988531028,1300.0
adaptive_v2,1,7,3,25.00877916099647,55.07452417332214,48.063015067872925,1300.0
adaptive_v2,1,7,4,28.333629538034305,61.95609878898229,54.44072217865752,1300.0
adaptive_v2,1,7,6,30.831329484707318,63.80891250352094,59.69517484500994,1300.0
adaptive_v2,1,7,8,32.53854005772083,65.54855055352284,60.74283521002564,1300.0
adaptive_v2,1,7,10,34.042437262371756,69.11004867698276,66.74471056890307,1300.0
adaptive_v2,1,7,12,40.930729833298294,78.68588436997592,72.2695459636857,1300.0
adaptive_v2,1,8,1,10.457011964308242,20.539830851189627,24.645946724096248,1300.0
adaptive_v2,1,8,2,11.585634783610653,21.937618894732736,26.541340670914487,1300.0
adaptive_v2,1,8,3,13.4051796134461,31.364999109942858,35.5361114964403,1300.0
adaptive_v2,1,8,4,13.251584904531304,30.041092660042647,35.20003968826656,1300.0
adaptive_v2,1,8,6,16.73108306244159,37.283344093757925,43.46040350445386,1300.0
adaptive_v2,1,8,8,24.075205257371643,59.108910965820364,56.12455588908031,1300.0
adaptive_v2,1,8,10,22.397086650515334,54.053758997590904,58.87722885608673,1300.0
adaptive_v2,1,8,12,22.822494897786527,53.881669560467955,57.54538844679964,1300.0
adaptive_v2,1,9,1,8.335827639257678,15.121542708814266,17.391358495915977,1300.0
adaptive_v2,1,9,2,9.785963370066781,17.21780983964021,20.959151587439973,1300.0
adaptive_v2,1,9,3,11.161309072224853,20.3339090206171,27.898826175523034,1300.0
adaptive_v2,1,9,4,12.225489460602224,23.564040511649424,31.874973368876187,1300.0
adaptive_v2,1,9,6,15.344956853782866,30.617377127324048,42.481627420314304,1300.0
adaptive_v2,1,9,8,16.828279830657234,36.6476188413102,53.196330224281375,1300.0
adaptive_v2,1,9,10,20.808955805771625,41.228285103365536,55.25475422039773,1300.0
adaptive_v2,1,9,12,20.858603677167917,42.43703387774961,56.81243789311752,1300.0
adaptive_v2,2,0,1,10.209146475225845,21.921743166191725,19.94310889826393,1325.0
adaptive_v2,2,0,2,11.566860539134382,25.738679824090383,23.201214254938993,1325.0
adaptive_v2,2,0,3,12.800131171330248,28.50118439579895,25.077852236149084,1325.0
adaptive_v2,2,0,4,13.61629778957873,31.575983981640547,26.979054796946166,1325.0
adaptive_v2,2,0,6,14.576074513174452,34.89823969373312,28.49321934984902,1325.0
adaptive_v2,2,0,8,16.55463395520904,39.02952822828678,32.15768832480272,1325.0
adaptive_v2,2,0,10,19.475939720525353,54.195527392774245,33.047961621334785,1325.0
adaptive_v2,2,0,12,17.082148068899393,35.29432703409882,29.447549116760914,1325.0
adaptive_v2,2,1,1,46.7246472130132,107.60275602042366,52.557723668069514,1300.0
adaptive_v2,2,1,2,93.94723915303842,211.70261813733924,106.71795517488766,1300.0
adaptive_v2,2,1,3,89.51014271182079,207.56236236228986,102.03944095306406,1300.0
adaptive_v2,2,1,4,70.53140279434335,167.09806489982122,79.75303991295772,1300.0
adaptive_v2,2,1,6,95.22480979526702,219.61296956991345,108.42104049823523,1300.0
adaptive_v2,2,1,8,97.505041615968,216.58230562049624,109.48392042692892,1300.0
adaptive_v2,2,1,10,100.85204864477882,220.35511715350455,112.12881698508879,1300.0
adaptive_v2,2,1,12,105.46899384541007,236.86101401656475,119.25411515006097,1300.0
adaptive_v2,2,2,1,10.709958657385926,17.0318019138892,16.374046647136574,1300.0
adaptive_v2,2,2,2,13.002788563922334,22.07662125812202,20.34303919163843,1300.0
adaptive_v2,2,2,3,15.414459546557628,26.897528179056078,24.639682853410203,1300.0
adaptive_v2,2,2,4,17.59241984936588,30.663859793700016,28.93967824119174,1300.0
adaptive_v2,2,2,6,22.44561504888102,40.06940882193741,36.086153578466906,1300.0
adaptive_v2,2,2,8,25.531690529186566,45.93716718151476,41.415222234505435,1300.0
adaptive_v2,2,2,10,27.74887214405583,50.03511995612343,44.90511889636901,1300.0
adaptive_v2,2,2,12,23.82114479564417,45.846441964486736,46.66796073036425,1300.0
adaptive_v2,2,3,1,17.214507607190082,35.33331016709472,33.63305620291904,1300.0
adaptive_v2,2,3,2,19.391994980957644,40.90678103222906,39.07867550374079,1300.0
adaptive_v2,2,3,3,29.021595645374976,65.27695644802522,62.946013857962704,1300.0
adaptive_v2,2,3,4,27.85636549597176,62.43628499511319,59.49032184807192,1300.0
adaptive_v2,2,3,6,26.61501772998474,58.56312741847193,55.11700686699703,1300.0
adaptive_v2,2,3,8,32.29544998940618,72.83881574187181,68.52172949693377,1300.0
adaptive_v2,2,3,10,39.722200973722906,84.51110911580446,80.87214929932932,1300.0
adaptive_v2,2,3,12,40.230236508479486,86.27693325207315,82.27897677198052,1300.0
adaptive_v2,2,4,1,6.901113731289426,14.907392690765102,23.00829837872432,1300.0
adaptive_v2,2,4,2,9.145520295770838,20.684696458159504,34.71907296751299,1300.0
adaptive_v2,2,4,3,10.877190799638003,23.836787989223,39.61649856200585,1300.0
adaptive_v2,2,4,4,12.58969655881403,28.02089066857041,41.441811569735535,1300.0
adaptive_v2,2,4,6,22.185564852471536,46.20660689272165,54.36382890970279,1300.0
adaptive_v2,2,4,8,18.996800560397094,40.92559674570068,59.740806565325485,1300.0
adaptive_v2,2,4,10,20.90198297430618,40.67478823757627,59.58971981105641,1300.0
adaptive_v2,2,4,12,28.22819141210245,58.54700820409959,86.253744570618,1300.0
adaptive_v2,2,5,1,6.973115103435345,19.124083962538474,38.27178969690877,1300.0
adaptive_v2,2,5,2,8.20144458110659,22.327383783894398,40.82341010339798,1300.0
adaptive_v2,2,5,3,9.771006665295706,25.175498979826344,48.65227661498131,1300.0
adaptive_v2,2,5,4,10.625246669812523,27.212386699607165,56.52927097101365,1300.0
adaptive_v2,2,5,6,11.664555534132255,27.018170737823343,54.793669110344304,1300.0
adaptive_v2,2,5,8,11.92099940042513,27.50782047804278,58.63355294350655,1300.0
adaptive_v2,2,5,10,10.514278504927777,22.89907746206197,69.0370277156753,1300.0
adaptive_v2,2,5,12,11.540015822919802,26.8642999782967,74.33971013945919,1300.0
adaptive_v2,2,6,1,11.558606913770145,20.926426157696163,22.795307276577784,1325.0
adaptive_v2,2,6,2,13.439481967668629,23.92550792833307,20.8144226310582,1325.0
adaptive_v2,2,6,3,13.68107568669994,23.206881909646295,24.18979037938447,1325.0
adaptive_v2,2,6,4,14.903038806814068,25.53790275243996,26.68584324676415,1325.0
adaptive_v2,2,6,6,17.05691266783636,28.948043312135873,29.585703795454627,1325.0
adaptive_v2,2,6,8,17.364348823871673,28.895143387689924,34.77868239157672,1325.0
adaptive_v2,2,6,10,18.27639555886581,31.044584200553096,30.12706281000684,1325.0
adaptive_v2,2,6,12,19.247021491351838,31.910175104018865,33.74079546396588,1325.0
adaptive_v2,2,7,1,18.175188558491378,40.4535187202633,34.1304624185746,1300.0
adaptive_v2,2,7,2,21.866717027139206,48.564605949810435,43.080148631547765,1300.0
adaptive_v2,2,7,3,26.481823813312044,58.39397929424835,52.97966621598593,1300.0
adaptive_v2,2,7,4,28.719213476801436,63.09521365658207,55.79240031708699,1300.0
adaptive_v2,2,7,6,33.88798267783597,68.88646318751215,63.17621900289019,1300.0
adaptive_v2,2,7,8,32.48277536707447,64.95702556521078,59.488163656768066,1300.0
adaptive_v2,2,7,10,33.90921867383716,68.10798960881627,63.7098002630817,1300.0
adaptive_v2,2,7,12,35.730993307393334,71.8111891534659,72.8376805312911,1300.0
adaptive_v2,2,8,1,9.145348850735106,18.401962428328847,20.9948264911257,1300.0
adaptive_v2,2,8,2,11.277651323514561,20.83363419002111,24.86488709203128,1300.0
adaptive_v2,2,8,3,14.223008618389173,35.79853412151181,38.9963023136402,1300.0
adaptive_v2,2,8,4,14.957108741275823,37.134618930512794,43.6611545932704,1300.0
adaptive_v2,2,8,6,18.72874457021817,46.114385096816385,52.32641833404015,1300.0
adaptive_v2,2,8,8,26.96585291356135,63.029312882074834,53.2968076590834,1300.0
adaptive_v2,2,8,10,25.808725832273755,56.470994787303404,56.22746461691528,1300.0
adaptive_v2,2,8,12,27.140721816728966,63.28678522242911,59.29329882824215,1300.0
adaptive_v2,2,9,1,8.349110595916326,15.10411994759277,17.146664010668264,1300.0
adaptive_v2,2,9,2,9.826251703285111,17.30260474291933,21.370589427577638,1300.0
adaptive_v2,2,9,3,11.424984990144864,22.179048889912977,30.999062291626792,1300.0
adaptive_v2,2,9,4,11.454679654148908,22.60418343302864,30.347461144901015,1300.0
adaptive_v2,2,9,6,15.681474840509203,32.430537390541716,43.83274168817742,1300.0
adaptive_v2,2,9,8,17.81420847193553,40.5423950322908,42.94478390749219,1300.0
adaptive_v2,2,9,10,22.41537522424442,54.79140942862502,66.66664422990628,1300.0
adaptive_v2,2,9,12,20.568908564084424,41.95251679560857,57.63582188527561,1300.0
chronos2,-1,0,1,10.085510437986935,20.679439040456977,19.46001010928908,1325.0
chronos2,-1,0,2,11.524587635001572,25.13210611041575,23.56582183754703,1325.0
chronos2,-1,0,3,13.049203815905043,28.816922923108642,27.03468823139516,1325.0
chronos2,-1,0,4,14.151233523987193,32.28411371481879,29.471133323327116,1325.0
chronos2,-1,0,6,15.93116134455489,35.70833640793782,32.501865968158164,1325.0
chronos2,-1,0,8,16.574894317741013,35.5823946015778,33.125986840535084,1325.0
chronos2,-1,0,10,16.85152334924348,35.06407749918765,32.323118233495514,1325.0
chronos2,-1,0,12,16.620580734994686,34.29731549453868,31.937127466145167,1325.0
chronos2,-1,1,1,39.70628917712145,92.22052157196701,44.13577863290451,1300.0
chronos2,-1,1,2,51.117698559781104,122.43691647385624,57.38677641612944,1300.0
chronos2,-1,1,3,62.860102172903716,152.71569590798052,70.80826197163314,1300.0
chronos2,-1,1,4,73.59830198577963,174.72893838811186,82.89298894734554,1300.0
chronos2,-1,1,6,88.78567525277917,202.02875692039143,97.7752292004867,1300.0
chronos2,-1,1,8,98.70788388454571,218.31828189570572,106.7266033170427,1300.0
chronos2,-1,1,10,105.10118715576542,231.3978393576128,113.25105444381693,1300.0
chronos2,-1,1,12,109.24650148046561,241.7985632885219,117.336630676241,1300.0
chronos2,-1,2,1,9.627322364415114,15.601712171385822,15.509615924768832,1300.0
chronos2,-1,2,2,11.529835706060895,19.398479076982042,19.14317260543396,1300.0
chronos2,-1,2,3,13.471101798160145,22.976589464690534,22.63698489502782,1300.0
chronos2,-1,2,4,15.669655656040861,26.510294247162907,26.465196178045684,1300.0
chronos2,-1,2,6,19.08317762530194,32.92129893340574,31.38667816747894,1300.0
chronos2,-1,2,8,22.457246503001794,39.96411654597603,36.10253354677787,1300.0
chronos2,-1,2,10,24.96977547428929,44.748476891853485,38.06820898402086,1300.0
chronos2,-1,2,12,26.049363779649138,46.7969813114251,36.721058053411404,1300.0
chronos2,-1,3,1,16.31206078198255,34.36708737634706,32.143598136014674,1300.0
chronos2,-1,3,2,19.97842157598388,43.323205402694086,41.68014900782341,1300.0
chronos2,-1,3,3,23.806975413587196,53.48881581321152,50.941589749602116,1300.0
chronos2,-1,3,4,27.221284401748832,62.05043170862336,59.15589493963801,1300.0
chronos2,-1,3,6,32.399355027685345,73.6702032164992,72.04121659522555,1300.0
chronos2,-1,3,8,36.869618616213735,84.75211311309899,82.20030518534335,1300.0
chronos2,-1,3,10,39.319546889710516,87.22188051916899,86.92444154240243,1300.0
chronos2,-1,3,12,41.021349813712476,90.05516417865206,90.95321292713473,1300.0
chronos2,-1,4,1,6.894951096632733,14.923381385790815,22.1812852590512,1300.0
chronos2,-1,4,2,9.137952433895261,20.00284293953248,30.46731964747111,1300.0
chronos2,-1,4,3,11.658838117251356,24.98576728274448,36.91001861115806,1300.0
chronos2,-1,4,4,14.215062791863456,30.54977136795378,44.25839776666756,1300.0
chronos2,-1,4,6,20.39684403973721,46.27463311553328,70.34408899861523,1300.0
chronos2,-1,4,8,26.867724517696097,60.37801574940867,88.94661318135057,1300.0
chronos2,-1,4,10,33.599724111503726,77.28669652334516,100.45687334761661,1300.0
chronos2,-1,4,12,38.733014345108934,87.17860437876362,95.27454714082245,1300.0
chronos2,-1,5,1,7.081461046970575,18.951709891393033,36.982722761169555,1300.0
chronos2,-1,5,2,8.209634131103455,21.451110821320448,40.85897337621258,1300.0
chronos2,-1,5,3,9.58270915184761,24.108602888565677,49.55115276262645,1300.0
chronos2,-1,5,4,10.446679363801758,25.509511253156926,48.52201380244186,1300.0
chronos2,-1,5,6,11.285766279400157,26.01450200175931,47.110267256687,1300.0
chronos2,-1,5,8,11.801584418009107,26.126595351060626,57.673473590324,1300.0
chronos2,-1,5,10,11.830570912747532,25.53654392111086,71.84541864404756,1300.0
chronos2,-1,5,12,11.973033297484665,26.694839731928667,70.7754621428828,1300.0
chronos2,-1,6,1,11.518968235053087,20.523458630324864,22.83161447556882,1325.0
chronos2,-1,6,2,12.293331144890695,21.385537404499154,21.911586345847823,1325.0
chronos2,-1,6,3,13.204246250796242,22.30473467164454,22.76363883895101,1325.0
chronos2,-1,6,4,13.797241301080037,22.745563352623915,23.535145944305533,1325.0
chronos2,-1,6,6,14.853093018360296,24.01820211044128,26.073892267465045,1325.0
chronos2,-1,6,8,15.821235125986947,25.48987097752633,29.662445991510797,1325.0
chronos2,-1,6,10,16.52763153410675,25.95288145803838,33.060948730795644,1325.0
chronos2,-1,6,12,16.47921528576915,25.948636146783993,34.460535656717,1325.0
chronos2,-1,7,1,17.632663178888077,38.632366195344176,32.91726138112302,1300.0
chronos2,-1,7,2,21.241705336332895,46.09223889236059,40.53161299589908,1300.0
chronos2,-1,7,3,24.618552266981165,53.069061163405756,49.50577455479908,1300.0
chronos2,-1,7,4,26.83432038523257,58.494642468138366,54.28492319115922,1300.0
chronos2,-1,7,6,29.220602649222485,61.891734421922926,57.986389007614335,1300.0
chronos2,-1,7,8,30.78378392955217,64.2840154801584,60.87477181552199,1300.0
chronos2,-1,7,10,32.30242478119138,67.28864689661539,64.78221284791047,1300.0
chronos2,-1,7,12,33.461981487050295,69.37113725138994,67.8844198641411,1300.0
chronos2,-1,8,1,9.269859795996947,18.166960227332243,20.954631844882307,1300.0
chronos2,-1,8,2,9.881621179515182,17.405555557726096,20.87084573507309,1300.0
chronos2,-1,8,3,11.279868312077545,21.110065870663043,24.979334968739543,1300.0
chronos2,-1,8,4,12.242935157365327,22.980793765573637,25.013701855150405,1300.0
chronos2,-1,8,6,14.957914032470793,31.836231851166563,34.44816481224582,1300.0
chronos2,-1,8,8,18.131110959256496,41.33989109977889,47.5420940140198,1300.0
chronos2,-1,8,10,20.323819599494232,46.60089323577169,51.965895201317196,1300.0
chronos2,-1,8,12,20.780060092928426,48.347391104494605,52.075479603635856,1300.0
chronos2,-1,9,1,8.15355118100585,14.96796837319278,16.130177685357992,1300.0
chronos2,-1,9,2,9.312310161405655,18.04293506810239,22.183828909420274,1300.0
chronos2,-1,9,3,10.747371303979127,21.327052910535155,27.649580691624614,1300.0
chronos2,-1,9,4,11.874959498284957,24.075807657887562,32.324415285610456,1300.0
chronos2,-1,9,6,13.924486214878181,28.928787860732225,39.071143439672525,1300.0
chronos2,-1,9,8,15.094470733486904,31.799950739262627,44.97407593541932,1300.0
chronos2,-1,9,10,16.071325314318976,33.348629027905204,45.51615774515763,1300.0
chronos2,-1,9,12,16.420211698064723,34.177154970536506,46.10395254672152,1300.0
chronos2_climate,-1,0,1,10.226744715844738,21.728366450658914,20.649926367868265,1325.0
chronos2_climate,-1,0,2,11.701284999974723,26.048885607102466,24.869545706397837,1325.0
chronos2_climate,-1,0,3,12.796910336131344,29.3181478757471,27.799517394971375,1325.0
chronos2_climate,-1,0,4,13.441423667530037,32.07504261196467,29.32865925218731,1325.0
chronos2_climate,-1,0,6,14.617902326108712,34.4175614612069,32.72574828141948,1325.0
chronos2_climate,-1,0,8,15.14763120912266,35.17302578401451,33.763652817889266,1325.0
chronos2_climate,-1,0,10,15.655341513603311,35.332752009953744,34.05350532320112,1325.0
chronos2_climate,-1,0,12,15.981089949444868,35.1060001145482,34.73257938480053,1325.0
chronos2_climate,-1,1,1,43.854771836038964,102.91161013496856,49.11285211998615,1300.0
chronos2_climate,-1,1,2,53.766581227762195,127.34397121199406,60.70774474066533,1300.0
chronos2_climate,-1,1,3,63.60559421537587,150.20758145275605,72.1443150180795,1300.0
chronos2_climate,-1,1,4,72.33119827559935,169.40694889952334,82.10010482574842,1300.0
chronos2_climate,-1,1,6,86.17830356231963,197.85574805981136,97.50836614487923,1300.0
chronos2_climate,-1,1,8,94.76685237754208,214.9123165293938,106.82710942159586,1300.0
chronos2_climate,-1,1,10,99.86804573471443,225.7810343901154,112.9156423144718,1300.0
chronos2_climate,-1,1,12,103.04452304646014,232.52355369070747,116.64764383525456,1300.0
chronos2_climate,-1,2,1,9.430101721048928,15.314018895526132,15.811289278251348,1300.0
chronos2_climate,-1,2,2,10.717181026992174,17.841586015902283,18.45448848152117,1300.0
chronos2_climate,-1,2,3,12.094473153795473,20.08078295204715,21.703485290195808,1300.0
chronos2_climate,-1,2,4,13.306063530045705,22.16440136565582,24.385525104627288,1300.0
chronos2_climate,-1,2,6,15.88365211209712,26.94543850901823,28.565010570849363,1300.0
chronos2_climate,-1,2,8,18.1230130137856,31.658872976181637,33.1667015623888,1300.0
chronos2_climate,-1,2,10,19.429437989928545,34.639394520707945,35.821515180402514,1300.0
chronos2_climate,-1,2,12,20.16353374434062,35.49100147867204,37.78079795208333,1300.0
chronos2_climate,-1,3,1,16.628674582257876,34.04528015322503,32.86605689411654,1300.0
chronos2_climate,-1,3,2,19.428011344436985,40.53384775830914,40.057450375574476,1300.0
chronos2_climate,-1,3,3,22.57661409441865,48.12154070724675,47.24320422889305,1300.0
chronos2_climate,-1,3,4,24.932841975525594,54.29597598858125,53.45266809127051,1300.0
chronos2_climate,-1,3,6,30.64274246408687,68.18375051366479,68.10340398242853,1300.0
chronos2_climate,-1,3,8,35.259279001078106,79.56566934462201,79.30805731171688,1300.0
chronos2_climate,-1,3,10,39.06900881241434,87.15469592653618,88.56252909145326,1300.0
chronos2_climate,-1,3,12,42.00256437723775,93.60486445331402,96.34215972492248,1300.0
chronos2_climate,-1,4,1,6.613822382311785,14.382373062416901,22.679968626071247,1300.0
chronos2_climate,-1,4,2,8.205132586376456,17.98725386298908,30.083967893551556,1300.0
chronos2_climate,-1,4,3,10.213388595724698,21.7327912689677,35.33943362113757,1300.0
chronos2_climate,-1,4,4,11.936041073676796,25.297842430535972,38.57391456864838,1300.0
chronos2_climate,-1,4,6,15.402945219529967,31.283840155561595,47.55492723905123,1300.0
chronos2_climate,-1,4,8,18.54714317577879,37.096573797994765,53.492507021651306,1300.0
chronos2_climate,-1,4,10,21.481529288689423,42.00866799928942,59.015589889298134,1300.0
chronos2_climate,-1,4,12,23.845042839042726,45.216443345753184,60.199980503473526,1300.0
chronos2_climate,-1,5,1,6.889144988554449,17.914950766193925,35.50318188340433,1300.0
chronos2_climate,-1,5,2,7.909964087384858,19.814926359890336,38.762432491587056,1300.0
chronos2_climate,-1,5,3,9.198968634130724,21.882951271921666,47.40359048953941,1300.0
chronos2_climate,-1,5,4,9.949847138829963,22.873633178379627,48.49804259776588,1300.0
chronos2_climate,-1,5,6,10.559423832420958,23.34783931703992,45.96599287219766,1300.0
chronos2_climate,-1,5,8,10.774173304527872,23.08464909248903,57.360177196201775,1300.0
chronos2_climate,-1,5,10,10.559594186745581,22.80869579534213,71.54349351265738,1300.0
chronos2_climate,-1,5,12,10.40664408985325,24.059305977283493,72.97676100798192,1300.0
chronos2_climate,-1,6,1,11.480789946888065,20.36222081611871,23.671803335948237,1325.0
chronos2_climate,-1,6,2,12.277831132040658,21.283030388063118,23.26626183767803,1325.0
chronos2_climate,-1,6,3,13.145587027803732,22.10607486095938,24.81405016783111,1325.0
chronos2_climate,-1,6,4,13.614872614242541,22.669096130047766,25.844445583689556,1325.0
chronos2_climate,-1,6,6,14.537093564787757,23.747333694071923,28.694988607966888,1325.0
chronos2_climate,-1,6,8,15.27559766071222,24.571162723984294,32.53450669424713,1325.0
chronos2_climate,-1,6,10,15.73058346062477,24.877755332383092,35.905429088093086,1325.0
chronos2_climate,-1,6,12,15.951092739555005,25.17443364695628,36.8384535691183,1325.0
chronos2_climate,-1,7,1,18.163310134081314,40.33104048030497,35.13870210818351,1300.0
chronos2_climate,-1,7,2,21.457839029528774,47.53067973855048,41.60629710054266,1300.0
chronos2_climate,-1,7,3,24.96725078097473,54.594091931821715,50.57995882408678,1300.0
chronos2_climate,-1,7,4,27.229155650571563,59.071836909366596,55.74943052330786,1300.0
chronos2_climate,-1,7,6,29.95308150465672,62.801678559989135,60.455187552313504,1300.0
chronos2_climate,-1,7,8,31.748604586075704,66.17228216760705,64.70171562511443,1300.0
chronos2_climate,-1,7,10,33.548949619375456,69.09190036991627,69.65728796689102,1300.0
chronos2_climate,-1,7,12,35.21083519711947,71.75789174697618,73.69126793861226,1300.0
chronos2_climate,-1,8,1,9.257141936089885,18.200421933927718,20.709241493405965,1300.0
chronos2_climate,-1,8,2,9.995492897487487,18.081167396552825,22.26065857102131,1300.0
chronos2_climate,-1,8,3,11.165963264923418,21.39488040507688,26.01468900015642,1300.0
chronos2_climate,-1,8,4,11.854855261582594,23.70605943350717,26.29732594218683,1300.0
chronos2_climate,-1,8,6,14.181040992134411,32.610305894695614,36.48666950584518,1300.0
chronos2_climate,-1,8,8,16.882209316800715,40.17365447472011,50.02482797797641,1300.0
chronos2_climate,-1,8,10,18.037864938505408,44.13575951692748,53.6110677328603,1300.0
chronos2_climate,-1,8,12,18.2245760195782,45.36327541544563,55.06221122895849,1300.0
chronos2_climate,-1,9,1,8.17709575134007,14.969962135482602,17.019227738519316,1300.0
chronos2_climate,-1,9,2,9.244664858420952,17.596185040472776,21.699153607331432,1300.0
chronos2_climate,-1,9,3,10.404407382565013,20.539705360758283,26.54248949162011,1300.0
chronos2_climate,-1,9,4,11.233448839050432,22.645724041191684,29.258095657941208,1300.0
chronos2_climate,-1,9,6,13.14814505912686,27.05808891576886,37.395179929085145,1300.0
chronos2_climate,-1,9,8,14.619951741304249,29.93399054904148,42.34637721649651,1300.0
chronos2_climate,-1,9,10,15.77110476222534,32.32241703448587,45.52360981644936,1300.0
chronos2_climate,-1,9,12,16.41974535187563,33.21809589541988,49.12987235448893,1300.0
chronos2_ft,-1,0,1,10.398744160814106,22.46779152819949,21.830886809129037,1325.0
chronos2_ft,-1,0,2,11.731152459501095,26.44706790035833,25.514852983414034,1325.0
chronos2_ft,-1,0,3,12.974385470801368,29.727194015285622,28.17271772043853,1325.0
chronos2_ft,-1,0,4,13.805205084968287,32.45735323560275,29.780543691020902,1325.0
chronos2_ft,-1,0,6,15.220480935507506,35.34672076708835,32.61740880283806,1325.0
chronos2_ft,-1,0,8,15.797915357317565,35.262298980713496,33.04574751689778,1325.0
chronos2_ft,-1,0,10,16.024559973644198,34.87195870427162,32.06200800274136,1325.0
chronos2_ft,-1,0,12,15.921456798857676,34.547719749828765,32.183277865293,1325.0
chronos2_ft,-1,1,1,54.685516395591776,131.10643145079425,62.182277773077224,1300.0
chronos2_ft,-1,1,2,61.75807165352198,146.7362037718933,70.48384161178471,1300.0
chronos2_ft,-1,1,3,68.56721154027261,163.97020902279692,78.40740493573983,1300.0
chronos2_ft,-1,1,4,74.94924020278913,178.25893472030492,85.5368171175624,1300.0
chronos2_ft,-1,1,6,85.84220590114593,198.01507417765507,97.23382235151219,1300.0
chronos2_ft,-1,1,8,92.22143483347618,206.76966069925453,103.66957166873895,1300.0
chronos2_ft,-1,1,10,96.64427358949413,214.54391658675948,108.84576917739328,1300.0
chronos2_ft,-1,1,12,99.62202683308949,222.15877420414617,112.29973088476399,1300.0
chronos2_ft,-1,2,1,10.001137634951334,17.05364977152089,20.25622063416701,1300.0
chronos2_ft,-1,2,2,11.121880409946808,19.49380257762422,22.74605973419689,1300.0
chronos2_ft,-1,2,3,12.065424420031217,21.250526430625413,24.346042850515346,1300.0
chronos2_ft,-1,2,4,13.404433845315989,23.532079365847377,26.766771033788338,1300.0
chronos2_ft,-1,2,6,15.32714018532863,27.367974529634036,29.339713466145618,1300.0
chronos2_ft,-1,2,8,16.879076919647364,30.8711168125377,31.298167602919833,1300.0
chronos2_ft,-1,2,10,18.47637989640236,34.060516767270144,34.44447727463184,1300.0
chronos2_ft,-1,2,12,19.117918038184825,35.18032204859563,36.55965846536797,1300.0
chronos2_ft,-1,3,1,18.122371470158775,38.67470137642561,37.032269615398235,1300.0
chronos2_ft,-1,3,2,21.19110084762761,46.81306220987505,45.22410100648383,1300.0
chronos2_ft,-1,3,3,24.85044855180698,55.98473602156767,53.70791929046146,1300.0
chronos2_ft,-1,3,4,27.694729064757436,62.866268225487474,60.64634117610878,1300.0
chronos2_ft,-1,3,6,32.727758774627,75.73631500669053,73.01058749075071,1300.0
chronos2_ft,-1,3,8,36.667763180709805,85.49789804990822,81.19448006898165,1300.0
chronos2_ft,-1,3,10,38.51777305617355,86.03718910270806,84.67919506063731,1300.0
chronos2_ft,-1,3,12,40.48196395954834,90.10034645864269,90.59636895139428,1300.0
chronos2_ft,-1,4,1,7.522976845192114,17.295250494978323,27.250160437363846,1300.0
chronos2_ft,-1,4,2,9.202899596772891,20.429684533598163,31.316253804752968,1300.0
chronos2_ft,-1,4,3,11.128005428217675,23.661329545022166,35.197831384137146,1300.0
chronos2_ft,-1,4,4,13.284467093452829,28.257925745859932,40.13869239529993,1300.0
chronos2_ft,-1,4,6,17.977345879475514,38.69547997321247,58.11599169837104,1300.0
chronos2_ft,-1,4,8,23.470722043128827,51.29944362174178,74.60658289020897,1300.0
chronos2_ft,-1,4,10,29.202326608470713,66.79226527001624,87.29484734983525,1300.0
chronos2_ft,-1,4,12,31.863672397421904,69.57777011144788,80.73055002016899,1300.0
chronos2_ft,-1,5,1,7.522490944805546,19.63595325521951,37.268269292769894,1300.0
chronos2_ft,-1,5,2,8.55157339125969,22.48686108376988,42.58122677956858,1300.0
chronos2_ft,-1,5,3,9.919936847621262,24.839625336591624,47.03732915462986,1300.0
chronos2_ft,-1,5,4,10.87803850130684,26.23119574995407,49.45285906522505,1300.0
chronos2_ft,-1,5,6,12.20411627544408,27.03082668941613,45.861465659833726,1300.0
chronos2_ft,-1,5,8,13.188221701074106,28.556562351631595,52.63465733489683,1300.0
chronos2_ft,-1,5,10,13.937172153517245,28.527451938554012,67.46083333030823,1300.0
chronos2_ft,-1,5,12,14.07824172595874,29.673768206311003,66.79918990212101,1300.0
chronos2_ft,-1,6,1,11.431433652923179,20.109162994231685,23.531738850577124,1325.0
chronos2_ft,-1,6,2,12.310983876072152,21.21631116422514,22.822066362048016,1325.0
chronos2_ft,-1,6,3,13.208913598772016,22.37116572086848,23.567001413734598,1325.0
chronos2_ft,-1,6,4,13.869289722824997,23.015569429260086,23.28958360696661,1325.0
chronos2_ft,-1,6,6,14.9959836491873,25.391840273617948,24.317136693360478,1325.0
chronos2_ft,-1,6,8,16.050710437782108,27.186971634889304,26.803056028767905,1325.0
chronos2_ft,-1,6,10,16.793708339019343,28.04879991798271,29.4805029273547,1325.0
chronos2_ft,-1,6,12,16.847901738044577,28.06585206433076,31.51466260644896,1325.0
chronos2_ft,-1,7,1,18.03713028281354,39.582025813428146,36.295780529989024,1300.0
chronos2_ft,-1,7,2,21.461181293112727,47.02984817560001,43.27862668004575,1300.0
chronos2_ft,-1,7,3,24.770031890599775,53.58094478724911,51.70053687371498,1300.0
chronos2_ft,-1,7,4,26.461262652169054,58.178069960215446,55.71736853477383,1300.0
chronos2_ft,-1,7,6,28.68733091899982,61.177042017371974,59.29624503046356,1300.0
chronos2_ft,-1,7,8,29.66248690856191,62.95612498490166,61.19729992299862,1300.0
chronos2_ft,-1,7,10,31.04296032571449,65.8186298718902,64.12884530439439,1300.0
chronos2_ft,-1,7,12,32.49342530948038,68.42837867951448,68.20442083806374,1300.0
chronos2_ft,-1,8,1,9.509491552615252,22.03361712405883,25.808635412413498,1300.0
chronos2_ft,-1,8,2,10.103425304156442,21.746548182912186,25.64471271346355,1300.0
chronos2_ft,-1,8,3,10.936038649114064,23.409719560683858,28.568119507822498,1300.0
chronos2_ft,-1,8,4,11.311947861877629,24.294365684571947,26.711690036971763,1300.0
chronos2_ft,-1,8,6,13.530896682266432,31.7104402892731,34.1857594432502,1300.0
chronos2_ft,-1,8,8,15.908894138504536,39.53642727061864,46.62361311578545,1300.0
chronos2_ft,-1,8,10,17.72117862778465,43.79350517188894,50.52032492325224,1300.0
chronos2_ft,-1,8,12,18.38404608220865,45.777940865764656,53.38113751637525,1300.0
chronos2_ft,-1,9,1,8.365618636169685,15.767713970079246,19.432375102367217,1300.0
chronos2_ft,-1,9,2,9.545275089709232,18.30303700065228,24.31434435983306,1300.0
chronos2_ft,-1,9,3,10.717410460727718,21.567333146665007,29.353000808688044,1300.0
chronos2_ft,-1,9,4,11.709104072162166,24.64996108371961,33.328943984022416,1300.0
chronos2_ft,-1,9,6,13.693521394367115,28.684538622602478,39.556423323825726,1300.0
chronos2_ft,-1,9,8,14.805283112609043,32.55705059011875,45.99024877038974,1300.0
chronos2_ft,-1,9,10,15.866006173010057,34.34574429712973,46.178430429940086,1300.0
chronos2_ft,-1,9,12,16.369201112870986,34.96181429181911,48.21003536576206,1300.0
chronos2_joint,-1,0,1,9.922998094515137,21.436268012790762,19.765550581209553,1325.0
chronos2_joint,-1,0,2,11.401536615741405,26.13772859583399,24.174526872398467,1325.0
chronos2_joint,-1,0,3,12.702151315055506,29.86134867564921,27.524595847190227,1325.0
chronos2_joint,-1,0,4,13.452228115116826,33.023562427766066,29.80735886071172,1325.0
chronos2_joint,-1,0,6,15.016610781482019,35.99062814198312,33.89073660818986,1325.0
chronos2_joint,-1,0,8,15.513290211812347,35.89647727350295,34.61928799120008,1325.0
chronos2_joint,-1,0,10,15.997791688667066,35.98582715243149,35.009597389697355,1325.0
chronos2_joint,-1,0,12,16.079745933472637,35.993232195638534,35.53687090326185,1325.0
chronos2_joint,-1,1,1,39.27094053567602,91.32839089842999,43.670297114329024,1300.0
chronos2_joint,-1,1,2,49.1769500667086,117.62957581623999,55.23314514951496,1300.0
chronos2_joint,-1,1,3,59.09192962930753,141.5979678730037,66.70297338598185,1300.0
chronos2_joint,-1,1,4,68.58708711696931,161.28268775766162,77.5411469187768,1300.0
chronos2_joint,-1,1,6,82.30886504883664,185.54593659760474,92.52797421622734,1300.0
chronos2_joint,-1,1,8,90.7321361927946,199.76893366731883,101.2155443646007,1300.0
chronos2_joint,-1,1,10,95.29843654363488,211.81836586260494,106.77186565435554,1300.0
chronos2_joint,-1,1,12,98.40010081082009,220.7585099638787,110.50980246332566,1300.0
chronos2_joint,-1,2,1,9.355397794515325,15.48141021310361,15.48771659140185,1300.0
chronos2_joint,-1,2,2,11.179763446079138,19.338836531149013,19.39382457241907,1300.0
chronos2_joint,-1,2,3,12.967230589130642,22.368963451704424,23.2381496437085,1300.0
chronos2_joint,-1,2,4,14.714895656584547,25.311096181158376,26.49592073717506,1300.0
chronos2_joint,-1,2,6,17.761246524223914,31.25355116831211,30.96672639117027,1300.0
chronos2_joint,-1,2,8,20.956500293705613,37.21960890121441,35.069549656285474,1300.0
chronos2_joint,-1,2,10,23.100209000576644,41.25467806808329,36.22978466936138,1300.0
chronos2_joint,-1,2,12,24.35103156667346,42.977625555479186,35.38274405885747,1300.0
chronos2_joint,-1,3,1,16.35814019173384,33.93528978873861,32.40186329182832,1300.0
chronos2_joint,-1,3,2,19.8073914469886,44.0654835744387,41.52148075082472,1300.0
chronos2_joint,-1,3,3,23.985174587637257,55.45494148023426,51.86878741671871,1300.0
chronos2_joint,-1,3,4,27.77667557376616,64.93738136221582,61.29254557507723,1300.0
chronos2_joint,-1,3,6,32.94630910613896,74.95792246175166,74.92668706234231,1300.0
chronos2_joint,-1,3,8,37.886487530902556,86.39377106326943,86.3985778161485,1300.0
chronos2_joint,-1,3,10,40.53891238302709,91.31298791188595,92.29920445140372,1300.0
chronos2_joint,-1,3,12,42.76638520174803,96.3207326235656,98.33016638015788,1300.0
chronos2_joint,-1,4,1,6.211230998475557,13.664844779874507,20.41834129838862,1300.0
chronos2_joint,-1,4,2,8.074278422446099,17.806815858803063,28.499801758008125,1300.0
chronos2_joint,-1,4,3,10.225958665241107,22.21439476751328,34.934707172915466,1300.0
chronos2_joint,-1,4,4,12.326151883815708,27.4179761146968,41.56052154557318,1300.0
chronos2_joint,-1,4,6,18.225650733421723,49.0163996335022,71.3733497114263,1300.0
chronos2_joint,-1,4,8,24.406966200698225,62.3475594741708,97.32196954580454,1300.0
chronos2_joint,-1,4,10,30.651071205709332,75.85979052735591,111.74265434395554,1300.0
chronos2_joint,-1,4,12,34.84823915334669,82.45077476753397,104.20375495894342,1300.0
chronos2_joint,-1,5,1,6.9157747680023585,17.86885040292961,36.478665105758175,1300.0
chronos2_joint,-1,5,2,8.070444366461867,19.661610052019654,42.73821969186106,1300.0
chronos2_joint,-1,5,3,9.266042896981503,21.889200733714063,50.37028911998195,1300.0
chronos2_joint,-1,5,4,10.009566700908785,22.74438921007854,50.72046719425388,1300.0
chronos2_joint,-1,5,6,10.902166206194002,23.683475868327456,55.75385769540745,1300.0
chronos2_joint,-1,5,8,11.18992594699315,24.339990825204335,64.99935635876271,1300.0
chronos2_joint,-1,5,10,11.128081861377801,24.556273203747672,76.62027058822494,1300.0
chronos2_joint,-1,5,12,11.074726644846265,25.413913115222456,83.34081374637542,1300.0
chronos2_joint,-1,6,1,11.456236085047207,20.244313198644342,22.823865255918996,1325.0
chronos2_joint,-1,6,2,12.310721806297606,21.154150409104574,22.43445714351175,1325.0
chronos2_joint,-1,6,3,13.160565826854898,22.124293487792755,23.716923820782164,1325.0
chronos2_joint,-1,6,4,13.710627938189878,22.571383519354768,24.929575237734564,1325.0
chronos2_joint,-1,6,6,14.706669479946273,23.872939128221358,26.595446146719542,1325.0
chronos2_joint,-1,6,8,15.80313073247882,25.40123817838399,30.07412877744706,1325.0
chronos2_joint,-1,6,10,16.608604796969175,26.112876066462185,33.24215538600652,1325.0
chronos2_joint,-1,6,12,16.61163183402305,25.9847916232372,33.58453435614577,1325.0
chronos2_joint,-1,7,1,17.836824455289886,39.48247443939285,33.333218383394986,1300.0
chronos2_joint,-1,7,2,21.27250050593454,47.02349917510795,40.69987657772936,1300.0
chronos2_joint,-1,7,3,24.315101509148686,53.632268110424405,49.34797782214877,1300.0
chronos2_joint,-1,7,4,26.288470400931455,58.40327149270877,54.451865093767154,1300.0
chronos2_joint,-1,7,6,28.33653171888911,61.26655728727659,58.60735827438102,1300.0
chronos2_joint,-1,7,8,29.104818224399708,62.26479719234577,60.667420360955,1300.0
chronos2_joint,-1,7,10,30.11804014033423,64.33699189461439,63.641774288427406,1300.0
chronos2_joint,-1,7,12,31.130015014232352,66.10056753606644,66.62633096556033,1300.0
chronos2_joint,-1,8,1,9.17475710739525,18.285409670004547,19.76361146137632,1300.0
chronos2_joint,-1,8,2,10.39095660673902,19.212690166023147,21.475193087808016,1300.0
chronos2_joint,-1,8,3,12.048210501410425,23.485834805722845,25.353031462636487,1300.0
chronos2_joint,-1,8,4,13.405760387030359,26.999842466498396,26.170231495354454,1300.0
chronos2_joint,-1,8,6,16.510782247657815,36.07090551196738,33.60743421457451,1300.0
chronos2_joint,-1,8,8,20.370142052101617,45.045034398207335,46.75020687138212,1300.0
chronos2_joint,-1,8,10,23.407954709638055,50.07780911525384,51.69213143381579,1300.0
chronos2_joint,-1,8,12,25.10971171868965,53.12851465565783,52.9433164438297,1300.0
chronos2_joint,-1,9,1,8.22251098859894,15.38874472212678,20.10173656292332,1300.0
chronos2_joint,-1,9,2,9.317576675197074,18.513229009896165,26.034556716391183,1300.0
chronos2_joint,-1,9,3,10.4576484313052,21.444346614062496,30.964355523146473,1300.0
chronos2_joint,-1,9,4,11.318401200570023,23.64037557760496,35.31435688722481,1300.0
chronos2_joint,-1,9,6,13.133937248112634,27.447015086093906,40.8411104910582,1300.0
chronos2_joint,-1,9,8,14.300359057162243,30.121953396030474,44.210630129841924,1300.0
chronos2_joint,-1,9,10,15.30249789864398,31.993892571393445,44.445236076429055,1300.0
chronos2_joint,-1,9,12,15.696633245538061,32.62070202337436,45.05785358993752,1300.0
chronos2_joint_ft,-1,0,1,10.331285789339047,22.734717980850103,21.65368125913928,1325.0
chronos2_joint_ft,-1,0,2,11.59562040644856,26.52768692669084,24.918642491728363,1325.0
chronos2_joint_ft,-1,0,3,12.705634866779283,29.9521521484993,27.458180761975,1325.0
chronos2_joint_ft,-1,0,4,13.501946883045383,32.7057811263228,29.428852670515578,1325.0
chronos2_joint_ft,-1,0,6,15.019775882415685,35.455508751398106,32.61456124717107,1325.0
chronos2_joint_ft,-1,0,8,15.560856782220444,35.39523837907297,32.914608346256244,1325.0
chronos2_joint_ft,-1,0,10,15.618976838074202,34.35118456995334,32.32053954874055,1325.0
chronos2_joint_ft,-1,0,12,15.670536413547003,34.42930866137891,32.931867113389536,1325.0
chronos2_joint_ft,-1,1,1,47.28573577704338,111.503960205951,53.245291539111726,1300.0
chronos2_joint_ft,-1,1,2,55.04741725985821,133.75521705283828,62.36262640223255,1300.0
chronos2_joint_ft,-1,1,3,62.088737872105376,148.06924761616935,70.4056312539205,1300.0
chronos2_joint_ft,-1,1,4,70.4932858157158,168.12336048683483,80.08457833046972,1300.0
chronos2_joint_ft,-1,1,6,82.94769342074028,189.72238606536,93.44769788259235,1300.0
chronos2_joint_ft,-1,1,8,90.56884400209556,202.63505849603203,101.28973426673849,1300.0
chronos2_joint_ft,-1,1,10,95.99969239418323,215.9630509621571,107.62051548836904,1300.0
chronos2_joint_ft,-1,1,12,99.62871392223697,224.866684249347,111.72371265919514,1300.0
chronos2_joint_ft,-1,2,1,9.445278475874892,16.274974825968176,17.959912366046137,1300.0
chronos2_joint_ft,-1,2,2,10.450465593154615,18.392126646825464,19.749493508548525,1300.0
chronos2_joint_ft,-1,2,3,11.753026268903453,20.371927512673444,22.407422899217394,1300.0
chronos2_joint_ft,-1,2,4,13.240193982441337,22.711701480259674,25.530316907516767,1300.0
chronos2_joint_ft,-1,2,6,15.483843108392678,27.26476135246845,28.878696990318787,1300.0
chronos2_joint_ft,-1,2,8,18.01891555012705,32.48593422377044,31.28722981055141,1300.0
chronos2_joint_ft,-1,2,10,20.047864073549327,37.37699622092279,32.00112241954157,1300.0
chronos2_joint_ft,-1,2,12,21.57153186744222,39.64959593482017,31.924478971586996,1300.0
chronos2_joint_ft,-1,3,1,17.32675868178467,36.0569049875034,35.05651708811271,1300.0
chronos2_joint_ft,-1,3,2,19.99432367826566,42.61003635692352,41.68489160708019,1300.0
chronos2_joint_ft,-1,3,3,23.689834588837424,54.73173432229952,51.32366129568144,1300.0
chronos2_joint_ft,-1,3,4,27.748301654207307,64.53576453180241,61.06659999219388,1300.0
chronos2_joint_ft,-1,3,6,32.79094967559607,75.80241066776075,73.98891947465408,1300.0
chronos2_joint_ft,-1,3,8,36.9201390031324,84.96348962795251,82.64607984737,1300.0
chronos2_joint_ft,-1,3,10,39.237032131003936,87.94818544693983,87.83812482055558,1300.0
chronos2_joint_ft,-1,3,12,41.32847053732723,92.82382413890977,94.18097673830803,1300.0
chronos2_joint_ft,-1,4,1,6.651493676765016,15.641805971332941,24.15074738070496,1300.0
chronos2_joint_ft,-1,4,2,8.207129989343168,18.516845578508047,27.5364956081423,1300.0
chronos2_joint_ft,-1,4,3,10.329698611643963,22.37674897434776,33.19386200823335,1300.0
chronos2_joint_ft,-1,4,4,12.441980550163716,27.282689199516547,39.00721602969699,1300.0
chronos2_joint_ft,-1,4,6,17.977120144688836,43.17341754974529,61.23563850027883,1300.0
chronos2_joint_ft,-1,4,8,23.81098771166129,55.643297819943626,83.52708930643196,1300.0
chronos2_joint_ft,-1,4,10,29.916187187539762,68.39549670288474,98.27395592795477,1300.0
chronos2_joint_ft,-1,4,12,33.81921207789422,75.50085446306299,89.24420811172224,1300.0
chronos2_joint_ft,-1,5,1,7.088747193975399,18.441121244316445,38.05844783013867,1300.0
chronos2_joint_ft,-1,5,2,8.092762927636594,20.40649549274731,38.88466928082128,1300.0
chronos2_joint_ft,-1,5,3,9.324568317949295,22.774798854581952,48.90688611230543,1300.0
chronos2_joint_ft,-1,5,4,10.231160315227887,23.742132242915623,48.775224412881556,1300.0
chronos2_joint_ft,-1,5,6,11.282093241462325,24.606532429231777,52.17312724888325,1300.0
chronos2_joint_ft,-1,5,8,11.821429323948978,25.138640127234744,60.71977992019346,1300.0
chronos2_joint_ft,-1,5,10,12.106792451353048,25.353905332095678,71.21831551098055,1300.0
chronos2_joint_ft,-1,5,12,12.289482355746195,26.063121211306264,75.00393246739141,1300.0
chronos2_joint_ft,-1,6,1,11.480806500887113,20.26719433854102,22.951330176715192,1325.0
chronos2_joint_ft,-1,6,2,12.377306266840776,21.1640877716243,22.85485722253035,1325.0
chronos2_joint_ft,-1,6,3,13.364002389666483,22.395300965964818,23.701663046047607,1325.0
chronos2_joint_ft,-1,6,4,14.14150716912634,23.127651912004904,24.38557853877689,1325.0
chronos2_joint_ft,-1,6,6,15.181248226193624,25.090735156473798,25.01898909546435,1325.0
chronos2_joint_ft,-1,6,8,16.304497044247416,26.768946372225816,27.933224204670765,1325.0
chronos2_joint_ft,-1,6,10,17.234954851575125,27.83950634365547,30.33333114875031,1325.0
chronos2_joint_ft,-1,6,12,16.96436390480624,27.261879726090662,31.096444106949814,1325.0
chronos2_joint_ft,-1,7,1,18.28250377555306,39.63772701469578,35.4973533225782,1300.0
chronos2_joint_ft,-1,7,2,21.513985205960388,46.72473240511343,42.63580107820264,1300.0
chronos2_joint_ft,-1,7,3,24.09827440889409,53.27937863748002,49.23931321854762,1300.0
chronos2_joint_ft,-1,7,4,26.200888711775725,58.56354823022248,55.53754868980282,1300.0
chronos2_joint_ft,-1,7,6,27.72319156692005,59.97015614908691,57.82512121686594,1300.0
chronos2_joint_ft,-1,7,8,28.533612202302766,61.2807465788364,59.691396302428124,1300.0
chronos2_joint_ft,-1,7,10,29.41242457675819,62.98743145897602,62.14216944842135,1300.0
chronos2_joint_ft,-1,7,12,30.209800782295375,64.31565616378172,64.2820873200565,1300.0
chronos2_joint_ft,-1,8,1,9.391315025457969,19.977481580573986,22.79883640223536,1300.0
chronos2_joint_ft,-1,8,2,10.148875136049107,21.492532343623623,23.90585360362612,1300.0
chronos2_joint_ft,-1,8,3,11.560869520001042,25.134431606159108,26.706869778139836,1300.0
chronos2_joint_ft,-1,8,4,12.692051557753809,27.871306709570735,28.318683831933242,1300.0
chronos2_joint_ft,-1,8,6,15.062286905715816,34.599297208890654,32.903516437678505,1300.0
chronos2_joint_ft,-1,8,8,18.128062755209037,42.795003463763436,44.736648357325585,1300.0
chronos2_joint_ft,-1,8,10,20.554789936612003,46.895313709589615,49.649385341282546,1300.0
chronos2_joint_ft,-1,8,12,21.596330080837586,48.79082898338158,52.64316169475687,1300.0
chronos2_joint_ft,-1,9,1,7.998989841439403,15.133289812999191,18.942027073462032,1300.0
chronos2_joint_ft,-1,9,2,9.034680218034639,17.874839532074486,25.387239266367793,1300.0
chronos2_joint_ft,-1,9,3,10.102434403959375,20.231241117522007,28.974078862412462,1300.0
chronos2_joint_ft,-1,9,4,10.969396210467586,22.51284493880298,33.787776157693955,1300.0
chronos2_joint_ft,-1,9,6,12.576356634596506,26.183905167103134,39.64447375408654,1300.0
chronos2_joint_ft,-1,9,8,13.440533414540383,28.21016468492514,42.58009011537126,1300.0
chronos2_joint_ft,-1,9,10,14.519025742572088,30.286701181594243,43.547887056776624,1300.0
chronos2_joint_ft,-1,9,12,14.905450293375896,30.69334831088137,43.95377032039235,1300.0
chronos_bolt,-1,0,1,10.56729037611552,21.459315066086223,19.644475925734824,1325.0
chronos_bolt,-1,0,2,12.09406375419981,25.889435793247657,24.079661786903518,1325.0
chronos_bolt,-1,0,3,13.659331373504873,29.94677506876157,27.773361768489334,1325.0
chronos_bolt,-1,0,4,14.690948556602564,33.61047435469856,30.500578853517435,1325.0
chronos_bolt,-1,0,6,16.416446414968735,37.727943849001925,34.82989102063206,1325.0
chronos_bolt,-1,0,8,17.17015650370949,38.145722009120924,36.40794816037172,1325.0
chronos_bolt,-1,0,10,17.420910891745116,37.77502822717205,36.261643926384146,1325.0
chronos_bolt,-1,0,12,17.324197842491053,37.099417273554266,36.27361711367733,1325.0
chronos_bolt,-1,1,1,39.979795551575144,87.97554492997084,44.31440165093172,1300.0
chronos_bolt,-1,1,2,52.507734101586614,117.7416038540017,58.991236683108326,1300.0
chronos_bolt,-1,1,3,64.23201966908115,145.8050272133477,72.4223233986131,1300.0
chronos_bolt,-1,1,4,73.65550703292855,164.28085687785781,83.05913325647958,1300.0
chronos_bolt,-1,1,6,87.0877341212275,188.48145215241541,97.60078791720889,1300.0
chronos_bolt,-1,1,8,94.66361872376731,203.06695702594254,105.43364079055482,1300.0
chronos_bolt,-1,1,10,98.68888258687005,213.24752537552166,110.1830280582041,1300.0
chronos_bolt,-1,1,12,102.28872032199055,222.08846671442495,113.76563892772678,1300.0
chronos_bolt,-1,2,1,10.19915448439809,16.74861978013826,17.04839965984935,1300.0
chronos_bolt,-1,2,2,12.294899568397264,20.864952042462466,20.790194465673014,1300.0
chronos_bolt,-1,2,3,14.162610776756818,24.17260787645447,24.452601348305798,1300.0
chronos_bolt,-1,2,4,15.992011898263142,27.186882665890074,28.23809538852601,1300.0
chronos_bolt,-1,2,6,18.841320619216333,32.66449918496609,33.380101888880624,1300.0
chronos_bolt,-1,2,8,21.296363340948638,37.546973257545524,37.60733720289045,1300.0
chronos_bolt,-1,2,10,23.213728273522396,41.9163211766594,40.27352573064876,1300.0
chronos_bolt,-1,2,12,23.778408724390545,43.654856654471146,40.89383896781411,1300.0
chronos_bolt,-1,3,1,17.760315858707404,37.22116232243204,35.40031822078994,1300.0
chronos_bolt,-1,3,2,21.73676486299445,46.006728423065795,46.170258204194425,1300.0
chronos_bolt,-1,3,3,25.49742568596481,55.61465138488494,55.430735691927936,1300.0
chronos_bolt,-1,3,4,28.972751007088004,63.903908771822366,64.05405644022962,1300.0
chronos_bolt,-1,3,6,34.347451680199455,76.25791051851327,77.63554321379722,1300.0
chronos_bolt,-1,3,8,38.85365293456958,86.42386430757644,88.47307698067058,1300.0
chronos_bolt,-1,3,10,41.77721950212064,92.2311350881608,95.33213039843695,1300.0
chronos_bolt,-1,3,12,44.17757313840664,97.175582080037,101.83933295359631,1300.0
chronos_bolt,-1,4,1,7.908837918622616,17.501982876018683,24.878131065613186,1300.0
chronos_bolt,-1,4,2,10.44264192759543,23.078795027156463,35.37824588148003,1300.0
chronos_bolt,-1,4,3,12.973801290299743,27.862493677971152,43.40686137044532,1300.0
chronos_bolt,-1,4,4,15.352908898586309,33.68667439514897,50.92607426032042,1300.0
chronos_bolt,-1,4,6,20.33436410809527,46.3135101421511,69.34440045682793,1300.0
chronos_bolt,-1,4,8,24.39646209295051,54.87825061420555,77.00976663776952,1300.0
chronos_bolt,-1,4,10,28.44424315471359,63.185612206391475,81.38365823081416,1300.0
chronos_bolt,-1,4,12,31.347887276745528,67.73409088171282,72.92809734079573,1300.0
chronos_bolt,-1,5,1,6.81403081917195,18.13267689302233,37.821247789167586,1300.0
chronos_bolt,-1,5,2,7.830505647063972,19.823765900781165,42.96151125431061,1300.0
chronos_bolt,-1,5,3,9.141844339310483,22.169830826044265,50.477475924837975,1300.0
chronos_bolt,-1,5,4,9.991095027861123,23.482442763496664,53.45738696475183,1300.0
chronos_bolt,-1,5,6,10.80031276430075,24.32237641140362,60.3921666827894,1300.0
chronos_bolt,-1,5,8,11.039200796238571,24.37737426890026,67.77979719734961,1300.0
chronos_bolt,-1,5,10,10.877594852912992,23.86508180065803,74.50666925599498,1300.0
chronos_bolt,-1,5,12,10.667458504635041,24.594310427216495,78.32312311039817,1300.0
chronos_bolt,-1,6,1,11.732227701230396,20.82688212541496,24.29955614332495,1325.0
chronos_bolt,-1,6,2,12.490396782912947,21.568104672436775,23.921164476152125,1325.0
chronos_bolt,-1,6,3,13.499888759503133,22.564610528764362,25.960448137975742,1325.0
chronos_bolt,-1,6,4,13.990263660846471,22.852836409033806,27.62635960558365,1325.0
chronos_bolt,-1,6,6,14.658573076057968,23.387145640726132,29.957685261450965,1325.0
chronos_bolt,-1,6,8,15.38010026651628,24.390941097896988,34.098277023788704,1325.0
chronos_bolt,-1,6,10,15.794808357870295,24.647303945517578,37.601957037017264,1325.0
chronos_bolt,-1,6,12,16.00546421827432,24.925451103932094,38.620197478778145,1325.0
chronos_bolt,-1,7,1,18.07309662674482,39.20835866422017,35.60689198740914,1300.0
chronos_bolt,-1,7,2,21.389729345624264,47.05494674092808,43.27038511724183,1300.0
chronos_bolt,-1,7,3,24.517864128889947,54.08164832197069,51.73198942901674,1300.0
chronos_bolt,-1,7,4,26.769909124168066,58.9625432381514,57.842543333029944,1300.0
chronos_bolt,-1,7,6,29.016541232982508,62.413766115873486,62.529723539004316,1300.0
chronos_bolt,-1,7,8,30.327313550796646,64.90366519350916,67.15611970412337,1300.0
chronos_bolt,-1,7,10,31.862842350900173,68.02712076350808,71.27108933158814,1300.0
chronos_bolt,-1,7,12,33.46403948377961,70.54581264079529,75.27481812920124,1300.0
chronos_bolt,-1,8,1,10.077160519966856,21.049915717633397,22.56356719115685,1300.0
chronos_bolt,-1,8,2,11.367366536303352,22.175276915951272,25.381438455088386,1300.0
chronos_bolt,-1,8,3,12.787500294765028,25.54348351583349,28.788205316971087,1300.0
chronos_bolt,-1,8,4,13.815465547504047,28.943886713859424,30.042569294648953,1300.0
chronos_bolt,-1,8,6,16.261962852128423,37.039285652037734,38.39910078408389,1300.0
chronos_bolt,-1,8,8,19.096439350181473,44.97615494447325,50.69789762979951,1300.0
chronos_bolt,-1,8,10,21.173855146117365,49.5370862556465,56.35167068715753,1300.0
chronos_bolt,-1,8,12,21.673053386940694,51.29383962223998,57.929573017564316,1300.0
chronos_bolt,-1,9,1,8.387479998798897,15.485612601155047,20.686146187550815,1300.0
chronos_bolt,-1,9,2,9.574096391393015,18.634056132115045,26.015196184510167,1300.0
chronos_bolt,-1,9,3,10.732935015639434,21.390663941069796,31.55223357908934,1300.0
chronos_bolt,-1,9,4,11.643832386898307,23.44693591628075,35.310906928719824,1300.0
chronos_bolt,-1,9,6,13.310473186425291,26.847411613214152,42.63726546000508,1300.0
chronos_bolt,-1,9,8,14.350008834038789,28.80916485076642,46.48535547557386,1300.0
chronos_bolt,-1,9,10,15.01434592085389,29.738991278646242,47.845858997511634,1300.0
chronos_bolt,-1,9,12,15.425073447479651,30.625555638517902,48.36700624516867,1300.0
climatology,-1,0,1,16.19116353257647,36.04540157101079,37.54777316008247,1325.0
climatology,-1,0,2,16.19116353257647,36.04540157101079,37.54777316008247,1325.0
climatology,-1,0,3,16.19116353257647,36.04540157101079,37.54777316008247,1325.0
climatology,-1,0,4,16.19116353257647,36.04540157101079,37.54777316008247,1325.0
climatology,-1,0,6,16.19116353257647,36.04540157101079,37.54777316008247,1325.0
climatology,-1,0,8,16.19116353257647,36.04540157101079,37.54777316008247,1325.0
climatology,-1,0,10,16.19116353257647,36.04540157101079,37.54777316008247,1325.0
climatology,-1,0,12,16.19116353257647,36.04540157101079,37.54777316008247,1325.0
climatology,-1,1,1,118.25735017597675,253.86947919232108,135.48360515162483,1300.0
climatology,-1,1,2,118.25735017597675,253.86947919232108,135.48360515162483,1300.0
climatology,-1,1,3,118.25735017597675,253.86947919232108,135.48360515162483,1300.0
climatology,-1,1,4,118.25735017597675,253.86947919232108,135.48360515162483,1300.0
climatology,-1,1,6,118.25735017597675,253.86947919232108,135.48360515162483,1300.0
climatology,-1,1,8,118.25735017597675,253.86947919232108,135.48360515162483,1300.0
climatology,-1,1,10,118.25735017597675,253.86947919232108,135.48360515162483,1300.0
climatology,-1,1,12,118.25735017597675,253.86947919232108,135.48360515162483,1300.0
climatology,-1,2,1,18.413478605151177,32.88391892319105,46.525750097446824,1300.0
climatology,-1,2,2,18.413478605151177,32.88391892319105,46.525750097446824,1300.0
climatology,-1,2,3,18.413478605151177,32.88391892319105,46.525750097446824,1300.0
climatology,-1,2,4,18.413478605151177,32.88391892319105,46.525750097446824,1300.0
climatology,-1,2,6,18.413478605151177,32.88391892319105,46.525750097446824,1300.0
climatology,-1,2,8,18.413478605151177,32.88391892319105,46.525750097446824,1300.0
climatology,-1,2,10,18.413478605151177,32.88391892319105,46.525750097446824,1300.0
climatology,-1,2,12,18.413478605151177,32.88391892319105,46.525750097446824,1300.0
climatology,-1,3,1,48.925593180656435,106.30743720178113,114.39501362538137,1300.0
climatology,-1,3,2,48.925593180656435,106.30743720178113,114.39501362538137,1300.0
climatology,-1,3,3,48.925593180656435,106.30743720178113,114.39501362538137,1300.0
climatology,-1,3,4,48.925593180656435,106.30743720178113,114.39501362538137,1300.0
climatology,-1,3,6,48.925593180656435,106.30743720178113,114.39501362538137,1300.0
climatology,-1,3,8,48.925593180656435,106.30743720178113,114.39501362538137,1300.0
climatology,-1,3,10,48.925593180656435,106.30743720178113,114.39501362538137,1300.0
climatology,-1,3,12,48.925593180656435,106.30743720178113,114.39501362538137,1300.0
climatology,-1,4,1,30.30148394534221,60.87891689547758,74.09953083238031,1300.0
climatology,-1,4,2,30.30148394534221,60.87891689547758,74.09953083238031,1300.0
climatology,-1,4,3,30.30148394534221,60.87891689547758,74.09953083238031,1300.0
climatology,-1,4,4,30.30148394534221,60.87891689547758,74.09953083238031,1300.0
climatology,-1,4,6,30.30148394534221,60.87891689547758,74.09953083238031,1300.0
climatology,-1,4,8,30.30148394534221,60.87891689547758,74.09953083238031,1300.0
climatology,-1,4,10,30.30148394534221,60.87891689547758,74.09953083238031,1300.0
climatology,-1,4,12,30.30148394534221,60.87891689547758,74.09953083238031,1300.0
climatology,-1,5,1,25.205004051144307,48.359796224546024,78.49898319090566,1300.0
climatology,-1,5,2,25.205004051144307,48.359796224546024,78.49898319090566,1300.0
climatology,-1,5,3,25.205004051144307,48.359796224546024,78.49898319090566,1300.0
climatology,-1,5,4,25.205004051144307,48.359796224546024,78.49898319090566,1300.0
climatology,-1,5,6,25.205004051144307,48.359796224546024,78.49898319090566,1300.0
climatology,-1,5,8,25.205004051144307,48.359796224546024,78.49898319090566,1300.0
climatology,-1,5,10,25.205004051144307,48.359796224546024,78.49898319090566,1300.0
climatology,-1,5,12,25.205004051144307,48.359796224546024,78.49898319090566,1300.0
climatology,-1,6,1,20.53959374812414,38.75836696262473,30.456732283378468,1325.0
climatology,-1,6,2,20.53959374812414,38.75836696262473,30.456732283378468,1325.0
climatology,-1,6,3,20.53959374812414,38.75836696262473,30.456732283378468,1325.0
climatology,-1,6,4,20.53959374812414,38.75836696262473,30.456732283378468,1325.0
climatology,-1,6,6,20.53959374812414,38.75836696262473,30.456732283378468,1325.0
climatology,-1,6,8,20.53959374812414,38.75836696262473,30.456732283378468,1325.0
climatology,-1,6,10,20.53959374812414,38.75836696262473,30.456732283378468,1325.0
climatology,-1,6,12,20.53959374812414,38.75836696262473,30.456732283378468,1325.0
climatology,-1,7,1,39.19333223517125,78.0942255988015,86.27770119724852,1300.0
climatology,-1,7,2,39.19333223517125,78.0942255988015,86.27770119724852,1300.0
climatology,-1,7,3,39.19333223517125,78.0942255988015,86.27770119724852,1300.0
climatology,-1,7,4,39.19333223517125,78.0942255988015,86.27770119724852,1300.0
climatology,-1,7,6,39.19333223517125,78.0942255988015,86.27770119724852,1300.0
climatology,-1,7,8,39.19333223517125,78.0942255988015,86.27770119724852,1300.0
climatology,-1,7,10,39.19333223517125,78.0942255988015,86.27770119724852,1300.0
climatology,-1,7,12,39.19333223517125,78.0942255988015,86.27770119724852,1300.0
climatology,-1,8,1,20.713907924775892,53.06562822956515,65.14307590209205,1300.0
climatology,-1,8,2,20.713907924775892,53.06562822956515,65.14307590209205,1300.0
climatology,-1,8,3,20.713907924775892,53.06562822956515,65.14307590209205,1300.0
climatology,-1,8,4,20.713907924775892,53.06562822956515,65.14307590209205,1300.0
climatology,-1,8,6,20.713907924775892,53.06562822956515,65.14307590209205,1300.0
climatology,-1,8,8,20.713907924775892,53.06562822956515,65.14307590209205,1300.0
climatology,-1,8,10,20.713907924775892,53.06562822956515,65.14307590209205,1300.0
climatology,-1,8,12,20.713907924775892,53.06562822956515,65.14307590209205,1300.0
climatology,-1,9,1,21.99142578803576,47.08545074696591,65.8020532744602,1300.0
climatology,-1,9,2,21.99142578803576,47.08545074696591,65.8020532744602,1300.0
climatology,-1,9,3,21.99142578803576,47.08545074696591,65.8020532744602,1300.0
climatology,-1,9,4,21.99142578803576,47.08545074696591,65.8020532744602,1300.0
climatology,-1,9,6,21.99142578803576,47.08545074696591,65.8020532744602,1300.0
climatology,-1,9,8,21.99142578803576,47.08545074696591,65.8020532744602,1300.0
climatology,-1,9,10,21.99142578803576,47.08545074696591,65.8020532744602,1300.0
climatology,-1,9,12,21.99142578803576,47.08545074696591,65.8020532744602,1300.0
ens_equal,-1,0,1,9.778347119683364,20.96929232842425,19.65486254256829,1325.0
ens_equal,-1,0,2,11.182127128749524,25.791725548453474,23.941361448227685,1325.0
ens_equal,-1,0,3,12.385196295133177,29.425832037927087,27.706021854538196,1325.0
ens_equal,-1,0,4,13.016458100867721,32.09204664889111,29.72333624426507,1325.0
ens_equal,-1,0,6,14.57811307831193,35.95364543176182,34.439042395875276,1325.0
ens_equal,-1,0,8,15.001300120634852,36.139797173956346,35.66917349052968,1325.0
ens_equal,-1,0,10,15.10576132282896,34.981710431652424,34.17300770726413,1325.0
ens_equal,-1,0,12,15.274584140063457,34.1323717045119,35.11204425805369,1325.0
ens_equal,-1,1,1,41.19235126917179,93.26347069152602,46.25360140445203,1300.0
ens_equal,-1,1,2,52.32799481465266,122.58247062978239,59.26474502142285,1300.0
ens_equal,-1,1,3,61.94174096153333,146.51701903586124,70.43709432586519,1300.0
ens_equal,-1,1,4,71.44086666831603,166.17096051019325,81.25557403247703,1300.0
ens_equal,-1,1,6,87.39159354812824,200.5837452287429,99.42299858048638,1300.0
ens_equal,-1,1,8,97.02432250692294,218.2501940355919,109.75044761279754,1300.0
ens_equal,-1,1,10,102.18627833928053,228.51606018599057,115.82342784229793,1300.0
ens_equal,-1,1,12,105.41280882262267,236.28239576514082,119.54267526930282,1300.0
ens_equal,-1,2,1,9.313175615198338,15.52623270107146,16.113962394850596,1300.0
ens_equal,-1,2,2,11.382092811190166,19.954951161221512,19.649439814217363,1300.0
ens_equal,-1,2,3,13.304407132313802,23.379330261640412,23.780185714964464,1300.0
ens_equal,-1,2,4,15.367644191670877,26.699031861860195,27.356529776757455,1300.0
ens_equal,-1,2,6,19.593410403247063,34.52355918237033,33.52449648442504,1300.0
ens_equal,-1,2,8,21.25802845214422,37.811305433410624,37.03751839047823,1300.0
ens_equal,-1,2,10,24.14611585529378,43.110385500516024,41.80426073434589,1300.0
ens_equal,-1,2,12,25.565942684480778,44.95125040557132,41.26478651286045,1300.0
ens_equal,-1,3,1,16.11342044335718,33.541014179145236,31.881457146601516,1300.0
ens_equal,-1,3,2,19.61127507648789,42.368399529220206,41.171643436205486,1300.0
ens_equal,-1,3,3,22.80180309336919,50.524882795919424,48.76845773146683,1300.0
ens_equal,-1,3,4,25.769844986406657,57.74415040034966,56.314280329475636,1300.0
ens_equal,-1,3,6,31.07494088608485,70.72391965161553,70.13747043331631,1300.0
ens_equal,-1,3,8,37.07546258121729,85.38727918396225,85.18764744827352,1300.0
ens_equal,-1,3,10,39.541976030629414,90.74887820374617,91.08425063552225,1300.0
ens_equal,-1,3,12,43.882442752088494,99.94365709615701,103.19822686109222,1300.0
ens_equal,-1,4,1,6.620713459274803,14.63211416457941,22.760591292992615,1300.0
ens_equal,-1,4,2,8.455048574889078,19.418171465363965,31.411739830277924,1300.0
ens_equal,-1,4,3,10.299572763225207,23.111643724667708,37.07701862367809,1300.0
ens_equal,-1,4,4,12.388057169157726,28.303362839776153,44.02786313570463,1300.0
ens_equal,-1,4,6,17.62211115816465,41.45398290794823,65.2821757406251,1300.0
ens_equal,-1,4,8,20.919160503710692,46.4770146848751,72.92793863247603,1300.0
ens_equal,-1,4,10,23.27043546587229,48.31798834043296,68.73309739838298,1300.0
ens_equal,-1,4,12,24.729336020671404,48.85198897689041,64.95074169859927,1300.0
ens_equal,-1,5,1,6.9022625523776515,18.210429296355684,37.345481834103985,1300.0
ens_equal,-1,5,2,7.927546305063073,19.997325329046728,41.03125702950262,1300.0
ens_equal,-1,5,3,9.050545459657622,22.30368502425886,47.903796580529985,1300.0
ens_equal,-1,5,4,9.734809973164317,23.225977137732276,48.14286057891384,1300.0
ens_equal,-1,5,6,10.178917194633888,23.139775420243456,45.16525870946146,1300.0
ens_equal,-1,5,8,10.46248939803515,22.900578122387344,56.35743327294627,1300.0
ens_equal,-1,5,10,10.105242728258599,22.1907676490277,70.00424522738302,1300.0
ens_equal,-1,5,12,10.234387671773618,24.28968920052113,77.50269487980873,1300.0
ens_equal,-1,6,1,11.321831117148669,20.08578782447047,23.52185095384203,1325.0
ens_equal,-1,6,2,12.01871950056395,20.87549448464697,22.751895727782415,1325.0
ens_equal,-1,6,3,13.00167538685913,21.985298314280794,24.231703728437424,1325.0
ens_equal,-1,6,4,13.505292414677031,22.515703271171393,25.14227569180316,1325.0
ens_equal,-1,6,6,14.678311570031823,24.53111330092577,26.966000662538512,1325.0
ens_equal,-1,6,8,15.532847874577877,26.00398595663535,29.709848420437552,1325.0
ens_equal,-1,6,10,16.166872167910608,26.655202002571333,32.98016603984709,1325.0
ens_equal,-1,6,12,16.47537157413251,27.423718102500796,34.23321965234033,1325.0
ens_equal,-1,7,1,17.51468124603996,38.99255556306376,33.67584265033732,1300.0
ens_equal,-1,7,2,21.05375924881834,46.761678598592994,41.081988962557034,1300.0
ens_equal,-1,7,3,24.555327805234835,54.240538234410636,50.80851992431094,1300.0
ens_equal,-1,7,4,26.942112083962332,59.42340628994881,55.68652363642845,1300.0
ens_equal,-1,7,6,29.487737347380474,63.02831602690495,59.744693424747666,1300.0
ens_equal,-1,7,8,30.820244082682407,64.19594884002926,60.665828607709614,1300.0
ens_equal,-1,7,10,32.525620537904594,67.37583500656302,63.2084019754708,1300.0
ens_equal,-1,7,12,33.31715794785664,68.457270809808,65.9067412141926,1300.0
ens_equal,-1,8,1,8.722464182800971,17.469233988992563,20.731732975203414,1300.0
ens_equal,-1,8,2,9.017017074468043,16.15906999413073,19.90020219539774,1300.0
ens_equal,-1,8,3,9.903483408597799,19.565858877209035,24.94539399475887,1300.0
ens_equal,-1,8,4,10.268087847668392,21.16520359026446,23.728431160285556,1300.0
ens_equal,-1,8,6,12.360838514016224,29.538700447428543,32.90666090373335,1300.0
ens_equal,-1,8,8,14.760322984823814,39.00311024580698,48.73160978925639,1300.0
ens_equal,-1,8,10,15.954178885313182,43.07792750724241,54.63564338519655,1300.0
ens_equal,-1,8,12,15.675871296226978,42.790352509049654,54.028680732332425,1300.0
ens_equal,-1,9,1,8.137416347551804,14.950529347127041,18.01153748475232,1300.0
ens_equal,-1,9,2,9.479872403425667,18.36589324382049,24.405086031237854,1300.0
ens_equal,-1,9,3,10.589382026705604,21.036916037306025,29.23948236808036,1300.0
ens_equal,-1,9,4,11.748330246347647,23.777971755777543,32.7698194216756,1300.0
ens_equal,-1,9,6,13.954699196276756,29.136063165485147,39.97216127219709,1300.0
ens_equal,-1,9,8,15.877202955002968,34.78150016535723,46.35923281225186,1300.0
ens_equal,-1,9,10,16.921293289684332,36.78388085914088,48.06460926833662,1300.0
ens_equal,-1,9,12,17.37573184359532,37.38259567967308,50.310237590549065,1300.0
ens_stacked,-1,1,1,43.54826516126993,95.77597576572686,49.169423429828676,1300.0
ens_stacked,-1,1,2,56.75302612302794,130.60161941916272,64.60791490125824,1300.0
ens_stacked,-1,1,3,67.749635715227,156.98042896114453,77.38873430285794,1300.0
ens_stacked,-1,1,4,73.69378739418985,169.59937399315396,84.00194746745558,1300.0
ens_stacked,-1,1,6,92.4753947129785,209.03043651463997,105.54821452886819,1300.0
ens_stacked,-1,1,8,100.99177402967995,227.3454770229805,115.02875581224126,1300.0
ens_stacked,-1,1,10,105.66409973805442,234.49986476085041,120.6344709521079,1300.0
ens_stacked,-1,1,12,110.68376987466779,244.31773361857236,126.10769133353857,1300.0
ens_stacked,-1,2,1,9.315573860515771,15.625912848794195,16.253214010611654,1300.0
ens_stacked,-1,2,2,11.391962699017736,20.22666640801692,19.983649072539986,1300.0
ens_stacked,-1,2,3,13.54675509424212,24.43095473562467,24.78624520940124,1300.0
ens_stacked,-1,2,4,15.000217230843065,26.577797460126785,27.406956135693136,1300.0
ens_stacked,-1,2,6,18.87749641384751,33.00100549027896,32.43870304158333,1300.0
ens_stacked,-1,2,8,18.92266982814148,33.95667513126846,35.2174480817736,1300.0
ens_stacked,-1,2,10,23.435681566220506,41.60253326228008,40.72969340336187,1300.0
ens_stacked,-1,2,12,22.609069466374947,40.1820395879383,40.07458072120038,1300.0
ens_stacked,-1,3,1,16.332399812486436,33.820453908570805,32.326817076479244,1300.0
ens_stacked,-1,3,2,19.860840966754097,43.21182538696158,41.78717559285804,1300.0
ens_stacked,-1,3,3,22.775782023384384,50.501126845177055,48.93819147519366,1300.0
ens_stacked,-1,3,4,25.69007618054011,58.219336777067724,56.18687896778581,1300.0
ens_stacked,-1,3,6,30.32384034091702,69.41723353675208,68.50599649680326,1300.0
ens_stacked,-1,3,8,35.781925851811984,82.93290680332713,82.33162963531134,1300.0
ens_stacked,-1,3,10,38.312585225916315,86.19628627804425,85.79750759599085,1300.0
ens_stacked,-1,3,12,41.283594414474265,94.40957517550123,96.05176786212454,1300.0
ens_stacked,-1,4,1,6.445402671937636,14.507838344090484,22.568748190434285,1300.0
ens_stacked,-1,4,2,8.420565472636486,19.645138357796753,32.05988670458456,1300.0
ens_stacked,-1,4,3,10.277545162368076,23.59287173474459,38.57103793113614,1300.0
ens_stacked,-1,4,4,12.002040482062407,28.886189062876436,45.055318982489986,1300.0
ens_stacked,-1,4,6,17.083278550580307,41.23625156294828,64.47797050918443,1300.0
ens_stacked,-1,4,8,19.680878935839708,43.77852001989245,68.57451068631646,1300.0
ens_stacked,-1,4,10,22.59299745036791,45.638585902043545,65.464955554691,1300.0
ens_stacked,-1,4,12,24.965258619276522,48.62360274775849,64.9917144826524,1300.0
ens_stacked,-1,5,1,7.067224230395692,18.60982780498935,37.8955882050409,1300.0
ens_stacked,-1,5,2,8.177154844071394,20.278477237637244,45.24938456237568,1300.0
ens_stacked,-1,5,3,9.312551928886966,23.012421179865388,52.09471653393985,1300.0
ens_stacked,-1,5,4,9.877720429081508,23.600537189189378,50.932693440961046,1300.0
ens_stacked,-1,5,6,10.001870216110085,22.769134324447034,44.48327779458747,1300.0
ens_stacked,-1,5,8,10.164881831659503,22.36223758136747,56.00996432381021,1300.0
ens_stacked,-1,5,10,9.90572163274708,21.882864462788287,69.81282149199392,1300.0
ens_stacked,-1,5,12,10.302804958582769,24.618558666773236,76.90726583418598,1300.0
ens_stacked,-1,6,1,11.273419132250961,19.894239091946655,23.756865978497967,1325.0
ens_stacked,-1,6,2,12.013099655512743,20.77536469164885,23.07996203222384,1325.0
ens_stacked,-1,6,3,13.104337949581772,22.12924465414279,24.948251374284094,1325.0
ens_stacked,-1,6,4,13.733694670977997,22.901417972423843,26.00441273599463,1325.0
ens_stacked,-1,6,6,15.13350793126652,25.490773269692596,27.5651720434026,1325.0
ens_stacked,-1,6,8,16.21932089626577,27.22371453836442,29.749082391398364,1325.0
ens_stacked,-1,6,10,16.618243776987896,28.040920958546387,32.96422484518403,1325.0
ens_stacked,-1,6,12,17.416818318331163,29.725513386288075,34.583532837543665,1325.0
ens_stacked,-1,7,1,17.961229981125427,39.64306995774691,34.32005787702442,1300.0
ens_stacked,-1,7,2,21.45328720074109,47.50236488555766,41.864909082298105,1300.0
ens_stacked,-1,7,3,24.59075935028137,53.92037942734155,50.566116350403384,1300.0
ens_stacked,-1,7,4,27.213739337997875,59.601124115938745,56.110482320417454,1300.0
ens_stacked,-1,7,6,29.2838274750363,62.45133823701237,59.15472069906857,1300.0
ens_stacked,-1,7,8,30.68295748601878,63.95300610794472,60.776334107539824,1300.0
ens_stacked,-1,7,10,31.944748473646747,66.20279659431017,63.23528217512738,1300.0
ens_stacked,-1,7,12,33.533156909472794,68.02913595181677,66.4793541897363,1300.0
ens_stacked,-1,8,1,8.745526036839765,17.582951771707616,20.719254566530342,1300.0
ens_stacked,-1,8,2,9.00684119469763,16.269299653078626,19.70252620563606,1300.0
ens_stacked,-1,8,3,9.970301165135318,19.607319916953987,24.28574257184025,1300.0
ens_stacked,-1,8,4,10.646592755857299,20.9791648492355,23.166393017279393,1300.0
ens_stacked,-1,8,6,12.828531796642592,29.399879334462927,33.26111460107336,1300.0
ens_stacked,-1,8,8,14.7275030564803,38.83127319874024,48.75748237798066,1300.0
ens_stacked,-1,8,10,16.11477674109503,43.37011372110429,55.4374272162406,1300.0
ens_stacked,-1,8,12,15.586918152920838,42.709122808667544,53.452519193034135,1300.0
ens_stacked,-1,9,1,8.327877711739594,15.29791323029684,18.924326989733995,1300.0
ens_stacked,-1,9,2,9.596844234656512,18.605368910876376,24.86052756209589,1300.0
ens_stacked,-1,9,3,10.584608287991268,20.962386735760088,29.084276955881286,1300.0
ens_stacked,-1,9,4,11.634456284323907,23.47291502310189,32.03595029683566,1300.0
ens_stacked,-1,9,6,13.708147623236929,28.379900377448426,38.872332875003806,1300.0
ens_stacked,-1,9,8,15.922135134850071,35.0542512800409,43.48987101754632,1300.0
ens_stacked,-1,9,10,17.102348539218927,37.710909974122956,46.242272007357776,1300.0
ens_stacked,-1,9,12,17.577366509128876,38.0376408902981,49.67220570812951,1300.0
ens_top3,-1,1,1,39.33328328439673,88.1617988699213,43.966382617616915,1300.0
ens_top3,-1,1,2,63.13813311961345,150.07515723696343,72.14817274339454,1300.0
ens_top3,-1,1,3,65.39331645068384,154.88082372700637,74.7192659403349,1300.0
ens_top3,-1,1,4,71.18364441048062,165.6101995963505,81.07611774295567,1300.0
ens_top3,-1,1,6,81.43249168479086,189.70690820243686,92.21982683476772,1300.0
ens_top3,-1,1,8,91.0645796669115,209.5782408020454,103.17271771203984,1300.0
ens_top3,-1,1,10,100.34759405611325,229.92874109899688,114.84131469906679,1300.0
ens_top3,-1,1,12,101.7054349672662,231.15729592381544,116.04061301500236,1300.0
ens_top3,-1,2,1,9.468785674331702,15.421906816596962,16.062278936762556,1300.0
ens_top3,-1,2,2,10.88516148706992,18.812423438123844,18.91789757171015,1300.0
ens_top3,-1,2,3,12.75287855696912,21.806121995186626,22.3443788086014,1300.0
ens_top3,-1,2,4,14.5681007518782,24.741698418299848,25.962835958225398,1300.0
ens_top3,-1,2,6,17.297863638469117,30.411848640425188,31.29022868210478,1300.0
ens_top3,-1,2,8,20.805977313836294,37.28570590411576,36.98971472948901,1300.0
ens_top3,-1,2,10,22.571883294945874,39.72210095771704,36.644447454255015,1300.0
ens_top3,-1,2,12,20.978737598056927,37.984647778265774,34.19059546775827,1300.0
ens_top3,-1,3,1,16.174844369348754,33.32772132054174,31.888212239024888,1300.0
ens_top3,-1,3,2,19.636513227487495,42.0978321553628,41.13510279519703,1300.0
ens_top3,-1,3,3,23.092898654496235,51.02646832743014,49.573647806228045,1300.0
ens_top3,-1,3,4,26.19624962883557,58.179586753162276,57.38426464283456,1300.0
ens_top3,-1,3,6,31.14158368096952,70.89836407720716,70.16991224676039,1300.0
ens_top3,-1,3,8,35.34887340452426,81.21371481638334,79.7467858998168,1300.0
ens_top3,-1,3,10,39.54213554946123,90.90792090381495,92.34132801033812,1300.0
ens_top3,-1,3,12,42.526920013103584,97.1762995527926,100.4089180926174,1300.0
ens_top3,-1,4,1,6.5979735528568755,14.392826158294241,21.859987191250955,1300.0
ens_top3,-1,4,2,8.257851956433903,18.33755672159236,30.11850796890349,1300.0
ens_top3,-1,4,3,10.280580049322126,22.454808334954308,37.25389869724294,1300.0
ens_top3,-1,4,4,11.69560499196047,25.481836698577055,39.918524080116775,1300.0
ens_top3,-1,4,6,16.4505138872043,34.93856764055967,53.12558725965181,1300.0
ens_top3,-1,4,8,18.728525994006954,37.97363916301085,52.479531126455186,1300.0
ens_top3,-1,4,10,19.95320897450329,39.40626936806487,59.63272627859046,1300.0
ens_top3,-1,4,12,25.15833656807794,47.26479243441822,64.57923662344041,1300.0
ens_top3,-1,5,1,6.874431312467903,17.96736702388301,36.676230483979715,1300.0
ens_top3,-1,5,2,7.939508647694106,19.564076117693602,42.6924172479807,1300.0
ens_top3,-1,5,3,8.968881618312377,21.675071866538588,47.125118763327876,1300.0
ens_top3,-1,5,4,9.556441072599348,22.88068846354279,45.29089607153475,1300.0
ens_top3,-1,5,6,10.148163983530601,22.829367322704226,55.43837027056354,1300.0
ens_top3,-1,5,8,10.148590509035168,22.831388404404535,66.29014033530154,1300.0
ens_top3,-1,5,10,9.735038232656448,22.758771428669345,76.81012427291854,1300.0
ens_top3,-1,5,12,9.743848816393712,24.44286574419362,84.64409147343156,1300.0
ens_top3,-1,6,1,11.4104174511107,20.435777353856903,23.794156244656122,1325.0
ens_top3,-1,6,2,12.118916189894499,21.203729433163677,22.80246690931393,1325.0
ens_top3,-1,6,3,13.415024974437605,22.83105257803386,24.445169678488465,1325.0
ens_top3,-1,6,4,14.056716357640877,23.94630946324923,25.408757612294252,1325.0
ens_top3,-1,6,6,15.302470288033645,26.473821061437388,25.87963235736334,1325.0
ens_top3,-1,6,8,16.12838659806528,27.953183545854458,29.351965061814695,1325.0
ens_top3,-1,6,10,16.915683562633262,29.37606775346189,32.478051657434264,1325.0
ens_top3,-1,6,12,17.18047764390176,28.859180111230135,35.08070317978143,1325.0
ens_top3,-1,7,1,17.54290833503175,39.1407171193017,34.398067139287825,1300.0
ens_top3,-1,7,2,21.13866473990228,47.24851649944198,41.67582430438594,1300.0
ens_top3,-1,7,3,24.707163487846465,54.65190409964168,51.2779050052866,1300.0
ens_top3,-1,7,4,26.418893023627046,58.30766256042803,54.36385788240097,1300.0
ens_top3,-1,7,6,28.794944413425025,61.85607104892938,60.47871173546472,1300.0
ens_top3,-1,7,8,30.050928830991374,64.13686103747722,64.1419657411101,1300.0
ens_top3,-1,7,10,32.290055148348834,67.7175150895169,68.66286214905928,1300.0
ens_top3,-1,7,12,33.68266047924354,70.24103583584167,72.43206339173203,1300.0
ens_top3,-1,8,1,9.008482811990943,17.926587270477626,21.125073171732843,1300.0
ens_top3,-1,8,2,9.1705331195478,15.968431401560613,17.298345704297002,1300.0
ens_top3,-1,8,3,10.696746867278023,21.8292602732961,26.193532743457222,1300.0
ens_top3,-1,8,4,12.057570175895924,25.65232654108019,25.79920464855101,1300.0
ens_top3,-1,8,6,14.572095882275832,33.39481667699097,33.18431594284864,1300.0
ens_top3,-1,8,8,17.613321437683794,41.71195493277498,45.5900944067285,1300.0
ens_top3,-1,8,10,19.985775890030038,46.031000917890715,50.46186901273571,1300.0
ens_top3,-1,8,12,21.062407679314653,48.13906494821852,52.95762854415948,1300.0
ens_top3,-1,9,1,8.347836860524724,15.397046764430653,18.758609241234176,1300.0
ens_top3,-1,9,2,9.666559550496332,18.46091743895774,25.088134359962858,1300.0
ens_top3,-1,9,3,10.968464206045098,21.728012261586088,29.885347344814587,1300.0
ens_top3,-1,9,4,12.056403318757768,24.275581571654136,31.821823041256863,1300.0
ens_top3,-1,9,6,13.798508778443837,28.495878061616914,37.3427916645338,1300.0
ens_top3,-1,9,8,15.737771378777495,35.155209107989094,43.5567778782304,1300.0
ens_top3,-1,9,10,16.816885100891874,37.457999742003615,43.42409782636548,1300.0
ens_top3,-1,9,12,18.241721407724093,40.07418024809605,49.0632836619942,1300.0
gcn_v2,-2,0,1,10.675073776110514,21.59877305457051,19.24439731287891,1325.0
gcn_v2,-2,0,2,11.744227002421834,26.99421278123183,24.260805483189237,1325.0
gcn_v2,-2,0,3,13.044520999961094,30.276028033312684,27.416499406417653,1325.0
gcn_v2,-2,0,4,14.164832461193262,33.40389322657851,29.817096857509267,1325.0
gcn_v2,-2,0,6,15.737147094698026,37.61399972142938,32.839000779068584,1325.0
gcn_v2,-2,0,8,17.624813529157237,42.90028417747409,33.31847235947679,1325.0
gcn_v2,-2,0,10,17.140259042007603,41.09880062291698,34.952923131875146,1325.0
gcn_v2,-2,0,12,15.995674674767157,35.87126840812969,32.98079361752896,1325.0
gcn_v2,-2,1,1,46.186260811624905,108.63522797763055,52.03248903175726,1300.0
gcn_v2,-2,1,2,71.1324786994377,172.93970974260102,81.05649377729014,1300.0
gcn_v2,-2,1,3,71.55103898694023,174.93476965311288,81.63680820138306,1300.0
gcn_v2,-2,1,4,77.2088224549391,187.31769038816154,88.10618989129135,1300.0
gcn_v2,-2,1,6,86.91954217692336,206.93255012729483,98.82348790872403,1300.0
gcn_v2,-2,1,8,94.32591871588993,219.75292243675653,106.96532438216728,1300.0
gcn_v2,-2,1,10,106.37297038834399,241.54618397006902,121.27079004675645,1300.0
gcn_v2,-2,1,12,109.20078287319208,245.7265133744077,124.69141779466794,1300.0
gcn_v2,-2,2,1,10.163959771950658,16.192410987574288,15.979522997574819,1300.0
gcn_v2,-2,2,2,12.623987568652776,21.409934085800874,20.001666252961854,1300.0
gcn_v2,-2,2,3,15.21369028290713,26.470438130773044,24.416235740849196,1300.0
gcn_v2,-2,2,4,17.265833732727916,30.113127659691948,28.961216299818496,1300.0
gcn_v2,-2,2,6,22.88472125242491,40.67306405112002,36.4515949897741,1300.0
gcn_v2,-2,2,8,25.170494543078284,44.73018976094653,40.23381815228488,1300.0
gcn_v2,-2,2,10,23.905573681122267,43.94044127289674,43.01238542980764,1300.0
gcn_v2,-2,2,12,24.279964058061058,44.843371298057704,43.58244940496626,1300.0
gcn_v2,-2,3,1,17.506477234374213,37.20494271085373,34.306534564936484,1300.0
gcn_v2,-2,3,2,21.064546787875276,44.75356184076703,42.62176878888457,1300.0
gcn_v2,-2,3,3,24.692716138694177,53.94371085591574,50.04960057193398,1300.0
gcn_v2,-2,3,4,26.54648914144736,59.207439599902116,54.59918351695254,1300.0
gcn_v2,-2,3,6,31.0995895714208,71.10705152802197,66.12820937766247,1300.0
gcn_v2,-2,3,8,32.54139598055098,78.46637288348477,70.97121058823932,1300.0
gcn_v2,-2,3,10,38.120105858979606,90.95900000467894,83.84165303841108,1300.0
gcn_v2,-2,3,12,40.50229078959817,95.19604526980005,90.2692208573723,1300.0
gcn_v2,-2,4,1,7.371097352316809,15.437137011280187,24.031629713427307,1300.0
gcn_v2,-2,4,2,10.057187581096704,22.39715511551324,37.92454141301987,1300.0
gcn_v2,-2,4,3,10.76561112008136,23.76262388813897,35.592016665344566,1300.0
gcn_v2,-2,4,4,13.287391610425324,29.29190970498228,40.6343173379572,1300.0
gcn_v2,-2,4,6,17.557141322494807,39.23211673796424,54.44006078671186,1300.0
gcn_v2,-2,4,8,20.17276236831461,42.412326556039694,56.627435696430695,1300.0
gcn_v2,-2,4,10,22.568943733658212,45.76583584867391,62.331091240939934,1300.0
gcn_v2,-2,4,12,24.997357367782207,47.69207861947412,62.27496674835172,1300.0
gcn_v2,-2,5,1,7.265952872888503,19.6448613203501,35.72296039039089,1300.0
gcn_v2,-2,5,2,8.154091748945289,20.68157186614071,42.09418438903747,1300.0
gcn_v2,-2,5,3,9.500382876021948,22.88414802227083,50.10148357527871,1300.0
gcn_v2,-2,5,4,10.402337727852148,25.342242636400247,53.11076214717281,1300.0
gcn_v2,-2,5,6,10.628208232103855,24.166376642694186,51.62592929986216,1300.0
gcn_v2,-2,5,8,11.095662156023408,25.499677709857696,61.59100511237498,1300.0
gcn_v2,-2,5,10,11.664450158022966,26.90277912708225,76.55911273917845,1300.0
gcn_v2,-2,5,12,11.800176894282563,27.98284498507487,81.87859077799705,1300.0
gcn_v2,-2,6,1,12.1734127979578,22.010183584710926,22.976575874177545,1325.0
gcn_v2,-2,6,2,12.981460586606266,22.92459252145921,20.89591123831683,1325.0
gcn_v2,-2,6,3,14.70573315629595,25.832866835804428,22.82397814326245,1325.0
gcn_v2,-2,6,4,15.881116417349176,28.12560934475317,24.374872711583457,1325.0
gcn_v2,-2,6,6,17.82942398693237,33.24095566899474,26.412786662578583,1325.0
gcn_v2,-2,6,8,19.85981377101872,38.676607170347005,30.289962691030112,1325.0
gcn_v2,-2,6,10,18.86291747487071,34.471134076625,30.458432866774242,1325.0
gcn_v2,-2,6,12,19.932073312033218,35.64704628594508,33.55469479752255,1325.0
gcn_v2,-2,7,1,19.054346947598702,42.722434180358796,35.88666535454184,1300.0
gcn_v2,-2,7,2,23.16839739337322,52.05378690165467,43.99244174909247,1300.0
gcn_v2,-2,7,3,26.22295100539278,57.587369296779904,53.62514670252718,1300.0
gcn_v2,-2,7,4,27.811088013843964,61.264207903331844,56.73636630378643,1300.0
gcn_v2,-2,7,6,29.323212590991798,61.51669325282082,56.970164821167465,1300.0
gcn_v2,-2,7,8,30.38626829742669,61.97113516976144,58.65691622702749,1300.0
gcn_v2,-2,7,10,31.95031448264593,66.0200501254946,61.591477959670804,1300.0
gcn_v2,-2,7,12,33.963704138711954,69.30357535181714,68.76943117963053,1300.0
gcn_v2,-2,8,1,9.945258261841971,19.14398936716243,22.426268269892397,1300.0
gcn_v2,-2,8,2,10.523384574548556,18.802545959084473,21.12011613064799,1300.0
gcn_v2,-2,8,3,12.251374621754513,27.9925691394946,29.471727795025398,1300.0
gcn_v2,-2,8,4,12.803449736052695,29.749015200278283,30.975433756873525,1300.0
gcn_v2,-2,8,6,16.305331972376084,38.42658297992415,39.72080929834267,1300.0
gcn_v2,-2,8,8,18.113703749039427,42.970580945238595,44.705538018407495,1300.0
gcn_v2,-2,8,10,20.345541257831144,49.17681705701858,54.62468037646392,1300.0
gcn_v2,-2,8,12,21.01652551465238,50.689239863203305,56.858348850546214,1300.0
gcn_v2,-2,9,1,8.977723565931933,15.670244232602107,17.255384537201483,1300.0
gcn_v2,-2,9,2,10.545706238859834,19.673667307672844,26.594886675621698,1300.0
gcn_v2,-2,9,3,12.063491269369575,23.60574154096713,32.80552827631964,1300.0
gcn_v2,-2,9,4,12.147854278192211,23.784709510701482,34.511995670864884,1300.0
gcn_v2,-2,9,6,14.634578633664821,29.549709082961176,43.35801519959875,1300.0
gcn_v2,-2,9,8,17.417479061957877,37.45893083234169,55.52482034815747,1300.0
gcn_v2,-2,9,10,19.28634201562462,41.071095778280515,57.59948241884268,1300.0
gcn_v2,-2,9,12,19.370779200852848,39.58901240619098,57.99817062755233,1300.0
gcn_v2,0,0,1,10.697951453896591,22.00483486907103,19.827044876134497,1325.0
gcn_v2,0,0,2,11.852935014956472,27.15436819829646,24.3304721202996,1325.0
gcn_v2,0,0,3,13.386671627202546,31.697044834474656,29.168563837417018,1325.0
gcn_v2,0,0,4,14.898427581320746,36.402142680137864,33.472540880492915,1325.0
gcn_v2,0,0,6,15.41791205297312,36.54929549148302,32.896041633256075,1325.0
gcn_v2,0,0,8,17.085891509685172,40.25743549996134,35.22964670950689,1325.0
gcn_v2,0,0,10,18.10743887343769,44.57993982906528,37.19461009449603,1325.0
gcn_v2,0,0,12,17.006631904356183,39.181608630011425,36.4342705929957,1325.0
gcn_v2,0,1,1,44.27038033792319,102.41531322037565,49.836481465979794,1300.0
gcn_v2,0,1,2,68.73206573369698,165.71581033155476,78.25115351329092,1300.0
gcn_v2,0,1,3,73.39608561956074,178.14138627472775,83.70476922014423,1300.0
gcn_v2,0,1,4,87.09922551844913,206.75626499501774,98.85973560886333,1300.0
gcn_v2,0,1,6,86.13604831801011,205.67013179789726,97.86012501575226,1300.0
gcn_v2,0,1,8,97.14276931230265,227.68025467212897,110.56909272924092,1300.0
gcn_v2,0,1,10,104.92358056478632,238.95830643449918,119.55623222920622,1300.0
gcn_v2,0,1,12,111.4530000302826,249.1938555545252,127.11422103025768,1300.0
gcn_v2,0,2,1,10.17136740425315,16.268614098076206,15.946178516816525,1300.0
gcn_v2,0,2,2,12.2750800860632,21.00254032866172,19.985367362315838,1300.0
gcn_v2,0,2,3,15.362308103010962,26.763344206671935,24.744183278553898,1300.0
gcn_v2,0,2,4,17.668181546128785,30.882825924681917,29.57500439195897,1300.0
gcn_v2,0,2,6,22.707128975966032,40.329383783117315,36.836141144754464,1300.0
gcn_v2,0,2,8,22.293170827521156,39.796030364032525,38.285405967753015,1300.0
gcn_v2,0,2,10,25.233161621545083,45.317511168617564,42.93729881904064,1300.0
gcn_v2,0,2,12,25.877753789118277,47.17878080781844,43.52046628050752,1300.0
gcn_v2,0,3,1,17.409834289022076,36.73371252346772,33.7877221436185,1300.0
gcn_v2,0,3,2,21.78052201220945,46.51668554754568,44.71324937108967,1300.0
gcn_v2,0,3,3,25.540624412138804,56.796786190559864,53.126124536316304,1300.0
gcn_v2,0,3,4,26.712590052124757,60.01063462834655,55.68469458317801,1300.0
gcn_v2,0,3,6,30.21390152533682,67.70071315663775,63.094646964441324,1300.0
gcn_v2,0,3,8,34.502789156719544,80.22555070690241,71.72123429794334,1300.0
gcn_v2,0,3,10,40.028169408318625,94.46316559443454,89.11020843292579,1300.0
gcn_v2,0,3,12,42.03346195806821,98.25683454138672,92.17487908101508,1300.0
gcn_v2,0,4,1,7.767020449685963,16.70621665964934,26.632554876498688,1300.0
gcn_v2,0,4,2,10.3338754691197,23.169433939959656,37.53521965482296,1300.0
gcn_v2,0,4,3,10.956949693852891,24.06738227783739,35.405022060769234,1300.0
gcn_v2,0,4,4,12.729226979730168,28.97321813306911,37.89930193037049,1300.0
gcn_v2,0,4,6,16.475078826171632,37.13140594235628,49.44059490240537,1300.0
gcn_v2,0,4,8,21.83062493703579,47.58439266547969,55.5041273251558,1300.0
gcn_v2,0,4,10,20.74562703268674,44.31641789652143,62.869018354986466,1300.0
gcn_v2,0,4,12,22.320716690019918,44.12302293051316,61.53673095886524,1300.0
gcn_v2,0,5,1,7.311529652090528,19.831448022279,34.82361714301571,1300.0
gcn_v2,0,5,2,8.068980968090203,20.46914778366298,40.42144382769062,1300.0
gcn_v2,0,5,3,9.35872539076381,23.041463018088212,50.55087436603442,1300.0
gcn_v2,0,5,4,10.132836129697075,24.909179646707713,51.57061330469385,1300.0
gcn_v2,0,5,6,10.409968441688358,23.725998467723652,54.05243272550644,1300.0
gcn_v2,0,5,8,11.078115955934358,25.66000741795891,67.37995159385666,1300.0
gcn_v2,0,5,10,11.435963352723181,26.29900316427236,75.82604244447523,1300.0
gcn_v2,0,5,12,12.343942785866988,30.75844851668636,88.87413983768032,1300.0
gcn_v2,0,6,1,12.185512260949274,22.00421680628842,22.693175100047014,1325.0
gcn_v2,0,6,2,13.133299064534839,23.168642803889142,20.576775424439333,1325.0
gcn_v2,0,6,3,14.666968454044524,25.84290208378573,22.588136911906044,1325.0
gcn_v2,0,6,4,17.300852698817945,31.32934949854929,26.110591909237975,1325.0
gcn_v2,0,6,6,16.959928684508743,29.813030517850155,26.887525017148462,1325.0
gcn_v2,0,6,8,22.102035004095228,45.639295985164416,34.37820187186951,1325.0
gcn_v2,0,6,10,18.36745858758266,32.24717700456287,29.890308496606504,1325.0
gcn_v2,0,6,12,19.329308465599382,33.511291169105334,33.17303181914934,1325.0
gcn_v2,0,7,1,19.18065439306316,42.72137850641018,36.27222250804264,1300.0
gcn_v2,0,7,2,22.829046497762544,51.369386042370145,42.58599678948316,1300.0
gcn_v2,0,7,3,26.44199226288483,57.78500288684988,54.07789451446251,1300.0
gcn_v2,0,7,4,28.097302957467328,61.71921827251989,57.96957271475314,1300.0
gcn_v2,0,7,6,29.919041032528934,63.111064598067884,59.70818431888894,1300.0
gcn_v2,0,7,8,30.429507078638014,61.94104857933378,59.23173310650774,1300.0
gcn_v2,0,7,10,32.28003816866531,66.25580066403471,62.35934694099032,1300.0
gcn_v2,0,7,12,37.30434593924751,74.81006520592074,76.04466427450092,1300.0
gcn_v2,0,8,1,10.053968069195173,19.489830700818157,22.901939687646667,1300.0
gcn_v2,0,8,2,10.811312407604778,19.042288126424566,21.451273855669744,1300.0
gcn_v2,0,8,3,12.643238787267071,28.038576148581086,30.012212354561377,1300.0
gcn_v2,0,8,4,13.302069011356394,30.536441844641903,32.68361351150891,1300.0
gcn_v2,0,8,6,18.063588886332628,40.959902675906235,38.403873202718536,1300.0
gcn_v2,0,8,8,18.137334020364168,42.038557321660356,43.57474656187255,1300.0
gcn_v2,0,8,10,19.897809562190222,47.64173476525298,53.830634641647336,1300.0
gcn_v2,0,8,12,20.2442944364567,48.562543750972736,54.20640968392635,1300.0
gcn_v2,0,9,1,9.274598168475697,16.35689158202876,18.83573978618511,1300.0
gcn_v2,0,9,2,10.582749734745505,19.63764663005864,26.52082213846225,1300.0
gcn_v2,0,9,3,12.48156125469796,24.903631478057033,35.250614582334904,1300.0
gcn_v2,0,9,4,12.425767160879376,25.09539023756016,34.39536490718138,1300.0
gcn_v2,0,9,6,15.636673227580479,32.68349858234359,46.41997177710811,1300.0
gcn_v2,0,9,8,17.11203588432131,36.05305262981662,54.20723492080725,1300.0
gcn_v2,0,9,10,19.145677694097305,40.71103624733501,56.62382399732048,1300.0
gcn_v2,0,9,12,19.602487159839903,39.716453978986095,61.00476562282414,1300.0
gcn_v2,1,0,1,11.118279760460664,23.027669085522174,20.503812541736625,1325.0
gcn_v2,1,0,2,12.45885467665305,28.959521667775782,26.692919656334414,1325.0
gcn_v2,1,0,3,12.785126438477128,29.398338879347172,26.366106679399977,1325.0
gcn_v2,1,0,4,14.134249610351574,32.500198681694165,28.506971598897486,1325.0
gcn_v2,1,0,6,16.195834929267964,38.80639714876953,33.92328595748634,1325.0
gcn_v2,1,0,8,18.060235031857946,45.33946606812466,31.137016500351624,1325.0
gcn_v2,1,0,10,16.605042495525108,38.5757949752217,33.94982279965517,1325.0
gcn_v2,1,0,12,16.6115580079817,38.395530612633515,32.676480044873884,1325.0
gcn_v2,1,1,1,48.86121148073902,117.91381978442884,55.220912452593204,1300.0
gcn_v2,1,1,2,76.33529824028221,186.24433369271338,86.955463962392,1300.0
gcn_v2,1,1,3,68.84464211853937,168.04962102730525,78.58609349264879,1300.0
gcn_v2,1,1,4,78.41287021875955,187.06202493339572,89.61945572140321,1300.0
gcn_v2,1,1,6,79.67544094472765,188.19214408761673,90.4240712840436,1300.0
gcn_v2,1,1,8,98.21521385718567,227.58823936830368,111.79238705050294,1300.0
gcn_v2,1,1,10,104.65031416092927,237.80224770395057,119.33170680242593,1300.0
gcn_v2,1,1,12,106.15439542449438,239.58931242541004,121.25747182904082,1300.0
gcn_v2,1,2,1,10.252980368958356,16.351872189761888,16.205504500310553,1300.0
gcn_v2,1,2,2,12.689595816948522,21.41405641891221,20.082587795952957,1300.0
gcn_v2,1,2,3,14.854573569143048,25.8065585595923,23.91265122985447,1300.0
gcn_v2,1,2,4,16.9158255469928,29.43565567316016,28.664497007544224,1300.0
gcn_v2,1,2,6,23.859718217472903,42.65733197947421,36.92643188641512,1300.0
gcn_v2,1,2,8,28.669160034954547,51.00056575784231,42.48876103575959,1300.0
gcn_v2,1,2,10,24.61904513485909,45.402060942432804,43.01335301864278,1300.0
gcn_v2,1,2,12,25.889839104305093,48.623976543460316,44.07912068107189,1300.0
gcn_v2,1,3,1,17.77595128485145,38.029678733280605,34.80270295720078,1300.0
gcn_v2,1,3,2,21.26218568778597,45.612072350683945,43.13425386603139,1300.0
gcn_v2,1,3,3,23.630991889544305,52.26148248099995,47.65224805424193,1300.0
gcn_v2,1,3,4,26.487251961590864,58.50943836739885,53.528552239807716,1300.0
gcn_v2,1,3,6,32.18228673393525,75.21541672193314,69.17054758610658,1300.0
gcn_v2,1,3,8,34.62940292862674,81.89690672028986,76.9618808071309,1300.0
gcn_v2,1,3,10,38.852029051478,91.50721188767588,85.56073566549458,1300.0
gcn_v2,1,3,12,40.20553106562879,93.32815709328042,89.98347424607755,1300.0
gcn_v2,1,4,1,7.194522225258407,14.77506085713392,22.945741769595024,1300.0
gcn_v2,1,4,2,10.271527087201203,23.538410051607656,40.43352296388047,1300.0
gcn_v2,1,4,3,10.691679172093192,23.45901226188887,34.032766535750824,1300.0
gcn_v2,1,4,4,13.225434540496208,29.133798007724206,40.11454432642358,1300.0
gcn_v2,1,4,6,18.74633628471253,43.08328125232601,60.0695444243586,1300.0
gcn_v2,1,4,8,20.189320027249362,42.22579190118591,58.312375174628365,1300.0
gcn_v2,1,4,10,23.790480178376804,48.388498016516095,61.5036017650213,1300.0
gcn_v2,1,4,12,28.149160938136852,53.48186973681382,64.73033366244063,1300.0
gcn_v2,1,5,1,7.279360962974337,19.582766764840784,36.10840571888031,1300.0
gcn_v2,1,5,2,8.286070235588838,20.864418503378097,43.965094271206084,1300.0
gcn_v2,1,5,3,9.550758585536029,22.32674329737393,49.84252158456272,1300.0
gcn_v2,1,5,4,10.58465726258157,25.224412730002637,52.89055696225935,1300.0
gcn_v2,1,5,6,10.299557574050178,23.50926133053949,51.36922750453795,1300.0
gcn_v2,1,5,8,10.710398312338736,25.13568494761986,62.36405279463337,1300.0
gcn_v2,1,5,10,11.281831096990008,25.52838265039124,74.64575655998722,1300.0
gcn_v2,1,5,12,11.538676795309696,27.0888195396764,77.92465963623216,1300.0
gcn_v2,1,6,1,12.14322640027675,22.00629437835871,23.03464699549408,1325.0
gcn_v2,1,6,2,12.969655576883376,22.839640269396266,21.428304064890433,1325.0
gcn_v2,1,6,3,14.7100780439658,26.044223460950814,22.570159781467297,1325.0
gcn_v2,1,6,4,15.684339148812523,27.751293616423922,24.542997234757863,1325.0
gcn_v2,1,6,6,18.434081261019852,35.316314925042505,24.70682407498103,1325.0
gcn_v2,1,6,8,18.964530173380254,35.51565794010952,29.630525454557663,1325.0
gcn_v2,1,6,10,19.379175861952298,36.01011123336538,30.859161347793094,1325.0
gcn_v2,1,6,12,19.448863513721328,32.99140228475834,32.281083063961105,1325.0
gcn_v2,1,7,1,19.544448643818928,43.55332827286024,36.48296677228833,1300.0
gcn_v2,1,7,2,23.75720094788963,53.188305886279466,45.42013221823151,1300.0
gcn_v2,1,7,3,27.12526546695847,58.872019321404295,54.797377959345326,1300.0
gcn_v2,1,7,4,28.251830434029063,61.89393497889673,57.18288743935177,1300.0
gcn_v2,1,7,6,30.084991216265525,62.54755107456389,57.50899860260818,1300.0
gcn_v2,1,7,8,30.566361161665274,62.29963074122827,58.76753948148617,1300.0
gcn_v2,1,7,10,32.61601800871726,67.57928146129412,62.41196844518472,1300.0
gcn_v2,1,7,12,33.43758808445185,68.50355573912323,67.83504146811637,1300.0
gcn_v2,1,8,1,9.869213019174595,19.715607281257657,21.69456400377997,1300.0
gcn_v2,1,8,2,10.648921878083538,19.202648948136464,21.01590736158963,1300.0
gcn_v2,1,8,3,12.74215683479077,27.44311587789075,29.050239690418902,1300.0
gcn_v2,1,8,4,13.221604144303129,30.000874946469708,33.20648131319161,1300.0
gcn_v2,1,8,6,16.402066671431353,37.699773025189245,40.91695392049592,1300.0
gcn_v2,1,8,8,18.650398325118182,43.26524798400956,45.334820730932826,1300.0
gcn_v2,1,8,10,21.329617625972112,51.16189889853626,55.39169351314676,1300.0
gcn_v2,1,8,12,21.73132348816412,52.2183633670491,59.43598527456152,1300.0
gcn_v2,1,9,1,8.932039674446703,15.668243959786087,17.8805560035613,1300.0
gcn_v2,1,9,2,10.693614821398917,20.11621168807984,27.087091170468376,1300.0
gcn_v2,1,9,3,12.050852222174692,23.49109518213675,32.057760556056664,1300.0
gcn_v2,1,9,4,12.53375926477942,24.410761255701647,34.89529341864355,1300.0
gcn_v2,1,9,6,14.31495943192536,29.15309160597174,42.62353329056675,1300.0
gcn_v2,1,9,8,17.547223974683394,37.8265035205911,55.21258524378526,1300.0
gcn_v2,1,9,10,19.424146395082083,42.36783339902954,58.668540470953126,1300.0
gcn_v2,1,9,12,19.22443555567736,39.46501828812617,56.29078446545647,1300.0
gcn_v2,2,0,1,10.470230829608878,20.549677330837365,17.979621657393977,1325.0
gcn_v2,2,0,2,11.577012765682742,25.823538662144667,22.767538100333706,1325.0
gcn_v2,2,0,3,13.375889807448916,30.900392908430312,27.15186316432631,1325.0
gcn_v2,2,0,4,14.107003903136905,32.96651907954498,29.01948973239731,1325.0
gcn_v2,2,0,6,16.127082612820953,38.56715275832354,32.934979409237236,1325.0
gcn_v2,2,0,8,18.593356460311785,46.955091318046556,34.609650319831516,1325.0
gcn_v2,2,0,10,18.23502126262049,45.32705906376507,37.33907293919526,1325.0
gcn_v2,2,0,12,16.174026696485168,36.07029945480724,33.41750252735143,1325.0
gcn_v2,2,1,1,46.26172609828413,107.09706070336597,51.95678012451588,1300.0
gcn_v2,2,1,2,69.21458764862842,167.51519457394048,78.82054752952803,1300.0
gcn_v2,2,1,3,73.63272093900049,179.42957313522035,83.80543249067006,1300.0
gcn_v2,2,1,4,70.63539570162216,171.1770562696557,80.52106775747048,1300.0
gcn_v2,2,1,6,97.78981680990985,229.94972624717374,111.20006888314974,1300.0
gcn_v2,2,1,8,92.02966388713855,207.5740215243959,103.40961198443196,1300.0
gcn_v2,2,1,10,109.95664227831536,248.32308024436716,125.32419292304056,1300.0
gcn_v2,2,1,12,110.55980332319983,248.84664989989983,126.17215880585911,1300.0
gcn_v2,2,2,1,10.093911170762283,16.02526677280667,15.837538211446105,1300.0
gcn_v2,2,2,2,13.116001916425123,22.267560111631223,20.504110831603573,1300.0
gcn_v2,2,2,3,15.485860280179331,27.017499773828977,24.71470134407828,1300.0
gcn_v2,2,2,4,17.277221859171988,30.165374673703752,28.724647700090657,1300.0
gcn_v2,2,2,6,22.240373644158602,39.55369271768357,35.9411423652102,1300.0
gcn_v2,2,2,8,25.173081454890063,45.174242434997,40.7888918824412,1300.0
gcn_v2,2,2,10,22.693377921104144,43.2033694006256,43.81897121525946,1300.0
gcn_v2,2,2,12,23.111508037504525,43.570776876629715,45.643343417308266,1300.0
gcn_v2,2,3,1,17.95911519418578,38.12712089161022,35.37044720508221,1300.0
gcn_v2,2,3,2,20.915683193525584,43.94734422630385,41.49732172789694,1300.0
gcn_v2,2,3,3,25.666723015887232,55.35550230272911,50.80931437782505,1300.0
gcn_v2,2,3,4,27.359794281784158,60.74076806978857,56.376009202178786,1300.0
gcn_v2,2,3,6,33.870200944377395,74.60359753068697,71.81650485160972,1300.0
gcn_v2,2,3,8,33.567194984732915,79.06925921423301,73.48143772035837,1300.0
gcn_v2,2,3,10,38.130469673089685,89.16523892819718,81.39177900111349,1300.0
gcn_v2,2,3,12,40.73834458807913,95.33066432484486,90.1088431491947,1300.0
gcn_v2,2,4,1,7.345768094884607,15.474381597523458,23.813223058851356,1300.0
gcn_v2,2,4,2,9.647041833903641,21.548066012897767,36.07002515237556,1300.0
gcn_v2,2,4,3,11.01342038494687,25.272095575225336,39.00008060585739,1300.0
gcn_v2,2,4,4,14.248604121006524,31.863550247356915,45.494697803106064,1300.0
gcn_v2,2,4,6,17.758521813213683,39.34749134153351,55.987837113885796,1300.0
gcn_v2,2,4,8,18.95298412360824,39.88941110076504,58.12650970923595,1300.0
gcn_v2,2,4,10,24.3400230504687,47.99311540190312,66.78602858486339,1300.0
gcn_v2,2,4,12,25.031533763732476,47.987920724173044,62.25091771386627,1300.0
gcn_v2,2,5,1,7.288331717752421,19.65248164891773,36.61370600808051,1300.0
gcn_v2,2,5,2,8.1745941325098,20.914814993206893,42.189283109480336,1300.0
gcn_v2,2,5,3,9.789508456168786,23.999375194049954,51.114503347104595,1300.0
gcn_v2,2,5,4,10.576886777891957,26.185221601105418,54.92340506565186,1300.0
gcn_v2,2,5,6,11.77737469844661,27.339628558990064,61.66211974620819,1300.0
gcn_v2,2,5,8,12.530257435461435,28.372440817359223,71.70737973648694,1300.0
gcn_v2,2,5,10,13.286046458068796,31.893582833197392,84.80115660544365,1300.0
gcn_v2,2,5,12,11.684587159238738,27.141551220542855,78.8369719934079,1300.0
gcn_v2,2,6,1,12.288666125635775,22.12759717058052,23.485302279735432,1325.0
gcn_v2,2,6,2,12.951389120653587,22.910649552176967,20.91378369721873,1325.0
gcn_v2,2,6,3,15.07205959045135,26.288247857313706,23.553488114013753,1325.0
gcn_v2,2,6,4,15.248173158322022,26.400822216435134,23.713755466196492,1325.0
gcn_v2,2,6,6,18.77739111837351,36.404084882575766,28.712676843564058,1325.0
gcn_v2,2,6,8,19.29941051315165,37.06984367786339,27.855715951272124,1325.0
gcn_v2,2,6,10,19.517784635898533,36.41313935547583,31.19179067372521,1325.0
gcn_v2,2,6,12,22.629134609349915,44.24296519366344,36.89089214901343,1325.0
gcn_v2,2,7,1,18.89436580793529,42.45946977507343,35.83609195041262,1300.0
gcn_v2,2,7,2,23.373302768600407,52.40890950778587,44.955440598373244,1300.0
gcn_v2,2,7,3,25.955101244542032,57.0712373003468,53.255598139520686,1300.0
gcn_v2,2,7,4,27.753525834531487,61.13352912076929,56.14536765096683,1300.0
gcn_v2,2,7,6,29.05216106047442,60.91033447699768,56.004044479615445,1300.0
gcn_v2,2,7,8,30.65285517198535,62.47430477756755,58.83422830842497,1300.0
gcn_v2,2,7,10,31.75399175364945,65.49073054827498,61.02126186685867,1300.0
gcn_v2,2,7,12,32.15502706187276,66.40994273489666,63.24962136079621,1300.0
gcn_v2,2,8,1,10.324342011359404,19.622957322030604,23.51544952125385,1300.0
gcn_v2,2,8,2,10.547873540990627,19.048608308345155,21.530767697301403,1300.0
gcn_v2,2,8,3,12.493604481559283,30.606744155768606,31.16146207102414,1300.0
gcn_v2,2,8,4,14.738197694715971,34.634205774373875,33.516337284342995,1300.0
gcn_v2,2,8,6,18.02784427787822,43.29938239068513,47.462973875835026,1300.0
gcn_v2,2,8,8,18.85968459353424,45.2486906243765,45.762219530755075,1300.0
gcn_v2,2,8,10,22.135966379895734,53.192058859705064,56.223827388368804,1300.0
gcn_v2,2,8,12,23.09664145720406,54.285166070593164,58.02159990277784,1300.0
gcn_v2,2,9,1,8.978132763126364,15.80390643961763,16.609122808697155,1300.0
gcn_v2,2,9,2,10.59758463206701,19.733985984065125,26.188864043615396,1300.0
gcn_v2,2,9,3,11.841555343000218,22.99109729766485,31.232023513288173,1300.0
gcn_v2,2,9,4,12.305720256860726,24.27353501793939,35.624373102651056,1300.0
gcn_v2,2,9,6,14.709250820622994,29.08323229803105,42.58955857996802,1300.0
gcn_v2,2,9,8,17.698445276466842,38.780639185777176,57.18431574120684,1300.0
gcn_v2,2,9,10,19.643583634010014,41.02787381721086,57.9332552616602,1300.0
gcn_v2,2,9,12,20.160924305455904,42.78296158864078,57.14398044637106,1300.0
gru_v1,-2,0,1,10.318303145628493,22.689310726701784,20.45214735678697,1325.0
gru_v1,-2,0,2,11.850631270785376,28.143463765949466,25.44959904118783,1325.0
gru_v1,-2,0,3,13.384042050411116,32.61342897173224,29.589170559062122,1325.0
gru_v1,-2,0,4,13.9459208448906,35.158985479904175,31.94872896844721,1325.0
gru_v1,-2,0,6,14.625194080691292,37.061053994680734,34.29158824581211,1325.0
gru_v1,-2,0,8,15.269091655973977,38.03381055881191,35.13581573247573,1325.0
gru_v1,-2,0,10,16.03479781704129,38.97679540102144,35.569731205028326,1325.0
gru_v1,-2,0,12,15.729066158088873,36.19380285453719,31.085389945298264,1325.0
gru_v1,-2,1,1,43.59138358650299,102.26868670230425,49.10923655638789,1300.0
gru_v1,-2,1,2,56.4900847024184,133.39647773339877,63.97114633754083,1300.0
gru_v1,-2,1,3,60.77605469144308,144.886825994407,68.95187891235899,1300.0
gru_v1,-2,1,4,73.00261145339563,174.6034416877667,83.02720260716427,1300.0
gru_v1,-2,1,6,85.29124007092072,200.76304873472262,97.18509118234876,1300.0
gru_v1,-2,1,8,90.44086631586919,207.17371162711964,102.39248857817059,1300.0
gru_v1,-2,1,10,93.0241863234685,211.2152383764834,105.61035125864473,1300.0
gru_v1,-2,1,12,99.68740319129365,225.68768425641517,113.64653198240421,1300.0
gru_v1,-2,2,1,9.758383529114788,16.593571023358408,17.35763107856988,1300.0
gru_v1,-2,2,2,11.886867470606589,20.56719388702349,19.64073786641652,1300.0
gru_v1,-2,2,3,13.866055143022766,24.07214608926184,22.47299783319344,1300.0
gru_v1,-2,2,4,15.592273753286841,27.10546451802431,27.028286497453195,1300.0
gru_v1,-2,2,6,18.319158581311886,32.619739528430586,32.34062064720161,1300.0
gru_v1,-2,2,8,25.929027071586237,46.559609376331444,39.78203654785951,1300.0
gru_v1,-2,2,10,26.92496878530922,48.15385774191888,42.536820374019854,1300.0
gru_v1,-2,2,12,25.72477580621749,46.37218229172346,43.941722389658565,1300.0
gru_v1,-2,3,1,16.35797651458245,34.44334112974373,31.97691017038682,1300.0
gru_v1,-2,3,2,19.713532726420805,42.342351130749456,41.10541803158131,1300.0
gru_v1,-2,3,3,23.629984525740145,53.61151265459837,50.26324226300255,1300.0
gru_v1,-2,3,4,25.66528703373212,58.82434475511607,54.97439053166313,1300.0
gru_v1,-2,3,6,29.917099826794406,70.27186743727258,66.18425280663396,1300.0
gru_v1,-2,3,8,36.16222346599285,85.0672863349227,80.15658803409389,1300.0
gru_v1,-2,3,10,38.48168021672047,86.1344220938845,81.49578632364253,1300.0
gru_v1,-2,3,12,42.54497511259638,94.62404774927383,91.75663399577391,1300.0
gru_v1,-2,4,1,7.342635131261956,16.51222614481144,25.931423833227566,1300.0
gru_v1,-2,4,2,9.408023761330316,21.647124684390068,37.88999174802731,1300.0
gru_v1,-2,4,3,11.364661418349268,26.63856935224319,46.115257473073456,1300.0
gru_v1,-2,4,4,12.27605924032557,28.374616530285245,45.69008822522612,1300.0
gru_v1,-2,4,6,17.314812508503405,41.86156087056344,66.6956314999833,1300.0
gru_v1,-2,4,8,19.07451627674011,43.00851976317777,69.76192693628816,1300.0
gru_v1,-2,4,10,21.493960290929447,45.574385074496725,69.31726184461871,1300.0
gru_v1,-2,4,12,21.34357550221567,42.61075231554252,66.06270851436844,1300.0
gru_v1,-2,5,1,6.979080873162177,18.02186812138441,37.03543271941523,1300.0
gru_v1,-2,5,2,7.922291138958759,19.65191467259131,35.671173297589824,1300.0
gru_v1,-2,5,3,9.039189653781639,21.698940704884823,44.55650384387663,1300.0
gru_v1,-2,5,4,9.658589711866806,22.673575243970834,45.67840699322762,1300.0
gru_v1,-2,5,6,10.104395276195584,22.590207093416456,50.900400598202985,1300.0
gru_v1,-2,5,8,10.117982247377961,22.41622488355456,54.62026572900434,1300.0
gru_v1,-2,5,10,9.934894349655101,22.764524903693818,68.6369836272732,1300.0
gru_v1,-2,5,12,10.2949606411245,25.41660035705876,78.4677483564423,1300.0
gru_v1,-2,6,1,11.575285678157266,21.063790987858734,23.470788832882356,1325.0
gru_v1,-2,6,2,12.21022669008318,21.540316741300487,22.35911413205081,1325.0
gru_v1,-2,6,3,13.630540456693128,23.55576360946014,23.18819013160878,1325.0
gru_v1,-2,6,4,14.241928310574226,24.33645094156317,25.047928295515735,1325.0
gru_v1,-2,6,6,15.543336411534614,27.09554208293631,25.579695321362593,1325.0
gru_v1,-2,6,8,16.51818781211691,29.005590211061705,29.91517533516062,1325.0
gru_v1,-2,6,10,17.35482156296946,30.417276396926876,32.58792144625351,1325.0
gru_v1,-2,6,12,18.289623015635417,32.45890591188508,34.62450084295766,1325.0
gru_v1,-2,7,1,18.168976149914357,40.464516676541884,35.296271841388105,1300.0
gru_v1,-2,7,2,21.835845517779774,48.41949182775909,43.37081268273766,1300.0
gru_v1,-2,7,3,24.671225862998803,54.0515428084817,51.520640796866296,1300.0
gru_v1,-2,7,4,27.231060693481794,59.60257246334243,55.30693208892155,1300.0
gru_v1,-2,7,6,30.376107614126344,64.22626998338274,59.17012545113393,1300.0
gru_v1,-2,7,8,32.28458072594725,66.5852756175216,61.709790227826964,1300.0
gru_v1,-2,7,10,36.39992873891042,79.48268214914633,64.86732469055771,1300.0
gru_v1,-2,7,12,34.52872635820164,71.56327972338842,65.5939367632728,1300.0
gru_v1,-2,8,1,9.079447419780951,18.2498858379212,21.83224405584664,1300.0
gru_v1,-2,8,2,9.502695100743036,17.40322374522239,20.070869576931,1300.0
gru_v1,-2,8,3,11.169003174878084,22.687365956346596,28.152489616953094,1300.0
gru_v1,-2,8,4,11.402979486114704,24.281031942907237,27.12155385911465,1300.0
gru_v1,-2,8,6,13.654847899377346,31.073468892174468,35.33487537030516,1300.0
gru_v1,-2,8,8,16.588253951015382,40.59624341035889,47.15350118464437,1300.0
gru_v1,-2,8,10,18.433724209024355,45.89399752174679,54.579052984303445,1300.0
gru_v1,-2,8,12,19.637629906649774,49.43239348972059,57.06304184403913,1300.0
gru_v1,-2,9,1,8.450752439923011,15.501512699973011,18.416793753221196,1300.0
gru_v1,-2,9,2,9.797981370515549,18.794415718808253,25.085496381648536,1300.0
gru_v1,-2,9,3,11.28373177601741,21.843143986563142,29.762270015420267,1300.0
gru_v1,-2,9,4,12.27728704839945,24.197051634137292,32.65490639325485,1300.0
gru_v1,-2,9,6,15.38315602339231,31.62943347638547,39.33206827200732,1300.0
gru_v1,-2,9,8,17.18433153001162,38.79720712027165,41.964414395174934,1300.0
gru_v1,-2,9,10,19.76147250905633,45.04743842500987,43.89398441615614,1300.0
gru_v1,-2,9,12,20.02020674689458,43.98416945148117,48.71865700633781,1300.0
gru_v1,0,0,1,10.471828600916098,23.243154733374688,20.781825111179195,1325.0
gru_v1,0,0,2,11.934566916446641,28.483033680764382,25.496304960763556,1325.0
gru_v1,0,0,3,13.680882351032968,33.77311879632565,30.700198363154957,1325.0
gru_v1,0,0,4,14.509982299084934,37.52616854975793,34.17146324732546,1325.0
gru_v1,0,0,6,14.801466038570089,37.910991920881216,34.679148739593174,1325.0
gru_v1,0,0,8,15.750458746116678,39.56798240730394,36.35135036496456,1325.0
gru_v1,0,0,10,16.51127749725614,39.658728904560036,35.02672481856777,1325.0
gru_v1,0,0,12,16.54669100974247,37.64221823149233,29.475976193692052,1325.0
gru_v1,0,1,1,42.0571522289973,97.11111054776366,47.303291219997234,1300.0
gru_v1,0,1,2,54.57478325449503,127.19487571864684,61.709957807239554,1300.0
gru_v1,0,1,3,62.85804440507522,150.514431338441,71.48240810793222,1300.0
gru_v1,0,1,4,73.39490643638831,176.2325635179752,83.50464300578544,1300.0
gru_v1,0,1,6,85.47481055239072,198.36157966974025,97.36679496946519,1300.0
gru_v1,0,1,8,89.1036807836936,201.7677477601447,100.78869691646291,1300.0
gru_v1,0,1,10,92.25825603024317,209.3926540969783,104.46764768301584,1300.0
gru_v1,0,1,12,101.23393468014322,227.4456009127392,114.99246682717566,1300.0
gru_v1,0,2,1,9.871277645385035,16.767216420549502,18.026268553821158,1300.0
gru_v1,0,2,2,11.725151603535677,20.945868847196046,21.588612681561774,1300.0
gru_v1,0,2,3,12.046378290911134,20.854872727567287,23.003699143290955,1300.0
gru_v1,0,2,4,13.220222864363055,22.612453471060004,26.09167933114719,1300.0
gru_v1,0,2,6,16.055356650381135,29.400276827434073,33.30954845615359,1300.0
gru_v1,0,2,8,26.17210635793037,47.31976493447315,40.00011405043113,1300.0
gru_v1,0,2,10,30.00691331476188,53.525375316770166,44.25121739817845,1300.0
gru_v1,0,2,12,32.65757236503761,57.547574892883404,44.99461171479943,1300.0
gru_v1,0,3,1,16.464950081213164,33.99962821836939,32.136496622772775,1300.0
gru_v1,0,3,2,19.744485746427223,42.18788014167035,41.17653102534158,1300.0
gru_v1,0,3,3,23.95449447400295,54.257363789631164,51.07897179392206,1300.0
gru_v1,0,3,4,28.090351275257195,63.7963261011595,60.28237167204253,1300.0
gru_v1,0,3,6,30.343342833954555,71.46313703834231,67.2070863166777,1300.0
gru_v1,0,3,8,36.63221386556442,85.64306885649924,81.59345620845546,1300.0
gru_v1,0,3,10,39.33036119004855,87.3968657079913,83.25979780186626,1300.0
gru_v1,0,3,12,43.77774262999113,96.43856625857265,95.34715539611437,1300.0
gru_v1,0,4,1,7.958406587595729,18.439086849052455,30.07352960619152,1300.0
gru_v1,0,4,2,10.135292686412532,23.972168190124915,41.686409408210686,1300.0
gru_v1,0,4,3,11.869847379017541,28.27066409029961,49.84446778256669,1300.0
gru_v1,0,4,4,11.588031601294016,25.918042346404913,43.2138787620088,1300.0
gru_v1,0,4,6,15.791049862587109,35.64798587078904,58.34282262916239,1300.0
gru_v1,0,4,8,20.095777879334413,44.78224864276751,72.26635306105655,1300.0
gru_v1,0,4,10,24.98340146157604,52.63925342430207,74.50777176710275,1300.0
gru_v1,0,4,12,21.58626541410501,42.31247853112146,67.14972740157037,1300.0
gru_v1,0,5,1,7.046807721576143,18.067413213724283,38.06973256603364,1300.0
gru_v1,0,5,2,7.973311652554414,19.81356278236294,36.49715905420242,1300.0
gru_v1,0,5,3,9.223126071509279,22.62465566828184,48.933992059000076,1300.0
gru_v1,0,5,4,9.694826004366176,22.81418219274664,44.622557598736975,1300.0
gru_v1,0,5,6,10.000971174018028,22.327784684526446,46.602517966301214,1300.0
gru_v1,0,5,8,10.163111044737295,22.34736021186511,55.73557706321439,1300.0
gru_v1,0,5,10,10.057171442839497,22.92786608538383,67.98192123059303,1300.0
gru_v1,0,5,12,10.390076871061577,25.447042415974682,78.04516762591177,1300.0
gru_v1,0,6,1,11.658846690396093,21.16480404085189,23.446569485911006,1325.0
gru_v1,0,6,2,12.271991850351387,21.634470511432998,22.347374837974023,1325.0
gru_v1,0,6,3,13.858861790783001,23.894257310938755,24.174438787945384,1325.0
gru_v1,0,6,4,14.28322914975994,24.457644891828153,24.99979795361387,1325.0
gru_v1,0,6,6,15.72061466726492,27.877429354367884,24.287686260609792,1325.0
gru_v1,0,6,8,16.83275466814356,30.36977829031454,28.72663908580254,1325.0
gru_v1,0,6,10,18.199528816117432,33.36478597200751,30.84743856356062,1325.0
gru_v1,0,6,12,18.328905942530003,31.96655915032661,34.8255038004497,1325.0
gru_v1,0,7,1,18.39977034203135,41.01528478181334,36.11893624839047,1300.0
gru_v1,0,7,2,21.859273622918586,48.51781605642881,43.862204652844056,1300.0
gru_v1,0,7,3,24.821345335405606,54.01267705136548,51.31698413985492,1300.0
gru_v1,0,7,4,27.498965614483907,60.27842854936935,55.636534386758306,1300.0
gru_v1,0,7,6,30.602729376809528,64.53902195827473,60.302256940810146,1300.0
gru_v1,0,7,8,33.25533647925808,68.00250336923628,65.12816192197405,1300.0
gru_v1,0,7,10,35.60080453355725,73.94868798845498,65.775286925151,1300.0
gru_v1,0,7,12,35.401252185415764,72.18194340308091,69.68079791466396,1300.0
gru_v1,0,8,1,9.208404615876766,18.50286404017149,22.37316651837579,1300.0
gru_v1,0,8,2,9.691570357565697,17.33312082893638,20.28129276160536,1300.0
gru_v1,0,8,3,11.193077999788981,22.926949362889413,27.961622238981313,1300.0
gru_v1,0,8,4,11.263149586583559,24.293983098375733,27.860552612358127,1300.0
gru_v1,0,8,6,14.588883259044243,32.72096800303275,36.36624960241647,1300.0
gru_v1,0,8,8,16.872700559319213,39.580833727975104,45.32510887836588,1300.0
gru_v1,0,8,10,18.652821215138985,45.769985321227075,54.22087202565423,1300.0
gru_v1,0,8,12,19.265274955790776,48.423612741416726,54.829184813335026,1300.0
gru_v1,0,9,1,8.378562486102949,15.344039778033887,18.206227480786517,1300.0
gru_v1,0,9,2,9.782801724156508,18.542596128088203,25.108433284805816,1300.0
gru_v1,0,9,3,11.61221336840437,22.643224226090744,31.24521896908584,1300.0
gru_v1,0,9,4,12.405175777593485,24.844910432736462,33.56190518962527,1300.0
gru_v1,0,9,6,15.438031086572087,31.57697407488731,39.75691788173416,1300.0
gru_v1,0,9,8,17.723539527133106,42.134689798326235,41.29914520319226,1300.0
gru_v1,0,9,10,20.956121155550846,48.4157579609173,44.6553725050491,1300.0
gru_v1,0,9,12,20.908866134205688,44.25861649915122,51.89436774114961,1300.0
gru_v1,1,0,1,10.369466174660989,22.620718780678153,20.62095350675327,1325.0
gru_v1,1,0,2,12.071530053553715,28.68912686920775,26.116814328557524,1325.0
gru_v1,1,0,3,13.369983700699402,32.14069850820526,28.711355820845412,1325.0
gru_v1,1,0,4,13.746577278521826,33.62655383511605,29.972721775877947,1325.0
gru_v1,1,0,6,14.51085575923886,35.881772638717756,32.59503164996872,1325.0
gru_v1,1,0,8,15.239923620370199,36.357746553524,34.49186399393836,1325.0
gru_v1,1,0,10,15.701725327712747,36.82176540319982,35.26580667274736,1325.0
gru_v1,1,0,12,16.629726602626295,40.08595646306301,37.56248570608217,1325.0
gru_v1,1,1,1,44.11059915345449,102.65365263762858,49.70169146506106,1300.0
gru_v1,1,1,2,56.21447699510134,129.66418682446195,63.58239145467269,1300.0
gru_v1,1,1,3,63.14070980007832,150.47538617516966,71.64778128496407,1300.0
gru_v1,1,1,4,73.94441698019321,179.88028849443995,84.20549782634423,1300.0
gru_v1,1,1,6,87.88087571254144,208.14658102073048,99.93181368275219,1300.0
gru_v1,1,1,8,91.64888085883398,209.71876965157364,103.80538973458366,1300.0
gru_v1,1,1,10,90.99837347800916,201.81897003976687,102.86357426985803,1300.0
gru_v1,1,1,12,97.83754049218618,220.48187221426755,111.2649170555696,1300.0
gru_v1,1,2,1,9.841388076598792,17.10510449616113,17.666820032692655,1300.0
gru_v1,1,2,2,12.479786252468251,21.18324045910814,19.6550083621081,1300.0
gru_v1,1,2,3,16.457170336289476,28.791488904526748,25.294662823989277,1300.0
gru_v1,1,2,4,17.66054766933541,31.145567758475842,29.093559107739793,1300.0
gru_v1,1,2,6,24.7322233998317,44.48118645180401,36.98867177679425,1300.0
gru_v1,1,2,8,29.810684530603915,53.10086646685897,42.772884960357956,1300.0
gru_v1,1,2,10,27.10546071517926,48.50773976433394,42.851590821267045,1300.0
gru_v1,1,2,12,24.20489667636987,44.45377490152493,44.88304632923979,1300.0
gru_v1,1,3,1,17.189336058531815,36.802408580076886,34.193784437510146,1300.0
gru_v1,1,3,2,19.835837747282707,42.231787075412086,41.09520914574631,1300.0
gru_v1,1,3,3,24.251986776911295,54.7265488254683,51.440664873153224,1300.0
gru_v1,1,3,4,24.79040111518823,55.61174530202976,52.42995386044769,1300.0
gru_v1,1,3,6,28.814930698252642,64.28340099302922,61.764016436616416,1300.0
gru_v1,1,3,8,34.80227054350651,81.63070840410467,77.09962984731719,1300.0
gru_v1,1,3,10,38.20190525125999,87.67566808427546,83.23363738156417,1300.0
gru_v1,1,3,12,42.91287368272359,93.59097363128606,91.37600973605359,1300.0
gru_v1,1,4,1,7.139140093716291,15.805664077590036,24.217710759904648,1300.0
gru_v1,1,4,2,9.2940842720508,21.456916870420713,38.38049911026262,1300.0
gru_v1,1,4,3,11.430188862649867,27.0764882264036,47.600675297598556,1300.0
gru_v1,1,4,4,12.07195818862233,27.68414920515683,45.091179175254624,1300.0
gru_v1,1,4,6,18.703688281281636,50.165324793700755,79.85642237541003,1300.0
gru_v1,1,4,8,16.7143537093699,39.63062571163285,67.35219957074548,1300.0
gru_v1,1,4,10,19.571094009922103,45.43646128228831,77.80066557419606,1300.0
gru_v1,1,4,12,22.643346907840325,46.67391841145813,74.52264743381076,1300.0
gru_v1,1,5,1,7.099556791284972,18.10621646845043,39.05023157212042,1300.0
gru_v1,1,5,2,8.026299493522025,20.17073769101216,37.734469259938884,1300.0
gru_v1,1,5,3,9.142842119255421,22.079354392502463,45.598102400379794,1300.0
gru_v1,1,5,4,9.824280761752117,23.126869997863647,45.532459232114974,1300.0
gru_v1,1,5,6,10.14497531106794,22.751709417814737,47.076119621915204,1300.0
gru_v1,1,5,8,9.962566751304728,21.777998828249537,50.57965056934664,1300.0
gru_v1,1,5,10,9.816252631012064,22.307747963503296,67.8058177655743,1300.0
gru_v1,1,5,12,10.22265629659531,25.3106066741446,79.73711986983976,1300.0
gru_v1,1,6,1,11.571422448878018,21.00045787824714,23.883847504854202,1325.0
gru_v1,1,6,2,12.301510671916997,21.71470798420723,22.56837113150235,1325.0
gru_v1,1,6,3,13.70865617594629,23.762390166883687,22.484395630657673,1325.0
gru_v1,1,6,4,14.392760652371173,24.441327093098266,24.63179827275975,1325.0
gru_v1,1,6,6,15.581562890286715,26.619118829170468,27.2208445287984,1325.0
gru_v1,1,6,8,16.863226190456803,29.246065985191308,30.4703402270017,1325.0
gru_v1,1,6,10,17.46459328484985,30.68045476276199,31.468507518028392,1325.0
gru_v1,1,6,12,18.483199241268185,33.34522065989684,34.34990495648877,1325.0
gru_v1,1,7,1,18.31383882725468,40.61578223926273,35.812286905677524,1300.0
gru_v1,1,7,2,22.076261743398813,48.74429122102321,44.11078329585472,1300.0
gru_v1,1,7,3,24.809198697134853,53.94686805286402,50.858634185528295,1300.0
gru_v1,1,7,4,27.079731561581674,59.35512345843018,56.2462972941149,1300.0
gru_v1,1,7,6,30.98959341192976,65.03726271873875,59.9815744384918,1300.0
gru_v1,1,7,8,31.99688657109554,65.10479522715592,60.952480864344224,1300.0
gru_v1,1,7,10,38.231339513848965,86.37769510074224,67.01202535114095,1300.0
gru_v1,1,7,12,36.239089754418686,76.01486538885736,65.42625976955267,1300.0
gru_v1,1,8,1,9.101675514521506,18.16947030366083,21.546426918588836,1300.0
gru_v1,1,8,2,9.748678954255123,18.108017343235684,20.947713051993272,1300.0
gru_v1,1,8,3,11.591533860587157,23.49410437364493,28.520323761578265,1300.0
gru_v1,1,8,4,12.084460570250567,26.24706050958991,28.844058302867,1300.0
gru_v1,1,8,6,14.227641046574483,31.0802153572072,34.856540314082444,1300.0
gru_v1,1,8,8,16.413088146860783,39.4326651205927,47.61908291454973,1300.0
gru_v1,1,8,10,18.215397519171237,45.58147386760131,54.517412093590046,1300.0
gru_v1,1,8,12,20.2902354260706,50.09344912160992,57.95930765250633,1300.0
gru_v1,1,9,1,8.550677103947562,15.613893486017435,18.535552425291932,1300.0
gru_v1,1,9,2,10.137498251509207,19.72700073736945,25.38051423054297,1300.0
gru_v1,1,9,3,11.261240657533591,21.896377507411096,29.5634967470632,1300.0
gru_v1,1,9,4,12.428105938268395,24.41350596184994,33.27424762086961,1300.0
gru_v1,1,9,6,15.106831184436496,30.676828969775315,39.27762997960581,1300.0
gru_v1,1,9,8,16.405756390874203,34.898799266233794,44.82868126671291,1300.0
gru_v1,1,9,10,19.385244300262286,45.07225004027485,44.351948120061635,1300.0
gru_v1,1,9,12,20.74969942397796,46.45054033883807,49.87517218219424,1300.0
gru_v1,2,0,1,10.214923435753246,22.375909591632947,20.13220357440286,1325.0
gru_v1,2,0,2,11.812157471089993,27.75676524801906,25.303551866930757,1325.0
gru_v1,2,0,3,13.410598430521084,32.401323297267716,29.784852056158968,1325.0
gru_v1,2,0,4,13.869487924334013,34.97201250218928,32.03414642646656,1325.0
gru_v1,2,0,6,15.121928794927333,38.06423447962658,36.015229976109865,1325.0
gru_v1,2,0,8,15.413621387543543,39.10504028493028,35.09986930226876,1325.0
gru_v1,2,0,10,16.601709595128614,41.78687651777812,36.899230917336915,1325.0
gru_v1,2,0,12,16.05675857974673,36.75465678165391,30.312004134227326,1325.0
gru_v1,2,1,1,44.83494220355382,107.72694749552576,50.57579422574925,1300.0
gru_v1,2,1,2,59.39841676597412,145.07550824188996,67.42672528527156,1300.0
gru_v1,2,1,3,58.13636815896401,136.0702599977338,65.52849651003655,1300.0
gru_v1,2,1,4,72.37240789521199,168.70527533294853,82.01857735714215,1300.0
gru_v1,2,1,6,83.49296077574675,196.5675170787517,95.25042825257756,1300.0
gru_v1,2,1,8,91.51231859161304,211.01850091095565,103.45414814807782,1300.0
gru_v1,2,1,10,97.38568300141738,224.33366265140197,110.98529231152372,1300.0
gru_v1,2,1,12,102.28250683540335,230.61097702599588,117.1618463380707,1300.0
gru_v1,2,2,1,9.75649198737282,16.343019740986264,16.776761305201184,1300.0
gru_v1,2,2,2,12.517346467807746,21.47854960654956,20.13879173625629,1300.0
gru_v1,2,2,3,15.129628923384052,26.506234925346845,24.338471912775503,1300.0
gru_v1,2,2,4,17.503622081110684,30.78785639714986,29.27977956572186,1300.0
gru_v1,2,2,6,16.69520601257682,30.32145883172245,32.16707816796425,1300.0
gru_v1,2,2,8,22.556018399331144,41.25267832922362,38.04892896208571,1300.0
gru_v1,2,2,10,24.19739115713621,43.947088429335544,41.22067313578539,1300.0
gru_v1,2,2,12,22.62119968127746,43.17278419274911,44.970904105748886,1300.0
gru_v1,2,3,1,16.26698098308192,33.80625661677775,31.639588898720863,1300.0
gru_v1,2,3,2,19.979163097177562,43.82541048161324,41.88798751400299,1300.0
gru_v1,2,3,3,23.204308133411867,52.719655766440894,49.0585081324357,1300.0
gru_v1,2,3,4,26.3373597786289,61.14474353692617,57.022929240299874,1300.0
gru_v1,2,3,6,32.87631873449454,77.92520758671031,73.99155687309113,1300.0
gru_v1,2,3,8,39.285976356829586,90.63052920825533,85.00297321066135,1300.0
gru_v1,2,3,10,40.8757809247535,88.80455673565889,83.32515815964767,1300.0
gru_v1,2,3,12,42.618309481384664,95.90687667230432,90.5286942662812,1300.0
gru_v1,2,4,1,7.060763203509582,15.786299603128585,24.39399686226478,1300.0
gru_v1,2,4,2,8.87763683927747,20.081627001421936,33.62899847519704,1300.0
gru_v1,2,4,3,10.971228527177411,25.279089390652,42.105361551301094,1300.0
gru_v1,2,4,4,13.46266509342867,32.87308919038034,50.198860400762314,1300.0
gru_v1,2,4,6,17.77503362553624,43.042392539360925,63.68179121180477,1300.0
gru_v1,2,4,8,20.888468288771914,51.812334748458646,72.41581512923933,1300.0
gru_v1,2,4,10,20.671229857859704,45.30240666409722,60.315575862542175,1300.0
gru_v1,2,4,12,20.56961422735682,42.3542913221601,62.59000846055838,1300.0
gru_v1,2,5,1,6.858719069691321,18.099684071045324,34.69653008830163,1300.0
gru_v1,2,5,2,7.93941235736299,19.38298695933359,37.91657985794929,1300.0
gru_v1,2,5,3,8.988797449879169,21.286823052387525,45.70577242105238,1300.0
gru_v1,2,5,4,9.658398957244621,22.73136625880153,49.845970611418444,1300.0
gru_v1,2,5,6,10.259736270929615,23.617867259146987,60.632010063817425,1300.0
gru_v1,2,5,8,10.647645177437852,25.008871903570686,70.42978177243664,1300.0
gru_v1,2,5,10,10.137786201493672,23.6091977063514,73.18083965393805,1300.0
gru_v1,2,5,12,10.664254512507133,26.42460570401255,83.19854945905747,1300.0
gru_v1,2,6,1,11.634116099729853,21.151612922550523,23.22595598985409,1325.0
gru_v1,2,6,2,12.341191076703792,21.585834100376964,22.37185359412226,1325.0
gru_v1,2,6,3,13.601886080087356,23.39984768819545,23.332091446837474,1325.0
gru_v1,2,6,4,14.347421145180487,24.44267860602403,25.73966717103432,1325.0
gru_v1,2,6,6,15.600155972551624,27.323877884620128,25.463129397096306,1325.0
gru_v1,2,6,8,16.282480069286418,28.15429714444363,30.952520054989847,1325.0
gru_v1,2,6,10,17.120038624445222,28.424966719445912,36.14382987263902,1325.0
gru_v1,2,6,12,18.34955381773834,32.56672169210612,34.877027618473974,1325.0
gru_v1,2,7,1,18.015657145575837,40.07778107726526,34.43587282406725,1300.0
gru_v1,2,7,2,21.844742834184032,48.36999522762582,42.54024856116818,1300.0
gru_v1,2,7,3,25.17254353262126,55.1431728820375,53.5464327765562,1300.0
gru_v1,2,7,4,27.718353080256627,60.34496205163719,54.898439444457864,1300.0
gru_v1,2,7,6,30.03857963022131,63.82187169656182,58.127592468393075,1300.0
gru_v1,2,7,8,33.407689340968545,70.32191697413246,63.16161900151203,1300.0
gru_v1,2,7,10,36.56500579052246,81.40748880822578,64.21117314441801,1300.0
gru_v1,2,7,12,34.233777092357094,70.53521143947587,66.55029311513441,1300.0
gru_v1,2,8,1,9.077035516878734,18.419935972462135,21.733795521999227,1300.0
gru_v1,2,8,2,10.159695056883189,19.13907579340911,20.913693798821548,1300.0
gru_v1,2,8,3,11.246752372968656,22.839889598454537,28.41842931385698,1300.0
gru_v1,2,8,4,11.750305979377949,24.129324912009324,26.950748067169354,1300.0
gru_v1,2,8,6,13.437065004087412,31.01881438841454,35.711824745145336,1300.0
gru_v1,2,8,8,17.715280755998997,44.113919381426456,50.464394119690205,1300.0
gru_v1,2,8,10,19.176370811660128,47.489565434089386,55.548598153837794,1300.0
gru_v1,2,8,12,20.946462551790933,52.037558902589566,59.46243057744256,1300.0
gru_v1,2,9,1,8.520385023581866,15.767513124133359,18.598045038945468,1300.0
gru_v1,2,9,2,9.824406888393256,19.045185983776655,25.56367062943653,1300.0
gru_v1,2,9,3,11.329849850970966,21.890493500586523,28.954068211675846,1300.0
gru_v1,2,9,4,12.317608508616686,24.476833198692884,31.551009036962267,1300.0
gru_v1,2,9,6,16.222770073396656,33.73105889297227,39.80893719312057,1300.0
gru_v1,2,9,8,18.54466814066355,42.05942879223577,40.10326119881232,1300.0
gru_v1,2,9,10,19.805926582572553,43.22407455280303,44.441713055650006,1300.0
gru_v1,2,9,12,19.746254218032654,45.06335260427958,45.60971865144748,1300.0
gru_v2,-2,0,1,10.05715153370404,21.45012478066518,19.811134252760368,1325.0
gru_v2,-2,0,2,11.655615741208477,27.03284060712981,24.86901284725863,1325.0
gru_v2,-2,0,3,13.07225128472976,31.313790626240895,29.61288806787655,1325.0
gru_v2,-2,0,4,13.414470232480188,32.931623541289284,30.838482252811477,1325.0
gru_v2,-2,0,6,14.819306640940507,37.58230532167299,35.98342241273172,1325.0
gru_v2,-2,0,8,15.355900774340865,38.38843933206857,37.249901477639476,1325.0
gru_v2,-2,0,10,15.252642530683639,36.019634144303275,33.212090991647905,1325.0
gru_v2,-2,0,12,16.23316855284403,37.97745791245977,35.6124066465066,1325.0
gru_v2,-2,1,1,42.617395919698936,96.24376093187693,47.82000356238449,1300.0
gru_v2,-2,1,2,50.81133126694422,115.20424618378745,57.064675878472556,1300.0
gru_v2,-2,1,3,59.17706858465305,138.17649388778852,66.69837186922933,1300.0
gru_v2,-2,1,4,68.58797424609844,159.481703389099,77.8541325634643,1300.0
gru_v2,-2,1,6,88.98377952933312,209.66919905075474,102.01910380647256,1300.0
gru_v2,-2,1,8,97.78812750600852,225.58662477664856,111.93986251565028,1300.0
gru_v2,-2,1,10,105.87786375928384,240.77964319914096,121.36946979844592,1300.0
gru_v2,-2,1,12,105.23115037606313,238.93233230286174,120.55087616154172,1300.0
gru_v2,-2,2,1,9.380279472584908,15.618035534067024,16.711564661818983,1300.0
gru_v2,-2,2,2,11.322180085961635,20.62302957251608,20.913573403389027,1300.0
gru_v2,-2,2,3,13.350488446790438,24.461649994351276,25.127096011961772,1300.0
gru_v2,-2,2,4,14.875350886640641,26.44264070880462,27.36960441245264,1300.0
gru_v2,-2,2,6,18.853951335466252,33.17350206195977,32.83356343335284,1300.0
gru_v2,-2,2,8,19.22243212842508,36.62217775588196,36.7290020097088,1300.0
gru_v2,-2,2,10,22.65296011458939,43.04168922285344,43.6195488962935,1300.0
gru_v2,-2,2,12,22.865934708405,42.099498474821075,42.572324032966904,1300.0
gru_v2,-2,3,1,16.800250840530946,34.673854977867194,33.25955320744454,1300.0
gru_v2,-2,3,2,20.55251099696526,45.16801812153838,43.29593586082719,1300.0
gru_v2,-2,3,3,23.3165672255594,51.834174855554856,49.481218620946926,1300.0
gru_v2,-2,3,4,27.130985190289525,61.9274371811637,58.90332931945367,1300.0
gru_v2,-2,3,6,31.132894148517114,73.58559620503756,69.5618735090399,1300.0
gru_v2,-2,3,8,38.74657108567082,90.11421226146709,88.30798069591157,1300.0
gru_v2,-2,3,10,39.19218329232473,91.79186986629881,88.08235493508958,1300.0
gru_v2,-2,3,12,45.82731585411785,104.79887956259779,107.33006968317913,1300.0
gru_v2,-2,4,1,7.272982802628271,16.399762624775864,25.851918833887474,1300.0
gru_v2,-2,4,2,9.489277557081257,22.576113700130833,38.71372317860269,1300.0
gru_v2,-2,4,3,11.003487567516903,25.11852865999146,41.50373469866239,1300.0
gru_v2,-2,4,4,12.53158903176144,29.02092076061981,43.99787141726567,1300.0
gru_v2,-2,4,6,17.211207101770604,39.920864781907405,62.22981957696442,1300.0
gru_v2,-2,4,8,19.748903205194154,42.6378266586225,65.83216592593071,1300.0
gru_v2,-2,4,10,21.670712699466026,41.467038970467186,60.373785338850105,1300.0
gru_v2,-2,4,12,22.916338269722004,42.754032510871994,63.51579953258873,1300.0
gru_v2,-2,5,1,6.945985397051733,17.94076175066148,36.91512711201945,1300.0
gru_v2,-2,5,2,7.874200342297778,19.653201643084447,37.80063924097246,1300.0
gru_v2,-2,5,3,8.892707415413113,21.569147908065858,45.153069284654435,1300.0
gru_v2,-2,5,4,9.541833327745643,22.435699883631,46.254454433918,1300.0
gru_v2,-2,5,6,9.808505470649106,22.226691776588364,45.23464239797285,1300.0
gru_v2,-2,5,8,10.360993484247548,22.594869986618015,54.49163129445045,1300.0
gru_v2,-2,5,10,9.974074295529237,23.014116821144558,67.82721827780047,1300.0
gru_v2,-2,5,12,10.170973047787601,25.21186262155749,82.01948727042445,1300.0
gru_v2,-2,6,1,11.584148213939285,20.511906985948492,23.97276177899591,1325.0
gru_v2,-2,6,2,12.173594315662488,21.10943657289197,23.66776995206701,1325.0
gru_v2,-2,6,3,13.407422833515788,22.50965606967416,25.269181349924928,1325.0
gru_v2,-2,6,4,13.937153202868858,23.413861265259353,26.01419175801606,1325.0
gru_v2,-2,6,6,15.263559754895715,26.068098097917183,26.584280716447996,1325.0
gru_v2,-2,6,8,16.16101030930455,28.15813294566991,29.232197128878585,1325.0
gru_v2,-2,6,10,16.84129653928766,28.789888879133546,31.764375781190807,1325.0
gru_v2,-2,6,12,17.6681320607606,30.72575607275371,33.18171630876845,1325.0
gru_v2,-2,7,1,17.79818778028855,39.61363700523074,34.91540373159834,1300.0
gru_v2,-2,7,2,21.191323252538076,47.05703325275259,41.7395621252454,1300.0
gru_v2,-2,7,3,24.27697015091777,53.56155899062293,49.93797580598143,1300.0
gru_v2,-2,7,4,27.18919162069089,59.50228453268207,56.07733404669223,1300.0
gru_v2,-2,7,6,30.141545143654714,64.03032647343842,60.36419748701668,1300.0
gru_v2,-2,7,8,31.81265266843713,65.7882018412603,60.729514020287304,1300.0
gru_v2,-2,7,10,34.97285783829597,72.75696353033489,63.58829620037197,1300.0
gru_v2,-2,7,12,34.64241995649269,71.04494092633172,65.93658447725386,1300.0
gru_v2,-2,8,1,8.966598502821647,18.081661303180848,20.693821925952516,1300.0
gru_v2,-2,8,2,9.152785844436059,16.875456510266552,19.47799233896979,1300.0
gru_v2,-2,8,3,10.507287166875143,21.57039472715251,25.554618170343595,1300.0
gru_v2,-2,8,4,10.784169548704075,22.096097512635197,22.4105498630425,1300.0
gru_v2,-2,8,6,13.36453727029837,30.85893490258648,32.46700617486033,1300.0
gru_v2,-2,8,8,15.864400172164807,40.02180379187428,46.25941917485204,1300.0
gru_v2,-2,8,10,17.568749979757346,45.12287239996168,53.10505885584601,1300.0
gru_v2,-2,8,12,18.041237395428695,45.64981922469162,53.77748952487419,1300.0
gru_v2,-2,9,1,8.400049693194719,15.5570609833405,18.24921317007935,1300.0
gru_v2,-2,9,2,9.690065875262595,18.680245722824516,25.086484098897397,1300.0
gru_v2,-2,9,3,10.815546518569956,21.13838560596191,28.53182383532663,1300.0
gru_v2,-2,9,4,11.862602145350897,23.666231070219716,31.56312971786388,1300.0
gru_v2,-2,9,6,13.816457489534066,28.276568085625453,37.8139879691948,1300.0
gru_v2,-2,9,8,16.763761767114584,37.621653705528814,43.371684276363226,1300.0
gru_v2,-2,9,10,18.245740162684367,41.13441826644904,44.13819500659276,1300.0
gru_v2,-2,9,12,18.250572097507806,39.759486955951516,46.61121976954266,1300.0
gru_v2,0,0,1,9.975765537940106,20.868831576318044,19.58958602776635,1325.0
gru_v2,0,0,2,11.770464878686756,27.53021099937627,24.99943860708657,1325.0
gru_v2,0,0,3,13.03132088935319,31.164244224842953,29.302055733288917,1325.0
gru_v2,0,0,4,13.757247508266977,34.121560493360874,31.71331318897211,1325.0
gru_v2,0,0,6,14.829663309232807,36.850827561610146,34.82104887289263,1325.0
gru_v2,0,0,8,15.420411504114854,37.42776018619304,36.8477794158425,1325.0
gru_v2,0,0,10,16.183739723218782,38.70012376161378,37.26786385287168,1325.0
gru_v2,0,0,12,16.719710263384965,38.93219386231016,36.42494065474487,1325.0
gru_v2,0,1,1,40.15829968865101,89.18902624209063,44.94520816725931,1300.0
gru_v2,0,1,2,52.431197210642004,118.80873595349829,58.74391036679972,1300.0
gru_v2,0,1,3,58.83493332716135,136.76314744225408,65.93620358078441,1300.0
gru_v2,0,1,4,69.2841893199774,162.08158651496052,78.7225788549204,1300.0
gru_v2,0,1,6,82.75839163330885,192.1195476767666,94.70486985855942,1300.0
gru_v2,0,1,8,91.27869422697104,209.55705427533726,104.00433409722318,1300.0
gru_v2,0,1,10,105.32209356076443,242.5135787829308,120.57075345229953,1300.0
gru_v2,0,1,12,104.26301464509505,237.80938184899577,119.51922088342467,1300.0
gru_v2,0,2,1,9.523510062029729,15.905958963786924,17.401358956819053,1300.0
gru_v2,0,2,2,11.359466523046677,20.39158571117752,20.6674293362614,1300.0
gru_v2,0,2,3,13.40857395181289,24.539394029398284,24.945124274208432,1300.0
gru_v2,0,2,4,15.34566134735942,28.995978117548184,30.53983606348981,1300.0
gru_v2,0,2,6,18.814103733764316,34.11266552561747,34.1701756855507,1300.0
gru_v2,0,2,8,20.76467844439957,38.72793103940256,39.03570392847934,1300.0
gru_v2,0,2,10,23.441400707839772,43.0803179875028,43.78747102640051,1300.0
gru_v2,0,2,12,24.332702765087955,45.39873778625444,45.81623023682898,1300.0
gru_v2,0,3,1,17.138605748896417,36.202752602850865,34.07621476805511,1300.0
gru_v2,0,3,2,20.84739906900204,45.37948743076227,43.94351882994676,1300.0
gru_v2,0,3,3,23.52392391545268,52.605226102313694,49.862343594557096,1300.0
gru_v2,0,3,4,29.7905513128409,69.84961236552377,65.27751289655556,1300.0
gru_v2,0,3,6,30.054713356701228,69.48328928501354,66.53575512172044,1300.0
gru_v2,0,3,8,38.392674679572764,88.4538631320516,87.68118795790092,1300.0
gru_v2,0,3,10,38.99685263915704,89.39014837141313,89.01108358487362,1300.0
gru_v2,0,3,12,44.788546636861106,101.52748431436466,104.6895812316602,1300.0
gru_v2,0,4,1,7.581671233503864,17.48509971316743,27.64409394753285,1300.0
gru_v2,0,4,2,9.370611215746747,21.761407771641966,36.4382296586648,1300.0
gru_v2,0,4,3,10.187174675921247,22.855114784321106,38.2904740317255,1300.0
gru_v2,0,4,4,11.621910646335722,25.566619834204076,40.22714553735195,1300.0
gru_v2,0,4,6,15.334563327573527,32.6054694496158,53.40961736287826,1300.0
gru_v2,0,4,8,19.51358599073182,39.86396156384311,62.546679663861916,1300.0
gru_v2,0,4,10,20.633678015587996,39.151865842773105,61.71835170648037,1300.0
gru_v2,0,4,12,23.300436785232563,43.49395785040127,65.89828532781357,1300.0
gru_v2,0,5,1,7.088514481580888,17.976954845809193,36.73345366601021,1300.0
gru_v2,0,5,2,7.936727381634276,19.719096413350243,39.15136367274869,1300.0
gru_v2,0,5,3,8.939186300936719,21.68143518300916,46.09853548003781,1300.0
gru_v2,0,5,4,9.778113430746151,23.052701740643155,52.668784561657134,1300.0
gru_v2,0,5,6,9.869814758108786,22.371640925714857,43.455786716553476,1300.0
gru_v2,0,5,8,10.295811709386225,22.80920873508578,56.438912906954364,1300.0
gru_v2,0,5,10,10.097165088839112,23.199739631807137,67.85603153224915,1300.0
gru_v2,0,5,12,10.309821277541744,25.337569527373294,85.2348305698364,1300.0
gru_v2,0,6,1,11.626686703084776,20.57002543405232,24.310894910631507,1325.0
gru_v2,0,6,2,12.200689894005937,21.192651586565844,23.402785358757807,1325.0
gru_v2,0,6,3,13.444767408511549,22.6244642883948,24.744413861426814,1325.0
gru_v2,0,6,4,14.0665988978125,23.584494764247914,26.71104294267194,1325.0
gru_v2,0,6,6,15.173840554789551,25.722687002840427,26.31325463590951,1325.0
gru_v2,0,6,8,16.14759377996033,28.221460521165373,28.41282555884842,1325.0
gru_v2,0,6,10,17.584462638768667,30.537004973703013,31.094171669976465,1325.0
gru_v2,0,6,12,17.247820923138622,28.50796541683222,35.330589617634644,1325.0
gru_v2,0,7,1,17.867283127995638,39.979578169117374,35.36697654881753,1300.0
gru_v2,0,7,2,21.37160039203671,47.14473065710753,41.77259417998889,1300.0
gru_v2,0,7,3,24.367356838159836,53.81100293663951,50.554267461634865,1300.0
gru_v2,0,7,4,26.945149014282684,58.66271727907832,54.112285376908694,1300.0
gru_v2,0,7,6,30.411848039718773,64.15192551774399,61.10083010866622,1300.0
gru_v2,0,7,8,31.513237723106375,65.63101350620936,59.67628734482878,1300.0
gru_v2,0,7,10,34.68710702447364,72.9629095491964,62.367391675341224,1300.0
gru_v2,0,7,12,36.43865026566845,73.00155491929152,68.03949916428442,1300.0
gru_v2,0,8,1,9.028891338992578,18.22727023269012,20.002938624086052,1300.0
gru_v2,0,8,2,9.428114248193227,18.066676581737354,20.56312902384791,1300.0
gru_v2,0,8,3,10.722748520695246,21.299601637254348,26.01269253533462,1300.0
gru_v2,0,8,4,10.850732755064964,22.59460792791717,23.570482963529127,1300.0
gru_v2,0,8,6,14.022943833905916,32.724555163562904,34.80316513489033,1300.0
gru_v2,0,8,8,16.538741723940923,41.06539991479631,47.05765054472562,1300.0
gru_v2,0,8,10,18.913381075423498,47.381737193777326,54.611449984846445,1300.0
gru_v2,0,8,12,20.95798349970235,49.678645534033706,53.809896112310476,1300.0
gru_v2,0,9,1,8.469341558596263,15.470509694895261,18.6075621762322,1300.0
gru_v2,0,9,2,9.853443318965057,18.993623431657635,25.88017291582904,1300.0
gru_v2,0,9,3,10.976555428447632,21.547731653716806,28.8719473452244,1300.0
gru_v2,0,9,4,12.033893173520381,24.182557604883037,32.27900843481416,1300.0
gru_v2,0,9,6,14.509243474453688,29.611193325142676,38.69160871366853,1300.0
gru_v2,0,9,8,18.854458910576426,46.29250791252234,41.210088921403425,1300.0
gru_v2,0,9,10,19.011985666522612,40.90874848575332,43.68673781862537,1300.0
gru_v2,0,9,12,20.167678033927313,43.840697217585046,47.40716832355388,1300.0
gru_v2,1,0,1,10.179079610705376,22.16615075569553,20.3698660975038,1325.0
gru_v2,1,0,2,11.946416883013159,28.10235575957136,25.715103703114274,1325.0
gru_v2,1,0,3,12.823350991336804,30.350570173565238,28.56221529854051,1325.0
gru_v2,1,0,4,13.311493301504415,32.53847607619945,30.43034559722969,1325.0
gru_v2,1,0,6,14.969930765104463,37.734080685936085,36.2452138234193,1325.0
gru_v2,1,0,8,15.603599768634535,39.47227373796459,37.38395569959424,1325.0
gru_v2,1,0,10,15.531821252259443,36.70516213674514,31.120690924004982,1325.0
gru_v2,1,0,12,15.798028171338,36.12118932955974,34.90646250390232,1325.0
gru_v2,1,1,1,42.829947448235295,98.27855027595,48.19538741608282,1300.0
gru_v2,1,1,2,51.30845462129666,117.38910764811489,57.71779702552987,1300.0
gru_v2,1,1,3,57.1825354887889,133.23012157670442,64.75713657872681,1300.0
gru_v2,1,1,4,67.34883100087826,152.16725460162945,76.42901978758123,1300.0
gru_v2,1,1,6,89.2459513268104,209.35985794670157,102.14616062033326,1300.0
gru_v2,1,1,8,101.21096418914887,233.80398927416786,116.075986298694,1300.0
gru_v2,1,1,10,107.28356832189141,243.061478562024,123.04884170349017,1300.0
gru_v2,1,1,12,107.79765087690491,242.70613836993172,123.55711261498703,1300.0
gru_v2,1,2,1,9.489651863368659,15.755772151068372,16.972281239408275,1300.0
gru_v2,1,2,2,11.320867360876157,20.411430212853226,20.638056464902647,1300.0
gru_v2,1,2,3,13.324718368190986,24.2590943095011,24.666607446177103,1300.0
gru_v2,1,2,4,14.33726496403034,25.011606172339654,25.970445105007716,1300.0
gru_v2,1,2,6,23.34078959566183,41.35297770591157,36.374378735001706,1300.0
gru_v2,1,2,8,19.5816557165092,35.80196997673706,34.256416284557666,1300.0
gru_v2,1,2,10,23.000542258046067,43.17768558212775,42.620690697715396,1300.0
gru_v2,1,2,12,23.19880742797485,41.096292809814706,39.6494543499999,1300.0
gru_v2,1,3,1,17.037834004587854,35.384988729974026,33.78855008087238,1300.0
gru_v2,1,3,2,21.993340869018663,50.09063301015176,46.74852621029405,1300.0
gru_v2,1,3,3,24.139088871536348,53.25090807840815,51.369887576571536,1300.0
gru_v2,1,3,4,26.84833172946022,59.68106700869649,57.83410854186831,1300.0
gru_v2,1,3,6,35.17122902438618,81.37008763886952,79.79940668599946,1300.0
gru_v2,1,3,8,38.248160411724015,88.930900240718,85.46826784685254,1300.0
gru_v2,1,3,10,41.58213892925817,97.24715298480542,92.40488829851901,1300.0
gru_v2,1,3,12,48.419975692228626,110.49292327146499,112.9259393880723,1300.0
gru_v2,1,4,1,7.185095796058169,16.157602089621587,24.73370316497281,1300.0
gru_v2,1,4,2,10.22235664847242,26.275250905343583,44.91116604030642,1300.0
gru_v2,1,4,3,12.144404376200042,29.977947116027597,47.93584213501368,1300.0
gru_v2,1,4,4,12.52885772204743,30.305916111161903,45.814851076175,1300.0
gru_v2,1,4,6,18.345197416335488,44.264812571969486,67.69033672666957,1300.0
gru_v2,1,4,8,19.65113611033795,43.86599381186903,63.92756398111327,1300.0
gru_v2,1,4,10,23.072350101374234,46.34333147825292,58.50449443882347,1300.0
gru_v2,1,4,12,23.182212185233546,43.73220863732173,62.99734480768188,1300.0
gru_v2,1,5,1,6.9395882665194,18.012863928262618,37.65252875512646,1300.0
gru_v2,1,5,2,7.892928051688494,19.6332961101635,39.015791177749634,1300.0
gru_v2,1,5,3,8.881971825785362,21.421146182134223,45.425503969192505,1300.0
gru_v2,1,5,4,9.55091964824555,22.66137380740295,45.430648861392854,1300.0
gru_v2,1,5,6,9.972361562637827,22.44839663382589,50.35743681846127,1300.0
gru_v2,1,5,8,10.124278324860184,22.158606240001408,53.58214591010924,1300.0
gru_v2,1,5,10,10.070363203940394,23.294546412530845,63.99983208314065,1300.0
gru_v2,1,5,12,10.30156820927236,25.986455349557335,84.18494622745821,1300.0
gru_v2,1,6,1,11.648130591795692,20.54777005867176,23.826352409247693,1325.0
gru_v2,1,6,2,12.236084198704306,21.134290103709787,24.28315023718209,1325.0
gru_v2,1,6,3,13.565358199727422,22.611934236731702,26.527078053303832,1325.0
gru_v2,1,6,4,14.188481901872834,23.973195175873098,25.337318603334754,1325.0
gru_v2,1,6,6,15.575995715238014,27.060920182372772,26.238704036022053,1325.0
gru_v2,1,6,8,16.448237076283625,29.012461037493104,29.651384715376228,1325.0
gru_v2,1,6,10,16.93519746936401,29.19844918205947,32.214056923471645,1325.0
gru_v2,1,6,12,18.908429489383156,34.20482352147264,33.67666457888895,1325.0
gru_v2,1,7,1,17.936389506826036,39.79906647005749,35.07683878036898,1300.0
gru_v2,1,7,2,21.72858794073646,47.99616604700525,42.809321490529484,1300.0
gru_v2,1,7,3,24.913333792591896,54.139816120401086,51.31600089506669,1300.0
gru_v2,1,7,4,28.32616539149617,61.34799101407765,60.50657683036216,1300.0
gru_v2,1,7,6,32.038888932664236,67.87742151086721,63.36929270748264,1300.0
gru_v2,1,7,8,31.91709813457269,65.83809920313932,62.540520292668305,1300.0
gru_v2,1,7,10,36.10733724857752,75.39262731854913,65.69424736146756,1300.0
gru_v2,1,7,12,36.09647317639122,73.57253859010937,69.87124117346835,1300.0
gru_v2,1,8,1,9.073763419596048,18.602634747445183,21.062154279906174,1300.0
gru_v2,1,8,2,9.420563250974967,17.217674302410995,20.147827492089107,1300.0
gru_v2,1,8,3,10.706861205238562,22.19343483226377,26.66507262690314,1300.0
gru_v2,1,8,4,11.159324109370893,22.205099689088193,23.102347046753454,1300.0
gru_v2,1,8,6,13.770665315527182,32.191866109740666,34.70350060462952,1300.0
gru_v2,1,8,8,16.790774458591073,41.2181506890257,49.00229523315512,1300.0
gru_v2,1,8,10,18.409383823367264,46.268859642799185,53.80574995895912,1300.0
gru_v2,1,8,12,17.963500392938464,45.69391035823599,55.98917670003299,1300.0
gru_v2,1,9,1,8.316811292893611,15.281240878841205,17.26212330234861,1300.0
gru_v2,1,9,2,9.838339228561292,18.99428750454543,24.65394276785619,1300.0
gru_v2,1,9,3,10.828876149573436,20.996910472570093,28.42686436130005,1300.0
gru_v2,1,9,4,12.065067643603454,24.192412269337563,31.518278101115552,1300.0
gru_v2,1,9,6,13.712757721686593,28.222400683826276,37.961785853487775,1300.0
gru_v2,1,9,8,16.31605105987535,34.46216666681149,45.78384379160057,1300.0
gru_v2,1,9,10,19.088367568369094,46.339268777448694,43.40715272449753,1300.0
gru_v2,1,9,12,18.12917954811683,39.114420039636975,45.47365576549641,1300.0
gru_v2,2,0,1,10.147135042992403,21.694153987229672,19.711936447243232,1325.0
gru_v2,2,0,2,11.471674508730757,25.99808373566418,24.20695666588927,1325.0
gru_v2,2,0,3,13.548744656454842,32.84593515370266,31.074455054592615,1325.0
gru_v2,2,0,4,13.402623379820923,32.56924906414573,30.59407344675165,1325.0
gru_v2,2,0,6,15.38280684360461,39.09209581205777,37.169180994464014,1325.0
gru_v2,2,0,8,15.537813544838496,39.12406012413249,37.741329080030575,1325.0
gru_v2,2,0,10,15.904377133492028,38.04940641226468,34.24185081051483,1325.0
gru_v2,2,0,12,16.900419824269584,39.8278990010816,35.87125744540139,1325.0
gru_v2,2,1,1,45.84433776855469,103.80500887405955,51.372400832989484,1300.0
gru_v2,2,1,2,49.700634935727486,110.72779572004642,55.80534589889876,1300.0
gru_v2,2,1,3,62.747804228525894,148.01806599914622,70.76430863495148,1300.0
gru_v2,2,1,4,70.06024834137696,165.4753181838284,79.38174027343626,1300.0
gru_v2,2,1,6,97.25736774811378,230.09091276263794,111.69272395920282,1300.0
gru_v2,2,1,8,103.23909105676871,234.99978146912653,118.12093499522234,1300.0
gru_v2,2,1,10,106.42191162393644,237.36114665787719,121.7696379259416,1300.0
gru_v2,2,1,12,104.6386488695328,237.25839223918732,119.624212226598,1300.0
gru_v2,2,2,1,9.403481002002955,15.651878717814503,16.199728662277753,1300.0
gru_v2,2,2,2,11.654067817032336,21.61857412712089,21.865069346550182,1300.0
gru_v2,2,2,3,13.608115187883378,25.111331503605733,26.026307695514554,1300.0
gru_v2,2,2,4,16.61345025374339,29.29297405169987,28.39881376092469,1300.0
gru_v2,2,2,6,16.996021475367822,30.113252852579794,31.68882708278768,1300.0
gru_v2,2,2,8,19.574643543876995,38.17208511974674,39.94625931623436,1300.0
gru_v2,2,2,10,22.45377496289949,44.08220889815842,45.34945615274565,1300.0
gru_v2,2,2,12,22.98405320503964,42.7589713691366,44.112464681213154,1300.0
gru_v2,2,3,1,16.747328965881696,34.07792806966339,33.09578540670771,1300.0
gru_v2,2,3,2,20.49685658398729,43.91448514990834,42.89209784955538,1300.0
gru_v2,2,3,3,23.12778053880311,51.25062282556416,48.671074699892216,1300.0
gru_v2,2,3,4,27.23590751286023,60.47474879432716,58.887446760943455,1300.0
gru_v2,2,3,6,32.247183824849245,74.26828024359487,69.35626596447175,1300.0
gru_v2,2,3,8,41.65594553601283,94.96048321686676,93.36889084344025,1300.0
gru_v2,2,3,10,40.596755441885726,92.22639229427833,88.00343702451772,1300.0
gru_v2,2,3,12,46.20521357749231,103.83559091233421,105.5732987435738,1300.0
gru_v2,2,4,1,7.211731826986831,16.11858691579588,26.384582694779095,1300.0
gru_v2,2,4,2,9.06614658728242,20.60935438237429,35.538263292394134,1300.0
gru_v2,2,4,3,10.935116266255768,24.301772992208132,40.19842896094689,1300.0
gru_v2,2,4,4,13.904720072448253,33.480904429610014,49.250648229550094,1300.0
gru_v2,2,4,6,18.192379708315173,45.21153018418215,67.0224337211022,1300.0
gru_v2,2,4,8,20.260164077986893,46.731348173838796,71.65039278095604,1300.0
gru_v2,2,4,10,22.317332398112004,45.15851985796046,65.6899404281225,1300.0
gru_v2,2,4,12,22.578476005586293,42.421624040064486,63.82072647208842,1300.0
gru_v2,2,5,1,6.897856854693248,17.983206614402967,37.16603586750646,1300.0
gru_v2,2,5,2,7.895237772085955,19.819540172836952,38.01957001993733,1300.0
gru_v2,2,5,3,8.943332891290058,21.748642727593975,45.58591653454688,1300.0
gru_v2,2,5,4,9.55388764916167,22.22667775798339,47.28200133769743,1300.0
gru_v2,2,5,6,9.770975030565348,22.256877755025673,46.42637751948449,1300.0
gru_v2,2,5,8,11.100643051972327,24.029856344477082,57.37924847102934,1300.0
gru_v2,2,5,10,10.01678934574163,23.591081037017954,73.59763317338881,1300.0
gru_v2,2,5,12,10.192819518018513,24.67562517028701,76.63868660311545,1300.0
gru_v2,2,6,1,11.550732111815574,20.497081970825576,23.878139323201673,1325.0
gru_v2,2,6,2,12.272529507030574,21.26823741462149,23.466009146180646,1325.0
gru_v2,2,6,3,13.331284202539695,22.541432215745544,24.598352148871996,1325.0
gru_v2,2,6,4,13.809772378448045,23.076983853683174,26.434678128310317,1325.0
gru_v2,2,6,6,15.298238470768029,25.83351526622122,27.24192862880641,1325.0
gru_v2,2,6,8,16.243525588028835,27.829341506316105,29.99617537856102,1325.0
gru_v2,2,6,10,16.737415611249094,27.957653883915913,33.08038618107294,1325.0
gru_v2,2,6,12,18.016046160760354,31.683388858770215,33.022837130674,1325.0
gru_v2,2,7,1,17.842728488812078,39.48065715267626,34.477572081831205,1300.0
gru_v2,2,7,2,21.016021146980616,46.628886137555504,41.708535882723886,1300.0
gru_v2,2,7,3,24.14165626846254,53.322877809970755,49.01742966838448,1300.0
gru_v2,2,7,4,27.36516010967585,59.90824656793545,55.26638478910956,1300.0
gru_v2,2,7,6,29.236084769815207,62.12445438709111,58.798241002500546,1300.0
gru_v2,2,7,8,33.708452561692546,68.0803591351123,63.41113722554252,1300.0
gru_v2,2,7,10,34.98603179659981,71.34169510063518,64.20706633028905,1300.0
gru_v2,2,7,12,33.423263471206795,68.65974825234211,63.32007389390436,1300.0
gru_v2,2,8,1,9.126202617803445,18.312435125162075,21.75600225267739,1300.0
gru_v2,2,8,2,9.552422283268891,17.99726901606862,21.739452771482796,1300.0
gru_v2,2,8,3,11.071367428119366,23.767564250492548,27.416492218806827,1300.0
gru_v2,2,8,4,11.829724973921593,24.04224265824023,23.474902082928295,1300.0
gru_v2,2,8,6,14.411166247473313,31.229417976919837,30.46854728912485,1300.0
gru_v2,2,8,8,15.432959498304587,38.99438906336132,44.33562223664646,1300.0
gru_v2,2,8,10,16.81374864864808,43.664705660994336,51.65400928793282,1300.0
gru_v2,2,8,12,18.105775284125254,45.79770540435486,53.28096912811542,1300.0
gru_v2,2,9,1,8.76711832697575,16.624387020250104,20.197888236601376,1300.0
gru_v2,2,9,2,9.735102914783818,18.874200936637788,25.52252010002877,1300.0
gru_v2,2,9,3,10.874395855218172,21.42614242187841,28.856626413400893,1300.0
gru_v2,2,9,4,11.883687213854149,23.48571130171113,31.53039012371915,1300.0
gru_v2,2,9,6,13.801758356163134,28.030538407163213,38.09275766946737,1300.0
gru_v2,2,9,8,17.057146362754015,36.83279230926754,44.90490010988365,1300.0
gru_v2,2,9,10,17.78297423160993,38.68249074646884,46.60331160466648,1300.0
gru_v2,2,9,12,18.08787465774096,39.24883799721703,47.388873540082024,1300.0
gru_v2_lw,-2,0,1,10.052236302668616,21.24769279190023,19.602108451783774,1325.0
gru_v2_lw,-2,0,2,11.943584872603346,28.648823659633035,26.294950533437273,1325.0
gru_v2_lw,-2,0,3,12.456753023684833,29.48085524172203,27.44590413714575,1325.0
gru_v2_lw,-2,0,4,13.36876330359101,32.91965332498425,30.810637256446277,1325.0
gru_v2_lw,-2,0,6,14.571023250373326,35.957711684163336,34.092920272153314,1325.0
gru_v2_lw,-2,0,8,15.294179226692485,36.616104681680405,34.919124317496205,1325.0
gru_v2_lw,-2,0,10,16.188228735443477,37.39067626485668,33.21637323397224,1325.0
gru_v2_lw,-2,0,12,15.810833724497572,35.69613866883882,33.46424809696829,1325.0
gru_v2_lw,-2,1,1,38.48343631175848,84.12299209730836,42.86425759762365,1300.0
gru_v2_lw,-2,1,2,51.34275536262072,115.66148560757017,57.64748411014328,1300.0
gru_v2_lw,-2,1,3,57.39756205345576,131.85521164101038,64.92658612445076,1300.0
gru_v2_lw,-2,1,4,68.27803684780231,159.37186875428392,77.2844243318217,1300.0
gru_v2_lw,-2,1,6,82.62039398060395,192.21975007100392,93.36828013743596,1300.0
gru_v2_lw,-2,1,8,94.24478052319242,218.71839218169305,106.91252907539452,1300.0
gru_v2_lw,-2,1,10,99.65016725497178,229.05300362889312,113.20609158564433,1300.0
gru_v2_lw,-2,1,12,104.96288852567282,238.9481930627874,119.8369772467341,1300.0
gru_v2_lw,-2,2,1,9.447775440347883,15.408189938146142,16.144501078150647,1300.0
gru_v2_lw,-2,2,2,10.977410858537143,18.677725164400492,19.350486963223187,1300.0
gru_v2_lw,-2,2,3,12.46197139447125,21.281613000132232,22.568464703066446,1300.0
gru_v2_lw,-2,2,4,14.034942994929734,23.999268584778363,26.045085995952725,1300.0
gru_v2_lw,-2,2,6,16.491233526026974,30.37274808262068,30.433537078973576,1300.0
gru_v2_lw,-2,2,8,19.10578745593675,35.25662477518447,36.86518141823811,1300.0
gru_v2_lw,-2,2,10,20.921432442528985,39.16469412632426,43.996301722832214,1300.0
gru_v2_lw,-2,2,12,23.021905390560054,43.92375639130255,46.328546398725265,1300.0
gru_v2_lw,-2,3,1,16.979615779622243,35.52903553268354,33.734841437525105,1300.0
gru_v2_lw,-2,3,2,21.648956307677437,48.37678868344759,45.705499592636315,1300.0
gru_v2_lw,-2,3,3,23.975198316791168,54.368282257292215,51.15620935213666,1300.0
gru_v2_lw,-2,3,4,28.910383016369217,66.21157507593185,62.3758331789956,1300.0
gru_v2_lw,-2,3,6,33.17757324488081,76.25131404914652,74.3365061251024,1300.0
gru_v2_lw,-2,3,8,38.06246916189217,87.86531509904204,85.63726820724727,1300.0
gru_v2_lw,-2,3,10,39.74110055410187,92.24797580593687,90.40796338444372,1300.0
gru_v2_lw,-2,3,12,44.79266464966994,102.7590420424789,103.64686619441862,1300.0
gru_v2_lw,-2,4,1,7.092225141629063,15.862926489444444,24.893863015704685,1300.0
gru_v2_lw,-2,4,2,9.23343783157018,20.947943321359322,34.68796811144576,1300.0
gru_v2_lw,-2,4,3,10.89018950737977,24.587023668848023,39.65692152426793,1300.0
gru_v2_lw,-2,4,4,12.489294618228898,29.070967384291396,43.963650939301544,1300.0
gru_v2_lw,-2,4,6,16.29752108259234,38.42428370321633,60.20191479034913,1300.0
gru_v2_lw,-2,4,8,18.490655895088835,39.99984829475705,60.54951127370199,1300.0
gru_v2_lw,-2,4,10,20.11317260110894,39.7916042283924,58.21441451810364,1300.0
gru_v2_lw,-2,4,12,21.231526055101018,40.20298151541733,59.30978738854074,1300.0
gru_v2_lw,-2,5,1,6.990514516424479,18.592249852435263,37.96174997283566,1300.0
gru_v2_lw,-2,5,2,7.9052038097448305,19.786029094092488,39.496029976875555,1300.0
gru_v2_lw,-2,5,3,9.025644961629743,21.828493676854226,47.54893744376398,1300.0
gru_v2_lw,-2,5,4,9.737606817079135,23.209470237673738,46.29295608016752,1300.0
gru_v2_lw,-2,5,6,10.042702609727499,22.721631078678865,44.16912178070314,1300.0
gru_v2_lw,-2,5,8,10.168165162879115,23.141676798265088,56.70763436728908,1300.0
gru_v2_lw,-2,5,10,10.077852358249231,23.108374704061738,68.64727006323876,1300.0
gru_v2_lw,-2,5,12,10.091993765396674,24.70802417901261,76.57436000916266,1300.0
gru_v2_lw,-2,6,1,11.530015875572023,20.4139697436231,23.710522102898565,1325.0
gru_v2_lw,-2,6,2,12.133928356628232,21.274769737143504,23.179075870020636,1325.0
gru_v2_lw,-2,6,3,13.463489709926664,22.881660572805718,24.973189994435884,1325.0
gru_v2_lw,-2,6,4,14.231960828331001,24.404741757525922,25.307559136429738,1325.0
gru_v2_lw,-2,6,6,15.423847002460498,26.860626667436804,25.26883474814481,1325.0
gru_v2_lw,-2,6,8,16.76005705245658,29.82124633524883,28.652926417774168,1325.0
gru_v2_lw,-2,6,10,16.697437457939575,27.810289398103375,32.36171054262026,1325.0
gru_v2_lw,-2,6,12,17.926084120339663,30.829954242197463,33.45706763651607,1325.0
gru_v2_lw,-2,7,1,17.744191298822944,39.37070119365882,34.704304334381725,1300.0
gru_v2_lw,-2,7,2,21.022732796169674,47.09499880704963,41.32028014058909,1300.0
gru_v2_lw,-2,7,3,24.011867566593708,52.71798323181807,49.81258088202516,1300.0
gru_v2_lw,-2,7,4,27.137499016486107,59.51192799133713,55.92181664890002,1300.0
gru_v2_lw,-2,7,6,30.547828498843412,63.72951195959019,60.415343207597076,1300.0
gru_v2_lw,-2,7,8,32.64406283035086,66.20420349875371,62.57594671157335,1300.0
gru_v2_lw,-2,7,10,33.58868654655615,68.1347135095612,62.306225323233726,1300.0
gru_v2_lw,-2,7,12,33.861819229175765,69.56926267746921,64.93389888731737,1300.0
gru_v2_lw,-2,8,1,8.986995708661583,17.838854825551966,19.993255143330014,1300.0
gru_v2_lw,-2,8,2,9.241191305013803,16.09516085950483,17.652846005045134,1300.0
gru_v2_lw,-2,8,3,10.778227385732418,22.144396383333692,26.470817166361314,1300.0
gru_v2_lw,-2,8,4,11.003863687813283,22.995985176942764,23.181723339187688,1300.0
gru_v2_lw,-2,8,6,13.372107527488126,31.62952397311455,33.07815157113404,1300.0
gru_v2_lw,-2,8,8,16.28783180073817,39.43713269075489,44.158244565232046,1300.0
gru_v2_lw,-2,8,10,17.833149786140197,44.686654025141436,52.72426599264145,1300.0
gru_v2_lw,-2,8,12,18.358203502744438,44.859290975766015,53.88205989845868,1300.0
gru_v2_lw,-2,9,1,8.366059468125997,15.407114384694557,17.96140384847678,1300.0
gru_v2_lw,-2,9,2,9.748067149372341,18.75500182622011,25.300031249962963,1300.0
gru_v2_lw,-2,9,3,10.85737052670483,21.244353715263664,29.049565300056077,1300.0
gru_v2_lw,-2,9,4,12.148849122663423,24.64770996296979,32.12743709388288,1300.0
gru_v2_lw,-2,9,6,13.824722093435792,28.12580323253427,37.78534926430693,1300.0
gru_v2_lw,-2,9,8,15.318354589782942,32.22191954341867,43.642385283720145,1300.0
gru_v2_lw,-2,9,10,17.468382566665802,37.46874315313535,43.80445166727871,1300.0
gru_v2_lw,-2,9,12,17.92204984466975,38.20424943225621,47.17382961569481,1300.0
gru_v2_lw,0,0,1,10.14783488925195,21.687738681452096,20.248590577767352,1325.0
gru_v2_lw,0,0,2,12.007534567708115,28.83125884128021,26.394377891937175,1325.0
gru_v2_lw,0,0,3,12.647446569537498,29.548365322040944,27.54884604485653,1325.0
gru_v2_lw,0,0,4,13.446770732524225,32.57604686051808,30.551245534150613,1325.0
gru_v2_lw,0,0,6,15.09208596466074,37.454270340873755,35.61981839873949,1325.0
gru_v2_lw,0,0,8,15.909469912441553,38.73652032788975,35.20625804457287,1325.0
gru_v2_lw,0,0,10,16.04682083459852,37.72897246910238,35.335830140612906,1325.0
gru_v2_lw,0,0,12,16.376113960149013,37.082325554995485,34.13419441442074,1325.0
gru_v2_lw,0,1,1,40.27470823420928,86.98380954893561,44.9497889362717,1300.0
gru_v2_lw,0,1,2,52.20458880519638,117.31069001673593,58.570133890481785,1300.0
gru_v2_lw,0,1,3,58.90680632102948,136.86998206625324,66.73092190022422,1300.0
gru_v2_lw,0,1,4,71.23050325116573,167.1528582958423,80.87050433942791,1300.0
gru_v2_lw,0,1,6,81.7355219800541,191.26555118140928,92.38330501661748,1300.0
gru_v2_lw,0,1,8,94.54825879320502,219.64879460205415,106.94161501050637,1300.0
gru_v2_lw,0,1,10,101.98520286944623,234.29318638017267,116.60090387949663,1300.0
gru_v2_lw,0,1,12,107.83293145666329,243.3474436529525,123.39748693944442,1300.0
gru_v2_lw,0,2,1,9.665252633071862,15.754896554136591,16.431804117374803,1300.0
gru_v2_lw,0,2,2,11.002472715607055,18.864508588829434,19.77824173294581,1300.0
gru_v2_lw,0,2,3,12.56093504723448,21.34006118616501,23.01983845539582,1300.0
gru_v2_lw,0,2,4,16.352732287278542,29.723282922862083,30.020394830913332,1300.0
gru_v2_lw,0,2,6,17.87975773012982,35.08470109635185,29.865109415718052,1300.0
gru_v2_lw,0,2,8,18.619192371889948,34.824064727770946,37.987262851043496,1300.0
gru_v2_lw,0,2,10,20.338067221627213,38.32851171932527,44.382874597505335,1300.0
gru_v2_lw,0,2,12,23.47873575292241,45.79351075327872,48.936637945882566,1300.0
gru_v2_lw,0,3,1,17.0326798415947,35.65245166938075,33.77284008078277,1300.0
gru_v2_lw,0,3,2,22.439986404903557,49.94410097304383,47.77379384568008,1300.0
gru_v2_lw,0,3,3,24.73240506157279,56.30045628240109,52.438984187272915,1300.0
gru_v2_lw,0,3,4,30.68199873216307,69.21045690649575,66.15748964772098,1300.0
gru_v2_lw,0,3,6,38.098623728598824,84.78365642040993,85.5870161671661,1300.0
gru_v2_lw,0,3,8,34.38413207180655,80.93022315904145,76.08410720276733,1300.0
gru_v2_lw,0,3,10,38.1960655843094,87.8285234429038,85.33389435724567,1300.0
gru_v2_lw,0,3,12,45.679541467876675,104.4890098267995,105.41001906492474,1300.0
gru_v2_lw,0,4,1,7.118845342922812,16.03781596136973,24.830182664414757,1300.0
gru_v2_lw,0,4,2,9.790504018598451,22.40820694422168,35.82880525099925,1300.0
gru_v2_lw,0,4,3,10.647715817630434,24.741328434046366,39.61211868432852,1300.0
gru_v2_lw,0,4,4,11.642517667761421,25.294703976687188,38.123248336661575,1300.0
gru_v2_lw,0,4,6,13.799524177366223,29.7389651314928,47.259672896474854,1300.0
gru_v2_lw,0,4,8,15.529047686171308,33.47347430109292,54.19262860575293,1300.0
gru_v2_lw,0,4,10,20.042029832431403,39.911706726918695,62.57061945067512,1300.0
gru_v2_lw,0,4,12,21.545564813621056,40.49079107920368,63.95823305896205,1300.0
gru_v2_lw,0,5,1,7.094983791632783,19.08076823710764,39.56677553730626,1300.0
gru_v2_lw,0,5,2,7.861804883839348,19.801338434913482,38.10856011221486,1300.0
gru_v2_lw,0,5,3,9.141901350884984,21.476748092639426,50.507123389551715,1300.0
gru_v2_lw,0,5,4,9.707337700869315,22.79001198130415,50.03611373805231,1300.0
gru_v2_lw,0,5,6,9.86346873159189,22.42625654521221,43.29614339336272,1300.0
gru_v2_lw,0,5,8,10.381094028366586,23.680865837437207,61.764646950748656,1300.0
gru_v2_lw,0,5,10,10.49491338750813,25.215482776166656,78.77857829582307,1300.0
gru_v2_lw,0,5,12,10.783495089939723,27.039519204602588,86.62458748154101,1300.0
gru_v2_lw,0,6,1,11.542754785585798,20.434398859993212,23.736503563050565,1325.0
gru_v2_lw,0,6,2,12.207856379959662,21.23455453030421,23.284087098878004,1325.0
gru_v2_lw,0,6,3,13.54637657893435,22.911962378386797,25.703957055727468,1325.0
gru_v2_lw,0,6,4,14.654978316752416,25.238243173717684,24.379041945369078,1325.0
gru_v2_lw,0,6,6,15.666383629042022,27.311667736470447,26.35041483209051,1325.0
gru_v2_lw,0,6,8,16.39411572353999,28.31370871724265,29.438263701981512,1325.0
gru_v2_lw,0,6,10,17.019636833165542,28.314473671698824,34.05353787464315,1325.0
gru_v2_lw,0,6,12,18.507608966613716,31.984197934306643,34.12395838468239,1325.0
gru_v2_lw,0,7,1,17.82992676037901,39.380827546641534,34.73025480282208,1300.0
gru_v2_lw,0,7,2,20.950889876281412,46.98798027202248,41.29312403766905,1300.0
gru_v2_lw,0,7,3,24.453449136860883,52.986542301351875,50.55803540390057,1300.0
gru_v2_lw,0,7,4,27.808310109816777,60.047894160796425,56.848842809946575,1300.0
gru_v2_lw,0,7,6,29.987774644996612,63.6648475404325,60.4187457650161,1300.0
gru_v2_lw,0,7,8,33.45875493555759,67.96427315129385,62.06894910278071,1300.0
gru_v2_lw,0,7,10,33.60535500577293,67.61189426065427,64.144010282704,1300.0
gru_v2_lw,0,7,12,35.786877256927006,71.74109576448973,67.86415759422727,1300.0
gru_v2_lw,0,8,1,9.119585894558293,18.221710927437524,20.417647707051245,1300.0
gru_v2_lw,0,8,2,9.342816227777647,16.443539318674965,18.54928827943473,1300.0
gru_v2_lw,0,8,3,11.114272344467732,22.299350811518792,26.936500340494618,1300.0
gru_v2_lw,0,8,4,11.281416564280024,23.779098916592318,25.142533359034307,1300.0
gru_v2_lw,0,8,6,13.957620322578228,32.552695166816854,35.35454628755306,1300.0
gru_v2_lw,0,8,8,17.7782683460178,40.976244787435036,45.50297218602279,1300.0
gru_v2_lw,0,8,10,17.935938856676938,45.4553649230317,53.08197240747254,1300.0
gru_v2_lw,0,8,12,19.039695060824833,46.21444753462961,53.89616221395032,1300.0
gru_v2_lw,0,9,1,8.386639796687433,15.35163733380803,18.207681394317774,1300.0
gru_v2_lw,0,9,2,9.968754813170168,19.165094790674594,26.11900773210433,1300.0
gru_v2_lw,0,9,3,11.246049254702319,21.692613429453832,29.357210055427643,1300.0
gru_v2_lw,0,9,4,12.272457045275816,24.693028619371983,32.05304327288878,1300.0
gru_v2_lw,0,9,6,14.347986766542666,28.66414139250739,37.57208234824023,1300.0
gru_v2_lw,0,9,8,16.516796025723497,34.67958717814675,45.05991630516585,1300.0
gru_v2_lw,0,9,10,17.15144779452481,35.14766415533013,48.638543793298666,1300.0
gru_v2_lw,0,9,12,18.43885057565398,38.47022603876098,49.68306507965893,1300.0
gru_v2_lw,1,0,1,10.24780151391929,21.900799533842413,20.295006721643574,1325.0
gru_v2_lw,1,0,2,11.757477322618636,27.420104977405984,25.409866969843034,1325.0
gru_v2_lw,1,0,3,12.533490642159299,29.784361524274885,27.868127707812256,1325.0
gru_v2_lw,1,0,4,13.67958140900218,33.25602112612488,31.58152915945666,1325.0
gru_v2_lw,1,0,6,14.339876068240418,34.82176990094883,33.32681552317956,1325.0
gru_v2_lw,1,0,8,15.235584394274156,36.183248990134274,35.111558661427836,1325.0
gru_v2_lw,1,0,10,17.011083910607752,39.8866877290742,32.68985391426095,1325.0
gru_v2_lw,1,0,12,16.431666092483223,37.09853282949559,32.955415062080164,1325.0
gru_v2_lw,1,1,1,38.29088656700574,84.45381464296761,42.68867561183669,1300.0
gru_v2_lw,1,1,2,51.196158382021466,115.59906693562488,57.42914614562928,1300.0
gru_v2_lw,1,1,3,56.17598920016334,127.35228696158961,63.40129421403903,1300.0
gru_v2_lw,1,1,4,63.89520175816921,143.6572808490398,71.92790925516154,1300.0
gru_v2_lw,1,1,6,83.43746021862214,192.4114988024305,94.08800006957468,1300.0
gru_v2_lw,1,1,8,94.90142428597579,217.6192841107959,107.40105287907261,1300.0
gru_v2_lw,1,1,10,102.27051785084491,233.17348440769183,115.94541179676351,1300.0
gru_v2_lw,1,1,12,102.32982337426681,231.86624306746077,116.3262034892046,1300.0
gru_v2_lw,1,2,1,9.437621833928503,15.306771694610735,16.456747484253547,1300.0
gru_v2_lw,1,2,2,11.172387112108856,18.821575416693136,19.689845073081198,1300.0
gru_v2_lw,1,2,3,12.609125018790364,21.504781820468597,22.628344803502706,1300.0
gru_v2_lw,1,2,4,13.67674133680761,23.607988380626082,24.28917271788522,1300.0
gru_v2_lw,1,2,6,16.67096939128752,30.369824045830867,31.884034071868157,1300.0
gru_v2_lw,1,2,8,20.291640083995432,38.182989454794956,36.36044518600453,1300.0
gru_v2_lw,1,2,10,21.03196414745771,39.50755445676033,42.473432458364044,1300.0
gru_v2_lw,1,2,12,24.71254995388767,45.97495923176989,46.02338010880537,1300.0
gru_v2_lw,1,3,1,17.552198994066924,37.192905570962154,35.10779488690886,1300.0
gru_v2_lw,1,3,2,22.297402027598046,50.59595494133905,47.03107309285082,1300.0
gru_v2_lw,1,3,3,24.935045800543428,56.77282160065328,53.129218263911596,1300.0
gru_v2_lw,1,3,4,30.983448208788268,71.54734496586694,67.96140446931813,1300.0
gru_v2_lw,1,3,6,31.540330945567156,73.04390795244923,69.63254178933674,1300.0
gru_v2_lw,1,3,8,37.885477156372595,88.23956128392372,84.59238048649135,1300.0
gru_v2_lw,1,3,10,41.84247948379184,96.38109954296621,94.98633606736979,1300.0
gru_v2_lw,1,3,12,44.3155222555755,101.15840341031902,101.93424400907918,1300.0
gru_v2_lw,1,4,1,7.243739456497491,16.100967273694362,25.6946751337785,1300.0
gru_v2_lw,1,4,2,9.403202156488998,22.263322825861326,38.3963145842919,1300.0
gru_v2_lw,1,4,3,11.192006020812372,24.911367688821496,40.91714046551631,1300.0
gru_v2_lw,1,4,4,13.152437122725399,31.366518043084092,47.68506655224368,1300.0
gru_v2_lw,1,4,6,18.643094241876476,46.477873310703266,69.88250725085919,1300.0
gru_v2_lw,1,4,8,20.053976147785278,44.8648450571911,64.90828734381586,1300.0
gru_v2_lw,1,4,10,19.282809413965577,38.48837112307051,57.80878167070894,1300.0
gru_v2_lw,1,4,12,21.26499446778343,41.081869938125074,57.30134156422737,1300.0
gru_v2_lw,1,5,1,7.020605582670362,18.565931843988913,38.20357000058697,1300.0
gru_v2_lw,1,5,2,8.0655177555021,19.97755290863192,42.52054005284463,1300.0
gru_v2_lw,1,5,3,9.088373700099137,22.26578386814872,46.763468527986156,1300.0
gru_v2_lw,1,5,4,9.715834586894385,23.28512970815351,47.385766619636165,1300.0
gru_v2_lw,1,5,6,10.02317026135064,22.64640459046695,47.741760869180005,1300.0
gru_v2_lw,1,5,8,10.480527249022316,24.4790655474835,65.56213970338145,1300.0
gru_v2_lw,1,5,10,10.147358803942513,23.67353268105344,62.190001157022294,1300.0
gru_v2_lw,1,5,12,10.474260614125345,24.87035500713009,73.12603685163683,1300.0
gru_v2_lw,1,6,1,11.590005928259695,20.43526848665817,24.12096754538602,1325.0
gru_v2_lw,1,6,2,12.206284946872378,21.484961153466205,22.943911819622436,1325.0
gru_v2_lw,1,6,3,13.588649958800524,23.193217436069187,24.517134712687856,1325.0
gru_v2_lw,1,6,4,14.117920462025927,24.021313849794375,27.348755507633605,1325.0
gru_v2_lw,1,6,6,15.417517669659881,26.594119747174044,26.297342875394328,1325.0
gru_v2_lw,1,6,8,18.044851155605798,33.79706636585905,27.666490117537563,1325.0
gru_v2_lw,1,6,10,17.026476943322045,28.277205621974716,31.27415329564748,1325.0
gru_v2_lw,1,6,12,18.27280250936325,31.61527475151063,32.03633622337004,1325.0
gru_v2_lw,1,7,1,17.659069847903716,39.168101450302004,34.2799351832755,1300.0
gru_v2_lw,1,7,2,21.556754516282908,47.59963019927302,42.7584087379051,1300.0
gru_v2_lw,1,7,3,24.030611052309663,53.133532236815135,49.83790067995875,1300.0
gru_v2_lw,1,7,4,26.965437008814455,59.350425222584434,55.33309606657705,1300.0
gru_v2_lw,1,7,6,31.708814572031752,64.55372227735914,61.60807824463227,1300.0
gru_v2_lw,1,7,8,31.671968891559743,66.28877446991419,65.5804553869342,1300.0
gru_v2_lw,1,7,10,34.951455187134876,73.16135414506205,64.18639309319204,1300.0
gru_v2_lw,1,7,12,34.47039787400729,71.65308023454169,64.91908412215302,1300.0
gru_v2_lw,1,8,1,9.003099208223777,17.605803544726864,19.977076484417093,1300.0
gru_v2_lw,1,8,2,9.506603460793311,16.59351789569796,18.582614834555265,1300.0
gru_v2_lw,1,8,3,11.1793058014833,24.26738670118706,28.6739584511724,1300.0
gru_v2_lw,1,8,4,11.056750928263824,22.19843620010591,23.073773031604702,1300.0
gru_v2_lw,1,8,6,14.435075951516628,34.119898807033294,32.496467820323744,1300.0
gru_v2_lw,1,8,8,17.213323863274777,41.25760864290564,46.53476848910595,1300.0
gru_v2_lw,1,8,10,18.92303933349832,45.830030590822325,53.76801223667531,1300.0
gru_v2_lw,1,8,12,18.61738135347716,42.986629847505796,51.5042662754141,1300.0
gru_v2_lw,1,9,1,8.425948666252483,15.48974232789166,17.824368245393327,1300.0
gru_v2_lw,1,9,2,9.92344127220603,19.35188940958456,25.34305807803441,1300.0
gru_v2_lw,1,9,3,10.964235526207977,21.721563249775812,30.35091148490466,1300.0
gru_v2_lw,1,9,4,12.629350069103978,26.05132473914544,33.89230141246203,1300.0
gru_v2_lw,1,9,6,13.475446213673656,27.685522318600295,36.90716804781006,1300.0
gru_v2_lw,1,9,8,15.101160202358777,31.874859707804042,42.82417080066737,1300.0
gru_v2_lw,1,9,10,18.541627466066814,41.170041412604476,40.58800422161528,1300.0
gru_v2_lw,1,9,12,18.603603044390105,41.674976892801496,44.15798081009133,1300.0
gru_v2_lw,2,0,1,9.974949492434707,20.74369306921683,18.612223169645347,1325.0
gru_v2_lw,2,0,2,12.372545439828393,30.379616467475568,27.63476499899338,1325.0
gru_v2_lw,2,0,3,12.632373039469755,29.750739140559403,27.43601117720617,1325.0
gru_v2_lw,2,0,4,13.520101223914128,33.593970514528465,30.811029913703685,1325.0
gru_v2_lw,2,0,6,14.807197221491908,36.72021569532174,33.879191408470525,1325.0
gru_v2_lw,2,0,8,15.312381543628696,35.82543790211453,34.991866898588114,1325.0
gru_v2_lw,2,0,10,16.92784876869816,40.930080335675434,34.382392883069265,1325.0
gru_v2_lw,2,0,12,16.322149493629023,38.149027375499145,35.882641710323874,1325.0
gru_v2_lw,2,1,1,37.55549590830619,82.26302901768908,41.71755490108281,1300.0
gru_v2_lw,2,1,2,51.31955475353278,115.1137519384291,57.7075802512079,1300.0
gru_v2_lw,2,1,3,58.53874032742702,135.26820240743598,66.20741867775656,1300.0
gru_v2_lw,2,1,4,71.52895265285785,171.1195873711481,81.06764490394126,1300.0
gru_v2_lw,2,1,6,83.71085940335806,194.76710922453685,94.67658426905555,1300.0
gru_v2_lw,2,1,8,94.88985862942842,219.90586756577224,107.88378503661824,1300.0
gru_v2_lw,2,1,10,96.72459580940696,221.21327196427814,108.94346424703164,1300.0
gru_v2_lw,2,1,12,105.52303833159117,242.1902551694921,120.61467913828483,1300.0
gru_v2_lw,2,2,1,9.512294720233813,15.622623809919038,16.035406084342316,1300.0
gru_v2_lw,2,2,2,11.17126572718414,19.345349983456774,19.492106160237675,1300.0
gru_v2_lw,2,2,3,12.614107765020947,21.882344853086266,22.92767654670464,1300.0
gru_v2_lw,2,2,4,13.546648644137626,23.092013408262137,25.603937608036365,1300.0
gru_v2_lw,2,2,6,16.42214340492277,29.542948888298188,31.670198085025334,1300.0
gru_v2_lw,2,2,8,19.418351104560916,35.92607940150486,37.75630958918687,1300.0
gru_v2_lw,2,2,10,21.861599455280945,40.57809842565825,45.581440399199614,1300.0
gru_v2_lw,2,2,12,23.058479618447333,43.531988785957125,46.69739054803883,1300.0
gru_v2_lw,2,3,1,16.96901426537831,35.25698387525025,33.561639648572616,1300.0
gru_v2_lw,2,3,2,20.999249743400142,45.956119106755814,43.938467830043884,1300.0
gru_v2_lw,2,3,3,23.686267759254058,52.99545848688339,50.50867388838855,1300.0
gru_v2_lw,2,3,4,27.102482250712526,60.89997313135271,57.7275823284774,1300.0
gru_v2_lw,2,3,6,32.41312020285915,74.25071335311416,71.89344935404027,1300.0
gru_v2_lw,2,3,8,45.06060997053837,98.95452561581425,101.4892607451487,1300.0
gru_v2_lw,2,3,10,42.75433780781065,95.53896285303128,95.84961798915468,1300.0
gru_v2_lw,2,3,12,45.627558813664635,103.67700279031895,103.8840525299389,1300.0
gru_v2_lw,2,4,1,7.008575820578055,15.785347863498009,24.862603503414707,1300.0
gru_v2_lw,2,4,2,8.678627474421921,19.31560966243134,30.75074273500687,1300.0
gru_v2_lw,2,4,3,11.237911359861206,25.6657772024808,41.74241868858663,1300.0
gru_v2_lw,2,4,4,12.98650588874311,32.30227647342977,48.58013773881472,1300.0
gru_v2_lw,2,4,6,17.140229241845574,42.739442388104656,66.67981820840102,1300.0
gru_v2_lw,2,4,8,20.647071048356594,45.0245701894066,67.57757350726006,1300.0
gru_v2_lw,2,4,10,21.437690918957458,42.794107972688586,57.70169977448944,1300.0
gru_v2_lw,2,4,12,21.24099566053599,40.19078866711254,58.92058995646289,1300.0
gru_v2_lw,2,5,1,6.936655786233202,18.309568992155718,37.457797096621604,1300.0
gru_v2_lw,2,5,2,7.888183754891551,19.832782265130128,40.286773316321835,1300.0
gru_v2_lw,2,5,3,8.990615121665044,22.075405404411153,47.807372823838264,1300.0
gru_v2_lw,2,5,4,10.135798478852061,24.325779667885264,44.85287432132229,1300.0
gru_v2_lw,2,5,6,10.710486581505348,24.09086246409074,50.03930891473447,1300.0
gru_v2_lw,2,5,8,10.143462588363775,22.393453980951946,50.91633000489204,1300.0
gru_v2_lw,2,5,10,10.4459835827013,22.7468733573169,66.81187109601113,1300.0
gru_v2_lw,2,5,12,10.413316310683193,24.86674989445172,76.5978230867655,1300.0
gru_v2_lw,2,6,1,11.534878923611469,20.485363909026233,23.34693912082705,1325.0
gru_v2_lw,2,6,2,12.161588354207716,21.3365057679841,23.41057260077575,1325.0
gru_v2_lw,2,6,3,13.465170193225285,22.844636879688938,24.987509028408034,1325.0
gru_v2_lw,2,6,4,14.347657810136816,24.558809285445072,25.022970313655918,1325.0
gru_v2_lw,2,6,6,15.880174951748748,27.87879471233769,24.22735087830445,1325.0
gru_v2_lw,2,6,8,16.848758529714477,29.268891424431597,29.756251082338135,1325.0
gru_v2_lw,2,6,10,16.70006269559018,27.89607697927216,32.95244127396366,1325.0
gru_v2_lw,2,6,12,17.702811167417973,29.950088552242455,34.9931802705958,1325.0
gru_v2_lw,2,7,1,17.96031809156331,39.84532440245912,35.42689177549904,1300.0
gru_v2_lw,2,7,2,20.97880110853853,47.17960727202018,40.72197186585629,1300.0
gru_v2_lw,2,7,3,24.217849967495468,52.86504732688296,49.852514958578695,1300.0
gru_v2_lw,2,7,4,27.193512756887536,59.79623300729788,56.36995153527286,1300.0
gru_v2_lw,2,7,6,31.294579759599472,64.57511129137269,61.984942377106215,1300.0
gru_v2_lw,2,7,8,35.16720363456899,69.19737228945263,63.67769427860243,1300.0
gru_v2_lw,2,7,10,34.32948331905529,68.16082514724438,61.97017616838135,1300.0
gru_v2_lw,2,7,12,32.5519612616974,67.65910111555146,63.18982651197549,1300.0
gru_v2_lw,2,8,1,9.112629887318382,18.550487272478556,20.385518667615692,1300.0
gru_v2_lw,2,8,2,9.407332409631747,16.39752526340091,17.95872995771211,1300.0
gru_v2_lw,2,8,3,10.629066753598073,21.370995708855165,26.20592309524273,1300.0
gru_v2_lw,2,8,4,11.44139641541701,24.62455505797436,24.344419986626196,1300.0
gru_v2_lw,2,8,6,13.503121684110509,31.608436304728837,33.291224475564626,1300.0
gru_v2_lw,2,8,8,16.2976044733487,39.43054781228257,44.14011998998708,1300.0
gru_v2_lw,2,8,10,18.446644662108557,44.977733832829024,52.27811705983918,1300.0
gru_v2_lw,2,8,12,19.084695412333193,48.06168879008187,58.44799046865825,1300.0
gru_v2_lw,2,9,1,8.453688847219142,15.754834037686617,18.184392734638696,1300.0
gru_v2_lw,2,9,2,9.728111133217238,18.539532959792595,25.140012340638243,1300.0
gru_v2_lw,2,9,3,10.766873892521343,21.27639594210073,28.29572431178926,1300.0
gru_v2_lw,2,9,4,12.032341468034026,24.08902684390969,31.54721242941699,1300.0
gru_v2_lw,2,9,6,14.125075594989154,28.98178952193912,39.604296876388844,1300.0
gru_v2_lw,2,9,8,15.022581972577251,31.326609669770583,43.67564066984121,1300.0
gru_v2_lw,2,9,10,18.395017462497435,41.47339694830075,45.505472032913886,1300.0
gru_v2_lw,2,9,12,17.478124886590702,36.43141765597487,48.0800984160414,1300.0
gru_v2_quantile,-2,0,1,9.98078238345261,21.14264166422341,19.21749266626387,1325.0
gru_v2_quantile,-2,0,2,11.59539769787974,26.20727314568014,24.435260220104567,1325.0
gru_v2_quantile,-2,0,3,13.048858901453467,30.827111894522247,28.716114299824344,1325.0
gru_v2_quantile,-2,0,4,13.543788973064917,33.15373964349562,30.750028243804046,1325.0
gru_v2_quantile,-2,0,6,14.614741617083409,35.92158201935963,33.89763144866726,1325.0
gru_v2_quantile,-2,0,8,14.157116561806145,32.94395489055408,30.860450335899316,1325.0
gru_v2_quantile,-2,0,10,14.242929748717064,31.881800801653117,30.61624855223496,1325.0
gru_v2_quantile,-2,0,12,15.44941078883297,35.55343068074173,32.82767068506298,1325.0
gru_v2_quantile,-2,1,1,38.105130583735615,83.9713455637455,42.08192527914818,1300.0
gru_v2_quantile,-2,1,2,48.90931738271163,110.867379331103,54.1321753258123,1300.0
gru_v2_quantile,-2,1,3,57.326658469392704,129.84765743758646,63.91865919361851,1300.0
gru_v2_quantile,-2,1,4,63.1940363991719,144.971610352571,71.11260240173212,1300.0
gru_v2_quantile,-2,1,6,77.48988062661428,179.68268588585596,87.63958595117931,1300.0
gru_v2_quantile,-2,1,8,90.05197990536689,206.93151310320903,102.16249006339207,1300.0
gru_v2_quantile,-2,1,10,97.31204252100908,222.99322784911143,111.27279081480508,1300.0
gru_v2_quantile,-2,1,12,106.82315736296086,241.0347255240405,122.43424051753922,1300.0
gru_v2_quantile,-2,2,1,9.587243234583966,15.682386962007694,16.412339978820675,1300.0
gru_v2_quantile,-2,2,2,11.826950892920678,21.389024198531537,21.042042872844597,1300.0
gru_v2_quantile,-2,2,3,14.26857926069544,25.311636571624625,24.1583164726749,1300.0
gru_v2_quantile,-2,2,4,17.06174385383752,30.225474902003135,28.856788093217347,1300.0
gru_v2_quantile,-2,2,6,19.537891739183465,35.31831154236904,33.96550952645885,1300.0
gru_v2_quantile,-2,2,8,20.335205850953667,37.84491395569476,37.10007212482966,1300.0
gru_v2_quantile,-2,2,10,21.660966310054064,39.169119795686434,40.58009564614558,1300.0
gru_v2_quantile,-2,2,12,22.982686958954883,41.67713898809955,42.70373480595075,1300.0
gru_v2_quantile,-2,3,1,16.593946543874647,34.816546351625945,32.69127323710117,1300.0
gru_v2_quantile,-2,3,2,20.443277287534798,45.12347757540608,43.265391434816756,1300.0
gru_v2_quantile,-2,3,3,23.992996223328205,54.24641051536663,50.65295068284168,1300.0
gru_v2_quantile,-2,3,4,28.54191150754117,68.58521811851537,62.52287070049333,1300.0
gru_v2_quantile,-2,3,6,31.926678602214043,76.46378909138855,71.88343393858992,1300.0
gru_v2_quantile,-2,3,8,38.07010253893641,89.84762675847071,86.29233174722548,1300.0
gru_v2_quantile,-2,3,10,41.630290423196094,97.48226645215125,95.66316294025223,1300.0
gru_v2_quantile,-2,3,12,43.30661012987678,99.88757495566391,97.91412932582263,1300.0
gru_v2_quantile,-2,4,1,7.03106873928829,15.655639887902227,24.194146922510914,1300.0
gru_v2_quantile,-2,4,2,9.455639450931205,21.34069417658807,36.41884772594158,1300.0
gru_v2_quantile,-2,4,3,11.27295274944349,25.99067890623277,43.40795303002382,1300.0
gru_v2_quantile,-2,4,4,13.098367290467007,30.451687454713362,46.53463995558584,1300.0
gru_v2_quantile,-2,4,6,17.08442710224145,37.97248858561735,57.5851185016143,1300.0
gru_v2_quantile,-2,4,8,19.857164228865877,40.695277777937406,61.78766996432574,1300.0
gru_v2_quantile,-2,4,10,21.457019888277237,40.982530273968884,62.104078335639755,1300.0
gru_v2_quantile,-2,4,12,24.378659495000655,45.709709607948476,66.814504450203,1300.0
gru_v2_quantile,-2,5,1,6.925855063203579,18.114090155556273,37.53909159475757,1300.0
gru_v2_quantile,-2,5,2,7.8873015269004885,20.152044398604218,38.97090353119758,1300.0
gru_v2_quantile,-2,5,3,9.196445932254518,22.43604291085364,49.11846729247801,1300.0
gru_v2_quantile,-2,5,4,9.825311739818627,23.08322274817824,50.603673991657075,1300.0
gru_v2_quantile,-2,5,6,10.13543438908832,22.558536072486827,48.78061833593153,1300.0
gru_v2_quantile,-2,5,8,10.231153798515711,22.450960942778917,56.851575685124246,1300.0
gru_v2_quantile,-2,5,10,9.881369695442622,21.948172269178887,69.24966084091893,1300.0
gru_v2_quantile,-2,5,12,10.135258446966585,24.147981005422846,76.1616139584972,1300.0
gru_v2_quantile,-2,6,1,11.516560083078485,20.565205439073,23.043246762505895,1325.0
gru_v2_quantile,-2,6,2,12.26541273215399,21.635117753143746,21.00788761212908,1325.0
gru_v2_quantile,-2,6,3,13.468629698629648,22.97980279986041,23.01369497192831,1325.0
gru_v2_quantile,-2,6,4,14.044192593255133,23.99477638001818,23.223699530907744,1325.0
gru_v2_quantile,-2,6,6,15.083064294359911,25.881322021883328,25.37495968105464,1325.0
gru_v2_quantile,-2,6,8,16.490643091349387,29.398319859532116,28.218188548267914,1325.0
gru_v2_quantile,-2,6,10,17.494575923522408,31.25509209671953,31.133068647877923,1325.0
gru_v2_quantile,-2,6,12,18.077516104536798,31.790142250466122,32.59927024255539,1325.0
gru_v2_quantile,-2,7,1,17.75579118917768,39.753508980521765,32.92923996829461,1300.0
gru_v2_quantile,-2,7,2,21.136379275287574,47.63099197990668,40.777303967594115,1300.0
gru_v2_quantile,-2,7,3,24.0820419657345,53.55665023474634,49.07845747109616,1300.0
gru_v2_quantile,-2,7,4,27.471238753944636,60.274734567576765,56.534336246242205,1300.0
gru_v2_quantile,-2,7,6,30.689851599094958,65.43899989187966,59.14322153152513,1300.0
gru_v2_quantile,-2,7,8,32.672202442311324,69.39753477934705,59.10722344760724,1300.0
gru_v2_quantile,-2,7,10,34.459561995164705,71.53940242692934,59.976607191784325,1300.0
gru_v2_quantile,-2,7,12,33.22691911476163,69.49262595434004,64.38566689517543,1300.0
gru_v2_quantile,-2,8,1,9.113682133096916,18.20701654941169,21.125208725189342,1300.0
gru_v2_quantile,-2,8,2,9.236385363179904,16.228630206140895,16.995543861800225,1300.0
gru_v2_quantile,-2,8,3,11.031836894269173,22.241178031135533,26.3094637607706,1300.0
gru_v2_quantile,-2,8,4,11.0781109010944,23.165703072139234,24.52275292976149,1300.0
gru_v2_quantile,-2,8,6,13.633336325929715,30.812159821138927,33.46689324872247,1300.0
gru_v2_quantile,-2,8,8,16.08169947711321,39.514300183446444,45.30068475295757,1300.0
gru_v2_quantile,-2,8,10,17.507246974294002,43.851465265789784,52.68933621028374,1300.0
gru_v2_quantile,-2,8,12,17.840995292113377,46.31101403567082,54.98338757383412,1300.0
gru_v2_quantile,-2,9,1,8.2406183775629,14.842966214523159,16.743378994534318,1300.0
gru_v2_quantile,-2,9,2,9.70947043469319,18.33980719409181,24.85788379537249,1300.0
gru_v2_quantile,-2,9,3,11.119484326005555,22.022892947282735,29.204162285744566,1300.0
gru_v2_quantile,-2,9,4,12.37820758329561,25.24159689146764,32.17789978888428,1300.0
gru_v2_quantile,-2,9,6,15.708594883496945,36.12773768856702,37.65751577812491,1300.0
gru_v2_quantile,-2,9,8,16.562042481670012,38.30717005779335,39.10083494024369,1300.0
gru_v2_quantile,-2,9,10,17.893851384497605,39.916257486424634,40.59282021904455,1300.0
gru_v2_quantile,-2,9,12,18.52929486310253,41.62280739471248,43.93339829884687,1300.0
gru_v2_quantile,0,0,1,10.068712465335738,21.194037326777963,19.35148562579337,1325.0
gru_v2_quantile,0,0,2,11.785629511256262,26.654255182079226,24.89626858816982,1325.0
gru_v2_quantile,0,0,3,13.31289669983089,31.641949354223915,29.650305318935526,1325.0
gru_v2_quantile,0,0,4,13.940939207543742,34.33959853264248,31.906636126297343,1325.0
gru_v2_quantile,0,0,6,14.502354037626734,35.52525120120481,32.9568907103296,1325.0
gru_v2_quantile,0,0,8,14.35825864041189,33.07944754786457,30.653378659911915,1325.0
gru_v2_quantile,0,0,10,14.340446087962613,31.215555391201786,30.410737976484462,1325.0
gru_v2_quantile,0,0,12,15.636058023673183,36.36031494564382,32.70802953376272,1325.0
gru_v2_quantile,0,1,1,38.87757151585359,84.74619001277006,42.98766593252521,1300.0
gru_v2_quantile,0,1,2,49.72154611642544,110.74855532340818,54.84351619569789,1300.0
gru_v2_quantile,0,1,3,57.074052800673705,127.59531673553074,63.550082317588576,1300.0
gru_v2_quantile,0,1,4,64.51845139668538,154.4328497929542,72.97129959756211,1300.0
gru_v2_quantile,0,1,6,78.13388944240717,181.3580101124121,88.41783350245957,1300.0
gru_v2_quantile,0,1,8,95.53363430135525,221.74174804665267,108.83402020362485,1300.0
gru_v2_quantile,0,1,10,99.87647533309001,233.0458712547491,113.95057132182045,1300.0
gru_v2_quantile,0,1,12,107.81430728664765,245.73981107110566,123.52660103784322,1300.0
gru_v2_quantile,0,2,1,9.866443631167595,16.268091440409332,16.745560762646434,1300.0
gru_v2_quantile,0,2,2,11.865192283873375,21.314999613492216,20.85773444044721,1300.0
gru_v2_quantile,0,2,3,13.858972115149864,25.013365049451373,25.012552396718398,1300.0
gru_v2_quantile,0,2,4,16.742239450273605,30.098005757538623,29.12086075451566,1300.0
gru_v2_quantile,0,2,6,19.253734487335986,35.18705519265753,34.30284231147923,1300.0
gru_v2_quantile,0,2,8,20.635068652913546,38.89991233620867,38.348454309907154,1300.0
gru_v2_quantile,0,2,10,22.674990936941825,39.81617801781307,39.98665762384296,1300.0
gru_v2_quantile,0,2,12,23.013745934115008,42.578196204169316,44.424002891495114,1300.0
gru_v2_quantile,0,3,1,16.789194699959257,35.44615698114132,33.18298271423628,1300.0
gru_v2_quantile,0,3,2,20.6206534799303,45.39657874785654,43.65314985273265,1300.0
gru_v2_quantile,0,3,3,25.078457943252648,56.52784869273784,54.43097912313557,1300.0
gru_v2_quantile,0,3,4,30.44700471435602,73.99965914790069,67.35369964009699,1300.0
gru_v2_quantile,0,3,6,34.37097697391748,80.8344133760818,77.8279745710638,1300.0
gru_v2_quantile,0,3,8,39.32300719655083,93.17834744588538,89.10944175568386,1300.0
gru_v2_quantile,0,3,10,43.996064378498836,102.32966593228475,98.83946967337813,1300.0
gru_v2_quantile,0,3,12,44.109613104221914,100.08085848282838,96.22734736018822,1300.0
gru_v2_quantile,0,4,1,7.170039870095654,16.157380591591114,25.09016441483783,1300.0
gru_v2_quantile,0,4,2,10.432811192215349,23.838220714030804,39.265161465375854,1300.0
gru_v2_quantile,0,4,3,11.87471855996678,27.890308665245403,45.9385819353609,1300.0
gru_v2_quantile,0,4,4,14.074322339575021,32.7972005496104,49.02265641016838,1300.0
gru_v2_quantile,0,4,6,16.504561149404886,35.719496182877826,58.174005875220665,1300.0
gru_v2_quantile,0,4,8,19.12018135554802,39.619616449753096,64.13503997346275,1300.0
gru_v2_quantile,0,4,10,21.99605538845062,41.372491560725386,63.645313046936295,1300.0
gru_v2_quantile,0,4,12,25.398701873754078,48.1657227864197,65.67308397170825,1300.0
gru_v2_quantile,0,5,1,6.927271931476828,18.47194120447063,37.51350388219279,1300.0
gru_v2_quantile,0,5,2,8.092954389278491,20.62878599747388,44.90510795962426,1300.0
gru_v2_quantile,0,5,3,9.190543152954465,22.612095467445663,48.48974213677068,1300.0
gru_v2_quantile,0,5,4,9.855220895058904,23.620139822754776,48.33678303034075,1300.0
gru_v2_quantile,0,5,6,10.105472392598525,22.622654574026257,46.33489444948012,1300.0
gru_v2_quantile,0,5,8,10.08172582314493,21.949831251753814,53.69733627717341,1300.0
gru_v2_quantile,0,5,10,9.89578755993443,21.8963761024353,68.97836948931217,1300.0
gru_v2_quantile,0,5,12,10.100549993595408,23.733347441901827,73.60035419968828,1300.0
gru_v2_quantile,0,6,1,11.517328038333721,20.58536580267762,23.094934669034235,1325.0
gru_v2_quantile,0,6,2,12.340868003087223,21.78024320195437,21.046186976391695,1325.0
gru_v2_quantile,0,6,3,13.665512013705271,23.2734666564091,24.407849465207807,1325.0
gru_v2_quantile,0,6,4,14.24745419983594,24.42818679413022,24.437135824098668,1325.0
gru_v2_quantile,0,6,6,15.372545640935313,27.337869248166275,23.139715200868146,1325.0
gru_v2_quantile,0,6,8,16.6274631894169,29.82596987900275,27.566224529953868,1325.0
gru_v2_quantile,0,6,10,17.925907528498826,32.302808810601014,30.716065625692234,1325.0
gru_v2_quantile,0,6,12,19.282131778291372,36.32360617226804,32.516829419752646,1325.0
gru_v2_quantile,0,7,1,18.13406707802644,40.060360932367324,33.06103283051945,1300.0
gru_v2_quantile,0,7,2,21.07799032066877,47.17305284900271,39.75093797284381,1300.0
gru_v2_quantile,0,7,3,24.113446916731505,53.835410472583895,49.31247614303568,1300.0
gru_v2_quantile,0,7,4,27.32042084657802,59.48208438731034,56.36156031973763,1300.0
gru_v2_quantile,0,7,6,32.01041465993111,67.82115125687051,60.47020068575856,1300.0
gru_v2_quantile,0,7,8,32.53005340064947,68.57811417738104,59.408260161062245,1300.0
gru_v2_quantile,0,7,10,34.09899564768833,71.59042910090116,58.858778640402086,1300.0
gru_v2_quantile,0,7,12,33.266532948234904,69.30463460061131,67.23195311123347,1300.0
gru_v2_quantile,0,8,1,9.085298594465623,18.247225652713695,20.96749246695946,1300.0
gru_v2_quantile,0,8,2,9.311361859584084,15.957647499457954,16.404345300279815,1300.0
gru_v2_quantile,0,8,3,11.318737341394792,22.627865485197237,26.28824292051381,1300.0
gru_v2_quantile,0,8,4,11.306892209213514,22.142354277420452,24.266834263554934,1300.0
gru_v2_quantile,0,8,6,13.55822486446454,30.645147434821265,34.45969817145117,1300.0
gru_v2_quantile,0,8,8,16.239793779185185,38.817200109302505,43.95220255522892,1300.0
gru_v2_quantile,0,8,10,17.670535796605623,43.381636297666034,51.436695315920076,1300.0
gru_v2_quantile,0,8,12,18.394681708445916,46.13609475562995,52.29636339648017,1300.0
gru_v2_quantile,0,9,1,8.345849825900334,15.14920363546244,17.107221915883926,1300.0
gru_v2_quantile,0,9,2,9.55679013111127,17.982523401468658,24.24658625912898,1300.0
gru_v2_quantile,0,9,3,10.985708242202035,21.60338615439719,28.294807112332688,1300.0
gru_v2_quantile,0,9,4,12.331478459416674,25.614125433329995,30.440912549935497,1300.0
gru_v2_quantile,0,9,6,15.927339533464266,37.108621839621925,37.64666164731516,1300.0
gru_v2_quantile,0,9,8,16.254695650837743,36.212524733853456,39.202687707630176,1300.0
gru_v2_quantile,0,9,10,18.938984296723053,42.50599098015408,40.82479118374945,1300.0
gru_v2_quantile,0,9,12,18.036447766861663,38.48233935849865,44.36480182351418,1300.0
gru_v2_quantile,1,0,1,9.953441133116776,20.93648090951505,18.88637939455398,1325.0
gru_v2_quantile,1,0,2,11.94053111570483,27.850157027467034,26.081697456870163,1325.0
gru_v2_quantile,1,0,3,12.99776611558109,30.832893088478954,28.128603235939465,1325.0
gru_v2_quantile,1,0,4,13.568361755980636,32.75219183761979,30.303914856249836,1325.0
gru_v2_quantile,1,0,6,14.792857751766185,36.718305326567396,34.70089697458987,1325.0
gru_v2_quantile,1,0,8,14.69228496583987,34.50884931088153,32.737831387795126,1325.0
gru_v2_quantile,1,0,10,14.904399459791493,32.95193307883746,31.21519404952809,1325.0
gru_v2_quantile,1,0,12,16.082784630500466,37.78419965866388,34.71435300519231,1325.0
gru_v2_quantile,1,1,1,37.056405958166486,82.13348193699267,40.9503007245449,1300.0
gru_v2_quantile,1,1,2,48.397712276990596,111.28194319981255,53.81143128657897,1300.0
gru_v2_quantile,1,1,3,58.36950991456325,134.32314082827068,65.24781476937676,1300.0
gru_v2_quantile,1,1,4,59.26171581534239,129.0978417661031,66.26800955561804,1300.0
gru_v2_quantile,1,1,6,74.72306166016139,167.79372382908883,83.95508774093067,1300.0
gru_v2_quantile,1,1,8,87.8657181606843,200.64023428601297,99.02193816078416,1300.0
gru_v2_quantile,1,1,10,95.61154888088886,213.85524789364987,108.94942982342342,1300.0
gru_v2_quantile,1,1,12,104.45096828072977,232.37551441313312,119.54523024928406,1300.0
gru_v2_quantile,1,2,1,9.696553905142041,16.049844104488937,16.77393535729293,1300.0
gru_v2_quantile,1,2,2,11.95154602431334,21.289176219462064,21.084841488263546,1300.0
gru_v2_quantile,1,2,3,15.720516303711248,27.547893335963433,25.12674725590352,1300.0
gru_v2_quantile,1,2,4,18.123013014508984,31.770969191088792,29.59015330598236,1300.0
gru_v2_quantile,1,2,6,19.186813928851713,35.02500595304201,33.758338382310704,1300.0
gru_v2_quantile,1,2,8,19.64252810184199,36.80500309111375,36.42653408046171,1300.0
gru_v2_quantile,1,2,10,21.177893798087652,38.66380435665235,40.436505711995636,1300.0
gru_v2_quantile,1,2,12,23.291706164949215,42.2863521927713,43.50766309953871,1300.0
gru_v2_quantile,1,3,1,16.657964478295582,34.816390405300844,32.81353255029486,1300.0
gru_v2_quantile,1,3,2,21.152876209014885,47.244870752494336,44.88543547902788,1300.0
gru_v2_quantile,1,3,3,23.9106182914829,53.92355094385988,49.58822626125913,1300.0
gru_v2_quantile,1,3,4,28.093918832844267,67.28573766706286,61.066342692697,1300.0
gru_v2_quantile,1,3,6,32.900174736563976,77.75231485752892,71.66156904756272,1300.0
gru_v2_quantile,1,3,8,38.68261413783981,91.26314282171258,87.54606684867073,1300.0
gru_v2_quantile,1,3,10,42.11644287842971,97.94244716962326,96.49933443077597,1300.0
gru_v2_quantile,1,3,12,45.51201277949489,103.99380337648797,105.06083217792276,1300.0
gru_v2_quantile,1,4,1,7.267689771771772,15.94538250201217,24.864784909109783,1300.0
gru_v2_quantile,1,4,2,9.692009635819838,22.591871965610654,39.34425282682109,1300.0
gru_v2_quantile,1,4,3,11.738585941872488,26.602964388519002,45.0636703560495,1300.0
gru_v2_quantile,1,4,4,13.8017491529119,31.49856717207047,48.34826986606304,1300.0
gru_v2_quantile,1,4,6,19.624780361606526,47.55509895144434,69.35670710017538,1300.0
gru_v2_quantile,1,4,8,19.95545609428744,41.65838217941935,59.57963537150978,1300.0
gru_v2_quantile,1,4,10,18.49435744634471,36.833328036129274,59.86282549148951,1300.0
gru_v2_quantile,1,4,12,21.85875296118968,42.16015613849835,67.80368266146407,1300.0
gru_v2_quantile,1,5,1,6.977264559466051,18.06202639310271,37.97237017077784,1300.0
gru_v2_quantile,1,5,2,7.89292508013439,20.14230000253877,38.22902764812593,1300.0
gru_v2_quantile,1,5,3,9.372728161656548,22.983744162077876,52.72031089567369,1300.0
gru_v2_quantile,1,5,4,9.894206035912436,23.082384996026356,51.89293290530482,1300.0
gru_v2_quantile,1,5,6,10.1720595089955,22.684406977722954,48.047335588162944,1300.0
gru_v2_quantile,1,5,8,10.29006602357106,22.74142944020478,56.3412176639803,1300.0
gru_v2_quantile,1,5,10,9.825115191765676,22.156967672278217,68.36570340971792,1300.0
gru_v2_quantile,1,5,12,10.345116248846484,24.817933981201314,79.6664826581555,1300.0
gru_v2_quantile,1,6,1,11.527284787089195,20.48956851888426,22.608385766374653,1325.0
gru_v2_quantile,1,6,2,12.301707503463861,21.617678385971253,20.94691344992868,1325.0
gru_v2_quantile,1,6,3,13.433766484159344,22.835256066560056,22.432386632366427,1325.0
gru_v2_quantile,1,6,4,14.101401303674814,24.250495954536163,23.077378486507925,1325.0
gru_v2_quantile,1,6,6,14.892270813539342,25.108404265549662,26.49506757074389,1325.0
gru_v2_quantile,1,6,8,16.912980365733493,30.4600327676693,28.62887921723826,1325.0
gru_v2_quantile,1,6,10,17.035895801613915,29.477321427567784,32.8040892173504,1325.0
gru_v2_quantile,1,6,12,17.69316194564385,30.09507948462287,33.69920555887551,1325.0
gru_v2_quantile,1,7,1,17.68039407067574,39.792027602007124,33.28518509405047,1300.0
gru_v2_quantile,1,7,2,21.152752296855816,47.824676710469106,40.55656480592145,1300.0
gru_v2_quantile,1,7,3,24.59123232942361,53.5027494037628,49.17896656425203,1300.0
gru_v2_quantile,1,7,4,27.932423103077767,61.66112387640755,58.041420936666576,1300.0
gru_v2_quantile,1,7,6,30.716631203388367,65.23728991472302,60.26503184938562,1300.0
gru_v2_quantile,1,7,8,33.54177433237433,70.21622895344156,62.524942658903186,1300.0
gru_v2_quantile,1,7,10,34.25566073588347,70.96157575120273,62.00996133192512,1300.0
gru_v2_quantile,1,7,12,33.84870288092643,70.92885465920487,63.688927964977,1300.0
gru_v2_quantile,1,8,1,9.27400869176938,18.49674826065972,21.351396118361375,1300.0
gru_v2_quantile,1,8,2,9.283080837187859,16.48502736656845,17.327249637143364,1300.0
gru_v2_quantile,1,8,3,11.069532893208358,22.564011502301504,26.146298056635363,1300.0
gru_v2_quantile,1,8,4,11.530253124833107,25.45620789247336,26.31657640769564,1300.0
gru_v2_quantile,1,8,6,14.471364080195244,33.25786855036995,35.625376139015984,1300.0
gru_v2_quantile,1,8,8,16.8309347774203,41.30874513522511,47.96379026215652,1300.0
gru_v2_quantile,1,8,10,18.284860383295097,45.553781895533334,54.25937290356077,1300.0
gru_v2_quantile,1,8,12,18.666484588304392,48.24198143070406,58.515031819507996,1300.0
gru_v2_quantile,1,9,1,8.258269309960305,14.79530435432235,16.65495311172263,1300.0
gru_v2_quantile,1,9,2,9.787206293201217,18.488235806588353,25.130448748764483,1300.0
gru_v2_quantile,1,9,3,11.461766446029696,23.412374383002717,29.595714188316492,1300.0
gru_v2_quantile,1,9,4,12.666398357783372,25.71284066050484,33.60510171038433,1300.0
gru_v2_quantile,1,9,6,16.253921410487248,38.121249938872346,37.76255980510156,1300.0
gru_v2_quantile,1,9,8,18.100627415799178,45.60042822646907,40.82761943224564,1300.0
gru_v2_quantile,1,9,10,20.242927927581164,48.1937608491002,41.157636833422394,1300.0
gru_v2_quantile,1,9,12,20.9208116922241,56.345459393586815,40.8982273513831,1300.0
gru_v2_quantile,2,0,1,10.112396122807601,21.740511430119348,19.848765007183378,1325.0
gru_v2_quantile,2,0,2,11.330553515723572,24.783371290124645,22.81660911359293,1325.0
gru_v2_quantile,2,0,3,13.035531492788863,30.361185535834668,28.495750475502383,1325.0
gru_v2_quantile,2,0,4,13.363483231281334,32.69963771017443,30.287974992545983,1325.0
gru_v2_quantile,2,0,6,14.762374529152547,35.9145761296925,34.18602757446342,1325.0
gru_v2_quantile,2,0,8,14.069571987210491,32.05782963069751,30.076573288278645,1325.0
gru_v2_quantile,2,0,10,14.484010853078567,33.200052651555055,31.209970748388752,1325.0
gru_v2_quantile,2,0,12,15.571965624352671,34.50020348028852,32.11006377856273,1325.0
gru_v2_quantile,2,1,1,38.91717263716918,86.00984180984636,42.8908840323693,1300.0
gru_v2_quantile,2,1,2,49.49823284300474,112.05899141202646,54.76545499984837,1300.0
gru_v2_quantile,2,1,3,57.757060278012204,132.14594857383983,64.33022277958732,1300.0
gru_v2_quantile,2,1,4,67.81314764774763,156.70006583356624,76.36010946095311,1300.0
gru_v2_quantile,2,1,6,80.97965171382977,192.92718147595482,92.07687977282748,1300.0
gru_v2_quantile,2,1,8,88.18206017650091,200.739534557891,100.02490494281214,1300.0
gru_v2_quantile,2,1,10,98.6271520685691,224.05961573470518,112.9080692387355,1300.0
gru_v2_quantile,2,1,12,108.80619117885828,245.6649699772903,124.59517794614742,1300.0
gru_v2_quantile,2,2,1,9.482284240493408,15.419634628066788,16.165603411066662,1300.0
gru_v2_quantile,2,2,2,12.147478254437447,22.087955996544387,21.600943064460388,1300.0
gru_v2_quantile,2,2,3,14.164504460104956,25.382181625823982,24.594333917803162,1300.0
gru_v2_quantile,2,2,4,16.646164778247297,29.48890872910432,28.550527617116987,1300.0
gru_v2_quantile,2,2,6,20.422660392795404,36.471143470674036,34.16545120230961,1300.0
gru_v2_quantile,2,2,8,21.631822813703465,39.34692469226284,37.65518371362389,1300.0
gru_v2_quantile,2,2,10,22.04504874836152,40.974004380799194,42.01829081620925,1300.0
gru_v2_quantile,2,2,12,23.465051604845346,41.532203325712416,41.576635669002606,1300.0
gru_v2_quantile,2,3,1,16.484758709709233,34.437704279787766,32.29328538540031,1300.0
gru_v2_quantile,2,3,2,20.17488904396502,43.78581943392915,42.090884217945465,1300.0
gru_v2_quantile,2,3,3,24.093062827323493,54.96498002267648,50.2348129326055,1300.0
gru_v2_quantile,2,3,4,28.038144679625447,65.58483787452329,60.897880427555,1300.0
gru_v2_quantile,2,3,6,31.342635052032197,73.67605194646083,70.34293948282965,1300.0
gru_v2_quantile,2,3,8,37.79340043214651,86.82740574706825,83.49646802525184,1300.0
gru_v2_quantile,2,3,10,41.07599270291053,94.39232311054225,93.42104930061252,1300.0
gru_v2_quantile,2,3,12,42.40838146811781,98.01695108434355,95.40592042935872,1300.0
gru_v2_quantile,2,4,1,6.787210835993173,15.20448973081309,23.623907311349853,1300.0
gru_v2_quantile,2,4,2,8.534729696875885,19.038632973914037,32.301412158542206,1300.0
gru_v2_quantile,2,4,3,10.575561615645599,24.458573115895646,42.04531011622176,1300.0
gru_v2_quantile,2,4,4,11.765434871591413,27.969199872794402,43.938669824192665,1300.0
gru_v2_quantile,2,4,6,15.62113033668962,32.965019476717714,49.41242553637578,1300.0
gru_v2_quantile,2,4,8,20.814061150527916,42.97720473131898,64.34723759512616,1300.0
gru_v2_quantile,2,4,10,24.97382142156649,49.96993931331393,69.36464641033075,1300.0
gru_v2_quantile,2,4,12,27.153365087096507,50.707506029529064,71.88837450386113,1300.0
gru_v2_quantile,2,5,1,6.90380841351365,18.022207944014557,37.226432584947155,1300.0
gru_v2_quantile,2,5,2,7.74140359705314,20.050018906699137,35.51424660221223,1300.0
gru_v2_quantile,2,5,3,9.074095787201301,21.945441420403963,46.43970028431185,1300.0
gru_v2_quantile,2,5,4,9.780412028061692,22.71526305872192,52.212043490140665,1300.0
gru_v2_quantile,2,5,6,10.163194745013516,22.5532337073734,51.959623698265325,1300.0
gru_v2_quantile,2,5,8,10.440499594888578,23.24401195860906,62.00674354164831,1300.0
gru_v2_quantile,2,5,10,10.110748071500566,22.440094484090782,72.535627788113,1300.0
gru_v2_quantile,2,5,12,10.134256263692649,24.29414286948004,75.88545482293252,1300.0
gru_v2_quantile,2,6,1,11.558331275396752,20.690163946187052,23.429566170634896,1325.0
gru_v2_quantile,2,6,2,12.23232669533775,21.606584186668194,21.115590972119364,1325.0
gru_v2_quantile,2,6,3,13.494632939651327,23.055823512498492,22.58447760394935,1325.0
gru_v2_quantile,2,6,4,13.978656392333642,23.55808338990167,22.670485886263435,1325.0
gru_v2_quantile,2,6,6,15.228961922127121,25.739167094687723,26.917294164156093,1325.0
gru_v2_quantile,2,6,8,16.345616140343108,28.707315036355872,29.2991553011254,1325.0
gru_v2_quantile,2,6,10,17.890310713120225,32.666792830547465,30.766758186036142,1325.0
gru_v2_quantile,2,6,12,17.93499803141322,30.53671649031974,34.00955863964969,1325.0
gru_v2_quantile,2,7,1,17.783022706191986,39.771230377043565,33.195777997497686,1300.0
gru_v2_quantile,2,7,2,21.756052846925762,48.67312543243402,43.46491791394131,1300.0
gru_v2_quantile,2,7,3,24.28034809566461,54.13284931169181,49.956671543357785,1300.0
gru_v2_quantile,2,7,4,27.661542113515047,60.399375216319655,56.09542232505546,1300.0
gru_v2_quantile,2,7,6,30.220505854693744,64.11200077107455,57.79834460982278,1300.0
gru_v2_quantile,2,7,8,33.335658427625894,71.01373754441676,58.67495458049715,1300.0
gru_v2_quantile,2,7,10,36.70272517004838,73.72955460843059,62.03639483024923,1300.0
gru_v2_quantile,2,7,12,33.48996900164164,70.03582919993583,63.37238602598837,1300.0
gru_v2_quantile,2,8,1,9.162070825352119,18.490569514976176,21.508990222832253,1300.0
gru_v2_quantile,2,8,2,9.548060815643806,17.195581483869017,18.44758461837111,1300.0
gru_v2_quantile,2,8,3,11.210809111125194,22.396592308973133,26.992303567097103,1300.0
gru_v2_quantile,2,8,4,11.266734333336354,23.91021698365529,25.110133380108866,1300.0
gru_v2_quantile,2,8,6,13.731231212570117,30.21872173880246,30.96877710983671,1300.0
gru_v2_quantile,2,8,8,16.351565811679915,39.81299153680378,44.56537017657839,1300.0
gru_v2_quantile,2,8,10,17.85716584759263,44.16675540666322,53.34044020587,1300.0
gru_v2_quantile,2,8,12,19.304027045552548,48.3554259006397,55.38860396681161,1300.0
gru_v2_quantile,2,9,1,8.321399425686552,15.00198934256529,17.15348902489375,1300.0
gru_v2_quantile,2,9,2,10.0201192628363,19.062116198488468,25.528338257548878,1300.0
gru_v2_quantile,2,9,3,11.309750919006765,22.167361236321934,30.23199942158264,1300.0
gru_v2_quantile,2,9,4,12.334079663299311,25.10673880242354,32.71966577270656,1300.0
gru_v2_quantile,2,9,6,15.457521210513436,34.216310415473494,38.49339328460323,1300.0
gru_v2_quantile,2,9,8,16.500755552655228,36.78308201421805,40.73463401834942,1300.0
gru_v2_quantile,2,9,10,16.318468321395606,33.77155046753836,44.9710850970259,1300.0
gru_v2_quantile,2,9,12,19.3734233860213,41.192632064621066,52.14938005197396,1300.0
gru_v2_quantile_lw,-2,0,1,10.13130530822003,21.699208241662255,20.011523641382823,1325.0
gru_v2_quantile_lw,-2,0,2,11.598382517155612,26.507446198431122,24.14984797463768,1325.0
gru_v2_quantile_lw,-2,0,3,12.780389110659653,30.117613783475665,28.0116577833249,1325.0
gru_v2_quantile_lw,-2,0,4,13.56192877274569,32.52732258355659,30.238514561732273,1325.0
gru_v2_quantile_lw,-2,0,6,14.775100900193431,35.864962182461504,34.02221299930986,1325.0
gru_v2_quantile_lw,-2,0,8,15.46766991764799,36.82008402528552,35.77359774156268,1325.0
gru_v2_quantile_lw,-2,0,10,15.457834585507177,34.92347172971921,34.208670670840114,1325.0
gru_v2_quantile_lw,-2,0,12,15.939013438065238,37.33336081687416,33.67490785761531,1325.0
gru_v2_quantile_lw,-2,1,1,36.614386861828656,80.22786260332296,40.24087498116322,1300.0
gru_v2_quantile_lw,-2,1,2,46.296804347450916,102.94722389236003,51.39051069252367,1300.0
gru_v2_quantile_lw,-2,1,3,56.49800330262918,130.58685482355253,63.364821698015,1300.0
gru_v2_quantile_lw,-2,1,4,61.80833235364694,137.99073983906263,69.27105816348023,1300.0
gru_v2_quantile_lw,-2,1,6,79.48732885679374,184.36264513688985,89.62441353301921,1300.0
gru_v2_quantile_lw,-2,1,8,90.50279678274806,208.06492645266334,102.74218433847922,1300.0
gru_v2_quantile_lw,-2,1,10,97.19669898601678,223.0110189863388,110.78095709207456,1300.0
gru_v2_quantile_lw,-2,1,12,105.60037694353754,241.66383502637007,120.40619407875607,1300.0
gru_v2_quantile_lw,-2,2,1,9.576525591371151,15.64362924438262,15.852401976838653,1300.0
gru_v2_quantile_lw,-2,2,2,10.972015074984386,18.314905947376243,18.721958428839624,1300.0
gru_v2_quantile_lw,-2,2,3,12.698342476727872,21.297649128570157,21.86489162940682,1300.0
gru_v2_quantile_lw,-2,2,4,14.149391524631243,23.793971619396427,23.686505138874054,1300.0
gru_v2_quantile_lw,-2,2,6,16.738000360361585,29.64971842905091,31.150785915471694,1300.0
gru_v2_quantile_lw,-2,2,8,19.173919254032974,34.51194536675292,35.9147571335707,1300.0
gru_v2_quantile_lw,-2,2,10,22.344779847824515,40.81011423959805,43.66200513870288,1300.0
gru_v2_quantile_lw,-2,2,12,23.446497512508472,43.614386816058875,44.92403758404565,1300.0
gru_v2_quantile_lw,-2,3,1,16.55635646672776,35.08312787137215,32.67595329073046,1300.0
gru_v2_quantile_lw,-2,3,2,21.79771054268161,49.19626638033363,46.62380321035866,1300.0
gru_v2_quantile_lw,-2,3,3,26.741550870890137,61.59441369179211,58.22122635066259,1300.0
gru_v2_quantile_lw,-2,3,4,29.090262323621157,69.13477573046507,64.2250472669296,1300.0
gru_v2_quantile_lw,-2,3,6,35.8444279172404,84.4914872164974,82.13437421954953,1300.0
gru_v2_quantile_lw,-2,3,8,37.635924108537054,88.9061713437182,85.36051567578923,1300.0
gru_v2_quantile_lw,-2,3,10,41.739198840424564,97.6665741578782,94.43183180134149,1300.0
gru_v2_quantile_lw,-2,3,12,43.27235467226495,100.90473071779223,100.27568715530596,1300.0
gru_v2_quantile_lw,-2,4,1,6.767511139625903,14.669043242407138,22.56459051523453,1300.0
gru_v2_quantile_lw,-2,4,2,8.877103834316523,19.778917638508762,33.230225189119324,1300.0
gru_v2_quantile_lw,-2,4,3,11.192613647236273,25.687437966602783,41.315627028290024,1300.0
gru_v2_quantile_lw,-2,4,4,12.70399414882422,29.24780092458214,44.43214056125054,1300.0
gru_v2_quantile_lw,-2,4,6,17.447702181882207,40.67771714042823,60.39105824120024,1300.0
gru_v2_quantile_lw,-2,4,8,21.383984940407366,46.68532830567204,68.85810440727788,1300.0
gru_v2_quantile_lw,-2,4,10,22.39485901436876,43.58352201018287,61.64674239688449,1300.0
gru_v2_quantile_lw,-2,4,12,23.31669699904831,43.95706433020709,63.65286288607834,1300.0
gru_v2_quantile_lw,-2,5,1,6.932373425199588,18.365516158596115,37.35347683968082,1300.0
gru_v2_quantile_lw,-2,5,2,7.951055619494414,20.187609464877863,39.19128208006582,1300.0
gru_v2_quantile_lw,-2,5,3,9.344889815346374,23.055467878816216,47.96722399154979,1300.0
gru_v2_quantile_lw,-2,5,4,10.153364400558237,24.68912864292124,44.21103810783355,1300.0
gru_v2_quantile_lw,-2,5,6,10.170670993711571,22.834903731299637,45.66132771584295,1300.0
gru_v2_quantile_lw,-2,5,8,10.316333757796585,22.642896181540653,50.382511718619256,1300.0
gru_v2_quantile_lw,-2,5,10,10.109259145724712,22.086573201480267,69.30001118859171,1300.0
gru_v2_quantile_lw,-2,5,12,10.191621601102838,24.04717682330614,74.90100961731326,1300.0
gru_v2_quantile_lw,-2,6,1,11.49851478330791,20.502307799161265,22.441844279396122,1325.0
gru_v2_quantile_lw,-2,6,2,12.27275024048984,21.633522417717685,20.69973626989743,1325.0
gru_v2_quantile_lw,-2,6,3,13.659456783937959,23.523960031749407,23.151773212445452,1325.0
gru_v2_quantile_lw,-2,6,4,14.373686055001222,25.023293344182882,23.42301555029277,1325.0
gru_v2_quantile_lw,-2,6,6,15.603439589536414,27.47625032005517,25.251852598683588,1325.0
gru_v2_quantile_lw,-2,6,8,16.224692224526628,27.9326769317378,30.177757724156155,1325.0
gru_v2_quantile_lw,-2,6,10,17.04972883970881,28.862115926965707,32.66141548211654,1325.0
gru_v2_quantile_lw,-2,6,12,18.300130137991125,30.8156162972074,33.59513462745938,1325.0
gru_v2_quantile_lw,-2,7,1,17.397485721304726,39.35916379683266,32.923690951067556,1300.0
gru_v2_quantile_lw,-2,7,2,20.73984494883997,47.19890716294206,39.05423201542584,1300.0
gru_v2_quantile_lw,-2,7,3,23.837009516910005,53.2682731459868,48.67298850852267,1300.0
gru_v2_quantile_lw,-2,7,4,27.399574649122616,60.322725138866566,56.47355992596381,1300.0
gru_v2_quantile_lw,-2,7,6,31.78091684683705,66.43616496801744,62.50614329220178,1300.0
gru_v2_quantile_lw,-2,7,8,32.78387505309952,66.626099165978,60.0366563741169,1300.0
gru_v2_quantile_lw,-2,7,10,33.86393455497276,69.17112847614185,65.28394470936503,1300.0
gru_v2_quantile_lw,-2,7,12,34.80249728556579,71.48599436035668,66.7951603309141,1300.0
gru_v2_quantile_lw,-2,8,1,9.135522638178216,18.22789865533842,21.067094486746296,1300.0
gru_v2_quantile_lw,-2,8,2,9.341437211787472,16.27234039109518,17.445376418376792,1300.0
gru_v2_quantile_lw,-2,8,3,10.642931176498532,22.163434592920794,26.00948921894205,1300.0
gru_v2_quantile_lw,-2,8,4,11.295044454674308,24.460030254360785,25.714782340978754,1300.0
gru_v2_quantile_lw,-2,8,6,13.50683765329134,31.140061771357963,33.71334635718115,1300.0
gru_v2_quantile_lw,-2,8,8,15.753906747301897,38.815862127547504,44.11870727456849,1300.0
gru_v2_quantile_lw,-2,8,10,18.02830702169422,45.05271000986315,53.956912809404834,1300.0
gru_v2_quantile_lw,-2,8,12,18.13430959790748,45.36549443406887,54.390699174075294,1300.0
gru_v2_quantile_lw,-2,9,1,8.310191438933835,14.931656287845474,17.568873256734275,1300.0
gru_v2_quantile_lw,-2,9,2,10.049408486081251,19.283617256366576,26.72183166487703,1300.0
gru_v2_quantile_lw,-2,9,3,11.309767189228978,22.833767761044953,30.165894607461773,1300.0
gru_v2_quantile_lw,-2,9,4,12.19210707270988,24.897171205392127,32.93744746226709,1300.0
gru_v2_quantile_lw,-2,9,6,14.500586959186656,31.781243142882175,37.955468231613196,1300.0
gru_v2_quantile_lw,-2,9,8,16.79556558797566,39.21578619973721,41.90824851422634,1300.0
gru_v2_quantile_lw,-2,9,10,18.044220706294826,42.015273548014676,42.19809464227806,1300.0
gru_v2_quantile_lw,-2,9,12,18.674138141406985,43.319570416965114,44.198663785619644,1300.0
gru_v2_quantile_lw,0,0,1,10.434546894167884,22.729068031959937,20.98901442044788,1325.0
gru_v2_quantile_lw,0,0,2,11.607248995866415,26.831197577163906,24.14993672274937,1325.0
gru_v2_quantile_lw,0,0,3,12.722014537836724,29.573211723210523,27.35891093002727,1325.0
gru_v2_quantile_lw,0,0,4,13.76540437065346,33.454125092437074,30.695481267478844,1325.0
gru_v2_quantile_lw,0,0,6,14.87843326050999,36.23411613068201,33.97701294922223,1325.0
gru_v2_quantile_lw,0,0,8,15.201317928900837,35.65585940262788,32.80128719215676,1325.0
gru_v2_quantile_lw,0,0,10,15.511441113076893,34.29266419751488,33.539408876355424,1325.0
gru_v2_quantile_lw,0,0,12,16.35639345015698,38.66313917217285,35.989734940441316,1325.0
gru_v2_quantile_lw,0,1,1,37.43222509916012,82.84194021953859,41.290503253093526,1300.0
gru_v2_quantile_lw,0,1,2,46.505480570151256,103.2704168439775,51.22882470600909,1300.0
gru_v2_quantile_lw,0,1,3,56.67735441913972,126.232163745029,63.09448640736044,1300.0
gru_v2_quantile_lw,0,1,4,62.23359841337571,139.16560041078392,69.6463458851595,1300.0
gru_v2_quantile_lw,0,1,6,80.93917772492537,188.409818478893,91.09875371573322,1300.0
gru_v2_quantile_lw,0,1,8,94.12548228456424,216.33558154939826,107.06016407577953,1300.0
gru_v2_quantile_lw,0,1,10,97.83293384324473,225.21505516601806,111.76567551254878,1300.0
gru_v2_quantile_lw,0,1,12,107.53696634869164,247.8381593821976,122.88265368702221,1300.0
gru_v2_quantile_lw,0,2,1,9.852274618584376,16.022791915629053,15.70625540919793,1300.0
gru_v2_quantile_lw,0,2,2,11.131023748883834,18.667345888185878,19.358277019126948,1300.0
gru_v2_quantile_lw,0,2,3,12.820075527108633,21.84711556995821,22.18484457814213,1300.0
gru_v2_quantile_lw,0,2,4,15.369945517847171,26.582675473775716,24.316223336226773,1300.0
gru_v2_quantile_lw,0,2,6,16.29292826017938,28.95950327208858,31.9076605041276,1300.0
gru_v2_quantile_lw,0,2,8,19.47979216923364,35.80132811561984,36.39645220236955,1300.0
gru_v2_quantile_lw,0,2,10,23.1022333040769,42.21878390932006,44.43422614825009,1300.0
gru_v2_quantile_lw,0,2,12,23.339562309911617,43.64929293087999,45.29103102595051,1300.0
gru_v2_quantile_lw,0,3,1,17.226120484948446,37.27503895771192,34.39912303947225,1300.0
gru_v2_quantile_lw,0,3,2,22.279777510796244,50.967572617705244,47.80435291483623,1300.0
gru_v2_quantile_lw,0,3,3,28.02215170785498,64.43039505355503,61.30403259089764,1300.0
gru_v2_quantile_lw,0,3,4,31.057275338891465,74.28670006932344,69.43309446308221,1300.0
gru_v2_quantile_lw,0,3,6,35.3572555480865,82.85201630317383,81.04214591035196,1300.0
gru_v2_quantile_lw,0,3,8,39.56464782290734,91.54807684834194,88.62952924937699,1300.0
gru_v2_quantile_lw,0,3,10,42.051399636345984,98.43870912552971,96.14289628844239,1300.0
gru_v2_quantile_lw,0,3,12,43.12341592060975,100.45800923637549,99.75119460723167,1300.0
gru_v2_quantile_lw,0,4,1,6.796811426417329,15.078617315381441,23.281283763738777,1300.0
gru_v2_quantile_lw,0,4,2,9.521288438315453,21.998189615847775,37.22892209607312,1300.0
gru_v2_quantile_lw,0,4,3,11.773442296564866,26.80619695852264,42.17420697415996,1300.0
gru_v2_quantile_lw,0,4,4,12.613154539293967,27.645946031758612,41.576833351300316,1300.0
gru_v2_quantile_lw,0,4,6,16.54331204709149,37.50529227244823,57.58635231368562,1300.0
gru_v2_quantile_lw,0,4,8,20.39457656839146,43.05105774269298,63.62152400383582,1300.0
gru_v2_quantile_lw,0,4,10,23.31206340335166,45.45092807295993,64.09043314518073,1300.0
gru_v2_quantile_lw,0,4,12,25.142747357257715,47.89262394401482,68.22672065506633,1300.0
gru_v2_quantile_lw,0,5,1,7.0213167243637145,18.45874951888095,38.46293917009908,1300.0
gru_v2_quantile_lw,0,5,2,7.97280309669219,20.317861547318667,41.30621055633791,1300.0
gru_v2_quantile_lw,0,5,3,9.59096184074449,23.483340169266242,48.745719748158606,1300.0
gru_v2_quantile_lw,0,5,4,10.071902567937505,24.537197343165882,43.42354694729851,1300.0
gru_v2_quantile_lw,0,5,6,10.532938988169636,23.510761612456374,44.93967931116781,1300.0
gru_v2_quantile_lw,0,5,8,10.466242837246973,22.951256720597065,51.06782546735579,1300.0
gru_v2_quantile_lw,0,5,10,10.154261155688705,22.004647155830472,67.87281920832973,1300.0
gru_v2_quantile_lw,0,5,12,10.19520598493015,24.9369515854998,78.92462435484894,1300.0
gru_v2_quantile_lw,0,6,1,11.548537770214509,20.622907186256352,22.46992270905396,1325.0
gru_v2_quantile_lw,0,6,2,12.303218719037075,21.68304268580611,20.525795122672772,1325.0
gru_v2_quantile_lw,0,6,3,13.887685844132431,23.991567662146256,23.173514287918806,1325.0
gru_v2_quantile_lw,0,6,4,14.834252875272957,25.997673750123607,23.097456101456594,1325.0
gru_v2_quantile_lw,0,6,6,15.733985477219212,27.82476436614043,24.027481192144855,1325.0
gru_v2_quantile_lw,0,6,8,16.739213799589297,28.38162696403118,31.305096144498936,1325.0
gru_v2_quantile_lw,0,6,10,17.207161517035004,28.873455833751315,32.771425894686374,1325.0
gru_v2_quantile_lw,0,6,12,18.164436088978963,30.483372952677097,34.69446462970869,1325.0
gru_v2_quantile_lw,0,7,1,17.527354758774432,39.66852588854565,33.2962071416135,1300.0
gru_v2_quantile_lw,0,7,2,20.81906678411823,46.936697164660174,39.23877095716387,1300.0
gru_v2_quantile_lw,0,7,3,24.402296225430014,54.18403847000428,49.496738743190924,1300.0
gru_v2_quantile_lw,0,7,4,27.459578351950128,60.21983964050987,55.21610973740494,1300.0
gru_v2_quantile_lw,0,7,6,30.791331580767338,64.30086964416236,60.275339996632056,1300.0
gru_v2_quantile_lw,0,7,8,34.37507517829752,70.71111875549788,63.249691210174035,1300.0
gru_v2_quantile_lw,0,7,10,33.223342930790075,67.70776658018784,63.19373807376738,1300.0
gru_v2_quantile_lw,0,7,12,35.92849715333862,73.52438764579753,72.53942229366828,1300.0
gru_v2_quantile_lw,0,8,1,9.233850338341526,18.67190274714247,21.378001835633967,1300.0
gru_v2_quantile_lw,0,8,2,9.683384029498468,16.478886783282903,17.460950052327124,1300.0
gru_v2_quantile_lw,0,8,3,10.815261415289,22.064769414211046,26.20214624569334,1300.0
gru_v2_quantile_lw,0,8,4,11.183501902709788,24.027095219564355,26.17032804941309,1300.0
gru_v2_quantile_lw,0,8,6,13.306488001276382,31.809690477350614,36.05086897652725,1300.0
gru_v2_quantile_lw,0,8,8,15.596075197028426,38.20502709373972,43.065652520081095,1300.0
gru_v2_quantile_lw,0,8,10,17.142817807137035,43.7809926064401,51.615522319695046,1300.0
gru_v2_quantile_lw,0,8,12,18.94664627065739,46.61114498150989,54.61166286304079,1300.0
gru_v2_quantile_lw,0,9,1,8.43499995611787,15.088803686985507,18.01580806496074,1300.0
gru_v2_quantile_lw,0,9,2,9.968686709085192,18.977695574991834,26.575660507655837,1300.0
gru_v2_quantile_lw,0,9,3,11.228947329812039,22.446920723516232,29.484619551998318,1300.0
gru_v2_quantile_lw,0,9,4,12.300529757617042,25.499995521477814,32.2134872431894,1300.0
gru_v2_quantile_lw,0,9,6,14.811716662961274,34.114939131031605,38.17936980029911,1300.0
gru_v2_quantile_lw,0,9,8,17.758531639156146,43.592015426016346,42.396070033601184,1300.0
gru_v2_quantile_lw,0,9,10,18.664425153500712,43.66044635195294,43.796136174387144,1300.0
gru_v2_quantile_lw,0,9,12,18.48885781783324,43.276849152818265,44.43030725868003,1300.0
gru_v2_quantile_lw,1,0,1,10.084271798067778,21.443872530942077,19.79007166638802,1325.0
gru_v2_quantile_lw,1,0,2,11.563738062249602,25.746750060536414,23.388743216624366,1325.0
gru_v2_quantile_lw,1,0,3,12.84234152970449,30.0642490481353,27.73456928889546,1325.0
gru_v2_quantile_lw,1,0,4,13.615122613125251,32.06630629710934,30.09154004771999,1325.0
gru_v2_quantile_lw,1,0,6,14.293886973298383,33.93005104701085,32.36837012122917,1325.0
gru_v2_quantile_lw,1,0,8,16.157202611974668,38.744131003011724,38.428007530164244,1325.0
gru_v2_quantile_lw,1,0,10,15.929288142836599,36.299171525453275,36.02331338334555,1325.0
gru_v2_quantile_lw,1,0,12,16.352993083064497,37.42983820014293,32.38143692975785,1325.0
gru_v2_quantile_lw,1,1,1,36.59379368919593,79.85155900429,40.20071671210243,1300.0
gru_v2_quantile_lw,1,1,2,47.56092112706258,106.10207686180976,53.16603211076726,1300.0
gru_v2_quantile_lw,1,1,3,58.6032678412818,137.73754801262012,66.0238499496286,1300.0
gru_v2_quantile_lw,1,1,4,60.80059317053511,135.89658987056742,68.46271955056025,1300.0
gru_v2_quantile_lw,1,1,6,75.06866715511451,168.77168359201846,84.16776590584317,1300.0
gru_v2_quantile_lw,1,1,8,90.01252565250947,205.22204525769138,102.00114627763014,1300.0
gru_v2_quantile_lw,1,1,10,96.45766912937164,218.85760442842957,109.86185309138396,1300.0
gru_v2_quantile_lw,1,1,12,106.1171423278921,243.28601772213156,120.86166769331004,1300.0
gru_v2_quantile_lw,1,2,1,9.898845921903849,16.163946843381186,15.456134994388064,1300.0
gru_v2_quantile_lw,1,2,2,11.757632333315335,19.632202542525484,18.913915692231594,1300.0
gru_v2_quantile_lw,1,2,3,12.449182384082905,20.824905809942887,21.791331540424746,1300.0
gru_v2_quantile_lw,1,2,4,13.507136496282541,22.357756613279417,22.569647814218815,1300.0
gru_v2_quantile_lw,1,2,6,16.803850992264657,29.82696095881535,30.74541868711566,1300.0
gru_v2_quantile_lw,1,2,8,18.67356946971554,33.382013559527124,35.816788439676436,1300.0
gru_v2_quantile_lw,1,2,10,22.36452473218123,40.58608248848198,42.354031591297506,1300.0
gru_v2_quantile_lw,1,2,12,23.202050098771085,42.569966912449345,45.00387791006556,1300.0
gru_v2_quantile_lw,1,3,1,16.066413388596132,33.73727897248148,31.14517799370429,1300.0
gru_v2_quantile_lw,1,3,2,22.229350881187454,49.719176999436385,47.37610123688433,1300.0
gru_v2_quantile_lw,1,3,3,27.289410499087893,63.21047008942389,59.79399027587736,1300.0
gru_v2_quantile_lw,1,3,4,28.232895367873404,66.6714354385027,61.59315842842417,1300.0
gru_v2_quantile_lw,1,3,6,36.401681145794974,86.93771720869012,83.55879435727779,1300.0
gru_v2_quantile_lw,1,3,8,36.997052959867105,87.94544658438305,83.55486085167655,1300.0
gru_v2_quantile_lw,1,3,10,40.52172367542409,94.00217442469538,89.65177226862518,1300.0
gru_v2_quantile_lw,1,3,12,45.54299228048471,104.57091347298213,104.57430885455125,1300.0
gru_v2_quantile_lw,1,4,1,6.717995733289684,14.390016936921263,22.04876410859263,1300.0
gru_v2_quantile_lw,1,4,2,8.484192261849888,19.013699208697183,31.006795620306946,1300.0
gru_v2_quantile_lw,1,4,3,11.610611548222817,27.16919139923856,43.03232937796503,1300.0
gru_v2_quantile_lw,1,4,4,12.439336477413487,28.73424488169407,44.26965194634902,1300.0
gru_v2_quantile_lw,1,4,6,18.256689061168313,43.31806818740576,65.06172963696667,1300.0
gru_v2_quantile_lw,1,4,8,21.203189411488577,45.629473468173074,63.73612575041942,1300.0
gru_v2_quantile_lw,1,4,10,20.539157833848147,39.15463046370983,60.62092022406749,1300.0
gru_v2_quantile_lw,1,4,12,22.40290602622124,42.77464268786918,64.8807018699809,1300.0
gru_v2_quantile_lw,1,5,1,6.89428779902268,18.335237813387636,37.10247690446915,1300.0
gru_v2_quantile_lw,1,5,2,8.149117664785948,20.789709403447066,39.92032661361079,1300.0
gru_v2_quantile_lw,1,5,3,9.522135921525411,23.570811364155475,48.609455412433995,1300.0
gru_v2_quantile_lw,1,5,4,10.27548624169592,24.513369243835047,48.30160997856048,1300.0
gru_v2_quantile_lw,1,5,6,10.26391093594022,23.320699770100404,45.48547485086225,1300.0
gru_v2_quantile_lw,1,5,8,10.318524307093332,22.831617292987193,54.44358344328019,1300.0
gru_v2_quantile_lw,1,5,10,10.091596276470675,22.48628806819359,70.67498932733771,1300.0
gru_v2_quantile_lw,1,5,12,10.184283513335618,23.572768830995415,72.1800554284165,1300.0
gru_v2_quantile_lw,1,6,1,11.520651520791569,20.502979438152316,22.48881155971823,1325.0
gru_v2_quantile_lw,1,6,2,12.32916699418306,21.687071756761824,20.757019725339166,1325.0
gru_v2_quantile_lw,1,6,3,13.557180159524663,23.22886707665065,23.544061484650292,1325.0
gru_v2_quantile_lw,1,6,4,14.242380818806167,24.615528068730743,24.387522353951272,1325.0
gru_v2_quantile_lw,1,6,6,16.02516649032117,28.115656807423665,26.51514405371814,1325.0
gru_v2_quantile_lw,1,6,8,16.47759427136847,28.56937301289745,29.89423786675365,1325.0
gru_v2_quantile_lw,1,6,10,17.42227199754344,29.351044262163384,32.61224542211356,1325.0
gru_v2_quantile_lw,1,6,12,18.205246208694604,30.65322049654621,33.95362404053067,1325.0
gru_v2_quantile_lw,1,7,1,17.446242061548197,39.43580606772311,33.07177978901824,1300.0
gru_v2_quantile_lw,1,7,2,20.766111084036528,47.35848926155581,38.58166952698027,1300.0
gru_v2_quantile_lw,1,7,3,23.926970442628058,53.2966422067027,49.064976315196226,1300.0
gru_v2_quantile_lw,1,7,4,27.71135647964449,61.457557809411796,58.425738643434094,1300.0
gru_v2_quantile_lw,1,7,6,33.08670739208921,68.51468477018338,64.80925271339643,1300.0
gru_v2_quantile_lw,1,7,8,33.70793297185312,67.91014302288667,62.12232714973534,1300.0
gru_v2_quantile_lw,1,7,10,34.524617163162105,70.25496906932176,68.71491102332419,1300.0
gru_v2_quantile_lw,1,7,12,35.728848873273684,72.69632245299078,69.50988368702329,1300.0
gru_v2_quantile_lw,1,8,1,9.24121471064595,18.004493146223624,20.37864058099944,1300.0
gru_v2_quantile_lw,1,8,2,9.35293414192131,16.327403937269196,17.54050861062675,1300.0
gru_v2_quantile_lw,1,8,3,10.708813526051548,22.327135607602013,26.008265944184927,1300.0
gru_v2_quantile_lw,1,8,4,11.482048902156262,24.459447802709395,24.982159340998223,1300.0
gru_v2_quantile_lw,1,8,6,13.810991864932987,30.519789325667713,31.726705758324986,1300.0
gru_v2_quantile_lw,1,8,8,16.569297752861793,41.03037128676018,46.3862141436544,1300.0
gru_v2_quantile_lw,1,8,10,19.59793643151016,47.6703986852663,57.497865812531835,1300.0
gru_v2_quantile_lw,1,8,12,17.804318565130234,43.74422846467758,52.560148084574735,1300.0
gru_v2_quantile_lw,1,9,1,8.302066345690534,14.804430655458367,17.32558136889078,1300.0
gru_v2_quantile_lw,1,9,2,9.795274896238428,18.72427224622426,25.639135687096605,1300.0
gru_v2_quantile_lw,1,9,3,11.596662863768064,24.41514393276026,31.988307100331898,1300.0
gru_v2_quantile_lw,1,9,4,12.430498604029776,25.654986698210582,34.92294285366836,1300.0
gru_v2_quantile_lw,1,9,6,14.0703092818195,29.568438316423485,38.35959536705202,1300.0
gru_v2_quantile_lw,1,9,8,16.240145342284098,37.355102355017614,38.071270894078374,1300.0
gru_v2_quantile_lw,1,9,10,18.760930399505888,43.91256432824719,42.224211793790744,1300.0
gru_v2_quantile_lw,1,9,12,18.58732578924069,40.11088975153328,46.337294409575975,1300.0
gru_v2_quantile_lw,2,0,1,10.05793465838583,21.448754674576563,19.45689349964598,1325.0
gru_v2_quantile_lw,2,0,2,11.785510643067296,27.2604592914856,25.110987056116443,1325.0
gru_v2_quantile_lw,2,0,3,12.970529116735495,31.250494914616006,29.202356950185226,1325.0
gru_v2_quantile_lw,2,0,4,13.521581071092273,32.64744262768234,30.227098673045383,1325.0
gru_v2_quantile_lw,2,0,6,15.406571884065304,37.933524773445605,35.95964672803711,1325.0
gru_v2_quantile_lw,2,0,8,15.948298228506772,37.482166509961004,36.61812510559767,1325.0
gru_v2_quantile_lw,2,0,10,15.46443662858142,35.22204121366928,33.236512998045335,1325.0
gru_v2_quantile_lw,2,0,12,16.311434539250044,38.30550347123087,34.603513935191486,1325.0
gru_v2_quantile_lw,2,1,1,36.55841671120662,79.98626128222895,40.06382222545853,1300.0
gru_v2_quantile_lw,2,1,2,47.23408554425606,105.68977733673614,52.55244309812303,1300.0
gru_v2_quantile_lw,2,1,3,55.58785872230163,131.6062755343085,62.523772043642495,1300.0
gru_v2_quantile_lw,2,1,4,63.81082357583138,141.09409080749012,71.32947620543479,1300.0
gru_v2_quantile_lw,2,1,6,83.96687982109877,200.15869129636252,95.30189555530274,1300.0
gru_v2_quantile_lw,2,1,8,88.13893842275326,203.5427128523644,99.93942789222436,1300.0
gru_v2_quantile_lw,2,1,10,97.93539652097684,225.36806618712797,111.2699994882251,1300.0
gru_v2_quantile_lw,2,1,12,103.61437397534458,234.40912768073937,117.89521136970211,1300.0
gru_v2_quantile_lw,2,2,1,9.49832625773198,15.977492463390261,16.964217008251847,1300.0
gru_v2_quantile_lw,2,2,2,10.642355677072818,18.07677318981158,18.9634210787195,1300.0
gru_v2_quantile_lw,2,2,3,13.230741605506493,22.12060333555559,22.251552546526487,1300.0
gru_v2_quantile_lw,2,2,4,14.181952863994699,23.84842934986684,24.868018927373292,1300.0
gru_v2_quantile_lw,2,2,6,17.99206604356949,32.79508813372233,31.585293884488035,1300.0
gru_v2_quantile_lw,2,2,8,19.789448058754207,35.60210966128327,36.20899870997165,1300.0
gru_v2_quantile_lw,2,2,10,22.34060968176963,41.243862270664884,44.66064025396174,1300.0
gru_v2_quantile_lw,2,2,12,25.039198367830473,47.33380681924961,46.64157023420046,1300.0
gru_v2_quantile_lw,2,3,1,16.70906032981924,35.15033688115899,33.1410267713691,1300.0
gru_v2_quantile_lw,2,3,2,21.323659871970303,47.79500820682332,45.49791853574394,1300.0
gru_v2_quantile_lw,2,3,3,25.686814945581226,58.696568645460005,55.2430937664599,1300.0
gru_v2_quantile_lw,2,3,4,29.016769668055126,67.87281072724713,63.53502566301648,1300.0
gru_v2_quantile_lw,2,3,6,36.53059880952279,84.82669866221151,82.89466448475709,1300.0
gru_v2_quantile_lw,2,3,8,37.42613322592412,88.17388126142626,84.55220362105203,1300.0
gru_v2_quantile_lw,2,3,10,44.10889432198153,102.22720218862524,99.41483123281172,1300.0
gru_v2_quantile_lw,2,3,12,42.50765671168812,98.57615973546913,97.08710140550994,1300.0
gru_v2_quantile_lw,2,4,1,6.903957439655474,14.841334280606388,23.044808006694176,1300.0
gru_v2_quantile_lw,2,4,2,8.92478642911292,19.451670303150248,34.05977539323334,1300.0
gru_v2_quantile_lw,2,4,3,10.407419335095641,23.722252923349956,39.94599789126306,1300.0
gru_v2_quantile_lw,2,4,4,13.266247118858155,32.26216465110539,48.41754565891038,1300.0
gru_v2_quantile_lw,2,4,6,17.876565606808448,42.66753808024202,60.65149362678202,1300.0
gru_v2_quantile_lw,2,4,8,22.900685214961236,53.97608189577819,81.56520581245422,1300.0
gru_v2_quantile_lw,2,4,10,23.716812699306935,47.87287198113525,63.41286607073923,1300.0
gru_v2_quantile_lw,2,4,12,22.823403952985714,42.28115397257357,60.46724599243229,1300.0
gru_v2_quantile_lw,2,5,1,6.912429680106445,18.384083799652284,37.20773123925732,1300.0
gru_v2_quantile_lw,2,5,2,7.908100156782625,19.872828093759242,38.11051970528018,1300.0
gru_v2_quantile_lw,2,5,3,9.117730339142996,22.428717000195146,48.10387579279561,1300.0
gru_v2_quantile_lw,2,5,4,10.232469925230655,25.35962837522326,44.0080609023571,1300.0
gru_v2_quantile_lw,2,5,6,10.040094745781703,22.41988150023648,50.564418138996245,1300.0
gru_v2_quantile_lw,2,5,8,10.285790808257254,22.53058967103549,47.160457847579835,1300.0
gru_v2_quantile_lw,2,5,10,10.15711590432938,22.017398866595208,69.35222667359537,1300.0
gru_v2_quantile_lw,2,5,12,10.376781660213421,23.99508083415425,74.21740592353707,1300.0
gru_v2_quantile_lw,2,6,1,11.500973838332444,20.458145810521554,22.398310215308747,1325.0
gru_v2_quantile_lw,2,6,2,12.303377181824366,21.629118760570638,21.044012013180502,1325.0
gru_v2_quantile_lw,2,6,3,13.678391762332955,23.565820254476762,22.959081528001818,1325.0
gru_v2_quantile_lw,2,6,4,14.371382146335366,24.92071830413088,23.440768834974232,1325.0
gru_v2_quantile_lw,2,6,6,15.820925431499644,27.716280609828924,26.548923587747687,1325.0
gru_v2_quantile_lw,2,6,8,16.320082080715803,28.296538236479897,30.54238476077544,1325.0
gru_v2_quantile_lw,2,6,10,17.304102819266042,29.524748056751136,33.17905771038656,1325.0
gru_v2_quantile_lw,2,6,12,18.97026340145407,31.924850694205826,32.23508498124008,1325.0
gru_v2_quantile_lw,2,7,1,17.450163090774932,39.258361863749634,32.88922265344415,1300.0
gru_v2_quantile_lw,2,7,2,21.077321344341797,47.877898864375446,40.02995920443995,1300.0
gru_v2_quantile_lw,2,7,3,23.68334857380913,53.102191585985366,48.18122647682169,1300.0
gru_v2_quantile_lw,2,7,4,28.074183857905535,61.09682524381897,57.39662647346091,1300.0
gru_v2_quantile_lw,2,7,6,32.33981978490089,67.66170690064045,64.2270162440118,1300.0
gru_v2_quantile_lw,2,7,8,33.57023804406994,67.59799951103905,63.102146270928635,1300.0
gru_v2_quantile_lw,2,7,10,35.15318555868589,71.45644335734683,65.13202218315243,1300.0
gru_v2_quantile_lw,2,7,12,36.816669876975936,75.23484087072535,62.82010359056397,1300.0
gru_v2_quantile_lw,2,8,1,9.206053771001216,18.658196957485885,22.00211574044721,1300.0
gru_v2_quantile_lw,2,8,2,9.362141202779917,16.77646928894458,18.283067820812093,1300.0
gru_v2_quantile_lw,2,8,3,10.703932524988284,22.614137708464444,26.29980900534268,1300.0
gru_v2_quantile_lw,2,8,4,11.792000571506527,25.756368269564607,27.43607048844469,1300.0
gru_v2_quantile_lw,2,8,6,14.008705968693919,32.1892685096209,34.61925918891512,1300.0
gru_v2_quantile_lw,2,8,8,16.19815396232674,38.88855236337518,44.3357809428511,1300.0
gru_v2_quantile_lw,2,8,10,18.634844990354747,45.04272521851051,53.605675925879645,1300.0
gru_v2_quantile_lw,2,8,12,19.113082324379626,47.43233328970638,56.53752900238695,1300.0
gru_v2_quantile_lw,2,9,1,8.386940530133076,15.344362553050836,17.729145853264818,1300.0
gru_v2_quantile_lw,2,9,2,10.645842031614604,20.78953456959879,28.134680915804744,1300.0
gru_v2_quantile_lw,2,9,3,11.438196481497815,22.75639379182535,29.905323229947136,1300.0
gru_v2_quantile_lw,2,9,4,12.160406777492026,24.27407016872483,32.00790770077011,1300.0
gru_v2_quantile_lw,2,9,6,15.509338155537844,33.90315085609909,38.893147138715946,1300.0
gru_v2_quantile_lw,2,9,8,17.393606609187195,38.72855215975161,46.011137816223126,1300.0
gru_v2_quantile_lw,2,9,10,17.991773690375,40.40126700055218,42.42935635163946,1300.0
gru_v2_quantile_lw,2,9,12,19.939425499777382,50.47281913104357,43.87041579403923,1300.0
gru_v2_shuffled,-2,0,1,10.365203471844488,22.552775326540306,20.775149396078735,1325.0
gru_v2_shuffled,-2,0,2,11.799757361949052,27.422147133799946,26.094425549709612,1325.0
gru_v2_shuffled,-2,0,3,13.024891450994138,30.63182242809408,28.669100012567085,1325.0
gru_v2_shuffled,-2,0,4,14.109647979184826,35.80588165285865,33.45333182696473,1325.0
gru_v2_shuffled,-2,0,6,15.455552932193045,39.619680525283755,37.54675646429213,1325.0
gru_v2_shuffled,-2,0,8,16.498312321718572,41.671482226995934,40.68690375940569,1325.0
gru_v2_shuffled,-2,0,10,17.24544281856069,42.82259360156881,41.775546626224696,1325.0
gru_v2_shuffled,-2,0,12,17.902627881582614,44.635972276049266,43.425885702846415,1325.0
gru_v2_shuffled,-2,1,1,40.33814008135062,92.35467206661941,44.96532187470414,1300.0
gru_v2_shuffled,-2,1,2,54.45687085623925,126.4275369813893,61.23588801382688,1300.0
gru_v2_shuffled,-2,1,3,64.10355698136183,153.02602308427834,72.87711485808371,1300.0
gru_v2_shuffled,-2,1,4,74.77863592679684,178.33696045708948,85.09719684532772,1300.0
gru_v2_shuffled,-2,1,6,89.04195898404488,209.57131624749223,101.72189541265395,1300.0
gru_v2_shuffled,-2,1,8,99.97774400612482,234.77390662718477,114.00762455438262,1300.0
gru_v2_shuffled,-2,1,10,110.31146772570335,252.124693072953,126.62899616807432,1300.0
gru_v2_shuffled,-2,1,12,111.88613004750357,252.4360041780472,128.5127512970655,1300.0
gru_v2_shuffled,-2,2,1,9.94638301707231,17.14238953800081,17.535180971081004,1300.0
gru_v2_shuffled,-2,2,2,12.277267432465003,22.17225033777659,21.733768540860968,1300.0
gru_v2_shuffled,-2,2,3,14.758805663677363,27.196968929233375,26.914930221361992,1300.0
gru_v2_shuffled,-2,2,4,17.428706754514803,31.49212706241326,30.052983513026884,1300.0
gru_v2_shuffled,-2,2,6,22.29110111484734,39.97820933706358,36.53672259707591,1300.0
gru_v2_shuffled,-2,2,8,27.39996369212006,48.303179324851,42.187919574697595,1300.0
gru_v2_shuffled,-2,2,10,29.770649111683554,52.35770357860893,45.01044843264006,1300.0
gru_v2_shuffled,-2,2,12,31.00333808583136,54.4394184072238,45.531033662703884,1300.0
gru_v2_shuffled,-2,3,1,17.444860145466834,35.80370111331468,34.61309005219896,1300.0
gru_v2_shuffled,-2,3,2,22.27195389921562,48.403307311067124,47.40287973111918,1300.0
gru_v2_shuffled,-2,3,3,28.070605003575867,63.55972363068314,62.28324165204618,1300.0
gru_v2_shuffled,-2,3,4,30.23820885228423,65.53907459200457,66.98414766032468,1300.0
gru_v2_shuffled,-2,3,6,35.676987841467444,80.25150588889666,81.03866467817429,1300.0
gru_v2_shuffled,-2,3,8,40.15561368323433,91.04018333809991,91.54274363546561,1300.0
gru_v2_shuffled,-2,3,10,45.933289420467155,103.77673978306316,105.88863867953295,1300.0
gru_v2_shuffled,-2,3,12,48.69619360189312,108.9325480491802,113.14800828911301,1300.0
gru_v2_shuffled,-2,4,1,7.57308850813872,17.073836708008407,26.70535155239268,1300.0
gru_v2_shuffled,-2,4,2,10.044192020737995,23.0034335496515,39.06194986033643,1300.0
gru_v2_shuffled,-2,4,3,12.247331377752126,27.048887017822505,45.375877362031204,1300.0
gru_v2_shuffled,-2,4,4,13.863019291344457,29.816484450720367,47.10424972599388,1300.0
gru_v2_shuffled,-2,4,6,17.116627124290233,36.004088942781415,59.68577791482974,1300.0
gru_v2_shuffled,-2,4,8,21.319374839763803,43.07774373027405,66.82844944896861,1300.0
gru_v2_shuffled,-2,4,10,23.731759242174718,45.79501638577352,61.280732525719536,1300.0
gru_v2_shuffled,-2,4,12,21.079288953852195,39.54303755962012,57.77232021551866,1300.0
gru_v2_shuffled,-2,5,1,6.981085795773207,18.41924464700953,39.61557647874278,1300.0
gru_v2_shuffled,-2,5,2,8.011331143537268,20.103845348444,44.791493146650254,1300.0
gru_v2_shuffled,-2,5,3,9.050141508784506,22.07411923403815,52.54565362776479,1300.0
gru_v2_shuffled,-2,5,4,9.614439724313192,22.809084524691,51.953068665919766,1300.0
gru_v2_shuffled,-2,5,6,10.301689071936014,23.871612093350684,66.34961018639225,1300.0
gru_v2_shuffled,-2,5,8,10.539877330252427,24.111987035192257,74.64966853780132,1300.0
gru_v2_shuffled,-2,5,10,10.37049506088092,24.648630874368013,83.63328101750344,1300.0
gru_v2_shuffled,-2,5,12,10.384067353908904,24.692578847513865,79.44638583640898,1300.0
gru_v2_shuffled,-2,6,1,11.59004194945097,20.553954351010137,24.356840215880297,1325.0
gru_v2_shuffled,-2,6,2,12.160626161042249,20.97849057020387,23.24642214538722,1325.0
gru_v2_shuffled,-2,6,3,12.969697038379481,21.913604282556598,24.224488752926217,1325.0
gru_v2_shuffled,-2,6,4,13.623152558813398,22.755372239567624,25.3035684019841,1325.0
gru_v2_shuffled,-2,6,6,14.868265827393055,24.800392255683477,24.652751019288754,1325.0
gru_v2_shuffled,-2,6,8,15.64349394149797,25.48955989304048,31.95736427494357,1325.0
gru_v2_shuffled,-2,6,10,16.163059563730965,25.559705630582556,36.217184988589125,1325.0
gru_v2_shuffled,-2,6,12,16.56282682832682,25.87682961541518,38.721495804087866,1325.0
gru_v2_shuffled,-2,7,1,18.10904325996454,40.46371526461645,35.86158613757982,1300.0
gru_v2_shuffled,-2,7,2,21.319912526653365,47.630119403806624,42.17256893730689,1300.0
gru_v2_shuffled,-2,7,3,24.871475865393876,54.862280745754866,52.08073079947269,1300.0
gru_v2_shuffled,-2,7,4,26.94199270861653,60.09119783597937,56.79649415209931,1300.0
gru_v2_shuffled,-2,7,6,30.120917860934366,64.02817655890937,61.01783334207272,1300.0
gru_v2_shuffled,-2,7,8,30.74477741351781,63.58283087418136,60.44600934135027,1300.0
gru_v2_shuffled,-2,7,10,32.934631173266816,67.37503260449388,63.34533537378324,1300.0
gru_v2_shuffled,-2,7,12,34.555064277236276,69.8484319935159,65.96873553035672,1300.0
gru_v2_shuffled,-2,8,1,9.463918032290843,19.310032567389367,22.362010801249536,1300.0
gru_v2_shuffled,-2,8,2,9.831448497382494,18.672194198307558,22.049236995598367,1300.0
gru_v2_shuffled,-2,8,3,10.98383837071749,23.097131968312187,28.230572411109662,1300.0
gru_v2_shuffled,-2,8,4,11.216340639912165,23.347709231866602,25.60502199756688,1300.0
gru_v2_shuffled,-2,8,6,13.451022542141951,31.63320608995789,34.31979388204114,1300.0
gru_v2_shuffled,-2,8,8,16.128394250227856,38.9357959976497,46.00001532990357,1300.0
gru_v2_shuffled,-2,8,10,18.852892563618145,44.34476868437168,50.11249762321341,1300.0
gru_v2_shuffled,-2,8,12,18.656004677025173,45.49251539436908,52.78291309455346,1300.0
gru_v2_shuffled,-2,9,1,8.548213545754551,15.9572993098749,19.71910677720042,1300.0
gru_v2_shuffled,-2,9,2,10.03401326361184,19.013685295903212,26.02786283412026,1300.0
gru_v2_shuffled,-2,9,3,11.957345072535368,23.74707597611197,32.051607855894034,1300.0
gru_v2_shuffled,-2,9,4,13.35453934360009,27.223672777542912,37.24347855165167,1300.0
gru_v2_shuffled,-2,9,6,15.80081767646739,32.8377164736518,44.0951129498991,1300.0
gru_v2_shuffled,-2,9,8,17.71326798482583,38.00620079299361,50.888581236010616,1300.0
gru_v2_shuffled,-2,9,10,18.744764712533126,40.70755387877007,53.684484470237805,1300.0
gru_v2_shuffled,-2,9,12,19.232167686934655,41.577864736917725,55.669096086789104,1300.0
gru_v2_shuffled,0,0,1,10.468656817326005,22.473292421346574,21.032441830736097,1325.0
gru_v2_shuffled,0,0,2,11.873439188642815,27.14577937137977,25.64340057065,1325.0
gru_v2_shuffled,0,0,3,13.15852959290428,30.196139017726782,29.135800128676376,1325.0
gru_v2_shuffled,0,0,4,13.998004611308845,34.82730689561795,32.442747966844145,1325.0
gru_v2_shuffled,0,0,6,15.508338335522994,38.89795932532359,37.11358361486556,1325.0
gru_v2_shuffled,0,0,8,16.51293066946403,40.42601298776582,39.40042129954544,1325.0
gru_v2_shuffled,0,0,10,17.742617842490382,43.938858492764766,42.858176349241305,1325.0
gru_v2_shuffled,0,0,12,18.09042156778979,44.26026215159102,43.1768465190284,1325.0
gru_v2_shuffled,0,1,1,40.29260780407832,93.40743361687154,45.00995481378086,1300.0
gru_v2_shuffled,0,1,2,55.68104470032912,130.86263384001768,62.900769037875065,1300.0
gru_v2_shuffled,0,1,3,67.26192180450145,158.48240061059386,76.2804538687855,1300.0
gru_v2_shuffled,0,1,4,76.57664023362673,183.2234394833738,86.59660044157313,1300.0
gru_v2_shuffled,0,1,6,88.5068554958128,204.67872858395577,100.93690718462962,1300.0
gru_v2_shuffled,0,1,8,101.72652343928814,240.02599891915386,115.56757007269071,1300.0
gru_v2_shuffled,0,1,10,110.90003652947453,252.66382607919363,127.38320197385721,1300.0
gru_v2_shuffled,0,1,12,114.99171726411065,257.624763941504,131.90365077441146,1300.0
gru_v2_shuffled,0,2,1,10.160204230088453,17.644374522678167,18.344001426801576,1300.0
gru_v2_shuffled,0,2,2,12.338580267131329,22.026209409677257,21.757915675858438,1300.0
gru_v2_shuffled,0,2,3,14.719266191996061,27.32677421842074,27.08690139225551,1300.0
gru_v2_shuffled,0,2,4,17.170111416119795,32.276323547418,32.21305654249785,1300.0
gru_v2_shuffled,0,2,6,21.864307532746057,39.85419133572773,36.94563478542553,1300.0
gru_v2_shuffled,0,2,8,27.199122297617677,48.166098285027246,42.2774836741961,1300.0
gru_v2_shuffled,0,2,10,30.43596707359816,53.69047799574186,45.45251291144243,1300.0
gru_v2_shuffled,0,2,12,32.735771505614885,57.7046844411819,45.84794803228461,1300.0
gru_v2_shuffled,0,3,1,18.14936870763508,38.0886992522937,36.22360262024302,1300.0
gru_v2_shuffled,0,3,2,22.360979012598357,48.53215937271352,47.3520611474494,1300.0
gru_v2_shuffled,0,3,3,29.252888565290576,64.8112407235982,64.41808796658361,1300.0
gru_v2_shuffled,0,3,4,30.595456655690302,65.54759302029679,67.01714726161806,1300.0
gru_v2_shuffled,0,3,6,35.92561799867079,79.55751603057364,81.20622411317059,1300.0
gru_v2_shuffled,0,3,8,41.41231377665934,91.24175272445483,94.02469740335304,1300.0
gru_v2_shuffled,0,3,10,45.388326728811776,102.56437696044551,104.1470543113361,1300.0
gru_v2_shuffled,0,3,12,48.38308663758521,107.00170549661765,110.96791904306963,1300.0
gru_v2_shuffled,0,4,1,8.0763391117114,18.862653222262523,30.67168062976283,1300.0
gru_v2_shuffled,0,4,2,9.716975928178917,22.650710654670473,37.635846700423805,1300.0
gru_v2_shuffled,0,4,3,11.03036366450242,23.445978630495556,36.41916132584596,1300.0
gru_v2_shuffled,0,4,4,12.873937412792673,27.515319128940664,41.56296597994291,1300.0
gru_v2_shuffled,0,4,6,16.511185289967376,36.132046749818095,59.86278837155073,1300.0
gru_v2_shuffled,0,4,8,18.222461670694443,37.50965973835688,61.69641531838311,1300.0
gru_v2_shuffled,0,4,10,24.47713619996722,48.93433341624424,67.64748639734383,1300.0
gru_v2_shuffled,0,4,12,21.775707877954613,40.98171655736351,61.88155552464673,1300.0
gru_v2_shuffled,0,5,1,7.07080785042369,19.16140059961852,39.969920127622544,1300.0
gru_v2_shuffled,0,5,2,8.018490906381407,20.263716257960542,41.954126588759884,1300.0
gru_v2_shuffled,0,5,3,9.162198012640808,22.430962668576008,52.50142050558521,1300.0
gru_v2_shuffled,0,5,4,9.760151893347189,22.971272298712186,57.8043135260382,1300.0
gru_v2_shuffled,0,5,6,10.367220467732897,24.396715334492015,69.4708771638332,1300.0
gru_v2_shuffled,0,5,8,10.692456943219742,24.00289210645332,71.41460019974939,1300.0
gru_v2_shuffled,0,5,10,10.389241579369857,24.658276692639486,82.4993223865186,1300.0
gru_v2_shuffled,0,5,12,10.595444813153636,24.611529160119645,77.60136939441004,1300.0
gru_v2_shuffled,0,6,1,11.624020674003745,20.54806256712884,24.910730409211126,1325.0
gru_v2_shuffled,0,6,2,12.229190780767855,21.117906191435633,23.57466982356433,1325.0
gru_v2_shuffled,0,6,3,13.042266754423672,22.229604136634403,23.122677445411682,1325.0
gru_v2_shuffled,0,6,4,13.667959015626671,22.610688492346934,27.513182520866394,1325.0
gru_v2_shuffled,0,6,6,14.770154467135105,24.485636431315843,25.858289737125922,1325.0
gru_v2_shuffled,0,6,8,15.903650003851585,25.336214268468606,35.184671423815445,1325.0
gru_v2_shuffled,0,6,10,16.257109356145815,25.511523099537435,39.06723985230101,1325.0
gru_v2_shuffled,0,6,12,16.451929273312945,25.741239952341264,39.69978356155856,1325.0
gru_v2_shuffled,0,7,1,18.1875233190564,40.69049367420942,35.589753675723536,1300.0
gru_v2_shuffled,0,7,2,21.26428924137583,47.69995165347341,41.49989849936535,1300.0
gru_v2_shuffled,0,7,3,24.612650251124915,54.46823129733621,51.50455597412488,1300.0
gru_v2_shuffled,0,7,4,27.645339790766055,60.80099259162682,57.633793699511486,1300.0
gru_v2_shuffled,0,7,6,30.730733488385493,65.11179304383208,62.043754635106765,1300.0
gru_v2_shuffled,0,7,8,31.73363625496626,64.38413215670029,60.5272201479056,1300.0
gru_v2_shuffled,0,7,10,33.32501980528235,67.932439424408,65.38882701402689,1300.0
gru_v2_shuffled,0,7,12,35.41674407827166,73.69659824979188,72.54388504251632,1300.0
gru_v2_shuffled,0,8,1,9.649122868145888,19.578708791752604,23.33381615836045,1300.0
gru_v2_shuffled,0,8,2,10.291765425113532,19.77512780140667,23.17919890140665,1300.0
gru_v2_shuffled,0,8,3,11.281152092333024,23.995323855228584,29.114997013683976,1300.0
gru_v2_shuffled,0,8,4,11.648102687047079,25.8725588579903,29.78357245511022,1300.0
gru_v2_shuffled,0,8,6,14.264644368886948,32.932644569557254,36.93971689980606,1300.0
gru_v2_shuffled,0,8,8,16.681087141128685,40.87309932321316,47.831050371301586,1300.0
gru_v2_shuffled,0,8,10,19.30447221580606,46.22181790586772,51.368058266310854,1300.0
gru_v2_shuffled,0,8,12,19.304679023738093,46.842602401644434,53.69419981364546,1300.0
gru_v2_shuffled,0,9,1,8.542274239980257,15.772638776851103,19.497358324458297,1300.0
gru_v2_shuffled,0,9,2,10.470601681763164,20.136870312694857,27.659374195395163,1300.0
gru_v2_shuffled,0,9,3,12.554814109011339,24.860315183946547,33.20053818040681,1300.0
gru_v2_shuffled,0,9,4,13.404145502688793,27.12344859615813,36.33262734737211,1300.0
gru_v2_shuffled,0,9,6,15.598860425559375,32.27829191729944,44.13047118557309,1300.0
gru_v2_shuffled,0,9,8,17.379758231198558,37.68983832469656,51.418760804296696,1300.0
gru_v2_shuffled,0,9,10,19.297140749179974,43.266688688341844,55.52304609539439,1300.0
gru_v2_shuffled,0,9,12,20.53622158912512,44.780748405044115,58.94834198303593,1300.0
gru_v2_shuffled,1,0,1,10.587194928577485,23.284649119298628,21.44309765407763,1325.0
gru_v2_shuffled,1,0,2,12.380067273071914,29.6198152593798,27.8488988888129,1325.0
gru_v2_shuffled,1,0,3,13.269866735085424,31.918004162786236,29.359196299965898,1325.0
gru_v2_shuffled,1,0,4,14.364628350988804,36.324192777865264,34.105163724139324,1325.0
gru_v2_shuffled,1,0,6,16.22329425737262,41.643957321954325,39.13299058325126,1325.0
gru_v2_shuffled,1,0,8,17.326339840224048,44.15465498774528,43.025491929865616,1325.0
gru_v2_shuffled,1,0,10,17.578216360928316,43.55185369352812,42.548221468294074,1325.0
gru_v2_shuffled,1,0,12,18.323634551583595,46.243582127031544,44.343745795346926,1325.0
gru_v2_shuffled,1,1,1,42.461976353663665,95.7901379593043,47.22607929466871,1300.0
gru_v2_shuffled,1,1,2,55.99005311810053,127.24040960020938,62.755224614853915,1300.0
gru_v2_shuffled,1,1,3,62.69133538612952,149.91237283188468,71.30964967613802,1300.0
gru_v2_shuffled,1,1,4,76.97539905289045,183.00606942747632,87.93060664324294,1300.0
gru_v2_shuffled,1,1,6,89.56258117409853,207.36937506147,102.17330235242844,1300.0
gru_v2_shuffled,1,1,8,100.76020896910475,232.054553757961,115.01097064414455,1300.0
gru_v2_shuffled,1,1,10,110.1640941839264,250.61409664372908,126.3301977239402,1300.0
gru_v2_shuffled,1,1,12,109.94483281897811,245.14101286320417,124.95348895468233,1300.0
gru_v2_shuffled,1,2,1,9.998952893775243,17.421281826903922,17.395036480802318,1300.0
gru_v2_shuffled,1,2,2,12.415891770651708,22.503054677862547,22.04846810988891,1300.0
gru_v2_shuffled,1,2,3,14.861717667763049,27.256353824639373,27.017822714078996,1300.0
gru_v2_shuffled,1,2,4,17.959081132215662,31.752289000389005,30.014454539223905,1300.0
gru_v2_shuffled,1,2,6,22.29430057840565,39.89407329578331,36.31869204773571,1300.0
gru_v2_shuffled,1,2,8,29.10178136423517,50.936321732290985,42.984678651059504,1300.0
gru_v2_shuffled,1,2,10,30.163141875095093,52.93297133854918,44.95967806647822,1300.0
gru_v2_shuffled,1,2,12,29.449112936819976,52.08702942874445,45.890159738478644,1300.0
gru_v2_shuffled,1,3,1,17.576658419966698,36.5789438813502,34.67586070173929,1300.0
gru_v2_shuffled,1,3,2,23.425702907752534,51.81181251031861,50.27108263744026,1300.0
gru_v2_shuffled,1,3,3,28.4624675220749,65.91818865137637,63.39401716510413,1300.0
gru_v2_shuffled,1,3,4,31.590799842522696,70.07705395261677,70.86565584251109,1300.0
gru_v2_shuffled,1,3,6,37.31163623465942,86.0432309016122,85.23857060109242,1300.0
gru_v2_shuffled,1,3,8,40.56399782878597,92.84798247195623,92.0962897729473,1300.0
gru_v2_shuffled,1,3,10,46.29898040126221,102.76603671125554,104.727587172652,1300.0
gru_v2_shuffled,1,3,12,48.96566704020907,109.47016057437085,113.36754442915759,1300.0
gru_v2_shuffled,1,4,1,7.558117867639432,16.936265640397167,26.005140227130337,1300.0
gru_v2_shuffled,1,4,2,10.605948299642366,24.65330611763481,42.156265788608124,1300.0
gru_v2_shuffled,1,4,3,13.483161712616253,31.063950843954906,53.2529534111675,1300.0
gru_v2_shuffled,1,4,4,15.801600637794651,35.85844634501217,55.68940957794842,1300.0
gru_v2_shuffled,1,4,6,18.531892328955138,40.95798134248254,67.86892340325902,1300.0
gru_v2_shuffled,1,4,8,22.033553364712457,44.40008433685746,68.85540665520563,1300.0
gru_v2_shuffled,1,4,10,21.5727279859552,40.814196936990015,54.32550658120049,1300.0
gru_v2_shuffled,1,4,12,20.37586894236505,39.27980652060232,60.62423595200237,1300.0
gru_v2_shuffled,1,5,1,7.039916219551635,18.29171190266247,41.0707515593498,1300.0
gru_v2_shuffled,1,5,2,8.113457725630859,20.289294013335834,48.3470945396731,1300.0
gru_v2_shuffled,1,5,3,9.0223490703025,21.9388928928414,51.363738309952524,1300.0
gru_v2_shuffled,1,5,4,9.608394415867515,22.77751646259215,48.72275125499694,1300.0
gru_v2_shuffled,1,5,6,10.29356597011891,23.686201093384778,65.86963381882637,1300.0
gru_v2_shuffled,1,5,8,10.606966768311194,24.25011202482424,72.44470663128361,1300.0
gru_v2_shuffled,1,5,10,10.490548056250152,24.747672572552116,83.97638322845582,1300.0
gru_v2_shuffled,1,5,12,10.248957243444254,24.68686445862119,80.59210941772307,1300.0
gru_v2_shuffled,1,6,1,11.590119795599636,20.5332467991654,24.215494240152424,1325.0
gru_v2_shuffled,1,6,2,12.235199360526957,20.97058271658975,23.446050761074854,1325.0
gru_v2_shuffled,1,6,3,13.169415142299995,22.046608599368273,25.214653071658365,1325.0
gru_v2_shuffled,1,6,4,13.81634983097326,23.03067928682594,24.999848046950227,1325.0
gru_v2_shuffled,1,6,6,15.182581938671053,25.571134013515916,25.857987712169514,1325.0
gru_v2_shuffled,1,6,8,16.027118309907756,26.939163008769356,29.520637755763943,1325.0
gru_v2_shuffled,1,6,10,16.363530131458955,26.210294772130027,34.93182330295957,1325.0
gru_v2_shuffled,1,6,12,16.666262034697915,26.133680885615174,39.71436687687348,1325.0
gru_v2_shuffled,1,7,1,18.096827649439756,40.37455682080008,35.748400972566,1300.0
gru_v2_shuffled,1,7,2,22.06363357023551,48.951344255524255,44.46648405800181,1300.0
gru_v2_shuffled,1,7,3,25.492093551571553,55.6066825333415,52.80679366542616,1300.0
gru_v2_shuffled,1,7,4,27.303873737740975,60.484890446672374,57.78236237012322,1300.0
gru_v2_shuffled,1,7,6,31.55770258955801,66.13769304901969,62.857993124930324,1300.0
gru_v2_shuffled,1,7,8,30.793044384419918,64.14541225998808,61.525593397456426,1300.0
gru_v2_shuffled,1,7,10,33.60964194983244,69.04571075381925,64.59954790495972,1300.0
gru_v2_shuffled,1,7,12,35.317767045772996,69.55161312743381,62.03687618947883,1300.0
gru_v2_shuffled,1,8,1,9.422226961449935,19.338118428757912,21.92216776814954,1300.0
gru_v2_shuffled,1,8,2,10.007568409316814,19.180103270782332,22.606322030363412,1300.0
gru_v2_shuffled,1,8,3,11.631801747289988,24.29660317853285,30.267978870457615,1300.0
gru_v2_shuffled,1,8,4,11.916163827341336,25.606604597307626,25.486430583020738,1300.0
gru_v2_shuffled,1,8,6,13.623775275945663,31.918731465159304,34.206072762916826,1300.0
gru_v2_shuffled,1,8,8,16.880165930287195,39.21898443027263,45.87874159977354,1300.0
gru_v2_shuffled,1,8,10,19.542490915312218,44.98643064290354,49.25894136593259,1300.0
gru_v2_shuffled,1,8,12,19.26636299043894,45.93712915093765,51.819684068087874,1300.0
gru_v2_shuffled,1,9,1,8.585370746892519,16.062293344075687,19.604672852071744,1300.0
gru_v2_shuffled,1,9,2,9.999230848631033,18.969457245978198,24.963928171731894,1300.0
gru_v2_shuffled,1,9,3,12.008756170072235,23.670400669301763,32.56708753687664,1300.0
gru_v2_shuffled,1,9,4,13.628960951131123,28.55984940826411,38.788203996362036,1300.0
gru_v2_shuffled,1,9,6,15.890321840015956,33.74766910498162,44.911557764682954,1300.0
gru_v2_shuffled,1,9,8,17.282280069165505,36.9250848162034,51.23034654774712,1300.0
gru_v2_shuffled,1,9,10,18.264799080525453,39.342662988480484,51.217033132766055,1300.0
gru_v2_shuffled,1,9,12,19.656368754231014,43.01439946820154,52.655847813319234,1300.0
gru_v2_shuffled,2,0,1,10.296114771321134,22.469501968018104,20.278297332215445,1325.0
gru_v2_shuffled,2,0,2,11.820508935957585,27.079376325766898,25.651456728788084,1325.0
gru_v2_shuffled,2,0,3,13.150920148463744,31.041401409325957,28.48864766972213,1325.0
gru_v2_shuffled,2,0,4,14.457399419930605,36.96497657106306,34.01892993089843,1325.0
gru_v2_shuffled,2,0,6,15.3529335253633,39.34441261240028,37.187635349962164,1325.0
gru_v2_shuffled,2,0,8,16.402625334368985,41.236117223659264,39.9737637319239,1325.0
gru_v2_shuffled,2,0,10,17.20653938726856,41.79954382309291,40.15627735594319,1325.0
gru_v2_shuffled,2,0,12,17.67053777195935,43.8559738995245,42.82920058446247,1325.0
gru_v2_shuffled,2,1,1,39.21345360489992,89.2822282216355,43.673910624463,1300.0
gru_v2_shuffled,2,1,2,53.1131776705155,123.68859523057317,59.61310060062785,1300.0
gru_v2_shuffled,2,1,3,64.80035390395385,156.2339442799785,73.73841009169978,1300.0
gru_v2_shuffled,2,1,4,73.11804756870636,172.34404463757514,83.03861002872833,1300.0
gru_v2_shuffled,2,1,6,91.82221104534773,218.95824556742608,104.93799342367551,1300.0
gru_v2_shuffled,2,1,8,99.18551044940949,233.05330828279935,113.06434171193378,1300.0
gru_v2_shuffled,2,1,10,110.67441433751382,253.60215428272474,126.86917879969664,1300.0
gru_v2_shuffled,2,1,12,114.21744885584482,257.287641588036,130.90687695795694,1300.0
gru_v2_shuffled,2,2,1,9.919276862213245,16.78240915151902,17.225737399670667,1300.0
gru_v2_shuffled,2,2,2,12.436827445924282,22.42997915961305,22.250819129821583,1300.0
gru_v2_shuffled,2,2,3,14.94036121226274,27.34505201669187,26.90195467926207,1300.0
gru_v2_shuffled,2,2,4,18.03086132761736,32.184677747318354,30.122632562786666,1300.0
gru_v2_shuffled,2,2,6,22.89990352663283,40.67767062751103,36.66358153871346,1300.0
gru_v2_shuffled,2,2,8,26.123451392417415,46.59164861280011,41.68421043327331,1300.0
gru_v2_shuffled,2,2,10,28.869198664028485,50.86504109676236,44.91218554864436,1300.0
gru_v2_shuffled,2,2,12,31.104653587553365,54.427711969352224,45.5046298515884,1300.0
gru_v2_shuffled,2,3,1,17.600147678638237,36.27925600005121,35.09813946059772,1300.0
gru_v2_shuffled,2,3,2,21.68375662205884,46.51552596686597,45.59338429614025,1300.0
gru_v2_shuffled,2,3,3,28.444573166840353,63.36916215743527,62.43179115684343,1300.0
gru_v2_shuffled,2,3,4,30.071020310727448,64.92232850793495,65.42658843006939,1300.0
gru_v2_shuffled,2,3,6,35.588216666639426,80.05631093290376,79.86379040020103,1300.0
gru_v2_shuffled,2,3,8,40.47908349344364,92.24050294840778,92.04690329060584,1300.0
gru_v2_shuffled,2,3,10,47.29604599242027,107.45853186323048,109.61114785632417,1300.0
gru_v2_shuffled,2,3,12,49.71549395026353,111.51730158575315,115.33723170397913,1300.0
gru_v2_shuffled,2,4,1,7.361008826898984,16.211749511441013,25.583680112137753,1300.0
gru_v2_shuffled,2,4,2,10.054322691869277,22.558675361477892,38.39955826294728,1300.0
gru_v2_shuffled,2,4,3,12.569556272366585,28.731325454203727,48.239743917416305,1300.0
gru_v2_shuffled,2,4,4,13.21379965653464,28.326738594913355,45.557811684078644,1300.0
gru_v2_shuffled,2,4,6,16.770646778038486,34.06963054181981,53.95594848730625,1300.0
gru_v2_shuffled,2,4,8,24.22580994759901,49.74191962484577,71.92400087861934,1300.0
gru_v2_shuffled,2,4,10,25.626951965640945,50.617901724420136,64.64216448302962,1300.0
gru_v2_shuffled,2,4,12,22.026444010281793,42.08939795699608,55.546923445840164,1300.0
gru_v2_shuffled,2,5,1,6.958777412524483,18.121199839074528,38.07115510971315,1300.0
gru_v2_shuffled,2,5,2,8.081142579803172,20.317359797228058,47.29068503841277,1300.0
gru_v2_shuffled,2,5,3,9.04519860171189,22.10115128805764,54.1304537903878,1300.0
gru_v2_shuffled,2,5,4,9.630041952472933,23.013623519811077,51.80985070909223,1300.0
gru_v2_shuffled,2,5,6,10.365000448896227,23.763329982013296,64.1295604859629,1300.0
gru_v2_shuffled,2,5,8,10.437836497458182,24.449255706898587,80.08969956540292,1300.0
gru_v2_shuffled,2,5,10,10.337834592639881,24.73907818719464,84.4241377576705,1300.0
gru_v2_shuffled,2,5,12,10.687993301749946,25.32445685983961,83.0545194158631,1300.0
gru_v2_shuffled,2,6,1,11.614646773182102,20.677760093401318,24.004163964041346,1325.0
gru_v2_shuffled,2,6,2,12.114711320006622,20.976325506965622,22.90711422624259,1325.0
gru_v2_shuffled,2,6,3,13.086958096009099,21.970397367116394,24.99182888094721,1325.0
gru_v2_shuffled,2,6,4,13.943084789537034,23.387954074930523,23.833571188151836,1325.0
gru_v2_shuffled,2,6,6,15.088941708578254,25.092163320640328,23.110958743711997,1325.0
gru_v2_shuffled,2,6,8,15.589637320401534,25.6019931225717,31.189916327081878,1325.0
gru_v2_shuffled,2,6,10,16.325630535894547,26.074673918956655,34.65249162090236,1325.0
gru_v2_shuffled,2,6,12,16.954409393527598,26.506972424516498,36.759946297982644,1325.0
gru_v2_shuffled,2,7,1,18.4205532094607,40.90226811395816,36.92422948461591,1300.0
gru_v2_shuffled,2,7,2,21.44635646428053,47.304118695602114,41.99109289862893,1300.0
gru_v2_shuffled,2,7,3,25.1585746549643,55.31683525499966,52.60235145137987,1300.0
gru_v2_shuffled,2,7,4,26.95263330073311,60.1522813414186,57.02477897757013,1300.0
gru_v2_shuffled,2,7,6,29.080894432125184,62.60633757026137,59.12547996320015,1300.0
gru_v2_shuffled,2,7,8,31.41272003716001,65.20901917746568,62.99993521870004,1300.0
gru_v2_shuffled,2,7,10,33.21889303068702,67.72254312241036,61.94059157650661,1300.0
gru_v2_shuffled,2,7,12,35.56219238126507,70.27455404002093,66.87218983475499,1300.0
gru_v2_shuffled,2,8,1,9.675420872099124,19.819613967984054,22.20802875222831,1300.0
gru_v2_shuffled,2,8,2,9.8909101117345,18.543608940223507,21.160981443010527,1300.0
gru_v2_shuffled,2,8,3,10.907444428446201,22.867079728708237,27.481690589312848,1300.0
gru_v2_shuffled,2,8,4,12.031568471408233,23.388973299687066,26.546643077787653,1300.0
gru_v2_shuffled,2,8,6,13.882509210728681,31.97877518588317,34.222930010022786,1300.0
gru_v2_shuffled,2,8,8,16.974907840925912,40.725889669088915,45.510431981908866,1300.0
gru_v2_shuffled,2,8,10,19.000425687019643,44.108280471447024,50.2821418088058,1300.0
gru_v2_shuffled,2,8,12,18.88592590712584,45.80940766787462,53.673048155883265,1300.0
gru_v2_shuffled,2,9,1,8.837725286770326,16.52602324219884,20.369103806690106,1300.0
gru_v2_shuffled,2,9,2,9.908905802013782,18.615384435580733,25.904622544362706,1300.0
gru_v2_shuffled,2,9,3,11.805783438911805,23.713554885536027,31.250608534488862,1300.0
gru_v2_shuffled,2,9,4,13.432900274991988,27.18292379332021,37.48465172063957,1300.0
gru_v2_shuffled,2,9,6,16.402176494682475,33.77264023365921,44.406446646718145,1300.0
gru_v2_shuffled,2,9,8,19.133305285972757,41.36553014264703,51.30985788118492,1300.0
gru_v2_shuffled,2,9,10,19.453420897361177,41.311689597509094,54.4728362814894,1300.0
gru_v2_shuffled,2,9,12,18.29485191140037,38.79826735586582,55.53181124659418,1300.0
lgbm_v2,-2,0,1,9.888146022482301,22.252466755129657,20.501558546766134,1325.0
lgbm_v2,-2,0,2,11.178844693752955,26.828969165216673,24.1835373350035,1325.0
lgbm_v2,-2,0,3,12.311817268622372,30.34516168979253,27.62691207457397,1325.0
lgbm_v2,-2,0,4,13.233477178677074,33.41354307403776,30.3644171336108,1325.0
lgbm_v2,-2,0,6,14.717776520747059,37.20967681855832,34.91114391192878,1325.0
lgbm_v2,-2,0,8,15.463433988510438,38.110588954370066,36.236646391367174,1325.0
lgbm_v2,-2,0,10,15.852937526196804,39.03689530645908,36.41258071552394,1325.0
lgbm_v2,-2,0,12,15.983545609903786,38.708189286827825,36.934833308060966,1325.0
lgbm_v2,-2,1,1,44.943237144488556,97.65278211535517,50.79210705485335,1300.0
lgbm_v2,-2,1,2,60.14747651201028,136.89743901908395,68.58281430115177,1300.0
lgbm_v2,-2,1,3,69.64829996650036,160.48659366122155,79.53308031385635,1300.0
lgbm_v2,-2,1,4,79.61416961747867,179.1008125247341,90.67525036566133,1300.0
lgbm_v2,-2,1,6,94.55748483987955,209.7009738615595,107.56213393293763,1300.0
lgbm_v2,-2,1,8,103.53886658054132,229.03512570807422,117.40333381204246,1300.0
lgbm_v2,-2,1,10,106.65113600584176,232.24302597427723,121.13110472751477,1300.0
lgbm_v2,-2,1,12,112.70696067912074,246.97782785598824,128.3667230606213,1300.0
lgbm_v2,-2,2,1,9.79746140180872,16.961537563609454,17.39481695798727,1300.0
lgbm_v2,-2,2,2,12.521559458948099,22.086287920191317,20.725193094912466,1300.0
lgbm_v2,-2,2,3,14.737935270300278,26.354764442151406,25.40267357546768,1300.0
lgbm_v2,-2,2,4,17.28426667529803,30.743894532327783,29.96330319121207,1300.0
lgbm_v2,-2,2,6,22.130868799646315,39.982669234118845,37.328070159906,1300.0
lgbm_v2,-2,2,8,26.85183440326498,48.33264188949467,42.634339138537975,1300.0
lgbm_v2,-2,2,10,28.490507102826466,51.45211881634647,45.90220358067162,1300.0
lgbm_v2,-2,2,12,32.43192086160183,57.91498501243713,45.833559619910986,1300.0
lgbm_v2,-2,3,1,16.539290953473404,34.264059462830666,32.537972886647495,1300.0
lgbm_v2,-2,3,2,20.353984117026513,43.2782904282854,41.931164121677895,1300.0
lgbm_v2,-2,3,3,23.663205724461722,52.04275616062695,49.41351994559044,1300.0
lgbm_v2,-2,3,4,26.714475157444294,57.839100185321,57.1073729897998,1300.0
lgbm_v2,-2,3,6,33.64372456205579,74.3111658497574,73.7918299858247,1300.0
lgbm_v2,-2,3,8,40.07699268588653,89.87087940635955,89.41016660060953,1300.0
lgbm_v2,-2,3,10,44.617621271472714,98.43423071991275,100.32447119276313,1300.0
lgbm_v2,-2,3,12,48.097191792359716,106.16876692228213,110.45045854000985,1300.0
lgbm_v2,-2,4,1,6.347169601936162,14.829919607659457,23.599438993339863,1300.0
lgbm_v2,-2,4,2,7.941777220941775,19.213157580308263,30.939300204953575,1300.0
lgbm_v2,-2,4,3,9.638280607159608,23.291661722244232,38.15826934219425,1300.0
lgbm_v2,-2,4,4,11.89239041111217,30.172434688347213,47.41392721681513,1300.0
lgbm_v2,-2,4,6,17.393921902168255,45.11875366645903,69.05100239240207,1300.0
lgbm_v2,-2,4,8,19.382582487532726,46.25659283830282,72.60050786254753,1300.0
lgbm_v2,-2,4,10,20.314013637671103,45.32618334756728,63.73988105904343,1300.0
lgbm_v2,-2,4,12,20.766574867780392,43.29233331102056,58.4450772297688,1300.0
lgbm_v2,-2,5,1,7.1451263549153765,18.787123459389893,37.99692230839883,1300.0
lgbm_v2,-2,5,2,8.202753409459255,20.308773142786944,45.60300824334544,1300.0
lgbm_v2,-2,5,3,9.363133195010372,23.13846287356562,53.05371168928762,1300.0
lgbm_v2,-2,5,4,9.875234864920092,23.56050225623113,51.54419334184739,1300.0
lgbm_v2,-2,5,6,10.276705608041958,23.471735621781175,44.57261972081277,1300.0
lgbm_v2,-2,5,8,10.195797740138996,22.4690717609521,56.54043861935216,1300.0
lgbm_v2,-2,5,10,9.955654457315193,22.06389154022042,69.74143269946498,1300.0
lgbm_v2,-2,5,12,10.231255445104056,24.782465545439305,77.62917058025637,1300.0
lgbm_v2,-2,6,1,11.281953708801488,19.762903766167334,23.575668634525663,1325.0
lgbm_v2,-2,6,2,12.103925705368868,20.800004823356115,22.808745968958426,1325.0
lgbm_v2,-2,6,3,13.19630080527011,22.29539891383844,24.866375006606866,1325.0
lgbm_v2,-2,6,4,13.89533711609132,23.248725957206624,25.895414510163768,1325.0
lgbm_v2,-2,6,6,15.2676727975188,25.61013777407503,27.645206356356884,1325.0
lgbm_v2,-2,6,8,16.219320788065428,27.223714197134264,29.74908262552244,1325.0
lgbm_v2,-2,6,10,16.70999180488148,28.152052928941288,33.23096866802923,1325.0
lgbm_v2,-2,6,12,17.57457389181515,30.15767082002793,34.549466279046285,1325.0
lgbm_v2,-2,7,1,18.312010260992324,40.29298629757066,34.94495857845653,1300.0
lgbm_v2,-2,7,2,22.097966935497062,49.306540270507845,43.51388184837074,1300.0
lgbm_v2,-2,7,3,26.395037204588835,59.12953658731613,55.06632953504557,1300.0
lgbm_v2,-2,7,4,28.302797720340582,61.964118569690854,58.3168505989323,1300.0
lgbm_v2,-2,7,6,31.0866487625929,65.40941813817152,62.28202506809524,1300.0
lgbm_v2,-2,7,8,32.801079983619545,66.58398465564458,63.49698839946227,1300.0
lgbm_v2,-2,7,10,33.28363382816315,67.66074026297134,64.50757213285803,1300.0
lgbm_v2,-2,7,12,35.2988985102681,70.76668017859446,68.05980188327716,1300.0
lgbm_v2,-2,8,1,9.012876068044168,17.49776428878658,21.356131472669798,1300.0
lgbm_v2,-2,8,2,9.497469953573667,16.995741109226934,20.185615207820103,1300.0
lgbm_v2,-2,8,3,10.727222607387946,21.47038810774557,27.328107463080308,1300.0
lgbm_v2,-2,8,4,11.186955744222953,24.22445752473539,26.433484604440885,1300.0
lgbm_v2,-2,8,6,13.597554208269486,32.87008597815805,36.40366759999045,1300.0
lgbm_v2,-2,8,8,16.415261019399534,42.57339491986292,53.020685851573944,1300.0
lgbm_v2,-2,8,10,18.105110963754928,45.87902806207206,58.683409869259805,1300.0
lgbm_v2,-2,8,12,18.131841007230374,44.54750254464666,56.68835587871486,1300.0
lgbm_v2,-2,9,1,8.707065621236197,16.007730157085156,20.407870512564205,1300.0
lgbm_v2,-2,9,2,10.242494760476626,19.944615366295565,27.195176795848365,1300.0
lgbm_v2,-2,9,3,11.468329090796985,22.90569728267868,31.995262941110482,1300.0
lgbm_v2,-2,9,4,12.748607971255597,25.788031442313866,35.94023815752233,1300.0
lgbm_v2,-2,9,6,15.695390893335526,33.10127536565704,44.6725806796435,1300.0
lgbm_v2,-2,9,8,17.73886303773293,38.883552892747964,51.497958141623194,1300.0
lgbm_v2,-2,9,10,18.66445759037366,40.47518419138789,54.314902859984095,1300.0
lgbm_v2,-2,9,12,19.49623062076477,42.36752285707268,56.66850788847914,1300.0
lgbm_v2,0,0,1,9.826723935351056,21.87271014819323,20.174768029233324,1325.0
lgbm_v2,0,0,2,11.14338752324851,26.43948793584661,23.836770747719846,1325.0
lgbm_v2,0,0,3,12.341718158913109,30.30742258519074,27.73332420311405,1325.0
lgbm_v2,0,0,4,13.184479979692766,33.27941649067485,30.272048669093746,1325.0
lgbm_v2,0,0,6,14.740247378512374,37.17286015793294,34.73126970408327,1325.0
lgbm_v2,0,0,8,15.4064490415915,38.07731865955369,36.22803004856332,1325.0
lgbm_v2,0,0,10,15.974771347754407,39.649703728923214,36.53653587640847,1325.0
lgbm_v2,0,0,12,15.955832319731982,39.02810302137249,37.105797544963615,1325.0
lgbm_v2,0,1,1,43.84600662804567,94.33762858844776,49.49199194336708,1300.0
lgbm_v2,0,1,2,59.57205629376265,136.71309763878952,67.85465481347627,1300.0
lgbm_v2,0,1,3,69.63618721741896,159.652497563933,79.52092966255422,1300.0
lgbm_v2,0,1,4,79.2910326133783,178.14423732692222,90.26920320802574,1300.0
lgbm_v2,0,1,6,94.723704603131,212.02247309260613,107.79922480771529,1300.0
lgbm_v2,0,1,8,103.15165859309526,229.07416442899785,117.13314793150558,1300.0
lgbm_v2,0,1,10,105.89895344610397,229.469201122534,120.15965103466378,1300.0
lgbm_v2,0,1,12,113.34608364648544,248.2692956303312,129.03332524900483,1300.0
lgbm_v2,0,2,1,9.852786392030808,17.107996436184894,17.768167247920683,1300.0
lgbm_v2,0,2,2,12.615872760065473,22.083329365374148,20.674576598482254,1300.0
lgbm_v2,0,2,3,14.724327655801407,26.378655371059267,25.414500637095927,1300.0
lgbm_v2,0,2,4,17.230369682472485,30.61887543003596,29.769206293227473,1300.0
lgbm_v2,0,2,6,22.407409828362557,40.45140652296835,37.494265791015096,1300.0
lgbm_v2,0,2,8,27.29343528561867,48.98301060685255,42.79080100876071,1300.0
lgbm_v2,0,2,10,28.5027516515553,51.54822037194443,46.34483131624403,1300.0
lgbm_v2,0,2,12,33.155461569239314,59.19431049727646,45.87717408618648,1300.0
lgbm_v2,0,3,1,16.654708738212403,34.761060783662856,32.83617291818647,1300.0
lgbm_v2,0,3,2,20.52448618926681,43.77713362577304,42.21913180656794,1300.0
lgbm_v2,0,3,3,23.500207306501956,51.747161942398265,49.265189427538076,1300.0
lgbm_v2,0,3,4,26.41619286422546,56.71641302022704,56.48712414521881,1300.0
lgbm_v2,0,3,6,33.19783934958852,73.65202217909633,72.8804455499376,1300.0
lgbm_v2,0,3,8,40.39108677536249,90.47461519961512,89.94621810830441,1300.0
lgbm_v2,0,3,10,44.37555372041005,97.83947250414859,99.44165536160229,1300.0
lgbm_v2,0,3,12,48.30965041027619,106.37872747574593,110.5311227105871,1300.0
lgbm_v2,0,4,1,6.374133810406694,14.99698519530046,23.973873835343582,1300.0
lgbm_v2,0,4,2,8.085610031715522,19.622162298733098,32.179454642483314,1300.0
lgbm_v2,0,4,3,9.593199185645924,22.724379360808793,36.92644972067613,1300.0
lgbm_v2,0,4,4,12.084326642614144,30.923623327773235,48.3803444764553,1300.0
lgbm_v2,0,4,6,17.677635467774593,47.20892273045309,72.23976201277513,1300.0
lgbm_v2,0,4,8,19.794326822597245,48.24738813377449,73.53259615612845,1300.0
lgbm_v2,0,4,10,19.53696247944465,43.418687703411145,58.730596089974426,1300.0
lgbm_v2,0,4,12,20.62647419461837,42.909231770444194,58.97687236060444,1300.0
lgbm_v2,0,5,1,7.149323891720985,18.780308517961274,38.49702524369763,1300.0
lgbm_v2,0,5,2,8.250990960510054,20.388787291552248,47.465641910029994,1300.0
lgbm_v2,0,5,3,9.374863559862133,23.18255317567551,53.73636502604331,1300.0
lgbm_v2,0,5,4,9.861588854231657,23.52382063032677,50.47701861493049,1300.0
lgbm_v2,0,5,6,10.355034346170724,23.499351114207162,45.28896938312438,1300.0
lgbm_v2,0,5,8,10.116347755405766,22.36137312283977,55.34452938937372,1300.0
lgbm_v2,0,5,10,9.88334930952316,21.966581134254778,67.44321057873387,1300.0
lgbm_v2,0,5,12,10.319372143637604,24.57265011687496,77.26512024671801,1300.0
lgbm_v2,0,6,1,11.28978933902844,19.78694557427328,23.753210595455663,1325.0
lgbm_v2,0,6,2,12.134260796454717,20.755666049864576,23.001402144288196,1325.0
lgbm_v2,0,6,3,13.235885801599274,22.32680330853864,25.015453486606994,1325.0
lgbm_v2,0,6,4,13.805568007596259,23.148082522075107,25.796637571063535,1325.0
lgbm_v2,0,6,6,15.2073091204605,25.35033435206117,27.601509622458753,1325.0
lgbm_v2,0,6,8,16.365970091847878,27.32717429882381,29.927906869685856,1325.0
lgbm_v2,0,6,10,16.703415770502584,27.744681172267438,33.30003002722715,1325.0
lgbm_v2,0,6,12,17.533443345506235,30.438575286312332,34.68971973503458,1325.0
lgbm_v2,0,7,1,18.532057087742366,40.542609010834845,35.71971781720143,1300.0
lgbm_v2,0,7,2,22.271167994943948,49.26843988047583,43.80692937945531,1300.0
lgbm_v2,0,7,3,26.06848454429553,57.729447006897466,54.586237788857176,1300.0
lgbm_v2,0,7,4,28.407699162020133,62.061941924109256,58.55971871304118,1300.0
lgbm_v2,0,7,6,31.124232187706692,65.4002643993017,62.18526617587434,1300.0
lgbm_v2,0,7,8,32.918089698415535,66.65197491526008,63.78918352271571,1300.0
lgbm_v2,0,7,10,33.28430168255017,67.71518925448893,63.9548679332431,1300.0
lgbm_v2,0,7,12,35.26620736445372,71.7813183435995,67.6849197471109,1300.0
lgbm_v2,0,8,1,8.92618634544886,16.987272433299808,20.837538559683438,1300.0
lgbm_v2,0,8,2,9.501675381981409,16.992804034562308,20.256668331705292,1300.0
lgbm_v2,0,8,3,10.753173440946982,21.389090563488395,27.271126405535075,1300.0
lgbm_v2,0,8,4,11.257014919714285,24.051814047645056,25.825490067334012,1300.0
lgbm_v2,0,8,6,13.818102372105304,33.54540865475702,36.61702334182016,1300.0
lgbm_v2,0,8,8,16.427194014879372,42.75639437874086,53.32376905803023,1300.0
lgbm_v2,0,8,10,18.173910281428924,46.04282626624839,58.680502498972004,1300.0
lgbm_v2,0,8,12,18.247892394336656,44.84957984414722,56.334632735416804,1300.0
lgbm_v2,0,9,1,8.716308380915569,15.992167040415284,20.454553605283348,1300.0
lgbm_v2,0,9,2,10.340519595822462,20.312275034983646,27.579961693981318,1300.0
lgbm_v2,0,9,3,11.544677542207333,23.02004454234276,32.121490943779065,1300.0
lgbm_v2,0,9,4,12.705532805426763,25.68730610627569,35.70139243070361,1300.0
lgbm_v2,0,9,6,15.819736343484658,33.52929772878978,44.69053166005218,1300.0
lgbm_v2,0,9,8,17.918281368567392,39.68522250272525,51.42779164869808,1300.0
lgbm_v2,0,9,10,18.598339846271735,40.3729804597112,53.95590398496795,1300.0
lgbm_v2,0,9,12,19.36546890485745,42.138097193673616,56.4960175498018,1300.0
lgbm_v2,1,0,1,10.037519225230756,22.765555420932333,20.966802172236523,1325.0
lgbm_v2,1,0,2,11.284896176862267,27.331926362837137,24.716663849219092,1325.0
lgbm_v2,1,0,3,12.27521323845634,30.24271847256943,27.429668472900904,1325.0
lgbm_v2,1,0,4,13.35861978609607,33.71651242178543,30.537563031928688,1325.0
lgbm_v2,1,0,6,14.79681422115497,37.21115329234944,34.9798409388227,1325.0
lgbm_v2,1,0,8,15.360266287270582,37.51412971713494,35.61311290185835,1325.0
lgbm_v2,1,0,10,15.84007370832956,39.12255491143339,36.2210805097458,1325.0
lgbm_v2,1,0,12,16.242624086209062,39.76901005140685,37.0542792140764,1325.0
lgbm_v2,1,1,1,46.94799987568305,103.64570470822152,53.13608279529979,1300.0
lgbm_v2,1,1,2,60.5343859231472,137.001326667169,69.07997282039327,1300.0
lgbm_v2,1,1,3,69.16819389274487,159.23052150127714,78.959531619048,1300.0
lgbm_v2,1,1,4,79.74888460963965,179.37226173948986,90.79305861970573,1300.0
lgbm_v2,1,1,6,94.25384904444218,208.38619922598724,107.17011606077959,1300.0
lgbm_v2,1,1,8,103.38721899193067,229.31699672699426,117.25235182694301,1300.0
lgbm_v2,1,1,10,106.77823257638858,233.03297155831785,121.32137897937045,1300.0
lgbm_v2,1,1,12,113.05993644324633,248.58241999446253,128.96559649802197,1300.0
lgbm_v2,1,2,1,9.779167072199858,16.908707198397362,17.308012590631023,1300.0
lgbm_v2,1,2,2,12.451609257826439,22.11685746592502,20.802103517038045,1300.0
lgbm_v2,1,2,3,14.759677333258665,26.367226509124798,25.199513663575328,1300.0
lgbm_v2,1,2,4,17.302280738869538,30.71425218456667,29.94777824786993,1300.0
lgbm_v2,1,2,6,21.749787377738034,39.40114273609066,37.145153056516314,1300.0
lgbm_v2,1,2,8,26.507495115863588,47.86379039043743,42.414541925511735,1300.0
lgbm_v2,1,2,10,27.46021686568856,49.88062495158102,45.64434040771736,1300.0
lgbm_v2,1,2,12,31.33001184905951,56.09491091703655,45.787699375888366,1300.0
lgbm_v2,1,3,1,16.551954259287854,34.34280144754273,32.551929628147796,1300.0
lgbm_v2,1,3,2,20.117356819006112,42.6626109822515,41.54149292321766,1300.0
lgbm_v2,1,3,3,23.692818868744833,51.88338920564949,49.22413538690625,1300.0
lgbm_v2,1,3,4,27.033521011460287,57.9659722377122,57.620856038474734,1300.0
lgbm_v2,1,3,6,34.22647824477691,75.03357978377478,74.78839665100354,1300.0
lgbm_v2,1,3,8,39.653513314242545,88.6974424083796,88.19059999443654,1300.0
lgbm_v2,1,3,10,44.686681497624285,98.47236966786714,100.51924279100504,1300.0
lgbm_v2,1,3,12,48.01607175462521,105.98634348545308,110.33531550962884,1300.0
lgbm_v2,1,4,1,6.289335637261662,14.716078531413247,22.86052316885728,1300.0
lgbm_v2,1,4,2,7.99313079443402,19.37906226288269,31.19093717672886,1300.0
lgbm_v2,1,4,3,9.652250884608007,23.601999257612178,38.57010430352301,1300.0
lgbm_v2,1,4,4,12.156821180582046,31.10059052137469,49.56126102626833,1300.0
lgbm_v2,1,4,6,17.544274176450877,44.97169325152503,67.70728134090065,1300.0
lgbm_v2,1,4,8,20.26379012479232,49.15081695631568,77.85397269583156,1300.0
lgbm_v2,1,4,10,21.394185691407095,49.03253559034244,68.58913683891296,1300.0
lgbm_v2,1,4,12,21.09853052925605,44.13033915464727,59.57221235576858,1300.0
lgbm_v2,1,5,1,7.144305374416021,18.858334319695487,38.30516921704815,1300.0
lgbm_v2,1,5,2,8.225581878023938,20.365253153838832,45.7788061903369,1300.0
lgbm_v2,1,5,3,9.437817855976665,23.353041562991418,53.62062632845294,1300.0
lgbm_v2,1,5,4,9.925464770035603,23.721746883008898,52.38455474857361,1300.0
lgbm_v2,1,5,6,10.278375167603103,23.678246360349743,43.76003874021192,1300.0
lgbm_v2,1,5,8,10.29746243610743,22.70327888553926,58.43327437581554,1300.0
lgbm_v2,1,5,10,10.077457415275276,22.33236704103793,71.51482907226008,1300.0
lgbm_v2,1,5,12,10.318707850860665,25.04624478121145,77.58579182913226,1300.0
lgbm_v2,1,6,1,11.322289712468407,19.749078715339838,23.53923164308071,1325.0
lgbm_v2,1,6,2,12.124603731351078,20.85826960128695,22.731170978011757,1325.0
lgbm_v2,1,6,3,13.205664675379136,22.31391470898822,24.883867078043263,1325.0
lgbm_v2,1,6,4,13.99685055917164,23.4543221464171,26.029806008626675,1325.0
lgbm_v2,1,6,6,15.413750751492971,26.02245298789712,27.870493821542837,1325.0
lgbm_v2,1,6,8,16.218261656779443,27.24520801460568,29.920045523486774,1325.0
lgbm_v2,1,6,10,16.972475423953444,29.071441318425478,33.44882237243241,1325.0
lgbm_v2,1,6,12,17.47030230425439,29.55931589647687,34.54955218732357,1325.0
lgbm_v2,1,7,1,18.31742934666001,40.440235446745284,34.88806588426438,1300.0
lgbm_v2,1,7,2,22.396275136860517,50.19117648890328,44.23906573940571,1300.0
lgbm_v2,1,7,3,26.921942805808325,60.877194703140084,56.04486375603794,1300.0
lgbm_v2,1,7,4,28.556912188896767,62.28084205578136,58.81732740768388,1300.0
lgbm_v2,1,7,6,31.161848398859686,65.7609264283837,62.34100004628342,1300.0
lgbm_v2,1,7,8,32.62174138321326,66.63268567632116,63.49329960937342,1300.0
lgbm_v2,1,7,10,33.68465602173255,68.35994209136283,65.1860701594471,1300.0
lgbm_v2,1,7,12,35.30725737140729,70.13052477334072,68.21315618553109,1300.0
lgbm_v2,1,8,1,9.103535057890873,17.860733376163253,21.76619467324224,1300.0
lgbm_v2,1,8,2,9.570547310687028,17.1579158914371,20.08575585998338,1300.0
lgbm_v2,1,8,3,10.7139179285673,21.38016532471669,26.99696407934715,1300.0
lgbm_v2,1,8,4,11.305919401066808,24.46221793468555,26.753874736818773,1300.0
lgbm_v2,1,8,6,13.634918489341553,32.77863597254304,35.71309472527997,1300.0
lgbm_v2,1,8,8,16.377043116711654,42.561553461355125,52.975358010982646,1300.0
lgbm_v2,1,8,10,18.16733713143147,45.576147381023034,58.76476317109733,1300.0
lgbm_v2,1,8,12,18.11700027910563,44.15529344628722,56.38610980798458,1300.0
lgbm_v2,1,9,1,8.786377634830199,16.182681734308243,20.756485427467567,1300.0
lgbm_v2,1,9,2,10.25590049486894,19.795316977575613,26.963045108086856,1300.0
lgbm_v2,1,9,3,11.56008646781628,23.35751069471383,32.657151836793396,1300.0
lgbm_v2,1,9,4,12.808847550417369,25.92774989376557,36.43838887654462,1300.0
lgbm_v2,1,9,6,15.616099034937529,32.89038104723661,44.189240778534156,1300.0
lgbm_v2,1,9,8,17.82011518693887,38.82078033645243,51.81351189474458,1300.0
lgbm_v2,1,9,10,18.911982026696204,41.05765227103135,55.5698684789602,1300.0
lgbm_v2,1,9,12,19.69977792398288,42.934910699562586,57.232205562221196,1300.0
lgbm_v2,2,0,1,9.906324660553123,22.362520350717993,20.61047701318722,1325.0
lgbm_v2,2,0,2,11.20788593225884,26.91735067228493,24.249728711858644,1325.0
lgbm_v2,2,0,3,12.397706349885688,30.63166721921731,27.855274895027197,1325.0
lgbm_v2,2,0,4,13.25684714785162,33.338424366045984,30.355410223458446,1325.0
lgbm_v2,2,0,6,14.703137568449074,37.40425238167137,35.06593646849953,1325.0
lgbm_v2,2,0,8,15.689469374513852,38.90069182537986,36.894965573198206,1325.0
lgbm_v2,2,0,10,15.797703110811845,38.60535926624787,36.522795519081214,1325.0
lgbm_v2,2,0,12,15.875046878462692,37.77829703718823,36.76169317396684,1325.0
lgbm_v2,2,1,1,44.71902304598918,96.43743309468317,50.5116850089556,1300.0
lgbm_v2,2,1,2,60.832565135313914,137.83619658573107,69.3477909819656,1300.0
lgbm_v2,2,1,3,70.37475787502069,163.09902537766936,80.33205151028223,1300.0
lgbm_v2,2,1,4,79.98839844277272,180.14113103260672,91.15373371410412,1300.0
lgbm_v2,2,1,6,94.84725805181724,208.89831014266517,107.87439380519265,1300.0
lgbm_v2,2,1,8,104.23934061038953,229.02787194658148,117.97330393876271,1300.0
lgbm_v2,2,1,10,107.46701770564684,234.40448114677875,122.05192976614838,1300.0
lgbm_v2,2,1,12,111.9503809508452,244.29700190342913,127.32779751273952,1300.0
lgbm_v2,2,2,1,9.814972337816771,16.927949918538918,17.178804518757286,1300.0
lgbm_v2,2,2,2,12.522290050502006,22.126128296960086,20.751768679190906,1300.0
lgbm_v2,2,2,3,14.749806805745914,26.382018922131273,25.62473632930181,1300.0
lgbm_v2,2,2,4,17.337734546569678,30.95326471161737,30.21317215487634,1300.0
lgbm_v2,2,2,6,22.27558565462438,40.16112712936617,37.44401507797368,1300.0
lgbm_v2,2,2,8,26.770883515832516,48.20023157142156,42.699850721919276,1300.0
lgbm_v2,2,2,10,29.597865642813534,53.121273255772415,45.84390157392938,1300.0
lgbm_v2,2,2,12,32.85028036198937,58.58464873114778,45.87877137243966,1300.0
lgbm_v2,2,3,1,16.466061764199,33.86744292573388,32.31648695431337,1300.0
lgbm_v2,2,3,2,20.688137519692,43.81374432423925,42.457169615921856,1300.0
lgbm_v2,2,3,3,23.929560193706017,52.72453393947524,49.87129536521535,1300.0
lgbm_v2,2,3,4,27.04180346259704,59.532865656658686,57.93372392397718,1300.0
lgbm_v2,2,3,6,33.83100861337322,74.9256524669918,74.11535941524541,1300.0
lgbm_v2,2,3,8,40.5694610572549,90.84499451476971,90.56807750908015,1300.0
lgbm_v2,2,3,10,45.004110599022646,99.21100438325367,101.26257471201801,1300.0
lgbm_v2,2,3,12,48.145502448471696,106.33628851124124,110.58723669981255,1300.0
lgbm_v2,2,4,1,6.453006578489104,14.982178357222242,24.136689451005722,1300.0
lgbm_v2,2,4,2,7.801371709337602,18.800092293936114,29.787292590508095,1300.0
lgbm_v2,2,4,3,9.763217285968937,23.8385939687475,39.47938481559101,1300.0
lgbm_v2,2,4,4,11.520713581391252,28.764200479877445,44.38526877378806,1300.0
lgbm_v2,2,4,6,17.010160186634614,43.43730407106914,67.41908270273453,1300.0
lgbm_v2,2,4,8,18.175562667434033,41.911021978445625,66.70866564807729,1300.0
lgbm_v2,2,4,10,20.34913679219209,44.757616490197826,65.61977000114246,1300.0
lgbm_v2,2,4,12,20.717381080022225,43.20960455463156,57.55490169973455,1300.0
lgbm_v2,2,5,1,7.158444999714143,18.767254255460717,37.18856975340074,1300.0
lgbm_v2,2,5,2,8.181351750529586,20.312239382319653,43.81678109399734,1300.0
lgbm_v2,2,5,3,9.305307818287266,22.944366317828777,51.80414146184921,1300.0
lgbm_v2,2,5,4,9.874023407573024,23.502648480371548,52.52134801880006,1300.0
lgbm_v2,2,5,6,10.261687222280754,23.39065795107575,46.651408487750636,1300.0
lgbm_v2,2,5,8,10.19761317493806,22.5627744714689,55.8435107046558,1300.0
lgbm_v2,2,5,10,9.948520390462274,22.11853089272066,70.30247480350155,1300.0
lgbm_v2,2,5,12,10.20212524278949,24.968276493109343,79.77355384442114,1300.0
lgbm_v2,2,6,1,11.260024013860889,19.829932021444996,23.438362816798275,1325.0
lgbm_v2,2,6,2,12.13110238703495,20.877928212975235,22.827209101154885,1325.0
lgbm_v2,2,6,3,13.224564976596607,22.338178882120737,24.77687221341606,1325.0
lgbm_v2,2,6,4,13.971125235256721,23.316066713927988,26.011403603286578,1325.0
lgbm_v2,2,6,6,15.252473099091143,25.642624787493435,27.52023653069447,1325.0
lgbm_v2,2,6,8,16.179884124720154,27.306695048260806,29.62588206396021,1325.0
lgbm_v2,2,6,10,16.59965027226592,28.08537115284284,33.13109449348573,1325.0
lgbm_v2,2,6,12,17.82035081063239,30.79891401512764,34.59397212698542,1325.0
lgbm_v2,2,7,1,18.16987542393116,40.14671591954738,34.37013670958107,1300.0
lgbm_v2,2,7,2,21.813227086800794,48.786157560531,42.754677989101936,1300.0
lgbm_v2,2,7,3,26.309727316544606,59.144528252947524,54.75031880176429,1300.0
lgbm_v2,2,7,4,28.020206582844256,61.71050440187397,57.67778742247705,1300.0
lgbm_v2,2,7,6,31.083079517586874,65.34211063395729,62.51416430969212,1300.0
lgbm_v2,2,7,8,33.10112490349091,66.96406437989302,63.616642783331805,1300.0
lgbm_v2,2,7,10,33.1452835383782,67.3548051845438,64.76389255906268,1300.0
lgbm_v2,2,7,12,35.643051405617825,71.23806764545658,68.79648652188378,1300.0
lgbm_v2,2,8,1,9.050981890788446,17.779381950755223,21.608432253886914,1300.0
lgbm_v2,2,8,2,9.533852948053525,17.089186407631534,20.395470803770525,1300.0
lgbm_v2,2,8,3,10.848206087442545,21.911551575367636,27.769806123601978,1300.0
lgbm_v2,2,8,4,11.235770189292156,24.557443701900475,26.865761807047086,1300.0
lgbm_v2,2,8,6,13.75682532613094,33.274544351210636,37.23534199574898,1300.0
lgbm_v2,2,8,8,16.568502209278254,42.58246905588069,52.83782102239543,1300.0
lgbm_v2,2,8,10,18.248024950824107,46.256764551212974,58.80397971950728,1300.0
lgbm_v2,2,8,12,18.248791836907085,44.93949622488639,57.45496081730415,1300.0
lgbm_v2,2,9,1,8.690501807343502,15.961233251632553,20.399560123971366,1300.0
lgbm_v2,2,9,2,10.196422333041063,19.855889002173644,27.30004001705392,1300.0
lgbm_v2,2,9,3,11.378781144378276,22.58388709073863,31.312295819949178,1300.0
lgbm_v2,2,9,4,12.826744426145003,25.89659742151148,36.201771056767804,1300.0
lgbm_v2,2,9,6,15.723041571309933,33.101159756802204,45.16367409009378,1300.0
lgbm_v2,2,9,8,17.569951121600774,38.34960893589713,51.320119955586,1300.0
lgbm_v2,2,9,10,18.61708224782577,40.16523193907813,53.566709230247056,1300.0
lgbm_v2,2,9,12,19.57669157296419,42.22490487614104,56.277299833529206,1300.0
lgbm_v2_noclimate,-2,0,1,9.853665535371258,22.28438430755671,20.532742227538158,1325.0
lgbm_v2_noclimate,-2,0,2,11.312754810036353,27.272233272334745,24.849010230794466,1325.0
lgbm_v2_noclimate,-2,0,3,12.667575352343748,31.4165462519522,28.797038460939618,1325.0
lgbm_v2_noclimate,-2,0,4,13.511562870977059,34.412406566814795,31.465081706053795,1325.0
lgbm_v2_noclimate,-2,0,6,14.974203323721886,38.072837945415465,36.12601221213907,1325.0
lgbm_v2_noclimate,-2,0,8,15.750666821362838,39.16784375798304,38.23107976327508,1325.0
lgbm_v2_noclimate,-2,0,10,16.028328841294883,38.910344953636574,38.55230572398773,1325.0
lgbm_v2_noclimate,-2,0,12,16.278870888116224,38.89699532622921,39.89953779281869,1325.0
lgbm_v2_noclimate,-2,1,1,46.912860424289335,101.77836069881644,53.05007450381558,1300.0
lgbm_v2_noclimate,-2,1,2,62.71135133413168,144.34047570865818,71.48242508113063,1300.0
lgbm_v2_noclimate,-2,1,3,70.18328242544945,167.53073429101866,80.0697268031979,1300.0
lgbm_v2_noclimate,-2,1,4,80.07133935066369,184.64525453934922,91.1149667865284,1300.0
lgbm_v2_noclimate,-2,1,6,95.32180549497788,212.62632640095842,108.22098194707446,1300.0
lgbm_v2_noclimate,-2,1,8,104.10792370459208,228.06939050042112,117.87628885400038,1300.0
lgbm_v2_noclimate,-2,1,10,108.80228665562777,236.77839659756094,123.57502504482304,1300.0
lgbm_v2_noclimate,-2,1,12,113.90290889800741,248.9913348732847,129.53839643044094,1300.0
lgbm_v2_noclimate,-2,2,1,9.813249385563227,16.95656636862814,17.350796176400376,1300.0
lgbm_v2_noclimate,-2,2,2,12.745033525199844,22.370878578464634,20.996178636675353,1300.0
lgbm_v2_noclimate,-2,2,3,15.066494845151901,26.93598041951381,25.71656712103676,1300.0
lgbm_v2_noclimate,-2,2,4,17.482169885199802,31.13122815701216,30.457240889906448,1300.0
lgbm_v2_noclimate,-2,2,6,23.015663624291236,41.26276380825275,37.936106873846754,1300.0
lgbm_v2_noclimate,-2,2,8,27.630450192996516,49.54673039287496,43.014224917296964,1300.0
lgbm_v2_noclimate,-2,2,10,29.773166817461068,53.50555537227642,46.170737469889524,1300.0
lgbm_v2_noclimate,-2,2,12,32.7414607830231,58.54376993842188,46.10527349923884,1300.0
lgbm_v2_noclimate,-2,3,1,16.78319791114101,34.507539076938485,33.08758734003836,1300.0
lgbm_v2_noclimate,-2,3,2,20.94499158015618,44.03094632274575,42.93787791849184,1300.0
lgbm_v2_noclimate,-2,3,3,24.6698376965752,53.77139304354208,51.01159943433619,1300.0
lgbm_v2_noclimate,-2,3,4,28.98543105175862,62.67028779215479,62.19702566959778,1300.0
lgbm_v2_noclimate,-2,3,6,36.36062978533598,79.61048351911766,79.40630439756548,1300.0
lgbm_v2_noclimate,-2,3,8,42.47621945346777,93.26915526351735,94.08057611354259,1300.0
lgbm_v2_noclimate,-2,3,10,46.5975663453799,100.78096804162388,102.92484166360452,1300.0
lgbm_v2_noclimate,-2,3,12,49.35377586866801,107.52858817307923,111.5752105608332,1300.0
lgbm_v2_noclimate,-2,4,1,6.532516631539911,15.162797794390734,24.40953738669045,1300.0
lgbm_v2_noclimate,-2,4,2,8.404786490818056,19.83215314586969,32.014779895798775,1300.0
lgbm_v2_noclimate,-2,4,3,9.935169769223206,23.364502066907455,36.87342060325492,1300.0
lgbm_v2_noclimate,-2,4,4,13.387882389426231,31.806311899991755,53.04535181501992,1300.0
lgbm_v2_noclimate,-2,4,6,21.29454864830925,52.79455960001225,84.46551556464954,1300.0
lgbm_v2_noclimate,-2,4,8,25.61125755876303,60.514694025571316,93.03480164821332,1300.0
lgbm_v2_noclimate,-2,4,10,31.994764571201344,75.37550950321702,98.28403881064847,1300.0
lgbm_v2_noclimate,-2,4,12,34.937917673301236,79.64854770678502,93.49198003711864,1300.0
lgbm_v2_noclimate,-2,5,1,7.047097199085222,18.57666708317569,38.5986774160016,1300.0
lgbm_v2_noclimate,-2,5,2,8.037970979612393,20.067600505707322,43.2119168889138,1300.0
lgbm_v2_noclimate,-2,5,3,9.21719376170148,23.00833989102066,52.087380288108704,1300.0
lgbm_v2_noclimate,-2,5,4,9.673039529945415,23.287136690327895,51.855153727915976,1300.0
lgbm_v2_noclimate,-2,5,6,10.369211248380777,24.22344464619038,64.26483868639315,1300.0
lgbm_v2_noclimate,-2,5,8,10.41655334203719,23.95512565852211,73.6877146122917,1300.0
lgbm_v2_noclimate,-2,5,10,10.378624984114744,24.463719529495123,83.94831098808396,1300.0
lgbm_v2_noclimate,-2,5,12,10.71269173215806,25.147288435561613,86.7690640542536,1300.0
lgbm_v2_noclimate,-2,6,1,11.359426901846561,19.769209224996754,24.0803580196767,1325.0
lgbm_v2_noclimate,-2,6,2,12.241849097483001,20.811188902574578,23.282798358592494,1325.0
lgbm_v2_noclimate,-2,6,3,13.291633819523003,21.96353390947551,25.099217049777508,1325.0
lgbm_v2_noclimate,-2,6,4,13.847044739016104,22.865376229409463,25.19729816297005,1325.0
lgbm_v2_noclimate,-2,6,6,15.079620386733023,24.668179086744914,26.435966193675995,1325.0
lgbm_v2_noclimate,-2,6,8,16.098559429327835,26.132473323777447,29.463657096927538,1325.0
lgbm_v2_noclimate,-2,6,10,16.645475658756805,27.13347024841983,33.006584122776985,1325.0
lgbm_v2_noclimate,-2,6,12,16.90278297465927,27.710899673071612,33.537205556857174,1325.0
lgbm_v2_noclimate,-2,7,1,18.68385832682252,40.708863007366354,35.78427122118716,1300.0
lgbm_v2_noclimate,-2,7,2,22.7415178879637,50.77751912055324,44.97507900590739,1300.0
lgbm_v2_noclimate,-2,7,3,27.172475207539705,60.43457007189947,57.07815962488001,1300.0
lgbm_v2_noclimate,-2,7,4,29.3402669102412,64.75218403323304,61.38336851117368,1300.0
lgbm_v2_noclimate,-2,7,6,31.271054230194824,65.7137276185626,63.164491294008315,1300.0
lgbm_v2_noclimate,-2,7,8,32.44948748781131,66.18843309994008,65.09532756828408,1300.0
lgbm_v2_noclimate,-2,7,10,34.00983977487454,68.69034149298167,66.68700824164819,1300.0
lgbm_v2_noclimate,-2,7,12,36.328386584245244,70.5938090442541,68.05799223125473,1300.0
lgbm_v2_noclimate,-2,8,1,9.343184311951582,18.752019470679706,22.958416758734604,1300.0
lgbm_v2_noclimate,-2,8,2,9.795171899795532,18.33450269005705,23.326144874095917,1300.0
lgbm_v2_noclimate,-2,8,3,11.040779821781012,22.447350859046075,27.31045970094615,1300.0
lgbm_v2_noclimate,-2,8,4,11.875860604322874,26.25805670734296,28.50854747007633,1300.0
lgbm_v2_noclimate,-2,8,6,13.665488841373186,34.24554355667693,38.351740503722226,1300.0
lgbm_v2_noclimate,-2,8,8,16.10602489714439,41.93684700191547,51.25648883498948,1300.0
lgbm_v2_noclimate,-2,8,10,17.73519896887816,45.349031372767136,56.44501330564762,1300.0
lgbm_v2_noclimate,-2,8,12,17.876399953686274,46.5442336135869,57.59032323812616,1300.0
lgbm_v2_noclimate,-2,9,1,8.68716465308116,15.875092895378142,20.283981810495693,1300.0
lgbm_v2_noclimate,-2,9,2,10.354565382198645,20.02467308928788,27.955022065384874,1300.0
lgbm_v2_noclimate,-2,9,3,11.496830548965013,23.03552869470472,33.42943018616982,1300.0
lgbm_v2_noclimate,-2,9,4,12.56771266965912,25.400479941517382,35.763338375438764,1300.0
lgbm_v2_noclimate,-2,9,6,16.079195961516636,34.14621989276873,44.22294777226679,1300.0
lgbm_v2_noclimate,-2,9,8,18.07910330364337,40.75937813951471,48.85885909865203,1300.0
lgbm_v2_noclimate,-2,9,10,18.933033857597753,41.79017194651709,54.36931244725162,1300.0
lgbm_v2_noclimate,-2,9,12,20.263300774303765,46.61636117813518,52.569311060951755,1300.0
lgbm_v2_noclimate,0,0,1,9.85318733063509,21.952553373201965,20.403442214606173,1325.0
lgbm_v2_noclimate,0,0,2,11.336193190138294,27.176188869088918,24.901823639617128,1325.0
lgbm_v2_noclimate,0,0,3,12.660437364209935,31.397238972224823,28.832305880589672,1325.0
lgbm_v2_noclimate,0,0,4,13.528480923625658,34.615432905990154,31.672702104274162,1325.0
lgbm_v2_noclimate,0,0,6,14.988559013773811,37.98969586990537,36.14809595865045,1325.0
lgbm_v2_noclimate,0,0,8,15.752295211868466,39.09438225671905,38.20321178730935,1325.0
lgbm_v2_noclimate,0,0,10,16.122561749624754,39.08078127579532,38.6900898869765,1325.0
lgbm_v2_noclimate,0,0,12,16.308947091091355,39.05284594995926,40.12056459772722,1325.0
lgbm_v2_noclimate,0,1,1,46.86457773456207,101.33426189716441,52.93613904404255,1300.0
lgbm_v2_noclimate,0,1,2,62.73391968704187,143.7193989983898,71.46336489696478,1300.0
lgbm_v2_noclimate,0,1,3,69.92649768425868,166.44615227934491,79.76419173938153,1300.0
lgbm_v2_noclimate,0,1,4,79.08574507791262,182.17672255844047,89.99015052517612,1300.0
lgbm_v2_noclimate,0,1,6,94.85375766602846,211.23298611816153,107.66411759834101,1300.0
lgbm_v2_noclimate,0,1,8,103.08056175536834,224.98851191733047,116.59265915525131,1300.0
lgbm_v2_noclimate,0,1,10,108.3946814896281,236.5102984209716,123.23986229522545,1300.0
lgbm_v2_noclimate,0,1,12,113.63938912357276,247.63894079580308,129.0807296913552,1300.0
lgbm_v2_noclimate,0,2,1,9.929754160562387,17.229123401834684,17.861988669786697,1300.0
lgbm_v2_noclimate,0,2,2,12.80421580294577,22.49607466335786,21.105234308884693,1300.0
lgbm_v2_noclimate,0,2,3,15.12815595405606,27.019468395214446,25.73068859731103,1300.0
lgbm_v2_noclimate,0,2,4,17.339147270264533,30.870342372872624,30.495310299562448,1300.0
lgbm_v2_noclimate,0,2,6,22.741028959630775,40.8740207877311,37.8110783325556,1300.0
lgbm_v2_noclimate,0,2,8,27.388126812858076,49.100100766461765,42.79362245026853,1300.0
lgbm_v2_noclimate,0,2,10,28.689341528650658,51.75102621331861,45.9773761512159,1300.0
lgbm_v2_noclimate,0,2,12,32.01167172333942,57.37901058868472,46.08375260504065,1300.0
lgbm_v2_noclimate,0,3,1,16.89392817060535,34.635618799119236,33.31708326209493,1300.0
lgbm_v2_noclimate,0,3,2,20.84574346040304,44.26364619143182,42.86755405504162,1300.0
lgbm_v2_noclimate,0,3,3,24.93757057687411,54.386080020041184,51.26909887446325,1300.0
lgbm_v2_noclimate,0,3,4,29.28315973577591,63.38635757475216,62.9531101764125,1300.0
lgbm_v2_noclimate,0,3,6,36.665910612298894,79.99358062259088,79.98762915502576,1300.0
lgbm_v2_noclimate,0,3,8,42.03824009517064,92.72161987316363,93.14307865788456,1300.0
lgbm_v2_noclimate,0,3,10,46.57000529064582,100.27087074230147,102.36021815941615,1300.0
lgbm_v2_noclimate,0,3,12,50.13859022016709,109.13526975266927,113.47334222620776,1300.0
lgbm_v2_noclimate,0,4,1,6.495695996814622,15.132609016708063,24.278688471541447,1300.0
lgbm_v2_noclimate,0,4,2,8.321672513719935,19.75891241088148,31.263652224825996,1300.0
lgbm_v2_noclimate,0,4,3,9.815783599884464,23.029414015178286,35.85362262807341,1300.0
lgbm_v2_noclimate,0,4,4,13.389599703275241,31.84344661219206,53.37381333163661,1300.0
lgbm_v2_noclimate,0,4,6,20.812495289731483,52.0253106112937,82.73184832548483,1300.0
lgbm_v2_noclimate,0,4,8,27.27180763453245,64.99571794246059,99.18727227153941,1300.0
lgbm_v2_noclimate,0,4,10,31.02475942925765,73.92580816113737,99.25363657820938,1300.0
lgbm_v2_noclimate,0,4,12,36.03010238273786,82.09060963617713,94.57093468181088,1300.0
lgbm_v2_noclimate,0,5,1,7.035262263068893,18.57196250481028,38.84481997259201,1300.0
lgbm_v2_noclimate,0,5,2,8.083037777367549,20.13403263671935,42.88594412034558,1300.0
lgbm_v2_noclimate,0,5,3,9.181803671721227,22.919828619354853,51.8099353563401,1300.0
lgbm_v2_noclimate,0,5,4,9.708846836792162,23.370930009347262,52.04450006831077,1300.0
lgbm_v2_noclimate,0,5,6,10.345006092178563,24.048581377461083,64.48390791877624,1300.0
lgbm_v2_noclimate,0,5,8,10.450786879216679,24.04432848690934,71.42070304770624,1300.0
lgbm_v2_noclimate,0,5,10,10.300085279853441,24.319676295198825,83.03734284831631,1300.0
lgbm_v2_noclimate,0,5,12,10.7089241310175,25.232200720671578,86.63732281706537,1300.0
lgbm_v2_noclimate,0,6,1,11.361463885255299,19.772814114412157,24.113432227023715,1325.0
lgbm_v2_noclimate,0,6,2,12.24506119917024,20.889703237811673,23.308844951720072,1325.0
lgbm_v2_noclimate,0,6,3,13.20376659989357,22.04608585960342,24.920379020016767,1325.0
lgbm_v2_noclimate,0,6,4,13.914085982716028,22.829198168169423,25.398699022572615,1325.0
lgbm_v2_noclimate,0,6,6,15.164076007333021,24.78829727086598,26.361944533627607,1325.0
lgbm_v2_noclimate,0,6,8,16.09940364528799,26.21194930017242,29.57593192654694,1325.0
lgbm_v2_noclimate,0,6,10,16.74696880488463,27.274920327448825,32.81297885600863,1325.0
lgbm_v2_noclimate,0,6,12,16.84201982687948,27.72356208562595,33.24640252030101,1325.0
lgbm_v2_noclimate,0,7,1,18.482017586941904,40.48604455182228,35.28823903670981,1300.0
lgbm_v2_noclimate,0,7,2,22.864057087072958,50.75660789394663,45.06472133490008,1300.0
lgbm_v2_noclimate,0,7,3,27.461531860415754,61.06378964365808,57.690240815487115,1300.0
lgbm_v2_noclimate,0,7,4,28.936605668686905,63.946577516309276,60.367691402100334,1300.0
lgbm_v2_noclimate,0,7,6,31.161025926333206,65.85050224688486,63.18809724215305,1300.0
lgbm_v2_noclimate,0,7,8,33.032297584368635,67.13867972363819,66.33492556698722,1300.0
lgbm_v2_noclimate,0,7,10,33.79721341486161,67.95778727527819,65.62473851228877,1300.0
lgbm_v2_noclimate,0,7,12,36.17609644222718,70.58031654499187,67.9131662057451,1300.0
lgbm_v2_noclimate,0,8,1,9.334163135989353,18.702207914723065,22.834432149344476,1300.0
lgbm_v2_noclimate,0,8,2,9.805187694224028,18.455711090925302,23.34623960996496,1300.0
lgbm_v2_noclimate,0,8,3,11.045134240618118,22.137954677793836,27.038176217572442,1300.0
lgbm_v2_noclimate,0,8,4,11.910125319866033,26.428818925020487,28.601329759893748,1300.0
lgbm_v2_noclimate,0,8,6,13.695927625619449,34.18216745437444,38.6102639802571,1300.0
lgbm_v2_noclimate,0,8,8,16.365604648337914,42.50395724621031,51.17594458111401,1300.0
lgbm_v2_noclimate,0,8,10,17.681798142974195,45.68154632556545,56.64246652660699,1300.0
lgbm_v2_noclimate,0,8,12,17.755550878804463,46.03399741234778,56.86473853629211,1300.0
lgbm_v2_noclimate,0,9,1,8.7325640385426,15.945241275717732,20.3339096411918,1300.0
lgbm_v2_noclimate,0,9,2,10.415692196018421,20.01108483383938,28.241752523820377,1300.0
lgbm_v2_noclimate,0,9,3,11.562809136945468,23.225118871482735,33.36484795519449,1300.0
lgbm_v2_noclimate,0,9,4,12.597416397413383,25.559842395909595,35.10781493811931,1300.0
lgbm_v2_noclimate,0,9,6,16.1809401536561,34.652107526662405,44.259208117873925,1300.0
lgbm_v2_noclimate,0,9,8,18.05064678221941,40.599701301368206,48.68991955275674,1300.0
lgbm_v2_noclimate,0,9,10,18.884937845262197,41.77712552063563,54.74903149975156,1300.0
lgbm_v2_noclimate,0,9,12,20.23227413039941,46.62155065420051,52.69082180388923,1300.0
lgbm_v2_noclimate,1,0,1,9.920152854278403,22.675639054426778,20.835030713155444,1325.0
lgbm_v2_noclimate,1,0,2,11.356248106664081,27.349663431402078,24.734691996274695,1325.0
lgbm_v2_noclimate,1,0,3,12.593505344598922,31.370312336064817,28.716666277771616,1325.0
lgbm_v2_noclimate,1,0,4,13.486331102488176,34.29945247092086,31.37111420988363,1325.0
lgbm_v2_noclimate,1,0,6,15.042778931203879,38.27614714376763,36.157926945868184,1325.0
lgbm_v2_noclimate,1,0,8,15.764626912800772,39.3562961292758,38.41047846378579,1325.0
lgbm_v2_noclimate,1,0,10,15.987592507342123,38.70300488055206,38.368928638008015,1325.0
lgbm_v2_noclimate,1,0,12,16.34297499566708,39.10265055737876,39.92586156793234,1325.0
lgbm_v2_noclimate,1,1,1,47.123667593460816,102.18846725695326,53.302764826552874,1300.0
lgbm_v2_noclimate,1,1,2,61.28541633587617,141.61389447788957,69.8299653690636,1300.0
lgbm_v2_noclimate,1,1,3,71.32423814305892,171.26270502893829,81.35980646047386,1300.0
lgbm_v2_noclimate,1,1,4,80.85611665854087,185.38865773931062,92.01596845170111,1300.0
lgbm_v2_noclimate,1,1,6,95.44630385435545,213.0107103089527,108.35323132191996,1300.0
lgbm_v2_noclimate,1,1,8,103.96071373840937,227.34935534887168,117.73757652863459,1300.0
lgbm_v2_noclimate,1,1,10,109.02096121468223,238.08430127629367,123.85617741012756,1300.0
lgbm_v2_noclimate,1,1,12,114.26970288622837,249.79183487695934,129.94741021992917,1300.0
lgbm_v2_noclimate,1,2,1,9.80555498212576,17.013068062846788,17.353815484068768,1300.0
lgbm_v2_noclimate,1,2,2,12.710107900454448,22.357738466741235,21.094923211650535,1300.0
lgbm_v2_noclimate,1,2,3,14.940715044060578,26.742411089290496,25.828397904614825,1300.0
lgbm_v2_noclimate,1,2,4,17.298703534213395,30.93757600770508,30.33917414863686,1300.0
lgbm_v2_noclimate,1,2,6,23.181772213171307,41.54290709267225,37.87673349086291,1300.0
lgbm_v2_noclimate,1,2,8,28.156013637506046,50.42318249101663,43.24214101822931,1300.0
lgbm_v2_noclimate,1,2,10,29.538628213348296,53.21870329534618,46.11327788452089,1300.0
lgbm_v2_noclimate,1,2,12,33.12941187016093,59.211983271898966,46.15286204300739,1300.0
lgbm_v2_noclimate,1,3,1,16.698859764967974,34.49854033559224,32.952937356063295,1300.0
lgbm_v2_noclimate,1,3,2,21.135525799634365,44.14824899640108,43.2684635833031,1300.0
lgbm_v2_noclimate,1,3,3,24.666966010515505,53.82743874273215,51.121036750741865,1300.0
lgbm_v2_noclimate,1,3,4,29.106691648868413,62.95755173879305,62.608176034789125,1300.0
lgbm_v2_noclimate,1,3,6,36.40103810019218,79.95707601007962,79.60922734933992,1300.0
lgbm_v2_noclimate,1,3,8,42.58520434612265,93.3984629666979,94.26476098784879,1300.0
lgbm_v2_noclimate,1,3,10,47.19599451819291,101.69871414180551,104.77508882289173,1300.0
lgbm_v2_noclimate,1,3,12,50.70917609978181,109.85630952884688,115.0164666104467,1300.0
lgbm_v2_noclimate,1,4,1,6.5578973278231345,15.211635857439775,24.445246777982792,1300.0
lgbm_v2_noclimate,1,4,2,8.551090235114097,20.06557714384358,32.869608277948494,1300.0
lgbm_v2_noclimate,1,4,3,9.792599255244893,23.02967479760939,36.13953975123218,1300.0
lgbm_v2_noclimate,1,4,4,12.989481609566853,30.543473751904195,50.61415639290443,1300.0
lgbm_v2_noclimate,1,4,6,21.08117778665744,51.85724648481554,83.30844752808922,1300.0
lgbm_v2_noclimate,1,4,8,25.769222871363162,62.314100761395856,95.44067023146866,1300.0
lgbm_v2_noclimate,1,4,10,33.792973143080104,80.52801058365428,102.28767520953447,1300.0
lgbm_v2_noclimate,1,4,12,35.35269670793643,80.8479898548091,94.65546020992801,1300.0
lgbm_v2_noclimate,1,5,1,7.083793749840607,18.604502554209905,38.27962833450687,1300.0
lgbm_v2_noclimate,1,5,2,7.972166881547667,19.962744861931196,43.07033520936966,1300.0
lgbm_v2_noclimate,1,5,3,9.210568436213697,22.8946157664931,51.90659865448552,1300.0
lgbm_v2_noclimate,1,5,4,9.670438630761435,23.411549952105702,52.06553437584831,1300.0
lgbm_v2_noclimate,1,5,6,10.411218278931024,24.433655585258258,64.64243926252088,1300.0
lgbm_v2_noclimate,1,5,8,10.317794535260271,23.839285068352627,73.67659814703849,1300.0
lgbm_v2_noclimate,1,5,10,10.341033407143012,24.6354708231169,85.07372850083536,1300.0
lgbm_v2_noclimate,1,5,12,10.78058317854714,25.211096048096028,86.89618447927698,1300.0
lgbm_v2_noclimate,1,6,1,11.367097770955308,19.75828275015515,23.942092034323462,1325.0
lgbm_v2_noclimate,1,6,2,12.248950002230352,20.772015084806373,23.1974614807244,1325.0
lgbm_v2_noclimate,1,6,3,13.382686216884627,22.07863509645016,25.19273445035877,1325.0
lgbm_v2_noclimate,1,6,4,13.936017218434586,23.014329586550808,25.32697974042646,1325.0
lgbm_v2_noclimate,1,6,6,15.054678144949786,24.528956262824735,26.566830926414195,1325.0
lgbm_v2_noclimate,1,6,8,16.400706389478916,26.613428820063305,29.770895072869187,1325.0
lgbm_v2_noclimate,1,6,10,16.641953136620096,27.298086370461725,33.41305519537679,1325.0
lgbm_v2_noclimate,1,6,12,17.000657021476414,27.76001295065531,33.67568298403559,1325.0
lgbm_v2_noclimate,1,7,1,18.78016249994819,40.82210883932627,35.872545034103815,1300.0
lgbm_v2_noclimate,1,7,2,22.8469609358219,51.22110859835644,45.375673396528256,1300.0
lgbm_v2_noclimate,1,7,3,27.47278396590398,61.210287529850184,57.70627388103606,1300.0
lgbm_v2_noclimate,1,7,4,30.18169226706028,66.83287838947598,63.074038108025704,1300.0
lgbm_v2_noclimate,1,7,6,31.12151304847919,65.5083142064333,62.8954089100039,1300.0
lgbm_v2_noclimate,1,7,8,32.13740671575069,65.44681373326891,64.48709207247768,1300.0
lgbm_v2_noclimate,1,7,10,33.98012266723009,69.01552145691988,67.47033388883943,1300.0
lgbm_v2_noclimate,1,7,12,36.15332080410077,70.87104499461793,68.89684681869407,1300.0
lgbm_v2_noclimate,1,8,1,9.30004890585175,18.642069633189536,22.7440191071609,1300.0
lgbm_v2_noclimate,1,8,2,9.873208948912529,18.51257569878703,23.659222322085807,1300.0
lgbm_v2_noclimate,1,8,3,11.136532967136457,22.62638151241957,27.32512766574991,1300.0
lgbm_v2_noclimate,1,8,4,11.717364567082662,25.51129645780959,27.696017395216842,1300.0
lgbm_v2_noclimate,1,8,6,13.639002437706177,34.54825035378938,38.280249799120014,1300.0
lgbm_v2_noclimate,1,8,8,16.10080218509986,41.81957089862874,51.691262693651794,1300.0
lgbm_v2_noclimate,1,8,10,17.8242178563659,45.17200551347877,56.3861302638876,1300.0
lgbm_v2_noclimate,1,8,12,17.82336809252317,46.470704164571906,58.063089711912745,1300.0
lgbm_v2_noclimate,1,9,1,8.681125633292472,15.873387217702172,20.120887242474602,1300.0
lgbm_v2_noclimate,1,9,2,10.397968360105386,20.168060351977193,27.93479016683634,1300.0
lgbm_v2_noclimate,1,9,3,11.575845049138252,23.337859258041053,33.78091105905551,1300.0
lgbm_v2_noclimate,1,9,4,12.660857102916792,25.622972660989447,36.55667062639033,1300.0
lgbm_v2_noclimate,1,9,6,16.15374728269302,34.41861347325025,44.52114516786001,1300.0
lgbm_v2_noclimate,1,9,8,18.290896377357154,41.27424167123428,48.3434161387601,1300.0
lgbm_v2_noclimate,1,9,10,19.069245839348206,42.14603740104912,53.323299308425014,1300.0
lgbm_v2_noclimate,1,9,12,20.295398986660516,46.784575551542524,52.52656071625867,1300.0
lgbm_v2_noclimate,2,0,1,9.891576909091112,22.385693375720063,20.499033911669322,1325.0
lgbm_v2_noclimate,2,0,2,11.363712258372667,27.433907324459074,25.078900195153082,1325.0
lgbm_v2_noclimate,2,0,3,12.788892962437755,31.588227221147193,28.899501245658275,1325.0
lgbm_v2_noclimate,2,0,4,13.593555340137122,34.41479138758343,31.422492313098772,1325.0
lgbm_v2_noclimate,2,0,6,14.943204313809018,38.02539495456578,36.0919511356933,1325.0
lgbm_v2_noclimate,2,0,8,15.771635776060933,39.14096104815086,38.081221306138794,1325.0
lgbm_v2_noclimate,2,0,10,16.017221371160364,39.042631394655025,38.60296660611185,1325.0
lgbm_v2_noclimate,2,0,12,16.22588288500624,38.62563642941089,39.6628899539763,1325.0
lgbm_v2_noclimate,2,1,1,46.94091473684861,102.26647516193337,53.09009296558062,1300.0
lgbm_v2_noclimate,2,1,2,64.55122669861866,148.44169421726522,73.64607121197497,1300.0
lgbm_v2_noclimate,2,1,3,69.7123470547566,165.29096274541337,79.52467098136565,1300.0
lgbm_v2_noclimate,2,1,4,80.60986574920324,186.79331263176493,91.7006345870679,1300.0
lgbm_v2_noclimate,2,1,6,95.76743938987072,213.75852720121435,108.73854380401932,1300.0
lgbm_v2_noclimate,2,1,8,105.57821374253585,232.059021567641,119.54606487927039,1300.0
lgbm_v2_noclimate,2,1,10,109.10785386209305,235.98216490264355,123.70220869586969,1300.0
lgbm_v2_noclimate,2,1,12,114.00801056461839,249.64371623586732,129.7547742334233,1300.0
lgbm_v2_noclimate,2,2,1,9.789175926779325,16.717994113900954,16.910024544367424,1300.0
lgbm_v2_noclimate,2,2,2,12.735395807199753,22.28776389929161,20.8042954600556,1300.0
lgbm_v2_noclimate,2,2,3,15.171787782620925,27.092055108059384,25.666082605119154,1300.0
lgbm_v2_noclimate,2,2,4,17.85396591594586,31.674349498862455,30.599821536696002,1300.0
lgbm_v2_noclimate,2,2,6,23.132631250943703,41.406359040377566,38.12952668861155,1300.0
lgbm_v2_noclimate,2,2,8,27.364234424396777,49.19569279280638,43.035267979097675,1300.0
lgbm_v2_noclimate,2,2,10,31.170974131020216,55.708547760303155,46.54504067112347,1300.0
lgbm_v2_noclimate,2,2,12,33.10689942355626,59.10339092958897,46.150173367884676,1300.0
lgbm_v2_noclimate,2,3,1,16.809068418064943,34.50544581688658,33.0762360836027,1300.0
lgbm_v2_noclimate,2,3,2,20.98226490609921,43.98302675349718,42.887392665408235,1300.0
lgbm_v2_noclimate,2,3,3,24.501406428309586,53.40202701643726,50.790954717442766,1300.0
lgbm_v2_noclimate,2,3,4,28.719061886324333,61.96066156435395,61.36085181533038,1300.0
lgbm_v2_noclimate,2,3,6,36.15499799345548,79.02798585149867,78.9054542840028,1300.0
lgbm_v2_noclimate,2,3,8,42.870457001488944,93.87400041741097,94.87957131706115,1300.0
lgbm_v2_noclimate,2,3,10,46.22135050117969,100.60652016379447,101.94718805688018,1300.0
lgbm_v2_noclimate,2,3,12,47.629363945332855,103.93329924245758,106.63297536155255,1300.0
lgbm_v2_noclimate,2,4,1,6.583549031122373,15.202791539518618,24.592787881182808,1300.0
lgbm_v2_noclimate,2,4,2,8.426050285426184,19.86228040586134,32.31140369635362,1300.0
lgbm_v2_noclimate,2,4,3,10.267911229948872,24.256065528522615,38.81853791587373,1300.0
lgbm_v2_noclimate,2,4,4,13.832403398660514,33.24582886604912,55.26762680314545,1300.0
lgbm_v2_noclimate,2,4,6,22.037535763612162,54.62074846376255,87.73361015319824,1300.0
lgbm_v2_noclimate,2,4,8,23.843060774390516,54.63001206101761,84.55972433905316,1300.0
lgbm_v2_noclimate,2,4,10,31.194833643677143,72.01096619005965,93.4985338337401,1300.0
lgbm_v2_noclimate,2,4,12,33.45233210069629,76.17534284137454,91.37374035109822,1300.0
lgbm_v2_noclimate,2,5,1,7.059502241786462,18.613268728192523,38.6715873595207,1300.0
lgbm_v2_noclimate,2,5,2,8.088552928761436,20.207037724307785,43.67947384426671,1300.0
lgbm_v2_noclimate,2,5,3,9.296903637011464,23.29347319270268,52.5456081474981,1300.0
lgbm_v2_noclimate,2,5,4,9.658888892307878,23.128827252881248,51.455428930059554,1300.0
lgbm_v2_noclimate,2,5,6,10.381642272768255,24.2490213502057,63.66816863994445,1300.0
lgbm_v2_noclimate,2,5,8,10.521188021754273,24.12852324223836,75.96584381115052,1300.0
lgbm_v2_noclimate,2,5,10,10.566732477134524,24.59083637160825,83.73385989954394,1300.0
lgbm_v2_noclimate,2,5,12,10.733921970421305,25.21147291864572,86.77368435624146,1300.0
lgbm_v2_noclimate,2,6,1,11.375615826968877,19.821003355974884,24.18555012037014,1325.0
lgbm_v2_noclimate,2,6,2,12.33103438970334,20.88170584815781,23.407910777063204,1325.0
lgbm_v2_noclimate,2,6,3,13.437291508449135,22.009166463794386,25.274978419316227,1325.0
lgbm_v2_noclimate,2,6,4,13.784553339009015,22.90521293267333,24.965310459506924,1325.0
lgbm_v2_noclimate,2,6,6,15.085542346487209,24.847996759991926,26.486988926242137,1325.0
lgbm_v2_noclimate,2,6,8,15.965336775419846,25.890153751789878,29.28888938267683,1325.0
lgbm_v2_noclimate,2,6,10,16.641008298948126,27.11260767448159,32.97046111678255,1325.0
lgbm_v2_noclimate,2,6,12,16.955848362631393,27.849789286091983,33.689531543645366,1325.0
lgbm_v2_noclimate,2,7,1,18.869068218951043,41.05605657206769,36.31605528865636,1300.0
lgbm_v2_noclimate,2,7,2,22.611154086406415,50.54529288125727,44.70457055581831,1300.0
lgbm_v2_noclimate,2,7,3,26.776271719863782,59.37253653225105,56.152516134350094,1300.0
lgbm_v2_noclimate,2,7,4,29.03418013102733,63.95075594520484,60.83852089050716,1300.0
lgbm_v2_noclimate,2,7,6,31.630840400526157,65.97927426457814,63.59765216552193,1300.0
lgbm_v2_noclimate,2,7,8,32.395364322673814,66.30283066276384,64.75866448386641,1300.0
lgbm_v2_noclimate,2,7,10,34.445990292108974,69.51150863038296,67.2629973753753,1300.0
lgbm_v2_noclimate,2,7,12,37.0083646765122,71.09792580407388,67.68756357221235,1300.0
lgbm_v2_noclimate,2,8,1,9.427006356349358,18.977553266405252,23.30662034873305,1300.0
lgbm_v2_noclimate,2,8,2,9.761918529111606,18.184485975180653,23.014485439760932,1300.0
lgbm_v2_noclimate,2,8,3,11.072386086674838,22.888126660794025,27.802946170445146,1300.0
lgbm_v2_noclimate,2,8,4,12.108025981921417,27.172917351243907,29.39810746908188,1300.0
lgbm_v2_noclimate,2,8,6,13.835266945407941,34.270587228916206,38.39061535555741,1300.0
lgbm_v2_noclimate,2,8,8,15.961705820399981,41.69485102295472,51.06617285136519,1300.0
lgbm_v2_noclimate,2,8,10,17.977547359672876,45.52629320773619,56.43972527610845,1300.0
lgbm_v2_noclimate,2,8,12,18.23551947414875,47.32666616795722,57.96267689219837,1300.0
lgbm_v2_noclimate,2,9,1,8.704669888489521,15.922684257974343,20.60475951953999,1300.0
lgbm_v2_noclimate,2,9,2,10.338020285929625,20.051278340564195,27.949329803290876,1300.0
lgbm_v2_noclimate,2,9,3,11.446030112447646,22.73487060895033,33.14621248754483,1300.0
lgbm_v2_noclimate,2,9,4,12.591760019361972,25.369620096628466,36.207030848392,1300.0
lgbm_v2_noclimate,2,9,6,15.970091723467295,33.566566453177344,44.10795012261104,1300.0
lgbm_v2_noclimate,2,9,8,18.02504713319815,40.75349525217445,49.68463100102341,1300.0
lgbm_v2_noclimate,2,9,10,18.920289889413578,41.66655514327512,55.03560625233696,1300.0
lgbm_v2_noclimate,2,9,12,20.347044689242658,46.68395514252515,52.54421038072086,1300.0
persistence,-1,0,1,11.28,22.295409460668534,19.40960451977401,1325.0
persistence,-1,0,2,12.920754716981133,27.756678611591298,23.918079096045197,1325.0
persistence,-1,0,3,15.086037735849057,32.881112316492754,28.0225988700565,1325.0
persistence,-1,0,4,16.817358490566036,38.40014740537745,31.451977401129945,1325.0
persistence,-1,0,6,20.02188679245283,45.82956942806974,35.85875706214689,1325.0
persistence,-1,0,8,22.43320754716981,49.85106876089793,38.454802259887,1325.0
persistence,-1,0,10,23.89433962264151,52.49990476181838,39.61581920903955,1325.0
persistence,-1,0,12,24.387924528301888,53.45899504240045,39.68079096045198,1325.0
persistence,-1,1,1,36.07692307692308,80.92689008272552,39.4245960502693,1300.0
persistence,-1,1,2,48.550769230769234,115.48982639176491,53.740574506283664,1300.0
persistence,-1,1,3,62.07846153846154,153.18652280546996,69.45062836624776,1300.0
persistence,-1,1,4,75.72769230769231,183.15022417508698,84.42190305206464,1300.0
persistence,-1,1,6,96.72076923076924,225.96956057772982,105.71184919210054,1300.0
persistence,-1,1,8,110.3076923076923,249.6202284702473,118.00448833034112,1300.0
persistence,-1,1,10,119.48538461538462,264.75810004315554,126.262118491921,1300.0
persistence,-1,1,12,127.32307692307693,277.22073127050555,133.6463195691203,1300.0
persistence,-1,2,1,10.453846153846154,16.721243972862784,16.336996336996336,1300.0
persistence,-1,2,2,13.202307692307693,22.590927382469275,20.82783882783883,1300.0
persistence,-1,2,3,16.06,28.192661347346295,25.747252747252748,1300.0
persistence,-1,2,4,19.158461538461538,33.5156909291982,31.0,1300.0
persistence,-1,2,6,24.712307692307693,44.00615341587513,38.19047619047619,1300.0
persistence,-1,2,8,29.633846153846154,52.74759928915468,43.88278388278388,1300.0
persistence,-1,2,10,33.10923076923077,58.958838314408936,46.76923076923077,1300.0
persistence,-1,2,12,35.396153846153844,63.0369549733146,46.67032967032967,1300.0
persistence,-1,3,1,17.304615384615385,35.090081877274756,32.313025210084035,1300.0
persistence,-1,3,2,20.643846153846155,42.686468762180546,40.65756302521008,1300.0
persistence,-1,3,3,25.143846153846155,52.945407297008806,50.47899159663866,1300.0
persistence,-1,3,4,28.28076923076923,60.9667816235896,57.569327731092436,1300.0
persistence,-1,3,6,33.59384615384615,72.42997679456717,68.99789915966386,1300.0
persistence,-1,3,8,38.13,82.84681415350029,78.59453781512605,1300.0
persistence,-1,3,10,41.42230769230769,88.32761132894359,84.03781512605042,1300.0
persistence,-1,3,12,43.96769230769231,92.1644182968677,89.70588235294117,1300.0
persistence,-1,4,1,7.409230769230769,16.26719208903425,26.623931623931625,1300.0
persistence,-1,4,2,10.55,24.326133462405597,42.35897435897436,1300.0
persistence,-1,4,3,13.983076923076924,32.20231716459595,55.07692307692308,1300.0
persistence,-1,4,4,17.481538461538463,41.414564513539844,66.36752136752136,1300.0
persistence,-1,4,6,25.982307692307693,62.07042526282297,98.03418803418803,1300.0
persistence,-1,4,8,33.54076923076923,78.6794519162796,111.01709401709402,1300.0
persistence,-1,4,10,40.50615384615384,93.88992736997118,107.51282051282051,1300.0
persistence,-1,4,12,46.49307692307692,105.56663590066994,98.05128205128206,1300.0
persistence,-1,5,1,7.226923076923077,20.795321219336444,35.483870967741936,1300.0
persistence,-1,5,2,8.264615384615384,22.247696509976038,39.87096774193548,1300.0
persistence,-1,5,3,9.964615384615385,25.205310795697248,51.83870967741935,1300.0
persistence,-1,5,4,10.830769230769231,26.966703115566,51.96774193548387,1300.0
persistence,-1,5,6,11.893076923076922,27.79492205975207,51.70967741935484,1300.0
persistence,-1,5,8,12.97,29.56027740059284,64.70967741935483,1300.0
persistence,-1,5,10,13.33,30.687870317364556,81.3225806451613,1300.0
persistence,-1,5,12,13.575384615384616,33.31474609977251,84.41935483870968,1300.0
persistence,-1,6,1,12.572830188679244,22.81646211392613,23.655172413793103,1325.0
persistence,-1,6,2,13.291320754716981,23.285058777339408,20.801724137931036,1325.0
persistence,-1,6,3,14.729056603773586,24.96339962334291,22.586206896551722,1325.0
persistence,-1,6,4,15.34566037735849,25.355837406128746,24.25862068965517,1325.0
persistence,-1,6,6,16.52075471698113,26.981139464308264,24.67241379310345,1325.0
persistence,-1,6,8,18.369811320754717,29.087921373163137,28.732758620689655,1325.0
persistence,-1,6,10,19.329056603773584,29.85270759819612,32.8448275862069,1325.0
persistence,-1,6,12,19.8588679245283,30.725897134452904,34.64655172413793,1325.0
persistence,-1,7,1,18.834615384615386,42.67848494174878,32.58126721763085,1300.0
persistence,-1,7,2,22.681538461538462,50.577495755751656,40.66942148760331,1300.0
persistence,-1,7,3,26.276153846153846,56.22067098633603,51.06611570247934,1300.0
persistence,-1,7,4,29.771538461538462,63.35492816724618,58.146005509641874,1300.0
persistence,-1,7,6,34.03846153846154,68.9118835347554,63.84022038567493,1300.0
persistence,-1,7,8,36.853846153846156,71.81221237473363,66.0495867768595,1300.0
persistence,-1,7,10,39.378461538461536,77.44420323939433,69.48484848484848,1300.0
persistence,-1,7,12,41.79153846153846,80.95755298065392,71.72727272727273,1300.0
persistence,-1,8,1,10.781538461538462,21.56674790933059,25.76551724137931,1300.0
persistence,-1,8,2,12.366923076923078,24.254912270110754,27.689655172413794,1300.0
persistence,-1,8,3,15.649230769230769,36.660227872891184,40.8,1300.0
persistence,-1,8,4,17.526153846153846,42.17664318991296,45.227586206896554,1300.0
persistence,-1,8,6,22.99,56.58451133549642,55.62068965517241,1300.0
persistence,-1,8,8,28.474615384615383,69.86597609269204,60.08965517241379,1300.0
persistence,-1,8,10,32.932307692307695,78.88707605958513,64.19310344827586,1300.0
persistence,-1,8,12,35.292307692307695,83.87597070400116,62.30344827586207,1300.0
persistence,-1,9,1,8.95,15.501786497542295,16.194174757281555,1300.0
persistence,-1,9,2,10.368461538461538,18.410970809651676,23.16504854368932,1300.0
persistence,-1,9,3,12.100769230769231,22.097006410545575,30.262135922330096,1300.0
persistence,-1,9,4,13.47,25.20853030226078,35.22330097087379,1300.0
persistence,-1,9,6,16.523846153846154,31.312604982167016,46.00970873786408,1300.0
persistence,-1,9,8,18.696153846153845,36.07693701820298,53.52427184466019,1300.0
persistence,-1,9,10,20.666153846153847,39.36314168199641,57.689320388349515,1300.0
persistence,-1,9,12,21.663846153846155,41.58465878366499,58.86407766990291,1300.0
ridge_v2,-1,0,1,10.582714151582628,24.589588119039924,22.146599045875718,1325.0
ridge_v2,-1,0,2,12.042798531224143,29.68427857830114,26.962906684537057,1325.0
ridge_v2,-1,0,3,13.25204557858548,33.34426212447315,30.147836074780272,1325.0
ridge_v2,-1,0,4,14.339944978570038,36.92834866447173,33.641096392930564,1325.0
ridge_v2,-1,0,6,15.774341437790612,39.49298153970885,37.179733869424986,1325.0
ridge_v2,-1,0,8,16.396060580899412,40.50170911479735,39.26073006214837,1325.0
ridge_v2,-1,0,10,16.999966941160977,41.616427005850326,40.65011805977862,1325.0
ridge_v2,-1,0,12,17.504552010938806,42.592704197582776,41.80820007857967,1325.0
ridge_v2,-1,1,1,46.42071605874942,108.29137602121102,52.31618600345386,1300.0
ridge_v2,-1,1,2,58.37582827806473,140.05203085649669,66.37503215461916,1300.0
ridge_v2,-1,1,3,66.60758130311966,161.62187704250047,75.99045467890357,1300.0
ridge_v2,-1,1,4,74.91391990588262,179.39108689770956,85.36781841313176,1300.0
ridge_v2,-1,1,6,88.13955956876278,204.80092704462018,100.48404482938015,1300.0
ridge_v2,-1,1,8,97.41059896975756,219.77571283573528,111.28949927451687,1300.0
ridge_v2,-1,1,10,103.24508232417016,228.77668019650056,118.22158011911802,1300.0
ridge_v2,-1,1,12,107.64635491380325,238.88266644916277,123.41105785168693,1300.0
ridge_v2,-1,2,1,10.439022216934424,18.89058013164377,20.301080831241258,1300.0
ridge_v2,-1,2,2,12.18619321290117,23.43678331587819,24.926048960441197,1300.0
ridge_v2,-1,2,3,13.867139602085718,26.92056771343192,28.990259346507845,1300.0
ridge_v2,-1,2,4,15.123534905750018,29.655225087956158,32.04556193980542,1300.0
ridge_v2,-1,2,6,17.42025283293082,35.34522493558234,38.46547945471474,1300.0
ridge_v2,-1,2,8,18.789112872836682,39.26689125133234,43.21849182280865,1300.0
ridge_v2,-1,2,10,19.593746266938172,41.52292005990015,46.69716435649019,1300.0
ridge_v2,-1,2,12,20.43542481014362,43.08106719823597,49.71819732390044,1300.0
ridge_v2,-1,3,1,19.25133324831724,43.26722314183361,40.55405732839047,1300.0
ridge_v2,-1,3,2,22.936262647750286,53.30762074480449,50.054330609425776,1300.0
ridge_v2,-1,3,3,26.539163536337707,62.608484163251745,58.81065773863752,1300.0
ridge_v2,-1,3,4,29.46617178015984,70.04647927357769,66.4032553289117,1300.0
ridge_v2,-1,3,6,35.52998952372716,84.54331071733847,82.23969477740657,1300.0
ridge_v2,-1,3,8,40.68688069233527,95.39889410499592,95.38629908897296,1300.0
ridge_v2,-1,3,10,44.679129996574844,102.69834349553653,105.51415401196279,1300.0
ridge_v2,-1,3,12,47.418762338895064,107.89655191564287,112.71346465980305,1300.0
ridge_v2,-1,4,1,6.929076610989869,16.457863234495193,26.1150258647071,1300.0
ridge_v2,-1,4,2,8.152605405418704,19.68068388096232,31.63417435507489,1300.0
ridge_v2,-1,4,3,9.656531940926081,22.752195947218418,37.277775471027084,1300.0
ridge_v2,-1,4,4,11.017801274359226,25.687075788839234,41.91298122079964,1300.0
ridge_v2,-1,4,6,13.577844968739038,29.617802439356545,49.329029181064705,1300.0
ridge_v2,-1,4,8,15.861257899662418,33.85144291593104,55.601324908753746,1300.0
ridge_v2,-1,4,10,18.095975615085603,38.14890430188102,62.764153741363785,1300.0
ridge_v2,-1,4,12,20.462591762140107,42.415115703677166,71.60552973624988,1300.0
ridge_v2,-1,5,1,7.128051076221164,18.529919533766773,45.667469516877205,1300.0
ridge_v2,-1,5,2,8.07143195721679,20.428069787258657,49.53038074124244,1300.0
ridge_v2,-1,5,3,9.062492730008223,22.68766381364242,56.84861371594091,1300.0
ridge_v2,-1,5,4,9.805769465446758,23.852036512385013,62.45758456568564,1300.0
ridge_v2,-1,5,6,10.481063838863852,24.81212625131248,74.06954412691054,1300.0
ridge_v2,-1,5,8,10.553729340057247,25.03698373416887,83.9553834046087,1300.0
ridge_v2,-1,5,10,10.234257756972758,24.875961885753203,92.21142329996631,1300.0
ridge_v2,-1,5,12,10.023738480429524,25.593140846358484,97.1558913280887,1300.0
ridge_v2,-1,6,1,11.896507097642939,20.415670755263193,25.523562377896802,1325.0
ridge_v2,-1,6,2,12.688194358752302,21.2064057544484,26.272032092357502,1325.0
ridge_v2,-1,6,3,13.839594634726362,22.531471333980733,27.87072080399456,1325.0
ridge_v2,-1,6,4,14.41557947337065,23.208382081330406,29.214831029546673,1325.0
ridge_v2,-1,6,6,15.485254752748418,25.248743431209906,31.262448957254147,1325.0
ridge_v2,-1,6,8,16.316401074438726,27.149055290796756,34.82912062596658,1325.0
ridge_v2,-1,6,10,16.80312000726297,27.738819789131657,37.54274445052805,1325.0
ridge_v2,-1,6,12,17.238179810353607,28.52657924323759,38.76883897082559,1325.0
ridge_v2,-1,7,1,19.286086912607917,42.76650462828768,39.39483947464914,1300.0
ridge_v2,-1,7,2,23.15277282258066,51.2729703229193,48.42846078583688,1300.0
ridge_v2,-1,7,3,25.758013948293833,56.970374832464294,55.412870424838104,1300.0
ridge_v2,-1,7,4,28.098337153437047,62.22494465393611,61.001404537313896,1300.0
ridge_v2,-1,7,6,30.792626573260012,66.26707570967761,67.61734903088615,1300.0
ridge_v2,-1,7,8,32.37578366820629,67.92091371512207,71.09827225940614,1300.0
ridge_v2,-1,7,10,34.16581462022204,70.86154675272633,76.26904193350927,1300.0
ridge_v2,-1,7,12,35.69776955040029,73.32351680056651,79.92778304523016,1300.0
ridge_v2,-1,8,1,9.420263956189155,18.50753146936432,22.162880299831258,1300.0
ridge_v2,-1,8,2,10.026308901745539,20.445046094823905,23.80860456022723,1300.0
ridge_v2,-1,8,3,11.23895250554268,23.730842725614824,27.918655288630518,1300.0
ridge_v2,-1,8,4,11.951140172229364,26.953657588384655,27.93141145336217,1300.0
ridge_v2,-1,8,6,14.213969266460492,35.2853522802055,36.708854456605586,1300.0
ridge_v2,-1,8,8,17.217134108646558,45.602300355333746,54.33184588859821,1300.0
ridge_v2,-1,8,10,19.210174602774472,50.93000216430291,62.958811963837725,1300.0
ridge_v2,-1,8,12,20.367317822896517,52.93588224529461,66.04413071583058,1300.0
ridge_v2,-1,9,1,9.033056272483217,17.809382906253937,25.26205835759061,1300.0
ridge_v2,-1,9,2,10.362420407742835,20.876663749576437,29.883939013897795,1300.0
ridge_v2,-1,9,3,11.795017393959256,24.115273630204925,33.93633364473732,1300.0
ridge_v2,-1,9,4,12.926883249145288,26.757848251064694,37.89942621953279,1300.0
ridge_v2,-1,9,6,15.128621226778398,32.20891668351742,45.313564534326204,1300.0
ridge_v2,-1,9,8,16.76606016302911,36.177705742146365,51.59327638380736,1300.0
ridge_v2,-1,9,10,17.955383923470507,38.64205553603168,56.82598311692766,1300.0
ridge_v2,-1,9,12,18.83648317344487,40.17714661475873,60.99927767272134,1300.0
seasonal_naive,-1,0,1,16.568301886792455,34.651657370038826,34.17231638418079,1325.0
seasonal_naive,-1,0,2,16.568301886792455,34.651657370038826,34.17231638418079,1325.0
seasonal_naive,-1,0,3,16.568301886792455,34.651657370038826,34.17231638418079,1325.0
seasonal_naive,-1,0,4,16.568301886792455,34.651657370038826,34.17231638418079,1325.0
seasonal_naive,-1,0,6,16.568301886792455,34.651657370038826,34.17231638418079,1325.0
seasonal_naive,-1,0,8,16.568301886792455,34.651657370038826,34.17231638418079,1325.0
seasonal_naive,-1,0,10,16.568301886792455,34.651657370038826,34.17231638418079,1325.0
seasonal_naive,-1,0,12,16.568301886792455,34.651657370038826,34.17231638418079,1325.0
seasonal_naive,-1,1,1,111.09846153846154,242.0244933567993,126.6463195691203,1300.0
seasonal_naive,-1,1,2,111.09846153846154,242.0244933567993,126.6463195691203,1300.0
seasonal_naive,-1,1,3,111.09846153846154,242.0244933567993,126.6463195691203,1300.0
seasonal_naive,-1,1,4,111.09846153846154,242.0244933567993,126.6463195691203,1300.0
seasonal_naive,-1,1,6,111.09846153846154,242.0244933567993,126.6463195691203,1300.0
seasonal_naive,-1,1,8,111.09846153846154,242.0244933567993,126.6463195691203,1300.0
seasonal_naive,-1,1,10,111.09846153846154,242.0244933567993,126.6463195691203,1300.0
seasonal_naive,-1,1,12,111.09846153846154,242.0244933567993,126.6463195691203,1300.0
seasonal_naive,-1,2,1,104.19692307692307,230.897099958468,125.26373626373626,1300.0
seasonal_naive,-1,2,2,104.19692307692307,230.897099958468,125.26373626373626,1300.0
seasonal_naive,-1,2,3,104.19692307692307,230.897099958468,125.26373626373626,1300.0
seasonal_naive,-1,2,4,104.19692307692307,230.897099958468,125.26373626373626,1300.0
seasonal_naive,-1,2,6,104.19692307692307,230.897099958468,125.26373626373626,1300.0
seasonal_naive,-1,2,8,104.19692307692307,230.897099958468,125.26373626373626,1300.0
seasonal_naive,-1,2,10,104.19692307692307,230.897099958468,125.26373626373626,1300.0
seasonal_naive,-1,2,12,104.19692307692307,230.897099958468,125.26373626373626,1300.0
seasonal_naive,-1,3,1,51.66538461538462,104.89114137267045,109.07563025210084,1300.0
seasonal_naive,-1,3,2,51.66538461538462,104.89114137267045,109.07563025210084,1300.0
seasonal_naive,-1,3,3,51.66538461538462,104.89114137267045,109.07563025210084,1300.0
seasonal_naive,-1,3,4,51.66538461538462,104.89114137267045,109.07563025210084,1300.0
seasonal_naive,-1,3,6,51.66538461538462,104.89114137267045,109.07563025210084,1300.0
seasonal_naive,-1,3,8,51.66538461538462,104.89114137267045,109.07563025210084,1300.0
seasonal_naive,-1,3,10,51.66538461538462,104.89114137267045,109.07563025210084,1300.0
seasonal_naive,-1,3,12,51.66538461538462,104.89114137267045,109.07563025210084,1300.0
seasonal_naive,-1,4,1,65.6,136.33164878904114,64.5042735042735,1300.0
seasonal_naive,-1,4,2,65.6,136.33164878904114,64.5042735042735,1300.0
seasonal_naive,-1,4,3,65.6,136.33164878904114,64.5042735042735,1300.0
seasonal_naive,-1,4,4,65.6,136.33164878904114,64.5042735042735,1300.0
seasonal_naive,-1,4,6,65.6,136.33164878904114,64.5042735042735,1300.0
seasonal_naive,-1,4,8,65.6,136.33164878904114,64.5042735042735,1300.0
seasonal_naive,-1,4,10,65.6,136.33164878904114,64.5042735042735,1300.0
seasonal_naive,-1,4,12,65.6,136.33164878904114,64.5042735042735,1300.0
seasonal_naive,-1,5,1,23.358461538461537,51.87197257152979,60.70967741935484,1300.0
seasonal_naive,-1,5,2,23.358461538461537,51.87197257152979,60.70967741935484,1300.0
seasonal_naive,-1,5,3,23.358461538461537,51.87197257152979,60.70967741935484,1300.0
seasonal_naive,-1,5,4,23.358461538461537,51.87197257152979,60.70967741935484,1300.0
seasonal_naive,-1,5,6,23.358461538461537,51.87197257152979,60.70967741935484,1300.0
seasonal_naive,-1,5,8,23.358461538461537,51.87197257152979,60.70967741935484,1300.0
seasonal_naive,-1,5,10,23.358461538461537,51.87197257152979,60.70967741935484,1300.0
seasonal_naive,-1,5,12,23.358461538461537,51.87197257152979,60.70967741935484,1300.0
seasonal_naive,-1,6,1,21.001509433962266,36.407245805880606,41.64655172413793,1325.0
seasonal_naive,-1,6,2,21.001509433962266,36.407245805880606,41.64655172413793,1325.0
seasonal_naive,-1,6,3,21.001509433962266,36.407245805880606,41.64655172413793,1325.0
seasonal_naive,-1,6,4,21.001509433962266,36.407245805880606,41.64655172413793,1325.0
seasonal_naive,-1,6,6,21.001509433962266,36.407245805880606,41.64655172413793,1325.0
seasonal_naive,-1,6,8,21.001509433962266,36.407245805880606,41.64655172413793,1325.0
seasonal_naive,-1,6,10,21.001509433962266,36.407245805880606,41.64655172413793,1325.0
seasonal_naive,-1,6,12,21.001509433962266,36.407245805880606,41.64655172413793,1325.0
seasonal_naive,-1,7,1,40.11538461538461,85.19390552417197,84.97520661157024,1300.0
seasonal_naive,-1,7,2,40.11538461538461,85.19390552417197,84.97520661157024,1300.0
seasonal_naive,-1,7,3,40.11538461538461,85.19390552417197,84.97520661157024,1300.0
seasonal_naive,-1,7,4,40.11538461538461,85.19390552417197,84.97520661157024,1300.0
seasonal_naive,-1,7,6,40.11538461538461,85.19390552417197,84.97520661157024,1300.0
seasonal_naive,-1,7,8,40.11538461538461,85.19390552417197,84.97520661157024,1300.0
seasonal_naive,-1,7,10,40.11538461538461,85.19390552417197,84.97520661157024,1300.0
seasonal_naive,-1,7,12,40.11538461538461,85.19390552417197,84.97520661157024,1300.0
seasonal_naive,-1,8,1,37.58461538461538,78.0305758612018,54.0,1300.0
seasonal_naive,-1,8,2,37.58461538461538,78.0305758612018,54.0,1300.0
seasonal_naive,-1,8,3,37.58461538461538,78.0305758612018,54.0,1300.0
seasonal_naive,-1,8,4,37.58461538461538,78.0305758612018,54.0,1300.0
seasonal_naive,-1,8,6,37.58461538461538,78.0305758612018,54.0,1300.0
seasonal_naive,-1,8,8,37.58461538461538,78.0305758612018,54.0,1300.0
seasonal_naive,-1,8,10,37.58461538461538,78.0305758612018,54.0,1300.0
seasonal_naive,-1,8,12,37.58461538461538,78.0305758612018,54.0,1300.0
seasonal_naive,-1,9,1,22.504615384615384,53.901448531984315,52.0873786407767,1300.0
seasonal_naive,-1,9,2,22.504615384615384,53.901448531984315,52.0873786407767,1300.0
seasonal_naive,-1,9,3,22.504615384615384,53.901448531984315,52.0873786407767,1300.0
seasonal_naive,-1,9,4,22.504615384615384,53.901448531984315,52.0873786407767,1300.0
seasonal_naive,-1,9,6,22.504615384615384,53.901448531984315,52.0873786407767,1300.0
seasonal_naive,-1,9,8,22.504615384615384,53.901448531984315,52.0873786407767,1300.0
seasonal_naive,-1,9,10,22.504615384615384,53.901448531984315,52.0873786407767,1300.0
seasonal_naive,-1,9,12,22.504615384615384,53.901448531984315,52.0873786407767,1300.0
seasonal_persistence,-1,0,1,12.884460707360281,28.868638772796924,22.640836417938104,1325.0
seasonal_persistence,-1,0,2,14.581376138350592,32.828589329906386,27.157872318084966,1325.0
seasonal_persistence,-1,0,3,15.934001027474988,37.28251103204707,29.5889894485863,1325.0
seasonal_persistence,-1,0,4,17.283067091749807,40.96671752848039,32.20536779884859,1325.0
seasonal_persistence,-1,0,6,18.89018014314321,42.53458477088526,34.12414935716338,1325.0
seasonal_persistence,-1,0,8,20.314615782480335,47.117106928689175,34.77791229955389,1325.0
seasonal_persistence,-1,0,10,21.675713194742237,49.830504082329995,33.824391387066264,1325.0
seasonal_persistence,-1,0,12,21.50813127182547,47.5905625612034,31.99735639023326,1325.0
seasonal_persistence,-1,1,1,56.72462158370477,152.00741457671984,62.96174900407637,1300.0
seasonal_persistence,-1,1,2,69.08581155872689,187.10333394851816,76.99009384159366,1300.0
seasonal_persistence,-1,1,3,79.96684083540279,223.95470011955047,89.93054625437439,1300.0
seasonal_persistence,-1,1,4,87.29931461074891,243.69043973325265,97.64640332364161,1300.0
seasonal_persistence,-1,1,6,102.5904837815922,263.1478357492915,114.46454469985336,1300.0
seasonal_persistence,-1,1,8,124.77673908843444,339.33373651918185,136.14490669532353,1300.0
seasonal_persistence,-1,1,10,127.78043115587475,356.24416951407926,139.30825560021296,1300.0
seasonal_persistence,-1,1,12,142.81585833545773,399.3571173856183,155.70918687463436,1300.0
seasonal_persistence,-1,2,1,14.20445889566416,25.344833257218475,24.708970016393906,1300.0
seasonal_persistence,-1,2,2,16.24933394802591,30.12912662011473,29.269304586308344,1300.0
seasonal_persistence,-1,2,3,17.05767771917467,32.61324919064214,31.69791940542368,1300.0
seasonal_persistence,-1,2,4,20.03963589732535,44.33461168145393,39.866692492847534,1300.0
seasonal_persistence,-1,2,6,21.559358511266225,40.870579606059664,38.329289138808356,1300.0
seasonal_persistence,-1,2,8,26.190097992563476,51.48024583528022,46.292636527956184,1300.0
seasonal_persistence,-1,2,10,30.344121594437613,62.99725635680485,50.64258779053859,1300.0
seasonal_persistence,-1,2,12,32.13130671906392,63.579307785147584,49.635599742878924,1300.0
seasonal_persistence,-1,3,1,24.285204647438302,49.697722231574964,45.55384810793237,1300.0
seasonal_persistence,-1,3,2,26.720363094441307,56.204126174921,51.41374556945652,1300.0
seasonal_persistence,-1,3,3,30.838313771169656,69.25478250866824,60.42333928577038,1300.0
seasonal_persistence,-1,3,4,33.746099080072284,77.71255762964782,67.2800257877298,1300.0
seasonal_persistence,-1,3,6,38.50610411039482,88.61504175334916,78.8148416618527,1300.0
seasonal_persistence,-1,3,8,42.20622554721167,94.93676004284973,83.56160493531586,1300.0
seasonal_persistence,-1,3,10,43.35210134642271,95.70356982501862,86.01584799938342,1300.0
seasonal_persistence,-1,3,12,45.338338822854254,97.57420671678103,89.34370926642367,1300.0
seasonal_persistence,-1,4,1,8.484338687358854,19.268833847258044,33.78859713851896,1300.0
seasonal_persistence,-1,4,2,11.301180449941535,27.46494468102701,47.66364982189276,1300.0
seasonal_persistence,-1,4,3,14.3550477915362,35.57939607990055,59.74540913296052,1300.0
seasonal_persistence,-1,4,4,18.2901019214545,47.26286281231151,76.82794104733019,1300.0
seasonal_persistence,-1,4,6,25.14878031862004,64.87658152771898,107.97241021119632,1300.0
seasonal_persistence,-1,4,8,31.42327927775681,84.6630247853885,128.1394564697885,1300.0
seasonal_persistence,-1,4,10,37.359013536949284,101.53169847207197,140.7324565159969,1300.0
seasonal_persistence,-1,4,12,42.25503997843605,113.47539226127778,143.43292837672763,1300.0
seasonal_persistence,-1,5,1,7.719622364821307,20.161570476639152,36.258901834487915,1300.0
seasonal_persistence,-1,5,2,8.623811941836745,23.242170526214224,36.747549706889735,1300.0
seasonal_persistence,-1,5,3,10.121960852848401,26.062628766436067,46.90845771374241,1300.0
seasonal_persistence,-1,5,4,11.085630267578034,27.30446332491853,47.320376979247214,1300.0
seasonal_persistence,-1,5,6,12.095704764240566,27.69314627458483,46.12959652033545,1300.0
seasonal_persistence,-1,5,8,12.945164344393863,29.16199688849246,46.46574135557298,1300.0
seasonal_persistence,-1,5,10,13.591529344574441,29.285686079344494,57.301593445962475,1300.0
seasonal_persistence,-1,5,12,14.42561036289383,33.705763632442554,63.98911723158052,1300.0
seasonal_persistence,-1,6,1,13.458920812325658,23.934914260336885,25.46099420893809,1325.0
seasonal_persistence,-1,6,2,14.398771373997882,25.269858366261758,24.43500704600893,1325.0
seasonal_persistence,-1,6,3,15.759506669650381,27.567956277148397,24.250425583586612,1325.0
seasonal_persistence,-1,6,4,16.817709894280107,29.607203931677805,25.813297756016254,1325.0
seasonal_persistence,-1,6,6,18.88039148109139,34.739096198997245,26.40288980305195,1325.0
seasonal_persistence,-1,6,8,20.44888850025692,37.744615063956836,29.708039845885903,1325.0
seasonal_persistence,-1,6,10,21.704369476987225,41.684325797886125,31.651163128236757,1325.0
seasonal_persistence,-1,6,12,22.28810073126459,41.3742035627657,28.135921703201944,1325.0
seasonal_persistence,-1,7,1,24.577493989862358,54.1912508906543,42.53122898041381,1300.0
seasonal_persistence,-1,7,2,27.302197506606866,58.85623301898836,45.77839203154252,1300.0
seasonal_persistence,-1,7,3,31.216629185123512,65.44959704519337,57.476968224219384,1300.0
seasonal_persistence,-1,7,4,34.4492212951563,74.14243645668722,61.99146237950156,1300.0
seasonal_persistence,-1,7,6,36.30036078648499,74.91148974199888,66.24770887600407,1300.0
seasonal_persistence,-1,7,8,38.05001817120347,78.68070066937118,68.4906411128601,1300.0
seasonal_persistence,-1,7,10,40.176434318964155,81.66077611909763,68.14830700860207,1300.0
seasonal_persistence,-1,7,12,40.61271496054501,81.0558002071583,67.31231632664512,1300.0
seasonal_persistence,-1,8,1,14.97250307246792,32.682929595191695,30.07552698511502,1300.0
seasonal_persistence,-1,8,2,15.926667806304131,33.6804773005555,34.54120508473495,1300.0
seasonal_persistence,-1,8,3,18.914492557696423,46.1990305904185,43.39698523858498,1300.0
seasonal_persistence,-1,8,4,19.533807020349286,44.908929283756784,40.9297539201276,1300.0
seasonal_persistence,-1,8,6,21.70813220721168,49.33493618936777,45.62375818573195,1300.0
seasonal_persistence,-1,8,8,24.481527483595105,52.670760943196726,49.19940218370536,1300.0
seasonal_persistence,-1,8,10,27.342313833235263,59.674120468651566,56.44721505744704,1300.0
seasonal_persistence,-1,8,12,29.29704877244022,65.44071661822953,58.87298818559482,1300.0
seasonal_persistence,-1,9,1,14.140433735781563,31.471108669402305,31.737768361869367,1300.0
seasonal_persistence,-1,9,2,14.84721348368491,34.45949193345454,35.49817524372953,1300.0
seasonal_persistence,-1,9,3,17.367706305543678,40.58744392591109,42.12105782749583,1300.0
seasonal_persistence,-1,9,4,18.42665509311339,45.02589947560527,50.49547437035922,1300.0
seasonal_persistence,-1,9,6,20.823129438365306,49.70329199387256,53.66422167680796,1300.0
seasonal_persistence,-1,9,8,22.438584939658266,59.21304145238616,62.39879224890644,1300.0
seasonal_persistence,-1,9,10,24.612681871092377,61.77117871684271,67.77810750077072,1300.0
seasonal_persistence,-1,9,12,24.658670503519332,58.60996529703798,61.96560607373136,1300.0
