method,variant,horizon,fold_id,wis,peak_wis,cov50,cov80,cov95,exceed_prob
adaptive_v2,conformal,1,1,25.553694880296245,28.30991126284403,0.6523076923076923,0.8853846153846154,0.9769230769230769,
adaptive_v2,conformal,1,2,8.425817921451628,13.30951327360562,0.42923076923076925,0.7315384615384616,0.9123076923076923,
adaptive_v2,conformal,1,3,11.248984496393335,22.636608045237,0.53,0.8646153846153846,0.9730769230769231,
adaptive_v2,conformal,1,6,7.330039820048073,13.76210456503766,0.5230188679245283,0.7954716981132075,0.9071698113207547,
adaptive_v2,conformal,1,7,12.408199929452504,23.3582183032955,0.5761538461538461,0.8653846153846154,0.9723076923076923,
adaptive_v2,conformal,1,8,6.442015998608135,14.079364178911137,0.5276923076923077,0.8453846153846154,0.9869230769230769,
adaptive_v2,conformal,1,9,5.238337546824206,12.171732026044085,0.5276923076923077,0.8276923076923077,0.9569230769230769,
adaptive_v2,conformal,2,1,44.577450553418466,50.75428802505396,0.3223076923076923,0.6015384615384616,0.8953846153846153,
adaptive_v2,conformal,2,2,29.787096046110552,46.35163115381583,0.16692307692307692,0.3861538461538462,0.7276923076923076,
adaptive_v2,conformal,2,3,12.686995676376537,26.088700966424952,0.5476923076923077,0.8615384615384616,0.98,
adaptive_v2,conformal,2,6,8.207034847377338,12.509227014255828,0.5343396226415095,0.8090566037735849,0.9124528301886793,
adaptive_v2,conformal,2,7,15.353366923325927,29.072444514794583,0.553076923076923,0.8538461538461538,0.9546153846153846,
adaptive_v2,conformal,2,8,8.453835313090215,18.361102015961045,0.5207692307692308,0.8446153846153847,0.9946153846153846,
adaptive_v2,conformal,2,9,6.320994957576009,14.819500175424777,0.5553846153846154,0.8469230769230769,0.9784615384615385,
adaptive_v2,conformal,3,1,38.075021815145114,43.03256604667286,0.46076923076923076,0.79,0.9753846153846154,
adaptive_v2,conformal,3,2,20.75878828509325,30.86849505941186,0.29615384615384616,0.5661538461538461,0.8346153846153846,
adaptive_v2,conformal,3,3,14.102791879431694,29.210923206561212,0.5407692307692308,0.8338461538461538,0.97,
adaptive_v2,conformal,3,6,8.98792980601208,13.509679956813704,0.5788679245283019,0.8430188679245283,0.9433962264150944,
adaptive_v2,conformal,3,7,17.371391156966816,33.236808849197885,0.5584615384615385,0.816923076923077,0.9376923076923077,
adaptive_v2,conformal,3,8,10.36502293114063,25.02908136604047,0.5438461538461539,0.87,0.9969230769230769,
adaptive_v2,conformal,3,9,6.559590076418273,17.950444073951452,0.5023076923076923,0.8246153846153846,0.9561538461538461,
adaptive_v2,conformal,4,1,40.31629881769675,45.32732757142086,0.4823076923076923,0.81,0.9707692307692307,
adaptive_v2,conformal,4,2,20.0810000916704,28.17331480442642,0.3646153846153846,0.6407692307692308,0.8923076923076924,
adaptive_v2,conformal,4,3,15.618143337042417,32.61397383418235,0.5815384615384616,0.8469230769230769,0.9730769230769231,
adaptive_v2,conformal,4,6,9.449881142514378,14.052743023677737,0.549433962264151,0.8181132075471698,0.9335849056603773,
adaptive_v2,conformal,4,7,19.803373424988173,37.1845868934812,0.5476923076923077,0.816923076923077,0.94,
adaptive_v2,conformal,4,8,11.896411717982504,29.966864916296693,0.556923076923077,0.8653846153846154,0.9953846153846154,
adaptive_v2,conformal,4,9,7.213458014144139,19.65291646570783,0.5238461538461539,0.8507692307692307,0.9738461538461538,
adaptive_v2,conformal,6,1,51.50560884184468,58.179128621414684,0.35846153846153844,0.6876923076923077,0.9407692307692308,
adaptive_v2,conformal,6,2,36.4906981212364,46.54762239443229,0.3161538461538462,0.5638461538461539,0.8123076923076923,
adaptive_v2,conformal,6,3,18.243133327294817,38.07172336325156,0.6330769230769231,0.8746153846153846,0.9592307692307692,
adaptive_v2,conformal,6,6,10.401803828100968,14.420927382520798,0.5418867924528302,0.8143396226415094,0.9366037735849057,
adaptive_v2,conformal,6,7,20.876382106046925,38.32864031235608,0.5138461538461538,0.8376923076923077,0.9407692307692308,
adaptive_v2,conformal,6,8,16.43564063056345,38.97040180453477,0.5576923076923077,0.8530769230769231,0.9753846153846154,
adaptive_v2,conformal,6,9,8.862872489660333,27.27218600510266,0.4815384615384615,0.8053846153846154,0.9561538461538461,
adaptive_v2,conformal,8,1,59.54285324987758,67.04025970161382,0.30153846153846153,0.5823076923076923,0.8930769230769231,
adaptive_v2,conformal,8,2,41.85673678591475,49.00089772738177,0.35923076923076924,0.6269230769230769,0.8630769230769231,
adaptive_v2,conformal,8,3,21.45711272153543,45.18888985129261,0.62,0.8684615384615385,0.9492307692307692,
adaptive_v2,conformal,8,6,10.91030647341538,16.90316485138364,0.5516981132075471,0.8135849056603773,0.9328301886792453,
adaptive_v2,conformal,8,7,22.637881081682966,39.62625843652807,0.5076923076923077,0.8376923076923077,0.9453846153846154,
adaptive_v2,conformal,8,8,20.072254850625853,39.019393971714926,0.5176923076923077,0.8123076923076923,0.9769230769230769,
adaptive_v2,conformal,8,9,10.321569161058218,29.371284245795234,0.6053846153846154,0.8853846153846154,0.9753846153846154,
adaptive_v2,conformal,10,1,61.4663713666147,68.38455274202545,0.3607692307692308,0.6430769230769231,0.9061538461538462,
adaptive_v2,conformal,10,2,43.31824842230836,46.27812805370785,0.37,0.6561538461538462,0.8807692307692307,
adaptive_v2,conformal,10,3,24.980149789201583,51.74977608210684,0.566923076923077,0.8084615384615385,0.9453846153846154,
adaptive_v2,conformal,10,6,11.611374097789023,17.502942593891632,0.5275471698113208,0.8015094339622642,0.9350943396226415,
adaptive_v2,conformal,10,7,23.092725949512236,37.28658029769266,0.5346153846153846,0.8084615384615385,0.9361538461538461,
adaptive_v2,conformal,10,8,20.303077930526957,37.7933085831965,0.5107692307692308,0.8284615384615385,0.9776923076923076,
adaptive_v2,conformal,10,9,12.229031768946415,36.24468468456592,0.5215384615384615,0.8315384615384616,0.9730769230769231,
adaptive_v2,conformal,12,1,75.84981255388529,86.39930465123219,0.26461538461538464,0.47692307692307695,0.7769230769230769,
adaptive_v2,conformal,12,2,61.12110187008208,66.24216545775401,0.3176923076923077,0.6330769230769231,0.8492307692307692,
adaptive_v2,conformal,12,3,25.30013687406947,52.70831282176952,0.5423076923076923,0.8107692307692308,0.9346153846153846,
adaptive_v2,conformal,12,6,12.146717000325756,18.817599024696246,0.4656603773584906,0.8075471698113208,0.9569811320754718,
adaptive_v2,conformal,12,7,26.775802558623457,37.01065743722997,0.5007692307692307,0.7853846153846153,0.9376923076923077,
adaptive_v2,conformal,12,8,22.057178802296324,41.62307269372537,0.6030769230769231,0.8807692307692307,0.9892307692307692,
adaptive_v2,conformal,12,9,13.438902455560967,35.149394852733806,0.5476923076923077,0.8176923076923077,0.97,
chronos2,conformal,1,1,26.230153232952503,29.047877464128774,0.6623076923076923,0.9015384615384615,0.9853846153846154,
chronos2,conformal,1,2,6.70394876309893,10.869995092915055,0.48384615384615387,0.7915384615384615,0.9446153846153846,
chronos2,conformal,1,3,10.409543548184228,20.886245183177078,0.5215384615384615,0.8223076923076923,0.96,
chronos2,conformal,1,6,7.251832122405525,13.44997606593196,0.5305660377358491,0.7849056603773585,0.9139622641509434,
chronos2,conformal,1,7,12.2646434548102,22.615517010955664,0.5907692307692308,0.8623076923076923,0.9607692307692308,
chronos2,conformal,1,8,6.708961591899472,13.80707483433599,0.5423076923076923,0.8461538461538461,0.9869230769230769,
chronos2,conformal,1,9,5.251050929565576,11.814854064258423,0.5561538461538461,0.84,0.9569230769230769,
chronos2,conformal,2,1,31.985507304151902,35.56501513260142,0.6269230769230769,0.8976923076923077,0.9769230769230769,
chronos2,conformal,2,2,8.689151604087977,13.699933156059682,0.5046153846153846,0.79,0.936923076923077,
chronos2,conformal,2,3,12.118413263050606,25.033630181920426,0.5376923076923077,0.8284615384615385,0.9553846153846154,
chronos2,conformal,2,6,7.683959672313432,12.217425241573046,0.56,0.7947169811320755,0.9237735849056604,
chronos2,conformal,2,7,14.260793520950264,26.783876701628525,0.5623076923076923,0.8453846153846154,0.9461538461538461,
chronos2,conformal,2,8,8.047860779418519,15.350398435171055,0.5438461538461539,0.8430769230769231,0.9976923076923077,
chronos2,conformal,2,9,5.817462859640502,14.50444732340102,0.5461538461538461,0.8307692307692308,0.9623076923076923,
chronos2,conformal,3,1,37.944777665257035,42.27035847921119,0.58,0.8715384615384615,0.963076923076923,
chronos2,conformal,3,2,10.964544589972112,16.676742075735444,0.4876923076923077,0.813076923076923,0.9553846153846154,
chronos2,conformal,3,3,14.177135567222923,29.98527013704579,0.5338461538461539,0.7976923076923077,0.9407692307692308,
chronos2,conformal,3,6,8.201718236885187,13.095285990548248,0.5532075471698114,0.8143396226415094,0.9366037735849057,
chronos2,conformal,3,7,16.0129995999201,31.18342977606157,0.5661538461538461,0.8192307692307692,0.936923076923077,
chronos2,conformal,3,8,9.726811151775912,19.4602697227123,0.5376923076923077,0.8584615384615385,0.9976923076923077,
chronos2,conformal,3,9,6.4604657248552435,17.61049795148362,0.5169230769230769,0.8384615384615385,0.96,
chronos2,conformal,4,1,42.946365312597905,47.84255518039002,0.5269230769230769,0.8153846153846154,0.9615384615384616,
chronos2,conformal,4,2,13.98721412372035,20.01444760940186,0.49615384615384617,0.7953846153846154,0.9553846153846154,
chronos2,conformal,4,3,16.096862481063205,34.475469259761184,0.5492307692307692,0.8092307692307692,0.9407692307692308,
chronos2,conformal,4,6,8.584616771504349,13.031183978773544,0.5675471698113208,0.8279245283018868,0.9524528301886792,
chronos2,conformal,4,7,17.283673175560704,34.42728868699013,0.5392307692307692,0.8115384615384615,0.933076923076923,
chronos2,conformal,4,8,10.981050596443785,20.623340859842305,0.5330769230769231,0.8376923076923077,0.9876923076923076,
chronos2,conformal,4,9,6.928567591298857,20.1986712793343,0.5169230769230769,0.8284615384615385,0.9676923076923077,
chronos2,conformal,6,1,51.17286961142749,55.37574764338354,0.4907692307692308,0.7523076923076923,0.9315384615384615,
chronos2,conformal,6,2,20.633498399653707,26.79739200879975,0.47846153846153844,0.8138461538461539,0.96,
chronos2,conformal,6,3,19.37058758054125,42.36244955637249,0.5315384615384615,0.8007692307692308,0.9230769230769231,
chronos2,conformal,6,6,9.152309496624033,13.209489425622124,0.580377358490566,0.8150943396226416,0.9539622641509434,
chronos2,conformal,6,7,18.18447152955792,35.30389976151314,0.5192307692307693,0.8184615384615385,0.9315384615384615,
chronos2,conformal,6,8,13.1127481863369,22.87736570878464,0.5069230769230769,0.83,0.9746153846153847,
chronos2,conformal,6,9,8.042532873150561,24.277050201983407,0.5284615384615384,0.85,0.9815384615384616,
chronos2,conformal,8,1,57.64096164540874,60.949281609648835,0.4453846153846154,0.7138461538461538,0.8861538461538462,
chronos2,conformal,8,2,28.193646710044266,34.5790498927695,0.4492307692307692,0.8,0.97,
chronos2,conformal,8,3,22.548711803405563,50.19640164919423,0.5038461538461538,0.7661538461538462,0.9030769230769231,
chronos2,conformal,8,6,9.6201751557139,15.371135392887862,0.5418867924528302,0.8294339622641509,0.9479245283018868,
chronos2,conformal,8,7,18.752137976628156,34.770494460171115,0.5161538461538462,0.8338461538461538,0.9338461538461539,
chronos2,conformal,8,8,15.468059656397227,26.19223964911034,0.48384615384615387,0.7946153846153846,0.9715384615384616,
chronos2,conformal,8,9,8.892718540678533,26.355381911772916,0.5907692307692308,0.8807692307692307,0.9869230769230769,
chronos2,conformal,10,1,63.26417895227722,66.73151213594063,0.3992307692307692,0.6823076923076923,0.8738461538461538,
chronos2,conformal,10,2,36.76164683499447,41.08281825201391,0.42538461538461536,0.7492307692307693,0.9561538461538461,
chronos2,conformal,10,3,24.494917185963786,55.00019938879492,0.4530769230769231,0.7376923076923076,0.8976923076923077,
chronos2,conformal,10,6,9.975631554490125,17.23921533774145,0.5245283018867924,0.8181132075471698,0.9509433962264151,
chronos2,conformal,10,7,19.377403822852013,34.68857281476658,0.5253846153846153,0.8046153846153846,0.9484615384615385,
chronos2,conformal,10,8,17.59076248866487,29.584161828269718,0.4230769230769231,0.7723076923076924,0.9523076923076923,
chronos2,conformal,10,9,9.565424431792701,26.279980458273933,0.5969230769230769,0.9007692307692308,0.9915384615384616,
chronos2,conformal,12,1,68.77982107624318,72.30870202996539,0.37846153846153846,0.6615384615384615,0.8392307692307692,
chronos2,conformal,12,2,44.355301838316855,45.16422234678163,0.39384615384615385,0.7315384615384616,0.9353846153846154,
chronos2,conformal,12,3,26.336681285730016,59.87390399521415,0.45076923076923076,0.7015384615384616,0.8715384615384615,
chronos2,conformal,12,6,10.108184556867299,18.666172819572207,0.49433962264150944,0.8150943396226416,0.9516981132075472,
chronos2,conformal,12,7,19.79206234467272,34.09523137294171,0.5169230769230769,0.8107692307692308,0.9607692307692308,
chronos2,conformal,12,8,19.22283116079559,30.660353930393104,0.42153846153846153,0.7523076923076923,0.9507692307692308,
chronos2,conformal,12,9,9.965702051370995,25.90949964620153,0.573076923076923,0.9138461538461539,0.9953846153846154,
chronos2,native,1,1,23.279197121449815,26.02019932505875,0.48,0.7838461538461539,0.9569230769230769,
chronos2,native,1,2,5.358547045784638,9.219081800144613,0.47615384615384615,0.8007692307692308,0.9684615384615385,
chronos2,native,1,3,9.342733055004798,18.63143772582641,0.4815384615384615,0.8007692307692308,0.9646153846153847,
chronos2,native,1,6,6.762509743890916,14.25005588106664,0.45811320754716983,0.7464150943396226,0.9139622641509434,
chronos2,native,1,7,10.499282787870111,20.3123898606817,0.4623076923076923,0.7415384615384616,0.9361538461538461,
chronos2,native,1,8,5.236049447983633,12.23058418530255,0.49153846153846154,0.83,0.9738461538461538,
chronos2,native,1,9,4.605979002328786,9.760471344502042,0.49538461538461537,0.8046153846153846,0.9753846153846154,
chronos2,native,2,1,30.046756162811587,33.86693371995785,0.4746153846153846,0.7646153846153846,0.9415384615384615,
chronos2,native,2,2,6.453523164557989,11.233534467384036,0.5084615384615384,0.81,0.9715384615384616,
chronos2,native,2,3,11.291750247107085,23.534519465433764,0.5023076923076923,0.8107692307692308,0.96,
chronos2,native,2,6,7.130019829546478,13.066610825206316,0.4867924528301887,0.7547169811320755,0.929811320754717,
chronos2,native,2,7,12.783659490263224,25.469591764586774,0.4523076923076923,0.7484615384615385,0.9123076923076923,
chronos2,native,2,8,5.737776990540425,12.375708229019184,0.5338461538461539,0.8530769230769231,0.9830769230769231,
chronos2,native,2,9,5.309290269828255,12.977776999317431,0.5307692307692308,0.8261538461538461,0.9792307692307692,
chronos2,native,3,1,37.890995310286215,42.83217001207842,0.4430769230769231,0.73,0.9261538461538461,
chronos2,native,3,2,7.51504020991941,12.901596153723974,0.49538461538461537,0.8138461538461539,0.9715384615384616,
chronos2,native,3,3,13.823014884890974,29.572107678567075,0.5176923076923077,0.7907692307692308,0.9492307692307692,
chronos2,native,3,6,7.538909083238077,13.720976239305498,0.5071698113207547,0.7743396226415095,0.9426415094339623,
chronos2,native,3,7,14.801892610888618,30.812070099374928,0.46384615384615385,0.7469230769230769,0.9030769230769231,
chronos2,native,3,8,6.6037068630554705,15.107340450600761,0.5523076923076923,0.8646153846153846,0.99,
chronos2,native,3,9,6.110546181668548,16.256308220561866,0.5430769230769231,0.8469230769230769,0.9823076923076923,
chronos2,native,4,1,44.8232668590136,50.64734935806585,0.4146153846153846,0.7069230769230769,0.9084615384615384,
chronos2,native,4,2,8.550869127547605,14.526974311251376,0.4676923076923077,0.806923076923077,0.9723076923076923,
chronos2,native,4,3,15.916012052031139,34.55957657460619,0.5184615384615384,0.79,0.9376923076923077,
chronos2,native,4,6,7.870424394105072,14.024854834500367,0.5026415094339622,0.7856603773584906,0.9516981132075472,
chronos2,native,4,7,16.375917714611212,34.849835083678045,0.4707692307692308,0.7476923076923077,0.9030769230769231,
chronos2,native,4,8,7.30895153927624,16.26943593285474,0.566923076923077,0.8823076923076923,0.9876923076923076,
chronos2,native,4,9,6.777035297652722,19.280007466058226,0.57,0.8553846153846154,0.9853846153846154,
chronos2,native,6,1,55.372159175567504,60.91930186553919,0.36923076923076925,0.6438461538461538,0.8669230769230769,
chronos2,native,6,2,10.399962997263144,17.18714407445734,0.44769230769230767,0.7830769230769231,0.9661538461538461,
chronos2,native,6,3,19.419952985558393,43.15006434041955,0.49153846153846154,0.7538461538461538,0.9207692307692308,
chronos2,native,6,6,8.36782853229633,14.24372516478105,0.4935849056603774,0.7856603773584906,0.9577358490566038,
chronos2,native,6,7,17.546900845063888,37.203858975696164,0.44384615384615383,0.7369230769230769,0.9076923076923077,
chronos2,native,6,8,8.839880918849445,20.76962841572341,0.55,0.8753846153846154,0.9838461538461538,
chronos2,native,6,9,7.996573559465017,24.02188442227522,0.556923076923077,0.8561538461538462,0.9838461538461538,
chronos2,native,8,1,61.812532674975124,66.96527073839545,0.3415384615384615,0.6115384615384616,0.8453846153846154,
chronos2,native,8,2,12.305789142216272,19.76275281675121,0.43846153846153846,0.79,0.9592307692307692,
chronos2,native,8,3,22.825887504241454,51.27596086626881,0.4746153846153846,0.7361538461538462,0.9046153846153846,
chronos2,native,8,6,8.994221735122544,16.67347202247681,0.49735849056603776,0.7871698113207547,0.9592452830188679,
chronos2,native,8,7,18.267555320663686,38.09262630665256,0.4323076923076923,0.7430769230769231,0.9069230769230769,
chronos2,native,8,8,10.802262993505401,29.065813484371507,0.5315384615384615,0.8553846153846154,0.9776923076923076,
chronos2,native,8,9,8.744282132695886,27.162020024772467,0.59,0.8653846153846154,0.9884615384615385,
chronos2,native,10,1,68.23620096187672,74.13465713113129,0.3353846153846154,0.5930769230769231,0.8123076923076923,
chronos2,native,10,2,13.723076619651149,21.034398539436374,0.4453846153846154,0.786923076923077,0.9592307692307692,
chronos2,native,10,3,24.485489167377906,54.92971332829061,0.4523076923076923,0.7076923076923077,0.89,
chronos2,native,10,6,9.318959098620082,18.22180809108896,0.48,0.7962264150943397,0.9592452830188679,
chronos2,native,10,7,19.15427295197824,40.06459505379821,0.44153846153846155,0.7376923076923076,0.9084615384615384,
chronos2,native,10,8,12.250260995754989,34.01805701287931,0.5292307692307693,0.8515384615384616,0.9692307692307692,
chronos2,native,10,9,9.350485483433774,27.471993423898635,0.5915384615384616,0.8707692307692307,0.9846153846153847,
chronos2,native,12,1,75.37322574099298,82.05050670013448,0.33384615384615385,0.5753846153846154,0.7930769230769231,
chronos2,native,12,2,14.680579469273997,20.59053673638232,0.46153846153846156,0.7946153846153846,0.9584615384615385,
chronos2,native,12,3,25.733668082805462,57.702754212482915,0.43846153846153846,0.6961538461538461,0.8846153846153846,
chronos2,native,12,6,9.571518334875211,19.07716217679263,0.4830188679245283,0.8113207547169812,0.9622641509433962,
chronos2,native,12,7,19.59970207490404,40.53536494512389,0.43846153846153846,0.7361538461538462,0.9207692307692308,
chronos2,native,12,8,13.071127868823705,34.966938949476116,0.5407692307692308,0.8423076923076923,0.9653846153846154,
chronos2,native,12,9,9.70160302034585,26.76539004480439,0.6084615384615385,0.8930769230769231,0.9876923076923076,
chronos2,recalibrated,1,1,23.04782154794002,25.623244337443907,0.5538461538461539,0.8476923076923077,0.9715384615384616,
chronos2,recalibrated,1,2,6.04217896186851,9.326258542812086,0.46307692307692305,0.7730769230769231,0.9092307692307692,
chronos2,recalibrated,1,3,9.430213706049855,18.9739953605028,0.5138461538461538,0.8038461538461539,0.9507692307692308,
chronos2,recalibrated,1,6,6.7748154531654885,13.863297738837483,0.510943396226415,0.8015094339622642,0.9071698113207547,
chronos2,recalibrated,1,7,10.552765386806078,19.94083652516351,0.5138461538461538,0.8061538461538461,0.9584615384615385,
chronos2,recalibrated,1,8,5.6279713313896345,12.214835299668934,0.52,0.8646153846153846,0.9815384615384616,
chronos2,recalibrated,1,9,4.583397564046913,10.270592797616299,0.5069230769230769,0.7823076923076923,0.9607692307692308,
chronos2,recalibrated,2,1,29.480447170748935,32.98339047660809,0.5653846153846154,0.8492307692307692,0.9692307692307692,
chronos2,recalibrated,2,2,7.871622941510363,11.885741386492018,0.47,0.78,0.9223076923076923,
chronos2,recalibrated,2,3,11.422612594547063,24.117589338750054,0.49230769230769234,0.8023076923076923,0.9438461538461539,
chronos2,recalibrated,2,6,7.184149284232523,12.725662773597088,0.5433962264150943,0.7879245283018868,0.9215094339622641,
chronos2,recalibrated,2,7,12.816963682545158,25.0901065501496,0.4938461538461538,0.7907692307692308,0.9238461538461539,
chronos2,recalibrated,2,8,6.6531578041242,13.224254839277913,0.5492307692307692,0.8838461538461538,0.9907692307692307,
chronos2,recalibrated,2,9,5.305464994344675,14.558608541692816,0.48615384615384616,0.7515384615384615,0.9415384615384615,
chronos2,recalibrated,3,1,37.19199926868995,41.708188890740054,0.5492307692307692,0.8207692307692308,0.9584615384615385,
chronos2,recalibrated,3,2,9.938921882881486,14.324176310337322,0.46692307692307694,0.7723076923076924,0.9115384615384615,
chronos2,recalibrated,3,3,14.061355282589838,30.574733195111968,0.49923076923076926,0.7892307692307692,0.9215384615384615,
chronos2,recalibrated,3,6,7.662093544892441,13.209536879185903,0.5773584905660377,0.810566037735849,0.9411320754716981,
chronos2,recalibrated,3,7,14.871552478999531,30.427148057598835,0.47846153846153844,0.7807692307692308,0.9023076923076923,
chronos2,recalibrated,3,8,8.18728633139211,17.39653703453726,0.56,0.8684615384615385,0.9946153846153846,
chronos2,recalibrated,3,9,6.075215099778997,18.57634797484346,0.45153846153846156,0.7661538461538462,0.94,
chronos2,recalibrated,4,1,43.784355890289945,49.11844615955912,0.5038461538461538,0.7976923076923077,0.9453846153846154,
chronos2,recalibrated,4,2,12.786361088532257,17.466920013274667,0.46692307692307694,0.7423076923076923,0.92,
chronos2,recalibrated,4,3,16.204584628824634,35.77740833374833,0.5123076923076924,0.7792307692307693,0.9230769230769231,
chronos2,recalibrated,4,6,8.055433354504883,13.365328655882475,0.5690566037735849,0.8279245283018868,0.9524528301886792,
chronos2,recalibrated,4,7,16.45417507498207,34.75419607069769,0.4807692307692308,0.7738461538461539,0.8876923076923077,
chronos2,recalibrated,4,8,9.497464610252766,19.348565886591715,0.54,0.8746153846153846,0.9930769230769231,
chronos2,recalibrated,4,9,6.640712272142488,21.580636648046582,0.46153846153846156,0.7630769230769231,0.9453846153846154,
chronos2,recalibrated,6,1,53.168641777375,57.687986276412275,0.48615384615384616,0.7492307692307693,0.9215384615384615,
chronos2,recalibrated,6,2,18.777207140254777,23.077983498145993,0.4523076923076923,0.75,0.91,
chronos2,recalibrated,6,3,19.84132547744551,44.84786193778628,0.5253846153846153,0.7630769230769231,0.8976923076923077,
chronos2,recalibrated,6,6,8.68268250793676,13.417606850052623,0.5720754716981132,0.8392452830188679,0.9592452830188679,
chronos2,recalibrated,6,7,17.63129884069133,36.840272771604845,0.47692307692307695,0.7615384615384615,0.8784615384615385,
chronos2,recalibrated,6,8,12.042768179098406,23.191613312469286,0.5215384615384615,0.8484615384615385,0.99,
chronos2,recalibrated,6,9,7.781786102635168,27.29154483967703,0.4676923076923077,0.7630769230769231,0.9546153846153846,
chronos2,recalibrated,8,1,59.65460424992668,63.34687123266035,0.4523076923076923,0.7223076923076923,0.9061538461538462,
chronos2,recalibrated,8,2,26.46186026681583,30.950834649636725,0.40692307692307694,0.6992307692307692,0.9069230769230769,
chronos2,recalibrated,8,3,23.6569563216032,54.49117912761492,0.5030769230769231,0.7338461538461538,0.8823076923076923,
chronos2,recalibrated,8,6,9.26927559978551,15.838306638845811,0.5516981132075471,0.8384905660377359,0.9660377358490566,
chronos2,recalibrated,8,7,18.23927291951188,36.6613884050782,0.47,0.7669230769230769,0.8938461538461538,
chronos2,recalibrated,8,8,14.552002964114978,27.257249310986865,0.48307692307692307,0.8192307692307692,0.9884615384615385,
chronos2,recalibrated,8,9,8.43377563447634,30.08355464189987,0.5146153846153846,0.8084615384615385,0.9746153846153847,
chronos2,recalibrated,10,1,65.80690587011549,69.91425405205261,0.4430769230769231,0.6946153846153846,0.8707692307692307,
chronos2,recalibrated,10,2,34.82038758883044,37.35237249003412,0.38076923076923075,0.6307692307692307,0.8823076923076923,
chronos2,recalibrated,10,3,26.044190434779935,60.4956854209959,0.45384615384615384,0.6984615384615385,0.8669230769230769,
chronos2,recalibrated,10,6,9.508838615582597,17.43475373247204,0.5245283018867924,0.8369811320754716,0.9637735849056603,
chronos2,recalibrated,10,7,18.951043084478858,37.67181044337659,0.48538461538461536,0.7692307692307693,0.9023076923076923,
chronos2,recalibrated,10,8,16.737274307920988,30.85914376125914,0.4369230769230769,0.8161538461538461,0.9830769230769231,
chronos2,recalibrated,10,9,9.09585914264679,30.018259106026168,0.5246153846153846,0.8223076923076923,0.9846153846153847,
chronos2,recalibrated,12,1,73.93637593205032,78.6796083424134,0.41307692307692306,0.6684615384615384,0.8376923076923077,
chronos2,recalibrated,12,2,43.451422416804256,42.886517268344406,0.3446153846153846,0.5992307692307692,0.8607692307692307,
chronos2,recalibrated,12,3,28.36879859767983,66.6027207599481,0.4492307692307692,0.666923076923077,0.8307692307692308,
chronos2,recalibrated,12,6,9.729185949890999,18.62893154804618,0.49660377358490565,0.840754716981132,0.9645283018867925,
chronos2,recalibrated,12,7,19.294376384367116,37.67774776788651,0.48,0.7784615384615384,0.9084615384615384,
chronos2,recalibrated,12,8,18.045288431794784,30.705561698477837,0.4269230769230769,0.8046153846153846,0.9776923076923076,
chronos2,recalibrated,12,9,9.437230397637983,29.907207057901196,0.5,0.8315384615384616,0.9892307692307692,
chronos2_climate,conformal,1,1,25.87494267144688,28.625952010964205,0.6384615384615384,0.8969230769230769,0.9807692307692307,
chronos2_climate,conformal,1,2,7.1310666961101585,11.474510248254417,0.4823076923076923,0.8,0.9353846153846154,
chronos2_climate,conformal,1,3,10.379550304806214,20.650203829562333,0.5238461538461539,0.803076923076923,0.9561538461538461,
chronos2_climate,conformal,1,6,7.106059157672612,13.691788612133834,0.519245283018868,0.7766037735849056,0.9086792452830189,
chronos2_climate,conformal,1,7,12.54208081558801,23.52232506715524,0.5892307692307692,0.8661538461538462,0.9592307692307692,
chronos2_climate,conformal,1,8,6.687117744736852,13.7273317397186,0.5130769230769231,0.8438461538461538,0.9884615384615385,
chronos2_climate,conformal,1,9,5.228256200500312,11.942665763957791,0.55,0.83,0.9576923076923077,
chronos2_climate,conformal,2,1,30.501495930107698,33.90959551296193,0.6046153846153847,0.8838461538461538,0.9823076923076923,
chronos2_climate,conformal,2,2,8.962765750748916,14.060883466363133,0.49846153846153846,0.7784615384615384,0.926923076923077,
chronos2_climate,conformal,2,3,11.683239670853935,23.78374580522153,0.5107692307692308,0.8146153846153846,0.9561538461538461,
chronos2_climate,conformal,2,6,7.5567181242740045,12.484977745503885,0.5441509433962264,0.7856603773584906,0.92,
chronos2_climate,conformal,2,7,14.484137460605751,27.384235018588956,0.566923076923077,0.8423076923076923,0.9384615384615385,
chronos2_climate,conformal,2,8,7.957039542028145,15.549467513959833,0.5446153846153846,0.8469230769230769,0.9953846153846154,
chronos2_climate,conformal,2,9,5.85998031537173,14.318603806765944,0.5476923076923077,0.8430769230769231,0.9592307692307692,
chronos2_climate,conformal,3,1,35.267110119353056,39.358155838621656,0.5438461538461539,0.8484615384615385,0.9638461538461538,
chronos2_climate,conformal,3,2,11.14096792108635,17.213738058760807,0.5015384615384615,0.8046153846153846,0.9361538461538461,
chronos2_climate,conformal,3,3,13.363474100201671,27.708360004228748,0.51,0.8053846153846154,0.9492307692307692,
chronos2_climate,conformal,3,6,7.9452924122009385,13.670480317225934,0.5607547169811321,0.809811320754717,0.9328301886792453,
chronos2_climate,conformal,3,7,16.3448417732839,32.05777181908917,0.5507692307692308,0.8192307692307692,0.9361538461538461,
chronos2_climate,conformal,3,8,9.73005115960126,19.4401251957368,0.556923076923077,0.87,0.9953846153846154,
chronos2_climate,conformal,3,9,6.415318321275335,17.367860367989458,0.5192307692307693,0.8246153846153846,0.9576923076923077,
chronos2_climate,conformal,4,1,39.9790786293611,44.706319213271115,0.49153846153846154,0.8038461538461539,0.9584615384615385,
chronos2_climate,conformal,4,2,13.769479422573943,20.32478216530088,0.5130769230769231,0.7961538461538461,0.9384615384615385,
chronos2_climate,conformal,4,3,14.766210738015003,31.025383855601213,0.5253846153846153,0.803076923076923,0.9507692307692308,
chronos2_climate,conformal,4,6,8.241829791886628,13.51197168542834,0.5622641509433962,0.8128301886792453,0.9449056603773585,
chronos2_climate,conformal,4,7,17.52310524211934,34.877562641565945,0.5169230769230769,0.8192307692307692,0.9284615384615384,
chronos2_climate,conformal,4,8,10.662288464768496,19.937849458667074,0.5461538461538461,0.8376923076923077,0.9953846153846154,
chronos2_climate,conformal,4,9,6.831279341148049,19.437343284468856,0.5192307692307693,0.8392307692307692,0.9684615384615385,
chronos2_climate,conformal,6,1,48.93469811101063,54.64546709878732,0.4323076923076923,0.703076923076923,0.9084615384615384,
chronos2_climate,conformal,6,2,19.473376860013747,26.941378536023766,0.4676923076923077,0.7892307692307692,0.9353846153846154,
chronos2_climate,conformal,6,3,17.82823749427113,38.70954344502133,0.48846153846153845,0.7938461538461539,0.9384615384615385,
chronos2_climate,conformal,6,6,8.588943486698076,13.907826074225442,0.5547169811320755,0.8158490566037736,0.9547169811320755,
chronos2_climate,conformal,6,7,18.31746844365285,35.56249851170623,0.5169230769230769,0.8107692307692308,0.9292307692307692,
chronos2_climate,conformal,6,8,12.679141170227208,21.922611524282235,0.5323076923076923,0.8238461538461539,0.9807692307692307,
chronos2_climate,conformal,6,9,7.88047367065252,23.47155719626195,0.54,0.8369230769230769,0.9761538461538461,
chronos2_climate,conformal,8,1,56.99460738617651,63.463298547659804,0.40307692307692305,0.6576923076923077,0.8446153846153847,
chronos2_climate,conformal,8,2,26.515198934752974,34.75411592067883,0.4246153846153846,0.7692307692307693,0.9438461538461539,
chronos2_climate,conformal,8,3,20.88301471290247,46.217691222239374,0.48307692307692307,0.7553846153846154,0.9184615384615384,
chronos2_climate,conformal,8,6,8.864665840905106,15.865873509849443,0.5358490566037736,0.8067924528301886,0.9532075471698114,
chronos2_climate,conformal,8,7,18.825143079554337,35.3265933589858,0.4653846153846154,0.8176923076923077,0.9238461538461539,
chronos2_climate,conformal,8,8,14.446076291813215,24.78261843582843,0.5307692307692308,0.8115384615384615,0.9723076923076923,
chronos2_climate,conformal,8,9,8.705943246985013,24.9724323295055,0.5792307692307692,0.8715384615384615,0.9846153846153847,
chronos2_climate,conformal,10,1,63.841978077743214,71.56033285595768,0.38769230769230767,0.6192307692307693,0.7846153846153846,
chronos2_climate,conformal,10,2,32.707390303780194,39.133652001194434,0.3946153846153846,0.7169230769230769,0.9338461538461539,
chronos2_climate,conformal,10,3,22.975769556035228,51.33768850113495,0.4430769230769231,0.7492307692307693,0.9153846153846154,
chronos2_climate,conformal,10,6,9.069814810271232,18.52559606684577,0.4958490566037736,0.7871698113207547,0.9449056603773585,
chronos2_climate,conformal,10,7,18.93143041591643,34.481473329811685,0.4807692307692308,0.8123076923076923,0.9384615384615385,
chronos2_climate,conformal,10,8,16.173942498756805,27.403642704312507,0.4807692307692308,0.8,0.9615384615384616,
chronos2_climate,conformal,10,9,9.423936775793145,25.991485996753926,0.55,0.8853846153846154,0.9923076923076923,
chronos2_climate,conformal,12,1,68.23472994032572,76.65214128246745,0.34923076923076923,0.5938461538461538,0.7592307692307693,
chronos2_climate,conformal,12,2,38.100577533793285,41.916460615976995,0.37615384615384617,0.69,0.9092307692307692,
chronos2_climate,conformal,12,3,24.93078576100513,56.4493868512619,0.44153846153846155,0.6976923076923077,0.9130769230769231,
chronos2_climate,conformal,12,6,9.311423170956528,19.586892157975964,0.45584905660377356,0.7818867924528302,0.9532075471698114,
chronos2_climate,conformal,12,7,19.11216665915129,34.03457677963092,0.49153846153846154,0.806923076923077,0.9461538461538461,
chronos2_climate,conformal,12,8,17.296274587073857,28.796414550338536,0.48307692307692307,0.7776923076923077,0.96,
chronos2_climate,conformal,12,9,9.745326800828499,26.559002263012008,0.5461538461538461,0.9007692307692308,0.9946153846153846,
chronos2_climate,native,1,1,24.79718362923411,27.86034332240283,0.4269230769230769,0.7484615384615385,0.9461538461538461,
chronos2_climate,native,1,2,5.290426902475658,9.323845264146593,0.4815384615384615,0.8,0.9623076923076923,
chronos2_climate,native,1,3,9.26699425672546,18.28980481643951,0.47384615384615386,0.7915384615384615,0.9661538461538461,
chronos2_climate,native,1,6,6.855645633596458,14.478831314683429,0.43849056603773584,0.7056603773584905,0.8943396226415095,
chronos2_climate,native,1,7,10.780465550394352,21.46243042852502,0.46384615384615385,0.7546153846153846,0.9292307692307692,
chronos2_climate,native,1,8,5.2452157393456735,12.028578425706938,0.4946153846153846,0.8207692307692308,0.9676923076923077,
chronos2_climate,native,1,9,4.612786002158366,10.271228802798316,0.5023076923076923,0.8038461538461539,0.9684615384615385,
chronos2_climate,native,2,1,30.612457910080472,34.645245996725144,0.4461538461538462,0.7223076923076923,0.9423076923076923,
chronos2_climate,native,2,2,6.160026663995503,10.99385145122328,0.5238461538461539,0.816923076923077,0.97,
chronos2_climate,native,2,3,10.754768373657349,21.938426449872082,0.5092307692307693,0.8107692307692308,0.9715384615384616,
chronos2_climate,native,2,6,7.200472240103301,13.234348678173554,0.4528301886792453,0.7403773584905661,0.9162264150943397,
chronos2_climate,native,2,7,13.071902828991856,26.389510867109003,0.48384615384615387,0.7546153846153846,0.9153846153846154,
chronos2_climate,native,2,8,5.758850129819774,12.373733488212942,0.5515384615384615,0.8446153846153847,0.98,
chronos2_climate,native,2,9,5.2855084347830825,12.935344566927188,0.5553846153846154,0.8376923076923077,0.9776923076923076,
chronos2_climate,native,3,1,37.297567088521234,42.37569711025143,0.4276923076923077,0.7076923076923077,0.92,
chronos2_climate,native,3,2,6.934817854056942,12.308636900300339,0.5423076923076923,0.8338461538461538,0.9776923076923076,
chronos2_climate,native,3,3,12.601217633198997,26.19197319721705,0.5361538461538462,0.8184615384615385,0.9607692307692308,
chronos2_climate,native,3,6,7.563313023906219,14.324214351623267,0.47320754716981134,0.7622641509433963,0.9237735849056604,
chronos2_climate,native,3,7,15.099298278377269,31.642575942672533,0.4846153846153846,0.7707692307692308,0.9123076923076923,
chronos2_climate,native,3,8,6.563104532795154,14.729234973756238,0.5976923076923077,0.8815384615384615,0.9907692307692307,
chronos2_climate,native,3,9,6.027336860133501,16.000154504663183,0.5838461538461538,0.8623076923076923,0.9861538461538462,
chronos2_climate,native,4,1,43.0951184697419,48.97542847966161,0.40384615384615385,0.6761538461538461,0.9061538461538462,
chronos2_climate,native,4,2,7.681821493823003,13.608036142400593,0.5323076923076923,0.8384615384615385,0.9761538461538461,
chronos2_climate,native,4,3,14.11023256900216,29.77387011535439,0.5415384615384615,0.823076923076923,0.96,
chronos2_climate,native,4,6,7.8333976751901755,14.332340215957405,0.49660377358490565,0.7766037735849056,0.9388679245283019,
chronos2_climate,native,4,7,16.52151754602045,35.22134590902159,0.48384615384615387,0.7676923076923077,0.9146153846153846,
chronos2_climate,native,4,8,7.2485896227237445,15.738568660771598,0.6184615384615385,0.8923076923076924,0.99,
chronos2_climate,native,4,9,6.621644428355464,18.180475701991952,0.6169230769230769,0.8869230769230769,0.9892307692307692,
chronos2_climate,native,6,1,53.902425252978375,61.128534482397576,0.34692307692307695,0.6184615384615385,0.8576923076923076,
chronos2_climate,native,6,2,9.102539119723374,15.967397608360253,0.5446153846153846,0.8346153846153846,0.9746153846153847,
chronos2_climate,native,6,3,17.545598333562783,38.34955629888042,0.5192307692307693,0.7884615384615384,0.9453846153846154,
chronos2_climate,native,6,6,8.183092443891937,14.796688175675161,0.4852830188679245,0.780377358490566,0.9554716981132075,
chronos2_climate,native,6,7,17.562573502050522,36.96514517068726,0.4746153846153846,0.75,0.933076923076923,
chronos2_climate,native,6,8,8.724515891576758,20.503176855773212,0.6207692307692307,0.8938461538461538,0.9876923076923076,
chronos2_climate,native,6,9,7.815532803760834,22.73617968774051,0.6246153846153846,0.9007692307692308,0.9907692307692307,
chronos2_climate,native,8,1,61.82540924309343,69.98247209185891,0.3223076923076923,0.5884615384615385,0.813076923076923,
chronos2_climate,native,8,2,10.45369792180093,18.277269719680636,0.5492307692307692,0.84,0.9761538461538461,
chronos2_climate,native,8,3,20.702610436386564,46.046730635448846,0.5107692307692308,0.7776923076923077,0.933076923076923,
chronos2_climate,native,8,6,8.558304399150172,16.67790154651492,0.4981132075471698,0.779622641509434,0.9615094339622642,
chronos2_climate,native,8,7,18.344105200178777,38.05806309803397,0.4546153846153846,0.7584615384615384,0.9346153846153846,
chronos2_climate,native,8,8,10.376130827836509,27.674533349385097,0.6130769230769231,0.8861538461538462,0.9815384615384616,
chronos2_climate,native,8,9,8.570402763394437,24.348277501543325,0.65,0.9061538461538462,0.9953846153846154,
chronos2_climate,native,10,1,68.83526105837701,78.2820902527887,0.3261538461538461,0.5623076923076923,0.7746153846153846,
chronos2_climate,native,10,2,11.362932113643197,19.790306321115978,0.563076923076923,0.8384615384615385,0.9776923076923076,
chronos2_climate,native,10,3,22.936054476698537,51.60602181119383,0.4707692307692308,0.7569230769230769,0.9238461538461539,
chronos2_climate,native,10,6,8.843878964708319,18.672252450107315,0.4769811320754717,0.7939622641509434,0.969811320754717,
chronos2_climate,native,10,7,19.00743727040571,39.48360536782842,0.43923076923076926,0.7569230769230769,0.9423076923076923,
chronos2_climate,native,10,8,11.424787539941796,31.50636091820172,0.62,0.8746153846153846,0.9761538461538461,
chronos2_climate,native,10,9,9.223846953064117,25.427713249448484,0.6584615384615384,0.9046153846153846,0.9938461538461538,
chronos2_climate,native,12,1,73.35042111652734,83.59809156987804,0.3169230769230769,0.5515384615384615,0.7538461538461538,
chronos2_climate,native,12,2,11.84501633491412,20.34024889837587,0.5653846153846154,0.8592307692307692,0.9807692307692307,
chronos2_climate,native,12,3,24.707642018508057,56.0856254221742,0.4646153846153846,0.7315384615384616,0.9153846153846154,
chronos2_climate,native,12,6,9.092977431450539,19.627000639759558,0.4679245283018868,0.7954716981132075,0.9683018867924529,
chronos2_climate,native,12,7,19.56531998357124,40.21107232689554,0.4376923076923077,0.7392307692307692,0.95,
chronos2_climate,native,12,8,11.880028096701823,33.309185622943836,0.6292307692307693,0.8676923076923077,0.9715384615384616,
chronos2_climate,native,12,9,9.529987946003653,25.914256101367734,0.6538461538461539,0.93,0.9953846153846154,
chronos2_climate,recalibrated,1,1,23.102804738969212,25.700770427310097,0.5607692307692308,0.85,0.9646153846153847,
chronos2_climate,recalibrated,1,2,6.35426966303153,9.73152410969107,0.4553846153846154,0.7769230769230769,0.91,
chronos2_climate,recalibrated,1,3,9.269558378855333,18.313693084684033,0.5,0.7984615384615384,0.9592307692307692,
chronos2_climate,recalibrated,1,6,6.822897005011551,13.627077513601282,0.5350943396226415,0.809811320754717,0.9192452830188679,
chronos2_climate,recalibrated,1,7,11.040815957739323,21.114720798671883,0.5546153846153846,0.8338461538461538,0.9669230769230769,
chronos2_climate,recalibrated,1,8,5.606018306056872,11.86033616449739,0.5138461538461538,0.8653846153846154,0.9746153846153847,
chronos2_climate,recalibrated,1,9,4.617754565416109,10.508508464008388,0.5084615384615384,0.7915384615384615,0.963076923076923,
chronos2_climate,recalibrated,2,1,28.31234184831062,31.718353969562042,0.546923076923077,0.833076923076923,0.9661538461538461,
chronos2_climate,recalibrated,2,2,7.93898204497166,11.897099027993603,0.4930769230769231,0.7769230769230769,0.9123076923076923,
chronos2_climate,recalibrated,2,3,10.796829483557852,22.170484943921515,0.46153846153846156,0.7746153846153846,0.9592307692307692,
chronos2_climate,recalibrated,2,6,7.252734827890024,12.36941176282398,0.5592452830188679,0.8113207547169812,0.9343396226415094,
chronos2_climate,recalibrated,2,7,13.12702698847696,25.60611403209415,0.5338461538461539,0.816923076923077,0.9392307692307692,
chronos2_climate,recalibrated,2,8,6.6022078020286905,13.093029748099978,0.5384615384615384,0.88,0.9930769230769231,
chronos2_climate,recalibrated,2,9,5.273421277766349,13.538504769657733,0.4938461538461538,0.7684615384615384,0.9438461538461539,
chronos2_climate,recalibrated,3,1,34.575072488822634,38.883899072207726,0.4907692307692308,0.7915384615384615,0.9523076923076923,
chronos2_climate,recalibrated,3,2,9.791605950590508,14.351599896269935,0.48307692307692307,0.7984615384615384,0.9061538461538462,
chronos2_climate,recalibrated,3,3,12.782668396347423,26.93273623338002,0.4523076923076923,0.7715384615384615,0.9461538461538461,
chronos2_climate,recalibrated,3,6,7.672900216741891,13.467127523796428,0.5675471698113208,0.8128301886792453,0.9411320754716981,
chronos2_climate,recalibrated,3,7,15.145462443587075,30.576258621578514,0.5238461538461539,0.8107692307692308,0.9346153846153846,
chronos2_climate,recalibrated,3,8,8.087875038514943,16.5469549402296,0.5546153846153846,0.8784615384615385,0.9961538461538462,
chronos2_climate,recalibrated,3,9,5.974142716112601,16.968226147782516,0.4584615384615385,0.7638461538461538,0.95,
chronos2_climate,recalibrated,4,1,40.22384797815296,45.332330758665144,0.46076923076923076,0.7584615384615384,0.9453846153846154,
chronos2_climate,recalibrated,4,2,12.167776128113271,17.165045413206474,0.5015384615384615,0.7692307692307693,0.9130769230769231,
chronos2_climate,recalibrated,4,3,14.368139956028484,30.804250233702483,0.49153846153846154,0.7638461538461538,0.9307692307692308,
chronos2_climate,recalibrated,4,6,7.955803058732966,13.537661471084824,0.5713207547169812,0.8309433962264151,0.9554716981132075,
chronos2_climate,recalibrated,4,7,16.52947316395064,34.07649583558924,0.4930769230769231,0.7961538461538461,0.9192307692307692,
chronos2_climate,recalibrated,4,8,9.05976592663896,17.53183596340623,0.5684615384615385,0.8715384615384615,0.9930769230769231,
chronos2_climate,recalibrated,4,9,6.442269196143305,19.18582248161205,0.48,0.7576923076923077,0.9553846153846154,
chronos2_climate,recalibrated,6,1,50.41296213492348,56.65800371781972,0.4169230769230769,0.69,0.8807692307692307,
chronos2_climate,recalibrated,6,2,17.919558367779622,23.666391145724518,0.4546153846153846,0.7684615384615384,0.9146153846153846,
chronos2_climate,recalibrated,6,3,18.172520823743394,40.55253402250354,0.4553846153846154,0.7376923076923076,0.9146153846153846,
chronos2_climate,recalibrated,6,6,8.291517823651148,13.969808244752455,0.550188679245283,0.8316981132075472,0.9569811320754718,
chronos2_climate,recalibrated,6,7,17.399082769368214,35.13517021908916,0.5030769230769231,0.7746153846153846,0.9215384615384615,
chronos2_climate,recalibrated,6,8,11.37037778860424,20.988607403366036,0.546923076923077,0.8730769230769231,0.99,
chronos2_climate,recalibrated,6,9,7.619767299326542,25.81468057047095,0.4930769230769231,0.7669230769230769,0.953076923076923,
chronos2_climate,recalibrated,8,1,58.898533326473675,66.04830031812185,0.3930769230769231,0.6592307692307692,0.8153846153846154,
chronos2_climate,recalibrated,8,2,24.40185924240783,30.357077525505407,0.42,0.7315384615384616,0.9161538461538462,
chronos2_climate,recalibrated,8,3,21.77708476637878,49.60899386730659,0.44076923076923075,0.7061538461538461,0.9046153846153846,
chronos2_climate,recalibrated,8,6,8.644409078279237,15.831013202967751,0.549433962264151,0.8173584905660377,0.9637735849056603,
chronos2_climate,recalibrated,8,7,18.129360873275743,35.60955473113645,0.4715384615384615,0.7876923076923077,0.9223076923076923,
chronos2_climate,recalibrated,8,8,13.360068034687641,24.558657780644563,0.5453846153846154,0.8376923076923077,0.9846153846153847,
chronos2_climate,recalibrated,8,9,8.19599583629296,26.740497782300668,0.5107692307692308,0.8138461538461539,0.98,
chronos2_climate,recalibrated,10,1,67.1675102184585,75.81799875078288,0.3984615384615385,0.6292307692307693,0.7438461538461538,
chronos2_climate,recalibrated,10,2,30.84825485368351,35.52844651492711,0.3823076923076923,0.6876923076923077,0.8961538461538462,
chronos2_climate,recalibrated,10,3,24.30779651728657,56.02000280327462,0.38846153846153847,0.6976923076923077,0.8915384615384615,
chronos2_climate,recalibrated,10,6,8.899207900866912,18.158365663517966,0.49886792452830186,0.8060377358490566,0.969811320754717,
chronos2_climate,recalibrated,10,7,18.498061379854413,36.01039425650869,0.48846153846153845,0.7876923076923077,0.9207692307692308,
chronos2_climate,recalibrated,10,8,15.153535242036249,27.031723779485233,0.4969230769230769,0.8238461538461539,0.9830769230769231,
chronos2_climate,recalibrated,10,9,8.884886924156726,27.753220549226196,0.5,0.8207692307692308,0.9884615384615385,
chronos2_climate,recalibrated,12,1,72.17401209898847,81.61653294512976,0.3769230769230769,0.5984615384615385,0.72,
chronos2_climate,recalibrated,12,2,36.97312933544274,39.88279683213157,0.35846153846153844,0.6423076923076924,0.88,
chronos2_climate,recalibrated,12,3,26.601097820487265,62.139550068293076,0.3869230769230769,0.6507692307692308,0.8715384615384615,
chronos2_climate,recalibrated,12,6,9.088750289920267,19.59701535390388,0.46641509433962264,0.8030188679245283,0.9675471698113207,
chronos2_climate,recalibrated,12,7,18.739767984821654,35.681546097891115,0.48615384615384616,0.7823076923076923,0.9353846153846154,
chronos2_climate,recalibrated,12,8,16.128436665684706,28.023105920466225,0.4907692307692308,0.8138461538461539,0.9776923076923076,
chronos2_climate,recalibrated,12,9,9.174376460293933,28.2605362439045,0.49,0.8376923076923077,0.9923076923076923,
chronos2_ft,conformal,1,1,28.901984194185676,32.50683521848546,0.48538461538461536,0.7984615384615384,0.9546153846153846,
chronos2_ft,conformal,1,2,9.438105314240776,12.272205635463193,0.40307692307692305,0.6923076923076923,0.9207692307692308,
chronos2_ft,conformal,1,3,10.810209626732433,21.69470649939836,0.5361538461538462,0.823076923076923,0.9515384615384616,
chronos2_ft,conformal,1,6,6.8329222752077055,15.67817018393358,0.47094339622641507,0.7788679245283019,0.9033962264150943,
chronos2_ft,conformal,1,7,11.647418030156114,22.666966066355968,0.5746153846153846,0.8453846153846154,0.9615384615384616,
chronos2_ft,conformal,1,8,6.570093304156314,13.473194713550514,0.5346153846153846,0.8438461538461538,0.9876923076923076,
chronos2_ft,conformal,1,9,5.202634179675365,12.588744110407632,0.5407692307692308,0.8353846153846154,0.9615384615384616,
chronos2_ft,conformal,2,1,33.059101887673485,37.300035236622065,0.5,0.7838461538461539,0.9446153846153846,
chronos2_ft,conformal,2,2,11.21214101525147,14.155673413643868,0.3953846153846154,0.7084615384615385,0.9030769230769231,
chronos2_ft,conformal,2,3,12.216698894469625,25.165437563254063,0.5169230769230769,0.8284615384615385,0.9592307692307692,
chronos2_ft,conformal,2,6,7.1906306713513075,14.599231913040326,0.49735849056603776,0.7735849056603774,0.9116981132075471,
chronos2_ft,conformal,2,7,13.695239534567364,27.452729056762234,0.5661538461538461,0.8415384615384616,0.94,
chronos2_ft,conformal,2,8,7.5591046601145155,14.103174318670323,0.5346153846153846,0.8584615384615385,0.9976923076923077,
chronos2_ft,conformal,2,9,5.746047031254689,14.883816610058348,0.5315384615384615,0.8323076923076923,0.9638461538461538,
chronos2_ft,conformal,3,1,38.05586747148813,43.07721406033187,0.49230769230769234,0.7538461538461538,0.9207692307692308,
chronos2_ft,conformal,3,2,13.578802760679979,16.512629711417347,0.3976923076923077,0.7253846153846154,0.9007692307692308,
chronos2_ft,conformal,3,3,14.178282630084711,29.71969247409754,0.4869230769230769,0.8061538461538461,0.9446153846153846,
chronos2_ft,conformal,3,6,7.601956611505662,15.471270541067959,0.5215094339622641,0.789433962264151,0.9275471698113208,
chronos2_ft,conformal,3,7,15.463574654882244,32.26017536718651,0.5392307692307692,0.8038461538461539,0.9292307692307692,
chronos2_ft,conformal,3,8,8.777470115099826,16.33406584927424,0.5592307692307692,0.8553846153846154,0.9984615384615385,
chronos2_ft,conformal,3,9,6.305649709837201,17.736617764681203,0.49615384615384617,0.8323076923076923,0.9684615384615385,
chronos2_ft,conformal,4,1,43.085057442542606,48.837344144999754,0.4369230769230769,0.7146153846153847,0.8892307692307693,
chronos2_ft,conformal,4,2,16.520247443094615,19.44741509057582,0.3830769230769231,0.686923076923077,0.9030769230769231,
chronos2_ft,conformal,4,3,15.647392836331038,33.15761093548702,0.5138461538461538,0.8,0.9353846153846154,
chronos2_ft,conformal,4,6,7.811365067002131,15.201851655313646,0.5132075471698113,0.789433962264151,0.9366037735849057,
chronos2_ft,conformal,4,7,16.749147232747973,35.91844933406787,0.5392307692307692,0.8107692307692308,0.9176923076923077,
chronos2_ft,conformal,4,8,9.753768737591454,17.126658574960583,0.5561538461538461,0.8523076923076923,0.99,
chronos2_ft,conformal,4,9,6.742499779942233,20.155651075791926,0.5053846153846154,0.823076923076923,0.9684615384615385,
chronos2_ft,conformal,6,1,51.77513287086279,58.3997829858468,0.39384615384615385,0.6384615384615384,0.8461538461538461,
chronos2_ft,conformal,6,2,22.47257404607452,24.42980322254618,0.36846153846153845,0.686923076923077,0.9146153846153846,
chronos2_ft,conformal,6,3,18.872287361624075,41.00539987375042,0.4823076923076923,0.7746153846153846,0.9176923076923077,
chronos2_ft,conformal,6,6,8.263977210669267,15.071424492500878,0.5086792452830189,0.7969811320754717,0.9494339622641509,
chronos2_ft,conformal,6,7,17.75032633860544,37.844512702355345,0.5238461538461539,0.7923076923076923,0.9223076923076923,
chronos2_ft,conformal,6,8,11.43061184998859,19.623437530070095,0.5053846153846154,0.8446153846153847,0.9776923076923076,
chronos2_ft,conformal,6,9,7.783222861287907,24.156946675704518,0.5069230769230769,0.8484615384615385,0.9753846153846154,
chronos2_ft,conformal,8,1,57.85477821741895,65.01606758774827,0.34923076923076923,0.5976923076923077,0.7838461538461539,
chronos2_ft,conformal,8,2,28.47478085666784,30.131301438365536,0.33384615384615385,0.6384615384615384,0.9115384615384615,
chronos2_ft,conformal,8,3,21.80521034299637,48.193893009770235,0.4376923076923077,0.75,0.9061538461538462,
chronos2_ft,conformal,8,6,8.781160555433912,17.522722218401658,0.4784905660377359,0.7954716981132075,0.9441509433962264,
chronos2_ft,conformal,8,7,17.966214739305137,37.44439445928611,0.5146153846153846,0.7923076923076923,0.926923076923077,
chronos2_ft,conformal,8,8,12.982647851908125,24.384061353146347,0.5030769230769231,0.803076923076923,0.9776923076923076,
chronos2_ft,conformal,8,9,8.603600552929166,26.90739979986875,0.5553846153846154,0.8792307692307693,0.9869230769230769,
chronos2_ft,conformal,10,1,62.99356855864366,71.0268571166109,0.3269230769230769,0.5576923076923077,0.7323076923076923,
chronos2_ft,conformal,10,2,34.312723295180554,32.79585008358642,0.2815384615384615,0.6153846153846154,0.9038461538461539,
chronos2_ft,conformal,10,3,23.255355139698352,51.45740451137612,0.43846153846153846,0.6984615384615385,0.9123076923076923,
chronos2_ft,conformal,10,6,9.150648184473587,19.541256967333478,0.4656603773584906,0.7962264150943397,0.9388679245283019,
chronos2_ft,conformal,10,7,18.591458164100786,37.993850241103424,0.5023076923076923,0.7953846153846154,0.9253846153846154,
chronos2_ft,conformal,10,8,14.84753785001052,28.422033179592685,0.45076923076923076,0.7992307692307692,0.9738461538461538,
chronos2_ft,conformal,10,9,9.25272217518378,26.546214814279026,0.5715384615384616,0.8853846153846154,0.99,
chronos2_ft,conformal,12,1,66.84032472140372,75.46249564748143,0.29615384615384616,0.5292307692307693,0.7238461538461538,
chronos2_ft,conformal,12,2,39.745259336158476,34.71479137865503,0.2692307692307692,0.5846153846153846,0.8653846153846154,
chronos2_ft,conformal,12,3,24.982978952966068,56.32567567959741,0.4169230769230769,0.683076923076923,0.8907692307692308,
chronos2_ft,conformal,12,6,9.464452004397948,20.55279933849889,0.42641509433962266,0.7909433962264151,0.9562264150943396,
chronos2_ft,conformal,12,7,18.99001173267299,37.96513044674386,0.5076923076923077,0.7746153846153846,0.933076923076923,
chronos2_ft,conformal,12,8,16.307288110674357,30.751722782496103,0.45076923076923076,0.7953846153846154,0.9553846153846154,
chronos2_ft,conformal,12,9,9.477176056016555,26.62768147270011,0.5653846153846154,0.8861538461538462,0.9930769230769231,
chronos2_ft,native,1,1,31.24798467213259,35.54249079197116,0.3861538461538462,0.6823076923076923,0.9276923076923077,
chronos2_ft,native,1,2,5.755309204199374,11.466061848393252,0.5438461538461539,0.8569230769230769,0.9784615384615385,
chronos2_ft,native,1,3,10.320429597454355,21.01063183575571,0.5276923076923077,0.8323076923076923,0.9769230769230769,
chronos2_ft,native,1,6,6.70177025213952,14.190265386742013,0.4437735849056604,0.7403773584905661,0.9124528301886793,
chronos2_ft,native,1,7,10.769728800252038,21.655815413221607,0.5053846153846154,0.7730769230769231,0.9453846153846154,
chronos2_ft,native,1,8,5.498124305819039,14.057845171691824,0.5492307692307692,0.8561538461538462,0.9815384615384616,
chronos2_ft,native,1,9,4.841454373455705,11.386117493976087,0.5492307692307692,0.86,0.9776923076923076,
chronos2_ft,native,2,1,35.39430396606149,40.327867034843706,0.4238461538461539,0.7038461538461539,0.9276923076923077,
chronos2_ft,native,2,2,6.558106125476067,12.759847483854456,0.5776923076923077,0.8661538461538462,0.9846153846153847,
chronos2_ft,native,2,3,11.997655322389289,24.89221701045514,0.5546153846153846,0.8546153846153847,0.9815384615384616,
chronos2_ft,native,2,6,7.216511617441272,12.774085314917778,0.4852830188679245,0.7864150943396226,0.9283018867924528,
chronos2_ft,native,2,7,13.017609791148962,26.397461554719683,0.5092307692307693,0.7946153846153846,0.936923076923077,
chronos2_ft,native,2,8,5.998663218571501,13.433152580310411,0.5876923076923077,0.8876923076923077,0.9869230769230769,
chronos2_ft,native,2,9,5.565181597127902,14.077250285119066,0.5846153846153846,0.89,0.9892307692307692,
chronos2_ft,native,3,1,40.146811536789954,45.79624679662644,0.43538461538461537,0.7084615384615385,0.9261538461538461,
chronos2_ft,native,3,2,7.242672302706057,13.435475675827224,0.5953846153846154,0.8846153846153846,0.9861538461538462,
chronos2_ft,native,3,3,14.332520804918778,30.086554509809403,0.566923076923077,0.86,0.9769230769230769,
chronos2_ft,native,3,6,7.744788455573753,13.453169045819596,0.5139622641509434,0.7984905660377358,0.9471698113207547,
chronos2_ft,native,3,7,14.822587212999055,30.91736697766976,0.5253846153846153,0.7961538461538461,0.936923076923077,
chronos2_ft,native,3,8,6.792001912753357,15.373044068252973,0.6161538461538462,0.9115384615384615,0.9961538461538462,
chronos2_ft,native,3,9,6.333543806957675,16.806132397700964,0.5969230769230769,0.8984615384615384,0.9907692307692307,
chronos2_ft,native,4,1,44.914110519803685,51.19235256147299,0.4115384615384615,0.69,0.9153846153846154,
chronos2_ft,native,4,2,7.989810124681214,14.566269535413532,0.6030769230769231,0.9092307692307692,0.9884615384615385,
chronos2_ft,native,4,3,16.219322596854177,34.29168255648336,0.5815384615384616,0.8638461538461538,0.9776923076923076,
chronos2_ft,native,4,6,8.243120841434536,13.4119242042322,0.5079245283018868,0.8166037735849057,0.9562264150943396,
chronos2_ft,native,4,7,16.135775712999724,34.091096603259395,0.5338461538461539,0.8115384615384615,0.94,
chronos2_ft,native,4,8,7.466903221999439,16.33899941034927,0.6553846153846153,0.9115384615384615,0.9953846153846154,
chronos2_ft,native,4,9,7.045409322967883,19.290746943210344,0.6353846153846154,0.9146153846153846,0.9946153846153846,
chronos2_ft,native,6,1,52.733159428319915,59.70073751672686,0.3946153846153846,0.6592307692307692,0.8792307692307693,
chronos2_ft,native,6,2,9.328131033832436,16.576479308593466,0.6046153846153847,0.8992307692307693,0.9830769230769231,
chronos2_ft,native,6,3,19.619883355747216,41.934590833750896,0.5607692307692308,0.85,0.9792307692307692,
chronos2_ft,native,6,6,9.164504930365393,13.488539028871495,0.5449056603773584,0.8249056603773585,0.9675471698113207,
chronos2_ft,native,6,7,17.353708408591498,36.419773702850996,0.5361538461538462,0.81,0.9507692307692308,
chronos2_ft,native,6,8,9.099503868649434,21.00031352022085,0.666923076923077,0.9146153846153846,0.9953846153846154,
chronos2_ft,native,6,9,8.343986223254833,23.803964242467526,0.6430769230769231,0.92,0.9938461538461538,
chronos2_ft,native,8,1,57.63892720870803,64.91461943337143,0.36153846153846153,0.6330769230769231,0.8653846153846154,
chronos2_ft,native,8,2,10.591395271368926,18.3828228072796,0.6323076923076923,0.9084615384615384,0.9861538461538462,
chronos2_ft,native,8,3,22.17814406553289,47.02968134760908,0.5538461538461539,0.8323076923076923,0.9730769230769231,
chronos2_ft,native,8,6,10.143842643169755,15.0791931734474,0.5766037735849057,0.8422641509433962,0.9773584905660377,
chronos2_ft,native,8,7,17.93035778307202,36.57658764420859,0.5515384615384615,0.8261538461538461,0.9638461538461538,
chronos2_ft,native,8,8,10.932307050092465,27.635646224931726,0.6530769230769231,0.9207692307692308,0.9915384615384616,
chronos2_ft,native,8,9,9.243371915103902,26.387993733587724,0.683076923076923,0.9215384615384615,0.9953846153846154,
chronos2_ft,native,10,1,61.35958385790924,69.23337686121681,0.34923076923076923,0.6092307692307692,0.8584615384615385,
chronos2_ft,native,10,2,11.673782230624333,19.689996776100667,0.6530769230769231,0.9069230769230769,0.9861538461538462,
chronos2_ft,native,10,3,23.257651535960427,48.50772815583057,0.54,0.8392307692307692,0.9653846153846154,
chronos2_ft,native,10,6,10.883784183019218,16.052295972378765,0.5630188679245283,0.8664150943396226,0.9849056603773585,
chronos2_ft,native,10,7,18.630730284651413,37.01204733600487,0.5392307692307692,0.8323076923076923,0.9692307692307692,
chronos2_ft,native,10,8,12.39448669307369,31.58167365168047,0.6523076923076923,0.9084615384615384,0.99,
chronos2_ft,native,10,9,10.08518396228689,26.235507420995702,0.6907692307692308,0.9346153846153846,0.9946153846153846,
chronos2_ft,native,12,1,66.36775787594031,75.06657325457638,0.33615384615384614,0.59,0.8353846153846154,
chronos2_ft,native,12,2,12.178561127054468,19.914974033538535,0.6553846153846153,0.9207692307692308,0.9892307692307692,
chronos2_ft,native,12,3,24.45205114227249,51.29435825048561,0.5284615384615384,0.8338461538461538,0.9638461538461538,
chronos2_ft,native,12,6,11.269425480357393,16.751177024015107,0.56,0.8777358490566037,0.9886792452830189,
chronos2_ft,native,12,7,19.352603988555366,38.08680136405422,0.5376923076923077,0.823076923076923,0.9776923076923076,
chronos2_ft,native,12,8,13.320226876961819,33.788979025780975,0.6530769230769231,0.9030769230769231,0.99,
chronos2_ft,native,12,9,10.520188906338385,26.306307077569816,0.7123076923076923,0.943076923076923,0.9961538461538462,
chronos2_ft,recalibrated,1,1,28.90420495228967,32.699721694385175,0.46923076923076923,0.7653846153846153,0.9492307692307692,
chronos2_ft,recalibrated,1,2,9.321601065857724,11.114103289102149,0.36846153846153845,0.6707692307692308,0.9061538461538462,
chronos2_ft,recalibrated,1,3,10.078333003940033,20.192602298249483,0.47692307692307695,0.7523076923076923,0.9623076923076923,
chronos2_ft,recalibrated,1,6,6.810163897573285,16.85481773999644,0.43018867924528303,0.7366037735849057,0.8943396226415095,
chronos2_ft,recalibrated,1,7,10.837087557266445,21.666605439336678,0.5453846153846154,0.8269230769230769,0.9523076923076923,
chronos2_ft,recalibrated,1,8,5.829405773420123,12.68656649243839,0.5076923076923077,0.8707692307692307,0.9830769230769231,
chronos2_ft,recalibrated,1,9,4.808967251555749,12.157124840171075,0.4907692307692308,0.7892307692307692,0.9592307692307692,
chronos2_ft,recalibrated,2,1,33.45048839172871,37.952052818949554,0.5038461538461538,0.7630769230769231,0.9423076923076923,
chronos2_ft,recalibrated,2,2,11.123729749303598,13.052101821209485,0.3707692307692308,0.6415384615384615,0.9030769230769231,
chronos2_ft,recalibrated,2,3,11.733679333120122,24.401668659815318,0.46153846153846156,0.7569230769230769,0.9669230769230769,
chronos2_ft,recalibrated,2,6,7.181700967302096,15.604092766169293,0.4483018867924528,0.7396226415094339,0.9011320754716982,
chronos2_ft,recalibrated,2,7,13.065588127937568,26.950337780218547,0.5246153846153846,0.8107692307692308,0.936923076923077,
chronos2_ft,recalibrated,2,8,6.514276716471696,12.5955337146198,0.5415384615384615,0.8792307692307693,0.9930769230769231,
chronos2_ft,recalibrated,2,9,5.49392173712256,16.06427303179892,0.4776923076923077,0.7692307692307693,0.9453846153846154,
chronos2_ft,recalibrated,3,1,38.31590530004696,43.52868202127291,0.5030769230769231,0.7553846153846154,0.9415384615384615,
chronos2_ft,recalibrated,3,2,13.216016418635846,14.487123029925074,0.35615384615384615,0.6615384615384615,0.8853846153846154,
chronos2_ft,recalibrated,3,3,14.102310393957616,30.0355790197634,0.44153846153846155,0.7492307692307693,0.9538461538461539,
chronos2_ft,recalibrated,3,6,7.49444954349613,16.086001284187432,0.48150943396226414,0.7637735849056604,0.9162264150943397,
chronos2_ft,recalibrated,3,7,14.973793734082276,32.256608094394416,0.5053846153846154,0.7815384615384615,0.9069230769230769,
chronos2_ft,recalibrated,3,8,7.665527233259975,15.14054614112497,0.5715384615384616,0.8723076923076923,0.9969230769230769,
chronos2_ft,recalibrated,3,9,6.1725325374150275,19.528915590474618,0.4707692307692308,0.7423076923076923,0.9361538461538461,
chronos2_ft,recalibrated,4,1,43.493641646154934,49.430708143174954,0.46076923076923076,0.7453846153846154,0.9223076923076923,
chronos2_ft,recalibrated,4,2,16.063714845185753,17.38454671551394,0.35307692307692307,0.6184615384615385,0.8923076923076924,
chronos2_ft,recalibrated,4,3,15.998280651385638,34.55697768632478,0.47923076923076924,0.7292307692307692,0.9515384615384616,
chronos2_ft,recalibrated,4,6,7.7878291929151136,15.9230347437596,0.5041509433962265,0.7720754716981132,0.9373584905660377,
chronos2_ft,recalibrated,4,7,16.398362171552442,36.20908035368044,0.5023076923076923,0.7761538461538462,0.9038461538461539,
chronos2_ft,recalibrated,4,8,8.568985740056267,16.28532495963658,0.5576923076923077,0.8792307692307693,0.9969230769230769,
chronos2_ft,recalibrated,4,9,6.738459035888649,21.700350051421815,0.45384615384615384,0.75,0.9569230769230769,
chronos2_ft,recalibrated,6,1,51.10857016687914,57.656972145510196,0.4269230769230769,0.7,0.8876923076923077,
chronos2_ft,recalibrated,6,2,21.91025259731104,22.249050444012102,0.3292307692307692,0.6115384615384616,0.8776923076923077,
chronos2_ft,recalibrated,6,3,19.52824505155503,43.22212724794015,0.4546153846153846,0.7138461538461538,0.9461538461538461,
chronos2_ft,recalibrated,6,6,8.248112535069758,15.564059091780274,0.4890566037735849,0.8083018867924529,0.9539622641509434,
chronos2_ft,recalibrated,6,7,17.85558494395757,39.64394166841899,0.4907692307692308,0.7507692307692307,0.8761538461538462,
chronos2_ft,recalibrated,6,8,10.641619705731136,19.970930451287202,0.5169230769230769,0.8453846153846154,0.9961538461538462,
chronos2_ft,recalibrated,6,9,7.861370273523938,26.851697720763188,0.44153846153846155,0.77,0.9515384615384616,
chronos2_ft,recalibrated,8,1,56.4114075794805,63.35750676455319,0.4023076923076923,0.683076923076923,0.8553846153846154,
chronos2_ft,recalibrated,8,2,27.699788856936028,28.27182047681494,0.28307692307692306,0.5715384615384616,0.8946153846153846,
chronos2_ft,recalibrated,8,3,22.425042294277507,49.97584079976878,0.4269230769230769,0.713076923076923,0.9415384615384615,
chronos2_ft,recalibrated,8,6,8.840332238276485,17.72531450937131,0.4784905660377359,0.820377358490566,0.939622641509434,
chronos2_ft,recalibrated,8,7,18.25540048253189,40.062806263720674,0.47615384615384615,0.7392307692307692,0.89,
chronos2_ft,recalibrated,8,8,12.486246475161757,25.31031359076126,0.49615384615384617,0.8123076923076923,0.9915384615384616,
chronos2_ft,recalibrated,8,9,8.442484475946515,29.56840863406746,0.46692307692307694,0.8007692307692308,0.9715384615384616,
chronos2_ft,recalibrated,10,1,60.797326309641136,68.46990296872784,0.38461538461538464,0.6269230769230769,0.8323076923076923,
chronos2_ft,recalibrated,10,2,34.62626709506669,32.252547889115114,0.24153846153846154,0.5261538461538462,0.8976923076923077,
chronos2_ft,recalibrated,10,3,23.969691544803165,53.5402702039247,0.4146153846153846,0.6815384615384615,0.9323076923076923,
chronos2_ft,recalibrated,10,6,9.205267071079552,19.452401465475976,0.46641509433962264,0.809811320754717,0.9630188679245283,
chronos2_ft,recalibrated,10,7,19.226476314577596,42.183514893376,0.4753846153846154,0.7423076923076923,0.86,
chronos2_ft,recalibrated,10,8,14.423621670552642,29.162464168774278,0.44769230769230767,0.8146153846153846,0.9884615384615385,
chronos2_ft,recalibrated,10,9,9.124952344163132,29.66333941197123,0.4969230769230769,0.8038461538461539,0.9876923076923076,
chronos2_ft,recalibrated,12,1,66.0396711429937,74.52919482966975,0.36846153846153845,0.5946153846153847,0.796923076923077,
chronos2_ft,recalibrated,12,2,40.93364909900544,35.68290396994287,0.23076923076923078,0.4946153846153846,0.9161538461538462,
chronos2_ft,recalibrated,12,3,25.61656658824483,58.071387962672496,0.41846153846153844,0.6753846153846154,0.916923076923077,
chronos2_ft,recalibrated,12,6,9.5430009903307,20.186057981429393,0.4588679245283019,0.8135849056603773,0.9652830188679246,
chronos2_ft,recalibrated,12,7,19.665479596073492,42.31946165049695,0.4684615384615385,0.7223076923076923,0.88,
chronos2_ft,recalibrated,12,8,15.671618691909714,31.10942479640879,0.45153846153846156,0.7930769230769231,0.9853846153846154,
chronos2_ft,recalibrated,12,9,9.458026413117397,29.827354648441396,0.5076923076923077,0.8284615384615385,0.9915384615384616,
chronos2_joint,conformal,1,1,24.43350730995052,27.015543903697775,0.6407692307692308,0.9007692307692308,0.9846153846153847,
chronos2_joint,conformal,1,2,6.515764848841984,10.604287538268128,0.47,0.7861538461538462,0.9446153846153846,
chronos2_joint,conformal,1,3,10.329034299181682,20.71558387640113,0.5076923076923077,0.8246153846153846,0.9584615384615385,
chronos2_joint,conformal,1,6,7.10900918226568,13.191011744027564,0.5162264150943396,0.790188679245283,0.9056603773584906,
chronos2_joint,conformal,1,7,12.050532354782893,21.95982543147413,0.6107692307692307,0.8684615384615385,0.9684615384615385,
chronos2_joint,conformal,1,8,6.2821260113795825,13.035629732372477,0.5253846153846153,0.8484615384615385,0.9892307692307692,
chronos2_joint,conformal,1,9,5.1475254842118865,12.7074613685999,0.5238461538461539,0.8415384615384616,0.9684615384615385,
chronos2_joint,conformal,2,1,29.35232683880737,32.63676138349872,0.6261538461538462,0.8923076923076924,0.9792307692307692,
chronos2_joint,conformal,2,2,8.2412569298969,12.997021843588566,0.48538461538461536,0.7823076923076923,0.9376923076923077,
chronos2_joint,conformal,2,3,11.894216158428902,24.734915143817606,0.4907692307692308,0.8146153846153846,0.953076923076923,
chronos2_joint,conformal,2,6,7.643655820339027,11.851887566449253,0.5547169811320755,0.7841509433962264,0.9245283018867925,
chronos2_joint,conformal,2,7,14.057263332160952,26.42475710223295,0.5876923076923077,0.8476923076923077,0.9484615384615385,
chronos2_joint,conformal,2,8,7.7159125582539225,14.666326729912672,0.5292307692307693,0.8553846153846154,0.9961538461538462,
chronos2_joint,conformal,2,9,5.754983199884534,16.148327712973497,0.5423076923076923,0.84,0.9669230769230769,
chronos2_joint,conformal,3,1,34.2874327830266,38.25436723371899,0.5892307692307692,0.8538461538461538,0.9653846153846154,
chronos2_joint,conformal,3,2,10.175471307789161,15.365276175939108,0.4869230769230769,0.81,0.9484615384615385,
chronos2_joint,conformal,3,3,14.06151146772209,29.925147165399547,0.5084615384615384,0.796923076923077,0.9423076923076923,
chronos2_joint,conformal,3,6,8.20582489444355,12.682465061829234,0.5388679245283019,0.8067924528301886,0.9343396226415094,
chronos2_joint,conformal,3,7,15.588189787678795,30.809151133319205,0.5638461538461539,0.8361538461538461,0.9446153846153846,
chronos2_joint,conformal,3,8,9.345199766465358,18.177339664080424,0.5330769230769231,0.8476923076923077,0.9976923076923077,
chronos2_joint,conformal,3,9,6.377418326872234,19.27916284035268,0.5446153846153846,0.8384615384615385,0.9638461538461538,
chronos2_joint,conformal,4,1,38.7231768847589,43.317398078463995,0.51,0.8207692307692308,0.9461538461538461,
chronos2_joint,conformal,4,2,12.792520047364228,17.99950461243818,0.4876923076923077,0.7915384615384615,0.9476923076923077,
chronos2_joint,conformal,4,3,16.070061246941343,34.83797803638909,0.5261538461538462,0.79,0.9461538461538461,
chronos2_joint,conformal,4,6,8.606504045896765,12.531882312074512,0.5441509433962264,0.8143396226415094,0.9456603773584905,
chronos2_joint,conformal,4,7,16.766133608417658,33.86491693427672,0.55,0.823076923076923,0.9384615384615385,
chronos2_joint,conformal,4,8,10.665107654995895,20.074381760400577,0.5153846153846153,0.83,0.9884615384615385,
chronos2_joint,conformal,4,9,6.854547475519882,22.166036129397614,0.5453846153846154,0.8469230769230769,0.9715384615384616,
chronos2_joint,conformal,6,1,46.20930258880776,51.3668649779353,0.45384615384615384,0.7453846153846154,0.916923076923077,
chronos2_joint,conformal,6,2,18.505004456240528,23.09841481909788,0.4746153846153846,0.7861538461538462,0.9423076923076923,
chronos2_joint,conformal,6,3,19.691877713403212,44.16784492301027,0.47615384615384615,0.7576923076923077,0.9130769230769231,
chronos2_joint,conformal,6,6,9.365887648898637,12.662156854230682,0.5758490566037736,0.8173584905660377,0.9577358490566038,
chronos2_joint,conformal,6,7,17.491203046520248,35.04933179410741,0.5392307692307692,0.8269230769230769,0.9307692307692308,
chronos2_joint,conformal,6,8,13.544865217252424,23.04133703301341,0.47615384615384615,0.7915384615384615,0.9730769230769231,
chronos2_joint,conformal,6,9,7.737666174127072,25.268511553042753,0.5876923076923077,0.8730769230769231,0.9707692307692307,
chronos2_joint,conformal,8,1,52.310818116976854,57.86225418818216,0.4015384615384615,0.6907692307692308,0.8646153846153846,
chronos2_joint,conformal,8,2,25.692964548239168,29.59692746944524,0.43846153846153846,0.7484615384615385,0.9438461538461539,
chronos2_joint,conformal,8,3,23.595431450435473,53.87147785249396,0.4338461538461538,0.7138461538461538,0.8869230769230769,
chronos2_joint,conformal,8,6,10.03690038174078,14.620875485267112,0.5305660377358491,0.8301886792452831,0.9471698113207547,
chronos2_joint,conformal,8,7,17.509793725881234,33.35914575827699,0.5684615384615385,0.8430769230769231,0.943076923076923,
chronos2_joint,conformal,8,8,16.24200413195875,26.946927697208928,0.4346153846153846,0.7307692307692307,0.9653846153846154,
chronos2_joint,conformal,8,9,8.516024649350097,26.52220306262048,0.6176923076923077,0.9076923076923077,0.99,
chronos2_joint,conformal,10,1,57.772491329200015,64.2577454358941,0.38769230769230767,0.6423076923076924,0.8123076923076923,
chronos2_joint,conformal,10,2,33.47680081524102,34.7604431776048,0.3607692307692308,0.7007692307692308,0.9053846153846153,
chronos2_joint,conformal,10,3,26.62256886698135,61.52203543845677,0.3946153846153846,0.6861538461538461,0.8738461538461538,
chronos2_joint,conformal,10,6,10.658879976099191,16.703415994509335,0.5041509433962265,0.8218867924528301,0.950188679245283,
chronos2_joint,conformal,10,7,17.781243502964458,32.90469013249429,0.5776923076923077,0.8376923076923077,0.9515384615384616,
chronos2_joint,conformal,10,8,18.95172352466335,28.719936271839828,0.36923076923076925,0.6953846153846154,0.9492307692307692,
chronos2_joint,conformal,10,9,9.306515302971093,26.921231242136795,0.6230769230769231,0.9215384615384615,0.9938461538461538,
chronos2_joint,conformal,12,1,61.63556747183631,68.68915879759128,0.36923076923076925,0.6215384615384615,0.8076923076923077,
chronos2_joint,conformal,12,2,40.58481004063162,37.85208067554016,0.32,0.6123076923076923,0.8907692307692308,
chronos2_joint,conformal,12,3,29.6360488219472,69.60843094692471,0.3946153846153846,0.6369230769230769,0.8430769230769231,
chronos2_joint,conformal,12,6,10.635042479411128,17.738610288369525,0.4928301886792453,0.8158490566037736,0.9532075471698114,
chronos2_joint,conformal,12,7,18.011143891425977,32.6989305151565,0.5892307692307692,0.8338461538461538,0.9569230769230769,
chronos2_joint,conformal,12,8,20.963640923732168,28.400222999651067,0.3676923076923077,0.6723076923076923,0.9315384615384615,
chronos2_joint,conformal,12,9,9.504629731831285,27.580573686006776,0.6207692307692307,0.9253846153846154,0.9946153846153846,
chronos2_joint,native,1,1,22.369497868630194,24.950154328795886,0.4576923076923077,0.7669230769230769,0.9546153846153846,
chronos2_joint,native,1,2,5.223092298455358,9.100312580211938,0.47307692307692306,0.8,0.9623076923076923,
chronos2_joint,native,1,3,9.137388909233966,18.11167892509052,0.47846153846153844,0.79,0.9576923076923077,
chronos2_joint,native,1,6,6.723756463289456,13.688883218130446,0.47471698113207544,0.7486792452830189,0.9147169811320754,
chronos2_joint,native,1,7,10.28864957952091,19.564781033983035,0.4823076923076923,0.7784615384615384,0.9507692307692308,
chronos2_joint,native,1,8,5.176499404755689,11.732091832707384,0.4930769230769231,0.8007692307692308,0.9646153846153847,
chronos2_joint,native,1,9,4.644590449716784,11.872568331179357,0.49230769230769234,0.7946153846153846,0.9646153846153847,
chronos2_joint,native,2,1,28.46293438198301,32.05220543003602,0.45692307692307693,0.7546153846153846,0.9476923076923077,
chronos2_joint,native,2,2,6.287116309605041,11.267817957211914,0.49538461538461537,0.8061538461538461,0.9707692307692307,
chronos2_joint,native,2,3,11.053477577112458,23.07988653380926,0.48923076923076925,0.803076923076923,0.9584615384615385,
chronos2_joint,native,2,6,7.132487376659248,12.62092888338808,0.4890566037735849,0.7735849056603774,0.929811320754717,
chronos2_joint,native,2,7,12.532475790705117,24.743362381439635,0.49153846153846154,0.7761538461538462,0.9376923076923077,
chronos2_joint,native,2,8,5.8408907634606235,12.116798661281562,0.5269230769230769,0.8284615384615385,0.98,
chronos2_joint,native,2,9,5.3440531942339184,15.800081891459046,0.5307692307692308,0.816923076923077,0.9769230769230769,
chronos2_joint,native,3,1,35.40736058008778,40.03869020260482,0.46076923076923076,0.7315384615384616,0.9215384615384615,
chronos2_joint,native,3,2,7.215595188288524,12.82991745135099,0.5046153846153846,0.82,0.9676923076923077,
chronos2_joint,native,3,3,13.494701319986579,29.00120911809059,0.5076923076923077,0.7907692307692308,0.95,
chronos2_joint,native,3,6,7.60111380864513,13.49170862862323,0.5033962264150943,0.7781132075471698,0.9350943396226415,
chronos2_joint,native,3,7,14.34000287592485,29.692313468149475,0.4876923076923077,0.7715384615384615,0.9353846153846154,
chronos2_joint,native,3,8,6.858466482280948,14.786748084133684,0.5215384615384615,0.8553846153846154,0.9838461538461538,
chronos2_joint,native,3,9,6.036598171116418,19.273910067126092,0.5292307692307693,0.8269230769230769,0.9815384615384616,
chronos2_joint,native,4,1,41.529402886584656,47.04793904438221,0.42846153846153845,0.7038461538461539,0.9061538461538462,
chronos2_joint,native,4,2,8.092164683065594,14.302277622187987,0.4715384615384615,0.823076923076923,0.9684615384615385,
chronos2_joint,native,4,3,15.711910736209571,34.5416240669152,0.48615384615384616,0.7792307692307693,0.9446153846153846,
chronos2_joint,native,4,6,7.879548000517987,13.766592333944583,0.5064150943396226,0.7833962264150943,0.9486792452830188,
chronos2_joint,native,4,7,15.665204191568371,33.15352303263951,0.4876923076923077,0.7669230769230769,0.9253846153846154,
chronos2_joint,native,4,8,7.750722180380779,16.47096586432418,0.5361538461538462,0.8638461538461538,0.9861538461538462,
chronos2_joint,native,4,9,6.541058417273647,22.21782833455691,0.5584615384615385,0.8438461538461538,0.9830769230769231,
chronos2_joint,native,6,1,50.01616890251718,56.28422984072236,0.3823076923076923,0.6684615384615384,0.8769230769230769,
chronos2_joint,native,6,2,9.78480284608619,16.696096979220766,0.47846153846153844,0.806923076923077,0.963076923076923,
chronos2_joint,native,6,3,19.579338410319405,44.5217452645329,0.4715384615384615,0.7469230769230769,0.9176923076923077,
chronos2_joint,native,6,6,8.39587712662498,14.250560251835886,0.5003773584905661,0.790188679245283,0.96,
chronos2_joint,native,6,7,16.6582100773991,35.27622600064909,0.46923076923076923,0.7807692307692308,0.9323076923076923,
chronos2_joint,native,6,8,9.66331305866612,20.605892932163965,0.5084615384615384,0.85,0.9815384615384616,
chronos2_joint,native,6,9,7.486868575500164,25.446821927222917,0.5592307692307692,0.8569230769230769,0.9846153846153847,
chronos2_joint,native,8,1,55.7737217206945,62.484853313138196,0.3607692307692308,0.6253846153846154,0.8653846153846154,
chronos2_joint,native,8,2,11.507092827759347,18.836041254622906,0.4746153846153846,0.8038461538461539,0.9646153846153847,
chronos2_joint,native,8,3,23.458120919443083,54.056162720197754,0.44384615384615383,0.7153846153846154,0.8984615384615384,
chronos2_joint,native,8,6,8.990226054400374,16.287742280531354,0.48452830188679247,0.7977358490566038,0.9652830188679246,
chronos2_joint,native,8,7,17.06940379194427,35.8162869522351,0.4715384615384615,0.7823076923076923,0.9353846153846154,
chronos2_joint,native,8,8,11.872424619824672,27.87006105038168,0.47923076923076924,0.8207692307692308,0.9784615384615385,
chronos2_joint,native,8,9,8.109856625853558,27.277708903782173,0.5753846153846154,0.8707692307692307,0.9869230769230769,
chronos2_joint,native,10,1,61.27046041423746,69.03803974018685,0.3507692307692308,0.6015384615384616,0.84,
chronos2_joint,native,10,2,12.897755996324603,19.85226016288666,0.47307692307692306,0.8023076923076923,0.9676923076923077,
chronos2_joint,native,10,3,25.985064087769302,60.21404083464065,0.43153846153846154,0.6892307692307692,0.8776923076923077,
chronos2_joint,native,10,6,9.422126093774978,18.055105772157518,0.45660377358490567,0.8022641509433962,0.9554716981132075,
chronos2_joint,native,10,7,17.723643946141863,37.25805313563801,0.48538461538461536,0.7761538461538462,0.9307692307692308,
chronos2_joint,native,10,8,13.597787939977867,31.385679613779423,0.46692307692307694,0.8107692307692308,0.9684615384615385,
chronos2_joint,native,10,9,8.733923711275782,27.471446787852837,0.5807692307692308,0.87,0.9869230769230769,
chronos2_joint,native,12,1,65.67073208359683,74.23321303158818,0.35615384615384615,0.5923076923076923,0.8192307692307692,
chronos2_joint,native,12,2,13.88985264541023,19.75492106609865,0.49153846153846154,0.8207692307692308,0.9746153846153847,
chronos2_joint,native,12,3,28.1830484613219,65.9076036022291,0.42923076923076925,0.6776923076923077,0.8669230769230769,
chronos2_joint,native,12,6,9.609002924251776,18.785571022622122,0.4671698113207547,0.8150943396226416,0.96,
chronos2_joint,native,12,7,18.12827547016466,38.13676728584833,0.4946153846153846,0.7815384615384615,0.943076923076923,
chronos2_joint,native,12,8,14.713995415066691,32.34494009640651,0.4753846153846154,0.8138461538461539,0.9676923076923077,
chronos2_joint,native,12,9,8.961752692982925,27.164917685127918,0.5976923076923077,0.8861538461538462,0.99,
chronos2_joint,recalibrated,1,1,21.958097570089024,24.423144188479526,0.5030769230769231,0.7715384615384615,0.946923076923077,
chronos2_joint,recalibrated,1,2,5.815108060202142,9.13603984538382,0.4869230769230769,0.7707692307692308,0.92,
chronos2_joint,recalibrated,1,3,9.261201127421478,18.53197870910192,0.48384615384615387,0.7830769230769231,0.9384615384615385,
chronos2_joint,recalibrated,1,6,6.765806555518019,13.187305000595655,0.540377358490566,0.7841509433962264,0.9147169811320754,
chronos2_joint,recalibrated,1,7,10.37415702195497,19.4653557447239,0.5130769230769231,0.8338461538461538,0.9646153846153847,
chronos2_joint,recalibrated,1,8,5.2677524614769,11.695158716296692,0.4938461538461538,0.8246153846153846,0.9615384615384616,
chronos2_joint,recalibrated,1,9,4.682170009629173,12.58331218890009,0.5053846153846154,0.786923076923077,0.946923076923077,
chronos2_joint,recalibrated,2,1,27.893135297557205,31.316303163352234,0.5053846153846154,0.7661538461538462,0.9476923076923077,
chronos2_joint,recalibrated,2,2,7.402324047745502,11.326250589615555,0.48538461538461536,0.7892307692307692,0.9130769230769231,
chronos2_joint,recalibrated,2,3,11.367016319726574,24.010977102913937,0.48384615384615387,0.7830769230769231,0.9315384615384615,
chronos2_joint,recalibrated,2,6,7.292322472493185,11.816310004910486,0.569811320754717,0.8067924528301886,0.9320754716981132,
chronos2_joint,recalibrated,2,7,12.53501970328359,24.67239848614789,0.51,0.8123076923076923,0.9392307692307692,
chronos2_joint,recalibrated,2,8,6.245450411408909,12.379359222499865,0.5284615384615384,0.8530769230769231,0.9869230769230769,
chronos2_joint,recalibrated,2,9,5.4994396770358325,18.059995442985375,0.4930769230769231,0.7607692307692308,0.9292307692307692,
chronos2_joint,recalibrated,3,1,34.64884167013185,39.0338763667894,0.5030769230769231,0.7569230769230769,0.9238461538461539,
chronos2_joint,recalibrated,3,2,9.193676617295779,13.27461576195466,0.46307692307692305,0.7853846153846153,0.9038461538461539,
chronos2_joint,recalibrated,3,3,13.889631607864173,30.249409914683312,0.47615384615384615,0.7569230769230769,0.9238461538461539,
chronos2_joint,recalibrated,3,6,7.902378266858911,12.56345211052212,0.5901886792452831,0.8181132075471698,0.9441509433962264,
chronos2_joint,recalibrated,3,7,14.332651700816923,29.497652903573847,0.5007692307692307,0.7892307692307692,0.9415384615384615,
chronos2_joint,recalibrated,3,8,7.683634297156269,15.696915074852592,0.5253846153846153,0.8569230769230769,0.9876923076923076,
chronos2_joint,recalibrated,3,9,6.312720126705674,22.621229642798575,0.47692307692307695,0.7469230769230769,0.9161538461538462,
chronos2_joint,recalibrated,4,1,40.26036943098475,45.44342311120447,0.46153846153846156,0.7315384615384616,0.9284615384615384,
chronos2_joint,recalibrated,4,2,11.59478478329907,15.618487698675636,0.4715384615384615,0.7615384615384615,0.916923076923077,
chronos2_joint,recalibrated,4,3,16.25679757415232,36.15533826631964,0.48615384615384616,0.7553846153846154,0.9153846153846154,
chronos2_joint,recalibrated,4,6,8.385864216531608,12.55926705313631,0.6030188679245283,0.8339622641509434,0.9562264150943396,
chronos2_joint,recalibrated,4,7,15.705770894376714,33.23695067419091,0.4869230769230769,0.7892307692307692,0.9215384615384615,
chronos2_joint,recalibrated,4,8,9.12196470736133,18.249903376508374,0.4969230769230769,0.87,0.9907692307692307,
chronos2_joint,recalibrated,4,9,6.829191713352904,25.81513070029809,0.4846153846153846,0.7723076923076924,0.9246153846153846,
chronos2_joint,recalibrated,6,1,48.0886380935397,53.812678255342064,0.42538461538461536,0.7153846153846154,0.8892307692307693,
chronos2_joint,recalibrated,6,2,17.04005559139478,19.941985006097067,0.4269230769230769,0.7092307692307692,0.8807692307692307,
chronos2_joint,recalibrated,6,3,20.650445299196132,47.68186360684196,0.46076923076923076,0.7192307692307692,0.8830769230769231,
chronos2_joint,recalibrated,6,6,9.26625264442171,12.757734354845653,0.6294339622641509,0.8566037735849057,0.9667924528301887,
chronos2_joint,recalibrated,6,7,16.75309480579528,35.5753584618468,0.4815384615384615,0.7823076923076923,0.9053846153846153,
chronos2_joint,recalibrated,6,8,12.101612356034527,22.08137051617644,0.48615384615384616,0.8446153846153847,0.9853846153846154,
chronos2_joint,recalibrated,6,9,7.718275289938913,29.759193249032858,0.48923076923076925,0.7776923076923077,0.9461538461538461,
chronos2_joint,recalibrated,8,1,53.45289754207646,59.44683693391465,0.4084615384615385,0.6846153846153846,0.87,
chronos2_joint,recalibrated,8,2,23.566390585681898,25.22255552848367,0.37846153846153846,0.6161538461538462,0.8715384615384615,
chronos2_joint,recalibrated,8,3,25.251817223518536,59.323108424611874,0.40923076923076923,0.6753846153846154,0.8538461538461538,
chronos2_joint,recalibrated,8,6,9.875381010209155,14.511873312545436,0.5984905660377359,0.8573584905660377,0.9735849056603774,
chronos2_joint,recalibrated,8,7,17.01202727301401,35.34083998991438,0.48615384615384616,0.79,0.9069230769230769,
chronos2_joint,recalibrated,8,8,14.982212199882746,26.484452767636938,0.41,0.7623076923076924,0.9823076923076923,
chronos2_joint,recalibrated,8,9,8.278757249391946,31.546761885616053,0.5138461538461538,0.8246153846153846,0.9623076923076923,
chronos2_joint,recalibrated,10,1,58.780698424595016,65.70521501358873,0.40923076923076923,0.6446153846153846,0.8461538461538461,
chronos2_joint,recalibrated,10,2,31.96238084105345,31.15197859273289,0.29846153846153844,0.5576923076923077,0.8107692307692308,
chronos2_joint,recalibrated,10,3,29.069224951031043,68.98938811933947,0.3730769230769231,0.6492307692307693,0.8176923076923077,
chronos2_joint,recalibrated,10,6,10.444277911542938,15.995396013459004,0.5818867924528301,0.8626415094339622,0.9728301886792453,
chronos2_joint,recalibrated,10,7,17.451255502206305,35.74714485981994,0.5353846153846153,0.7784615384615384,0.9223076923076923,
chronos2_joint,recalibrated,10,8,17.66601699642111,28.41891333071022,0.35615384615384615,0.7415384615384616,0.9753846153846154,
chronos2_joint,recalibrated,10,9,8.850214923413425,32.03913018719025,0.5384615384615384,0.8438461538461538,0.9723076923076923,
chronos2_joint,recalibrated,12,1,62.77166694349357,70.2992953402667,0.4046153846153846,0.6323076923076923,0.8269230769230769,
chronos2_joint,recalibrated,12,2,40.02666515424749,35.05526347115425,0.26384615384615384,0.4492307692307692,0.7723076923076924,
chronos2_joint,recalibrated,12,3,32.299966821547244,77.50205818952328,0.37538461538461537,0.6153846153846154,0.7930769230769231,
chronos2_joint,recalibrated,12,6,10.595499447413895,17.19483536549923,0.5630188679245283,0.8649056603773585,0.9728301886792453,
chronos2_joint,recalibrated,12,7,17.608747917379123,35.51241742432408,0.5430769230769231,0.7907692307692308,0.9415384615384615,
chronos2_joint,recalibrated,12,8,19.614638704358864,27.963544317872945,0.34,0.7215384615384616,0.9723076923076923,
chronos2_joint,recalibrated,12,9,9.107412774301896,32.18565331554637,0.5638461538461539,0.8476923076923077,0.9807692307692307,
chronos2_joint_ft,conformal,1,1,25.912774694776992,28.874423372451233,0.5930769230769231,0.8646153846153846,0.9723076923076923,
chronos2_joint_ft,conformal,1,2,7.334644104251045,10.503689772489526,0.46076923076923076,0.7715384615384615,0.936923076923077,
chronos2_joint_ft,conformal,1,3,10.307291139890888,20.73290463715977,0.5130769230769231,0.81,0.9484615384615385,
chronos2_joint_ft,conformal,1,6,6.926163936165738,14.068006221164502,0.5124528301886793,0.7781132075471698,0.9056603773584906,
chronos2_joint_ft,conformal,1,7,11.743458532021242,22.015771892403734,0.5923076923076923,0.8615384615384616,0.9669230769230769,
chronos2_joint_ft,conformal,1,8,6.16447330896167,12.989005700037971,0.5384615384615384,0.8584615384615385,0.9907692307692307,
chronos2_joint_ft,conformal,1,9,5.081912384719141,12.66979114685967,0.5323076923076923,0.8276923076923077,0.963076923076923,
chronos2_joint_ft,conformal,2,1,30.36588075526583,34.0269033137986,0.5853846153846154,0.8392307692307692,0.9638461538461538,
chronos2_joint_ft,conformal,2,2,8.878002965006313,12.316904419262727,0.4907692307692308,0.7761538461538462,0.9315384615384615,
chronos2_joint_ft,conformal,2,3,11.753212392962311,24.262891321215317,0.5084615384615384,0.8038461538461539,0.9492307692307692,
chronos2_joint_ft,conformal,2,6,7.313935653694779,12.912451947557026,0.549433962264151,0.7705660377358491,0.9252830188679245,
chronos2_joint_ft,conformal,2,7,13.625326459141963,26.56011448750492,0.5661538461538461,0.8469230769230769,0.9407692307692308,
chronos2_joint_ft,conformal,2,8,7.391797735556348,14.443243739891694,0.54,0.8684615384615385,0.9961538461538462,
chronos2_joint_ft,conformal,2,9,5.615401668178104,16.21285103141388,0.5430769230769231,0.8215384615384616,0.9569230769230769,
chronos2_joint_ft,conformal,3,1,34.86671624930235,39.18546572552617,0.5584615384615385,0.8023076923076923,0.9392307692307692,
chronos2_joint_ft,conformal,3,2,10.689771152967205,14.227524540297956,0.4676923076923077,0.78,0.9384615384615385,
chronos2_joint_ft,conformal,3,3,13.769687903786311,29.39053926491967,0.5007692307692307,0.7792307692307693,0.9415384615384615,
chronos2_joint_ft,conformal,3,6,7.808541456998035,13.515161646495027,0.5222641509433962,0.7977358490566038,0.9418867924528301,
chronos2_joint_ft,conformal,3,7,15.25602341548437,31.236273396551507,0.5538461538461539,0.8361538461538461,0.943076923076923,
chronos2_joint_ft,conformal,3,8,8.819961235050524,16.989036559771307,0.5438461538461539,0.8530769230769231,0.9984615384615385,
chronos2_joint_ft,conformal,3,9,6.14873159967241,18.705496899005556,0.5384615384615384,0.83,0.9653846153846154,
chronos2_joint_ft,conformal,4,1,40.103907594900654,45.234646317513764,0.49538461538461537,0.76,0.9138461538461539,
chronos2_joint_ft,conformal,4,2,13.224699204826459,16.883711609190133,0.4653846153846154,0.7784615384615384,0.9361538461538461,
chronos2_joint_ft,conformal,4,3,15.693258297797936,34.02100909578247,0.4876923076923077,0.7815384615384615,0.9284615384615384,
chronos2_joint_ft,conformal,4,6,8.124580842078164,13.384579699188501,0.5532075471698114,0.8015094339622642,0.9426415094339623,
chronos2_joint_ft,conformal,4,7,16.553690069643366,34.90871046352292,0.5723076923076923,0.8284615384615385,0.9307692307692308,
chronos2_joint_ft,conformal,4,8,9.744278011964973,18.600582951928825,0.5261538461538462,0.85,0.9930769230769231,
chronos2_joint_ft,conformal,4,9,6.649790102233864,21.532277497461365,0.5430769230769231,0.8415384615384616,0.9738461538461538,
chronos2_joint_ft,conformal,6,1,48.64774459218852,54.51047787430707,0.4423076923076923,0.683076923076923,0.8738461538461538,
chronos2_joint_ft,conformal,6,2,18.8282750500632,22.27515522874469,0.4453846153846154,0.7661538461538462,0.9423076923076923,
chronos2_joint_ft,conformal,6,3,19.35230113045868,43.35453219861122,0.4592307692307692,0.7592307692307693,0.9130769230769231,
chronos2_joint_ft,conformal,6,6,8.793161246718386,13.61876253552325,0.5683018867924529,0.7977358490566038,0.9547169811320755,
chronos2_joint_ft,conformal,6,7,17.012592028344578,35.04036340314819,0.5376923076923077,0.8346153846153846,0.9292307692307692,
chronos2_joint_ft,conformal,6,8,11.936722359079315,21.041278278853067,0.47923076923076924,0.8115384615384615,0.9807692307692307,
chronos2_joint_ft,conformal,6,9,7.4604281241205035,25.126700780402384,0.5430769230769231,0.8607692307692307,0.9746153846153847,
chronos2_joint_ft,conformal,8,1,55.58753741842802,62.22465479181711,0.38076923076923075,0.6330769230769231,0.816923076923077,
chronos2_joint_ft,conformal,8,2,25.979478564034792,28.25506199027072,0.39615384615384613,0.7223076923076923,0.9376923076923077,
chronos2_joint_ft,conformal,8,3,22.931713702801368,52.338573376811,0.4169230769230769,0.703076923076923,0.89,
chronos2_joint_ft,conformal,8,6,9.328211575619918,15.545025191307182,0.5350943396226415,0.8218867924528301,0.9532075471698114,
chronos2_joint_ft,conformal,8,7,17.12632561659391,34.153356645321075,0.5653846153846154,0.8376923076923077,0.9338461538461539,
chronos2_joint_ft,conformal,8,8,14.133451060436578,25.4319772844625,0.44461538461538463,0.7669230769230769,0.9776923076923076,
chronos2_joint_ft,conformal,8,9,8.103839069338685,26.292653754733823,0.5915384615384616,0.8976923076923077,0.9869230769230769,
chronos2_joint_ft,conformal,10,1,62.8986957494191,70.723276999827,0.3507692307692308,0.5907692307692308,0.7630769230769231,
chronos2_joint_ft,conformal,10,2,33.57321280957412,34.17327567530229,0.3292307692307692,0.6723076923076923,0.9192307692307692,
chronos2_joint_ft,conformal,10,3,25.486467368871157,58.833823070129036,0.3892307692307692,0.6738461538461539,0.88,
chronos2_joint_ft,conformal,10,6,9.773198605991313,17.523175289807945,0.5064150943396226,0.8271698113207547,0.9509433962264151,
chronos2_joint_ft,conformal,10,7,17.283438672339948,33.435742199734506,0.5792307692307692,0.8307692307692308,0.9453846153846154,
chronos2_joint_ft,conformal,10,8,16.19673015794278,28.263880879583684,0.3984615384615385,0.7269230769230769,0.9623076923076923,
chronos2_joint_ft,conformal,10,9,8.789166378073595,26.945125310746967,0.5953846153846154,0.9084615384615384,0.9923076923076923,
chronos2_joint_ft,conformal,12,1,67.91155479729184,76.49790445691504,0.3269230769230769,0.553076923076923,0.74,
chronos2_joint_ft,conformal,12,2,41.1688669183688,37.88461756144601,0.28,0.5976923076923077,0.8869230769230769,
chronos2_joint_ft,conformal,12,3,28.44722830767412,66.98542859384561,0.3976923076923077,0.6423076923076924,0.8546153846153847,
chronos2_joint_ft,conformal,12,6,9.83861379564812,18.591781145899276,0.47094339622641507,0.8113207547169812,0.96,
chronos2_joint_ft,conformal,12,7,17.470649916702932,33.252066508055954,0.5638461538461539,0.8376923076923077,0.9476923076923077,
chronos2_joint_ft,conformal,12,8,17.393404758887456,29.071446845325507,0.38846153846153847,0.7423076923076923,0.9492307692307692,
chronos2_joint_ft,conformal,12,9,9.021871587266066,27.0449672436981,0.583076923076923,0.9184615384615384,0.9930769230769231,
chronos2_joint_ft,native,1,1,27.491186957332953,31.039147888793124,0.4123076923076923,0.7007692307692308,0.92,
chronos2_joint_ft,native,1,2,5.322611072488519,10.043300654221236,0.5192307692307693,0.82,0.9761538461538461,
chronos2_joint_ft,native,1,3,9.65782979906433,19.411283213467563,0.4846153846153846,0.7976923076923077,0.96,
chronos2_joint_ft,native,1,6,6.741109607036945,13.69280548184328,0.48226415094339625,0.7645283018867924,0.9245283018867925,
chronos2_joint_ft,native,1,7,10.495812301417859,20.170562483830285,0.4938461538461538,0.7915384615384615,0.9523076923076923,
chronos2_joint_ft,native,1,8,5.303506676988113,12.773239769105402,0.5138461538461538,0.8353846153846154,0.9730769230769231,
chronos2_joint_ft,native,1,9,4.643035336446412,11.758385589757053,0.5076923076923077,0.8176923076923077,0.9730769230769231,
chronos2_joint_ft,native,2,1,32.50582768962621,36.85971254383784,0.42,0.6992307692307692,0.9215384615384615,
chronos2_joint_ft,native,2,2,6.096770675975693,11.351534158125919,0.5453846153846154,0.8407692307692308,0.9769230769230769,
chronos2_joint_ft,native,2,3,11.38339823546925,23.714960494313093,0.5123076923076924,0.81,0.9715384615384616,
chronos2_joint_ft,native,2,6,7.176113971251926,12.589500540070091,0.5041509433962265,0.7833962264150943,0.9373584905660377,
chronos2_joint_ft,native,2,7,12.544848248389314,24.80958333037645,0.4969230769230769,0.79,0.9461538461538461,
chronos2_joint_ft,native,2,8,5.9061011969096455,13.409948264584864,0.56,0.8646153846153846,0.9838461538461538,
chronos2_joint_ft,native,2,9,5.241310962303781,15.220662114828126,0.5492307692307692,0.8369230769230769,0.9807692307692307,
chronos2_joint_ft,native,3,1,37.957651998706275,43.12376032749627,0.4323076923076923,0.7061538461538461,0.9069230769230769,
chronos2_joint_ft,native,3,2,6.796219183308595,12.382369008029787,0.5507692307692308,0.8523076923076923,0.9776923076923076,
chronos2_joint_ft,native,3,3,13.471087434796937,28.82458757631367,0.5246153846153846,0.8184615384615385,0.9607692307692308,
chronos2_joint_ft,native,3,6,7.7405405546873585,13.176724260270118,0.5003773584905661,0.7811320754716982,0.9433962264150944,
chronos2_joint_ft,native,3,7,14.230554891460706,29.332470344799592,0.48923076923076925,0.796923076923077,0.936923076923077,
chronos2_joint_ft,native,3,8,6.778048290176872,15.174976247491985,0.566923076923077,0.8853846153846154,0.9892307692307692,
chronos2_joint_ft,native,3,9,5.8973636083072565,18.023841562360815,0.5646153846153846,0.8507692307692307,0.9884615384615385,
chronos2_joint_ft,native,4,1,43.50268087433502,49.47177441077219,0.4107692307692308,0.686923076923077,0.8976923076923077,
chronos2_joint_ft,native,4,2,7.512517331007693,13.580616214263634,0.5346153846153846,0.8569230769230769,0.9784615384615385,
chronos2_joint_ft,native,4,3,15.57752618320281,33.83475919433164,0.5146153846153846,0.8061538461538461,0.96,
chronos2_joint_ft,native,4,6,8.108535355590586,13.140152158690364,0.5011320754716981,0.7871698113207547,0.9524528301886792,
chronos2_joint_ft,native,4,7,15.534818548483274,32.84878696343126,0.5130769230769231,0.7976923076923077,0.9415384615384615,
chronos2_joint_ft,native,4,8,7.587824722143224,17.175450833871082,0.5707692307692308,0.8869230769230769,0.9915384615384616,
chronos2_joint_ft,native,4,9,6.412774990672183,21.188458052814912,0.57,0.8576923076923076,0.9892307692307692,
chronos2_joint_ft,native,6,1,51.680242774841226,58.291101429619935,0.38769230769230767,0.6469230769230769,0.8692307692307693,
chronos2_joint_ft,native,6,2,8.900240760866502,15.625075665763948,0.5461538461538461,0.8515384615384616,0.9769230769230769,
chronos2_joint_ft,native,6,3,19.452614230055193,43.530884934079474,0.49,0.7830769230769231,0.9461538461538461,
chronos2_joint_ft,native,6,6,8.800876422704599,13.419486813348307,0.5147169811320754,0.7962264150943397,0.9645283018867925,
chronos2_joint_ft,native,6,7,16.12932744645236,33.6332432872521,0.5023076923076923,0.803076923076923,0.9476923076923077,
chronos2_joint_ft,native,6,8,9.184006200227618,20.392765972512255,0.5723076923076923,0.8884615384615384,0.9892307692307692,
chronos2_joint_ft,native,6,9,7.366546544237166,24.52191125229518,0.583076923076923,0.8784615384615385,0.9907692307692307,
chronos2_joint_ft,native,8,1,57.32377934269735,64.40725465666243,0.3676923076923077,0.6176923076923077,0.8507692307692307,
chronos2_joint_ft,native,8,2,10.521947417638522,17.424119502258712,0.5546153846153846,0.86,0.98,
chronos2_joint_ft,native,8,3,22.29068900388554,49.764669743776736,0.47846153846153844,0.7676923076923077,0.93,
chronos2_joint_ft,native,8,6,9.431392741382883,14.805551659421319,0.49886792452830186,0.8,0.9713207547169811,
chronos2_joint_ft,native,8,7,16.662797045250617,34.274973995532825,0.5176923076923077,0.8207692307692308,0.9484615384615385,
chronos2_joint_ft,native,8,8,11.159583090196286,27.26888880803968,0.5423076923076923,0.8684615384615385,0.9884615384615385,
chronos2_joint_ft,native,8,9,7.979739071904731,26.22672317631775,0.6115384615384616,0.8892307692307693,0.9907692307692307,
chronos2_joint_ft,native,10,1,62.252897619362294,70.15692439186586,0.3553846153846154,0.6061538461538462,0.8269230769230769,
chronos2_joint_ft,native,10,2,12.004303572571798,18.362865815782307,0.556923076923077,0.8592307692307692,0.9823076923076923,
chronos2_joint_ft,native,10,3,23.961732126826803,53.35339261342677,0.47846153846153844,0.7492307692307693,0.9246153846153846,
chronos2_joint_ft,native,10,6,9.935719366085724,15.968886198128663,0.5011320754716981,0.8226415094339623,0.9758490566037736,
chronos2_joint_ft,native,10,7,17.218321975483416,35.15430062159781,0.536923076923077,0.816923076923077,0.9584615384615385,
chronos2_joint_ft,native,10,8,12.666243927501295,30.36065584790641,0.5392307692307692,0.8730769230769231,0.9823076923076923,
chronos2_joint_ft,native,10,9,8.627348615626326,26.181125689740455,0.6176923076923077,0.8992307692307693,0.9923076923076923,
chronos2_joint_ft,native,12,1,66.96894678779394,75.637723031107,0.35846153846153844,0.5892307692307692,0.8223076923076923,
chronos2_joint_ft,native,12,2,13.134845721186267,18.665358779007228,0.5492307692307692,0.8715384615384615,0.9838461538461538,
chronos2_joint_ft,native,12,3,25.707264946412742,57.95657017779837,0.4684615384615385,0.74,0.9161538461538462,
chronos2_joint_ft,native,12,6,10.063789160492261,16.969631360446463,0.5094339622641509,0.8166037735849057,0.9683018867924529,
chronos2_joint_ft,native,12,7,17.612004577560317,35.690258314604044,0.5407692307692308,0.816923076923077,0.9653846153846154,
chronos2_joint_ft,native,12,8,13.545977142670056,31.579760001208328,0.5676923076923077,0.8761538461538462,0.9838461538461538,
chronos2_joint_ft,native,12,9,8.902463076024684,26.00447418706469,0.6276923076923077,0.9107692307692308,0.9938461538461538,
chronos2_joint_ft,recalibrated,1,1,26.69201231532879,30.044136442285932,0.4907692307692308,0.7292307692307692,0.9030769230769231,
chronos2_joint_ft,recalibrated,1,2,6.78413172680508,9.350505803381193,0.4676923076923077,0.78,0.9253846153846154,
chronos2_joint_ft,recalibrated,1,3,9.72589239960273,19.68316058721835,0.44,0.7484615384615385,0.9415384615384615,
chronos2_joint_ft,recalibrated,1,6,6.703188521574761,14.312066795398929,0.5056603773584906,0.780377358490566,0.9109433962264151,
chronos2_joint_ft,recalibrated,1,7,10.546746163910916,20.409723624372866,0.5076923076923077,0.8161538461538461,0.9615384615384616,
chronos2_joint_ft,recalibrated,1,8,5.357289127728819,12.342982770320157,0.5053846153846154,0.8423076923076923,0.9761538461538461,
chronos2_joint_ft,recalibrated,1,9,4.731062644244619,13.244579439717715,0.4930769230769231,0.7669230769230769,0.9353846153846154,
chronos2_joint_ft,recalibrated,2,1,31.479833027938113,35.589323353104945,0.4869230769230769,0.7376923076923076,0.9184615384615384,
chronos2_joint_ft,recalibrated,2,2,8.302411897878233,10.983955761078358,0.48615384615384616,0.7838461538461539,0.9146153846153846,
chronos2_joint_ft,recalibrated,2,3,11.600686170581637,24.528603176850076,0.43153846153846154,0.7384615384615385,0.9407692307692308,
chronos2_joint_ft,recalibrated,2,6,7.107897793790345,12.912492476278237,0.5252830188679245,0.7886792452830189,0.9366037735849057,
chronos2_joint_ft,recalibrated,2,7,12.570047990541985,25.37497061553238,0.48923076923076925,0.806923076923077,0.9446153846153846,
chronos2_joint_ft,recalibrated,2,8,6.143155411708902,12.971669290429853,0.5230769230769231,0.8776923076923077,0.9876923076923076,
chronos2_joint_ft,recalibrated,2,9,5.389257589939239,18.209413860924283,0.47384615384615386,0.75,0.9323076923076923,
chronos2_joint_ft,recalibrated,3,1,36.94387336321813,41.85482655553141,0.5007692307692307,0.7376923076923076,0.9107692307692308,
chronos2_joint_ft,recalibrated,3,2,10.114706873728023,12.741562127166397,0.47846153846153844,0.7761538461538462,0.9053846153846153,
chronos2_joint_ft,recalibrated,3,3,13.722749652870858,29.900742099784278,0.4492307692307692,0.7492307692307693,0.9407692307692308,
chronos2_joint_ft,recalibrated,3,6,7.635169443907068,13.559387535618828,0.5275471698113208,0.8045283018867925,0.9381132075471698,
chronos2_joint_ft,recalibrated,3,7,14.342678969419984,30.303473772586937,0.4846153846153846,0.8038461538461539,0.933076923076923,
chronos2_joint_ft,recalibrated,3,8,7.411046866796068,15.337909297880307,0.5392307692307692,0.8761538461538462,0.9961538461538462,
chronos2_joint_ft,recalibrated,3,9,6.158112099070301,22.001985805951335,0.45615384615384613,0.7276923076923076,0.9207692307692308,
chronos2_joint_ft,recalibrated,4,1,42.38057047737148,48.07671523043481,0.46384615384615385,0.7215384615384616,0.9023076923076923,
chronos2_joint_ft,recalibrated,4,2,12.28874471158477,14.895764676530998,0.4623076923076923,0.7492307692307693,0.9046153846153846,
chronos2_joint_ft,recalibrated,4,3,15.975138689116848,35.398446831202314,0.47,0.7353846153846154,0.9261538461538461,
chronos2_joint_ft,recalibrated,4,6,7.962578215100813,13.392854791241033,0.5532075471698114,0.8173584905660377,0.9532075471698114,
chronos2_joint_ft,recalibrated,4,7,15.802228013524442,34.54895608378431,0.49230769230769234,0.79,0.9130769230769231,
chronos2_joint_ft,recalibrated,4,8,8.55627531187379,17.74393972998072,0.5084615384615384,0.8661538461538462,0.9953846153846154,
chronos2_joint_ft,recalibrated,4,9,6.680312078584401,25.38662340818141,0.4423076923076923,0.73,0.9323076923076923,
chronos2_joint_ft,recalibrated,6,1,50.21532646685472,56.465125053790985,0.42153846153846153,0.6876923076923077,0.8807692307692307,
chronos2_joint_ft,recalibrated,6,2,17.503924614497596,19.60016888536626,0.41307692307692306,0.7161538461538461,0.9007692307692308,
chronos2_joint_ft,recalibrated,6,3,20.372116047476762,46.89813271293029,0.42923076923076925,0.71,0.91,
chronos2_joint_ft,recalibrated,6,6,8.634910998243193,13.5788718231121,0.570566037735849,0.8347169811320755,0.9554716981132075,
chronos2_joint_ft,recalibrated,6,7,16.608700630387744,36.015905629350364,0.48384615384615387,0.786923076923077,0.9053846153846153,
chronos2_joint_ft,recalibrated,6,8,10.812807696141698,20.37613316424815,0.4823076923076923,0.8453846153846154,0.99,
chronos2_joint_ft,recalibrated,6,9,7.5800597057266685,29.900817238290415,0.44846153846153847,0.7461538461538462,0.9446153846153846,
chronos2_joint_ft,recalibrated,8,1,56.28057936252952,63.10546991277954,0.4084615384615385,0.6569230769230769,0.8453846153846154,
chronos2_joint_ft,recalibrated,8,2,24.706596627475797,25.33172732550146,0.3484615384615385,0.6192307692307693,0.9161538461538462,
chronos2_joint_ft,recalibrated,8,3,24.059595100749792,56.01164941374391,0.40307692307692305,0.6815384615384615,0.8869230769230769,
chronos2_joint_ft,recalibrated,8,6,9.178292569787745,15.211868444105166,0.5335849056603773,0.8490566037735849,0.9735849056603774,
chronos2_joint_ft,recalibrated,8,7,17.0159606738776,36.21140361485115,0.52,0.7976923076923077,0.9084615384615384,
chronos2_joint_ft,recalibrated,8,8,13.232109425085975,25.560857540768904,0.4307692307692308,0.7838461538461539,0.99,
chronos2_joint_ft,recalibrated,8,9,8.041115945154846,32.061804298514886,0.48384615384615387,0.7976923076923077,0.9584615384615385,
chronos2_joint_ft,recalibrated,10,1,61.89959227006966,69.63807434939157,0.3953846153846154,0.6161538461538462,0.8123076923076923,
chronos2_joint_ft,recalibrated,10,2,32.846580024520776,31.524326795342706,0.2653846153846154,0.5192307692307693,0.8430769230769231,
chronos2_joint_ft,recalibrated,10,3,27.384094875798255,64.67602412502607,0.3507692307692308,0.6292307692307693,0.8630769230769231,
chronos2_joint_ft,recalibrated,10,6,9.53757139671386,16.792364199704053,0.519245283018868,0.8618867924528302,0.9645283018867925,
chronos2_joint_ft,recalibrated,10,7,17.36558328948547,36.38898185435184,0.5338461538461539,0.7915384615384615,0.9323076923076923,
chronos2_joint_ft,recalibrated,10,8,15.188564588816936,27.9131620787686,0.3776923076923077,0.7592307692307693,0.9830769230769231,
chronos2_joint_ft,recalibrated,10,9,8.591804323406363,32.82427413490589,0.5092307692307693,0.7738461538461539,0.9723076923076923,
chronos2_joint_ft,recalibrated,12,1,66.38259882728963,74.80338912695281,0.3930769230769231,0.6007692307692307,0.8107692307692308,
chronos2_joint_ft,recalibrated,12,2,41.73685639185565,36.63927512123347,0.23,0.42923076923076925,0.8192307692307692,
chronos2_joint_ft,recalibrated,12,3,30.445979132899733,73.02448957390158,0.3515384615384615,0.6015384615384616,0.8346153846153846,
chronos2_joint_ft,recalibrated,12,6,9.650997147296046,18.21624153267904,0.5033962264150943,0.8422641509433962,0.9584905660377359,
chronos2_joint_ft,recalibrated,12,7,17.531601507700902,36.02110871091926,0.5361538461538462,0.7884615384615384,0.94,
chronos2_joint_ft,recalibrated,12,8,16.412358618540395,28.562104738598546,0.36538461538461536,0.7584615384615384,0.9830769230769231,
chronos2_joint_ft,recalibrated,12,9,8.758845633811685,32.29735253070909,0.5023076923076923,0.7915384615384615,0.9761538461538461,
chronos_bolt,conformal,1,1,27.87101523354204,30.8605139348099,0.6346153846153846,0.8938461538461538,0.9830769230769231,
chronos_bolt,conformal,1,2,7.415139740381259,11.967760612914514,0.48384615384615387,0.813076923076923,0.9584615384615385,
chronos_bolt,conformal,1,3,11.106531266778594,22.210724665751687,0.5276923076923077,0.8207692307692308,0.9507692307692308,
chronos_bolt,conformal,1,6,7.441045843067198,14.351510407225396,0.5283018867924528,0.7705660377358491,0.910188679245283,
chronos_bolt,conformal,1,7,12.321022944547428,22.80138379432771,0.6023076923076923,0.8584615384615385,0.9661538461538461,
chronos_bolt,conformal,1,8,7.592550356173885,15.251682420366853,0.49923076923076926,0.84,0.9861538461538462,
chronos_bolt,conformal,1,9,5.359866185017982,13.010696873540338,0.5307692307692308,0.8269230769230769,0.9653846153846154,
chronos_bolt,conformal,2,1,32.89428916125016,36.577700696052645,0.6,0.8823076923076923,0.9730769230769231,
chronos_bolt,conformal,2,2,9.656823478218119,15.103508239189404,0.5130769230769231,0.8,0.9538461538461539,
chronos_bolt,conformal,2,3,12.981955436273829,26.647784917305852,0.5592307692307692,0.8215384615384616,0.9584615384615385,
chronos_bolt,conformal,2,6,7.781346623376053,12.786879814946175,0.540377358490566,0.7766037735849056,0.9230188679245283,
chronos_bolt,conformal,2,7,14.132086651105313,26.899768707349953,0.5723076923076923,0.8476923076923077,0.9446153846153846,
chronos_bolt,conformal,2,8,9.118611381035786,16.766707164642803,0.49153846153846154,0.8361538461538461,0.9923076923076923,
chronos_bolt,conformal,2,9,6.007269192540365,16.08620799533145,0.5492307692307692,0.8384615384615385,0.963076923076923,
chronos_bolt,conformal,3,1,38.56711907986486,42.892220328537874,0.5484615384615384,0.8361538461538461,0.9676923076923077,
chronos_bolt,conformal,3,2,12.52943015656911,18.530224618181,0.5330769230769231,0.8238461538461539,0.96,
chronos_bolt,conformal,3,3,14.987076427062695,31.21801536839045,0.5507692307692308,0.8238461538461539,0.94,
chronos_bolt,conformal,3,6,8.345831467006589,13.774281915610207,0.5343396226415095,0.8037735849056604,0.9366037735849057,
chronos_bolt,conformal,3,7,15.748013336693408,31.097626082512683,0.5961538461538461,0.8323076923076923,0.9315384615384615,
chronos_bolt,conformal,3,8,10.873803771618483,19.64086372925932,0.4930769230769231,0.8215384615384616,0.9830769230769231,
chronos_bolt,conformal,3,9,6.710530289288452,19.281311619867104,0.5430769230769231,0.8292307692307692,0.97,
chronos_bolt,conformal,4,1,43.55147616288914,48.39102573906851,0.4938461538461538,0.813076923076923,0.9561538461538461,
chronos_bolt,conformal,4,2,15.23880574141746,21.088544413864042,0.5207692307692308,0.8184615384615385,0.9638461538461538,
chronos_bolt,conformal,4,3,16.86341517666218,35.29829477160157,0.5807692307692308,0.8153846153846154,0.9407692307692308,
chronos_bolt,conformal,4,6,8.603664798276268,14.03060976261424,0.5577358490566038,0.7947169811320755,0.9464150943396227,
chronos_bolt,conformal,4,7,16.953833275941715,34.449281585323334,0.563076923076923,0.8384615384615385,0.93,
chronos_bolt,conformal,4,8,12.498554284955791,21.34330952073039,0.49153846153846154,0.8076923076923077,0.9830769230769231,
chronos_bolt,conformal,4,9,7.127207238401861,21.869012088638026,0.5323076923076923,0.8353846153846154,0.9738461538461538,
chronos_bolt,conformal,6,1,51.68611212851121,56.96538549450199,0.45,0.7307692307692307,0.9284615384615384,
chronos_bolt,conformal,6,2,20.88583308100156,26.307268317882638,0.5376923076923077,0.8307692307692308,0.953076923076923,
chronos_bolt,conformal,6,3,19.836124747400742,42.28928073542347,0.5284615384615384,0.8023076923076923,0.9207692307692308,
chronos_bolt,conformal,6,6,9.096400779443428,14.271740775143588,0.5615094339622642,0.8135849056603773,0.9509433962264151,
chronos_bolt,conformal,6,7,17.635110887092736,35.80805054502023,0.5461538461538461,0.8292307692307692,0.9338461538461539,
chronos_bolt,conformal,6,8,14.79548222962686,22.81374631247739,0.4461538461538462,0.7807692307692308,0.95,
chronos_bolt,conformal,6,9,8.19800506537264,25.259523767470935,0.5553846153846154,0.8576923076923076,0.9838461538461538,
chronos_bolt,conformal,8,1,57.44475554559781,62.88478510198202,0.4169230769230769,0.6853846153846154,0.8992307692307693,
chronos_bolt,conformal,8,2,27.80243456112672,31.584959582310777,0.5107692307692308,0.8092307692307692,0.9623076923076923,
chronos_bolt,conformal,8,3,22.47340739761616,48.32290346179391,0.5138461538461538,0.7784615384615384,0.916923076923077,
chronos_bolt,conformal,8,6,9.356015463398363,16.406885232869445,0.5449056603773584,0.8256603773584905,0.9547169811320755,
chronos_bolt,conformal,8,7,17.7047976408697,34.98787739132137,0.5553846153846154,0.8292307692307692,0.94,
chronos_bolt,conformal,8,8,16.865090913782826,26.112824532309027,0.4376923076923077,0.7438461538461538,0.9384615384615385,
chronos_bolt,conformal,8,9,9.089345064276618,26.048733150664606,0.5961538461538461,0.8846153846153846,0.99,
chronos_bolt,conformal,10,1,62.028037207986415,68.0855166140221,0.4,0.6507692307692308,0.8715384615384615,
chronos_bolt,conformal,10,2,36.09604134997455,36.38464330352985,0.4576923076923077,0.7907692307692308,0.9538461538461539,
chronos_bolt,conformal,10,3,24.19241887073123,52.48858232750093,0.4907692307692308,0.7623076923076924,0.9192307692307692,
chronos_bolt,conformal,10,6,9.539479585720496,19.17672429823225,0.49735849056603776,0.8015094339622642,0.9479245283018868,
chronos_bolt,conformal,10,7,18.348920108624537,34.64966854761844,0.5515384615384615,0.8423076923076923,0.9607692307692308,
chronos_bolt,conformal,10,8,18.51235197625154,29.31628392911074,0.4046153846153846,0.7284615384615385,0.9446153846153846,
chronos_bolt,conformal,10,9,9.763674551417484,25.831444868027464,0.6215384615384615,0.9069230769230769,0.9923076923076923,
chronos_bolt,conformal,12,1,66.11627644007127,72.26360044091304,0.36923076923076925,0.6153846153846154,0.8615384615384616,
chronos_bolt,conformal,12,2,43.44913217728076,40.18203690221656,0.4230769230769231,0.7538461538461538,0.9338461538461539,
chronos_bolt,conformal,12,3,25.63855570176967,56.41950275635207,0.4646153846153846,0.7353846153846154,0.91,
chronos_bolt,conformal,12,6,9.650169858230349,20.325571721263962,0.47471698113207544,0.789433962264151,0.9524528301886792,
chronos_bolt,conformal,12,7,18.550258851486305,34.43644764555339,0.5607692307692308,0.84,0.9576923076923077,
chronos_bolt,conformal,12,8,19.94882053759875,30.576686260110403,0.39615384615384613,0.7307692307692307,0.9392307692307692,
chronos_bolt,conformal,12,9,10.18769285752959,25.203706445411044,0.6361538461538462,0.9123076923076923,0.9984615384615385,
chronos_bolt,native,1,1,23.299941129592764,25.97589564806561,0.5561538461538461,0.8630769230769231,0.8630769230769231,
chronos_bolt,native,1,2,5.745209610308225,10.20985249368255,0.4930769230769231,0.816923076923077,0.816923076923077,
chronos_bolt,native,1,3,10.244747693264065,20.78453644191721,0.5061538461538462,0.7961538461538461,0.7961538461538461,
chronos_bolt,native,1,6,7.371089413558238,15.892481297624453,0.4573584905660377,0.750188679245283,0.750188679245283,
chronos_bolt,native,1,7,10.83366588999812,21.572008902958377,0.5315384615384615,0.8,0.8,
chronos_bolt,native,1,8,5.803262440047501,13.7639451357013,0.5546153846153846,0.86,0.86,
chronos_bolt,native,1,9,4.819617312425916,12.319388858198954,0.5392307692307692,0.8261538461538461,0.8261538461538461,
chronos_bolt,native,2,1,29.804208036180274,33.5441967943066,0.5269230769230769,0.8484615384615385,0.8484615384615385,
chronos_bolt,native,2,2,6.968502147983334,12.628305149885758,0.5161538461538462,0.8346153846153846,0.8346153846153846,
chronos_bolt,native,2,3,12.295190949510257,26.093697445398007,0.5176923076923077,0.8192307692307692,0.8192307692307692,
chronos_bolt,native,2,6,7.569994599417446,14.414142876162835,0.49660377358490565,0.7849056603773585,0.7849056603773585,
chronos_bolt,native,2,7,13.184717022526938,27.433500749035566,0.5438461538461539,0.8138461538461539,0.8138461538461539,
chronos_bolt,native,2,8,6.398375486436564,14.01885681846936,0.5838461538461538,0.8923076923076924,0.8923076923076924,
chronos_bolt,native,2,9,5.5560201633261075,16.538947525802335,0.5692307692307692,0.8607692307692307,0.8607692307692307,
chronos_bolt,native,3,1,37.582020997693704,42.45001798424857,0.5084615384615384,0.7976923076923077,0.7976923076923077,
chronos_bolt,native,3,2,7.90392621505197,14.28476704173348,0.4969230769230769,0.8453846153846154,0.8453846153846154,
chronos_bolt,native,3,3,14.95735980955371,32.57445783191724,0.5153846153846153,0.8053846153846154,0.8053846153846154,
chronos_bolt,native,3,6,7.964272749277363,15.462391936557001,0.5026415094339622,0.7886792452830189,0.7886792452830189,
chronos_bolt,native,3,7,15.105711180057886,32.81713080250996,0.54,0.8184615384615385,0.8184615384615385,
chronos_bolt,native,3,8,7.246424878074514,16.24091775228104,0.6169230769230769,0.9053846153846153,0.9053846153846153,
chronos_bolt,native,3,9,6.332976316878045,20.536020220341303,0.5853846153846154,0.8715384615384615,0.8715384615384615,
chronos_bolt,native,4,1,43.97901228286055,49.689686919359296,0.47923076923076924,0.7584615384615384,0.7584615384615384,
chronos_bolt,native,4,2,8.760756827473083,15.914987562150314,0.5084615384615384,0.8384615384615385,0.8384615384615385,
chronos_bolt,native,4,3,17.21131373083317,38.14857412609025,0.5146153846153846,0.7876923076923077,0.7876923076923077,
chronos_bolt,native,4,6,8.116411112344567,16.203979624514158,0.5147169811320754,0.810566037735849,0.810566037735849,
chronos_bolt,native,4,7,16.626968407450548,37.44336727781985,0.53,0.8184615384615385,0.8184615384615385,
chronos_bolt,native,4,8,7.922644201033156,17.1845380937106,0.6230769230769231,0.916923076923077,0.916923076923077,
chronos_bolt,native,4,9,6.929600176730707,23.477714634641238,0.6,0.8784615384615385,0.8784615384615385,
chronos_bolt,native,6,1,54.84113985546709,61.66192979399543,0.42923076923076925,0.693076923076923,0.693076923076923,
chronos_bolt,native,6,2,10.513627760889538,19.248417230675646,0.5146153846153846,0.8315384615384616,0.8315384615384616,
chronos_bolt,native,6,3,21.61069925917222,49.27670714474845,0.4876923076923077,0.7715384615384615,0.7715384615384615,
chronos_bolt,native,6,6,8.386163369508632,16.70782341643809,0.5056603773584906,0.8090566037735849,0.8090566037735849,
chronos_bolt,native,6,7,17.88893265681031,40.5088725665519,0.51,0.8,0.8,
chronos_bolt,native,6,8,9.54542661576391,22.547255682202948,0.6061538461538462,0.9046153846153846,0.9046153846153846,
chronos_bolt,native,6,9,7.956777710091579,28.296850407258102,0.6146153846153846,0.8876923076923077,0.8876923076923077,
chronos_bolt,native,8,1,62.35422384952298,69.9569744703897,0.38846153846153847,0.6492307692307693,0.6492307692307693,
chronos_bolt,native,8,2,11.896357059638119,21.665382963127136,0.5253846153846153,0.84,0.84,
chronos_bolt,native,8,3,25.269520577942753,58.51494736528034,0.47,0.7384615384615385,0.7384615384615385,
chronos_bolt,native,8,6,8.81079971867696,19.753967088873704,0.5064150943396226,0.8083018867924529,0.8083018867924529,
chronos_bolt,native,8,7,18.65444924243508,42.45494097970453,0.4976923076923077,0.8038461538461539,0.8038461538461539,
chronos_bolt,native,8,8,11.499473613035603,32.1981086103709,0.6007692307692307,0.8915384615384615,0.8915384615384615,
chronos_bolt,native,8,9,8.53013978769365,30.78443362453537,0.6261538461538462,0.9015384615384615,0.9015384615384615,
chronos_bolt,native,10,1,68.094775714367,76.67548043554615,0.38769230769230767,0.6169230769230769,0.6169230769230769,
chronos_bolt,native,10,2,13.075972219023942,22.889182351931662,0.5223076923076924,0.8607692307692307,0.8607692307692307,
chronos_bolt,native,10,3,27.401861710803278,63.47338322833364,0.4546153846153846,0.7276923076923076,0.7276923076923076,
chronos_bolt,native,10,6,9.103945502843693,22.30697047457165,0.49056603773584906,0.8286792452830188,0.8286792452830188,
chronos_bolt,native,10,7,19.525794554063534,44.204136998897056,0.5046153846153846,0.8007692307692308,0.8007692307692308,
chronos_bolt,native,10,8,12.864845001798447,35.88891086219813,0.6023076923076923,0.8884615384615384,0.8884615384615384,
chronos_bolt,native,10,9,8.890598988756073,29.834114507773325,0.6376923076923077,0.916923076923077,0.916923076923077,
chronos_bolt,native,12,1,73.76844753987841,83.04898752610357,0.3853846153846154,0.6007692307692307,0.6007692307692307,
chronos_bolt,native,12,2,13.584375156945303,22.584297583706622,0.566923076923077,0.8830769230769231,0.8830769230769231,
chronos_bolt,native,12,3,29.265252371667952,68.16814633426405,0.44769230769230767,0.7223076923076923,0.7223076923076923,
chronos_bolt,native,12,6,9.26787559078471,23.30560228915477,0.49433962264150944,0.8339622641509434,0.8339622641509434,
chronos_bolt,native,12,7,20.253949790226102,46.23112216180125,0.4869230769230769,0.786923076923077,0.786923076923077,
chronos_bolt,native,12,8,13.586733450109566,39.106866634014324,0.6107692307692307,0.8876923076923077,0.8876923076923077,
chronos_bolt,native,12,9,9.133700760863928,29.507063890429666,0.6423076923076924,0.9276923076923077,0.9276923076923077,
chronos_bolt,recalibrated,1,1,24.13035364561917,26.81622838225638,0.6238461538461538,0.88,0.98,
chronos_bolt,recalibrated,1,2,6.283452461577049,9.84266804692178,0.4,0.7015384615384616,0.9161538461538462,
chronos_bolt,recalibrated,1,3,10.050676816249267,20.251987326452312,0.4930769230769231,0.7653846153846153,0.9438461538461539,
chronos_bolt,recalibrated,1,6,7.173701793980468,14.169532166636122,0.5449056603773584,0.8083018867924529,0.9169811320754717,
chronos_bolt,recalibrated,1,7,10.991589612935249,20.74096160346814,0.58,0.8476923076923077,0.97,
chronos_bolt,recalibrated,1,8,6.504777513363737,13.801886200988529,0.48307692307692307,0.85,0.9738461538461538,
chronos_bolt,recalibrated,1,9,4.945285315705061,13.363693585602277,0.46384615384615385,0.7415384615384616,0.9476923076923077,
chronos_bolt,recalibrated,2,1,29.902564603597998,33.43205014536893,0.5915384615384616,0.87,0.9723076923076923,
chronos_bolt,recalibrated,2,2,8.462354577728675,12.684376146541524,0.43,0.713076923076923,0.9076923076923077,
chronos_bolt,recalibrated,2,3,11.996710485448316,25.253811111161376,0.4776923076923077,0.76,0.946923076923077,
chronos_bolt,recalibrated,2,6,7.445696085630671,12.626700926828429,0.5524528301886793,0.8083018867924529,0.9328301886792453,
chronos_bolt,recalibrated,2,7,12.821181125498065,25.232365699313412,0.5592307692307692,0.8338461538461538,0.9484615384615385,
chronos_bolt,recalibrated,2,8,7.5214021341231,14.293378169075606,0.4876923076923077,0.85,0.9884615384615385,
chronos_bolt,recalibrated,2,9,5.714741920282106,17.983017192944242,0.47384615384615386,0.7115384615384616,0.9407692307692308,
chronos_bolt,recalibrated,3,1,36.49933385423778,40.81137389935454,0.5746153846153846,0.8484615384615385,0.9615384615384616,
chronos_bolt,recalibrated,3,2,10.944832977576048,15.144216336404211,0.42846153846153845,0.7184615384615385,0.9084615384615384,
chronos_bolt,recalibrated,3,3,14.394726382298296,30.97572821547613,0.4869230769230769,0.7453846153846154,0.9207692307692308,
chronos_bolt,recalibrated,3,6,7.960875443335247,13.45451895958501,0.5683018867924529,0.8286792452830188,0.9486792452830188,
chronos_bolt,recalibrated,3,7,14.47787256622269,29.832553815467193,0.5423076923076923,0.8284615384615385,0.9323076923076923,
chronos_bolt,recalibrated,3,8,9.055508893240562,16.847789667915976,0.48384615384615387,0.8476923076923077,0.9861538461538462,
chronos_bolt,recalibrated,3,9,6.504251780806307,22.762374681679738,0.4546153846153846,0.71,0.9215384615384615,
chronos_bolt,recalibrated,4,1,41.798904378546915,46.68522816364699,0.5392307692307692,0.8338461538461538,0.9523076923076923,
chronos_bolt,recalibrated,4,2,13.518691748435844,17.433822708573214,0.4592307692307692,0.7069230769230769,0.9138461538461539,
chronos_bolt,recalibrated,4,3,16.305624970944447,35.386717035152174,0.5015384615384615,0.7353846153846154,0.9115384615384615,
chronos_bolt,recalibrated,4,6,8.222826404721218,13.589301433418349,0.5886792452830188,0.8467924528301887,0.9630188679245283,
chronos_bolt,recalibrated,4,7,15.803700128533304,33.82947165992832,0.536923076923077,0.8223076923076923,0.9153846153846154,
chronos_bolt,recalibrated,4,8,10.405992828831772,18.234608115803802,0.47,0.8453846153846154,0.9830769230769231,
chronos_bolt,recalibrated,4,9,7.042690166715295,25.85661692394359,0.43923076923076926,0.7223076923076923,0.9253846153846154,
chronos_bolt,recalibrated,6,1,50.485274356081725,55.86695673271279,0.49153846153846154,0.7769230769230769,0.936923076923077,
chronos_bolt,recalibrated,6,2,19.150281075241615,22.446966987086263,0.46307692307692305,0.7184615384615385,0.9107692307692308,
chronos_bolt,recalibrated,6,3,19.985445021830785,44.352401946600956,0.4715384615384615,0.7176923076923077,0.9084615384615384,
chronos_bolt,recalibrated,6,6,8.678681513120061,13.72909562499913,0.6030188679245283,0.8543396226415094,0.9713207547169811,
chronos_bolt,recalibrated,6,7,16.73901826066853,35.57572702910276,0.5269230769230769,0.8092307692307692,0.9238461538461539,
chronos_bolt,recalibrated,6,8,12.760887719616143,20.878758575808018,0.4592307692307692,0.816923076923077,0.9576923076923077,
chronos_bolt,recalibrated,6,9,7.965597113040486,30.07195885789306,0.43923076923076926,0.7407692307692307,0.9523076923076923,
chronos_bolt,recalibrated,8,1,56.72101604954505,62.353980312863456,0.4715384615384615,0.74,0.8946153846153846,
chronos_bolt,recalibrated,8,2,25.556196290913682,27.260765793683685,0.44,0.6946153846153846,0.8946153846153846,
chronos_bolt,recalibrated,8,3,23.18734400968575,52.249565089947865,0.4469230769230769,0.69,0.8884615384615384,
chronos_bolt,recalibrated,8,6,8.976544316980204,16.06631878022233,0.579622641509434,0.850566037735849,0.9607547169811321,
chronos_bolt,recalibrated,8,7,17.092263309204462,35.64796678521848,0.5192307692307693,0.8176923076923077,0.94,
chronos_bolt,recalibrated,8,8,15.326262750819582,25.296346794883622,0.4376923076923077,0.7823076923076923,0.9523076923076923,
chronos_bolt,recalibrated,8,9,8.42182904476735,30.71449733489692,0.47923076923076924,0.7684615384615384,0.9730769230769231,
chronos_bolt,recalibrated,10,1,62.122566307957314,68.49707154495155,0.4553846153846154,0.6992307692307692,0.8630769230769231,
chronos_bolt,recalibrated,10,2,34.925616808769306,33.43023781138509,0.40615384615384614,0.6646153846153846,0.8869230769230769,
chronos_bolt,recalibrated,10,3,25.509040858188683,58.061053532844525,0.42846153846153845,0.6538461538461539,0.8723076923076923,
chronos_bolt,recalibrated,10,6,9.16915946154868,18.725645604764967,0.5381132075471698,0.8550943396226415,0.9592452830188679,
chronos_bolt,recalibrated,10,7,17.779007024805534,35.956009867436464,0.5492307692307692,0.8253846153846154,0.9407692307692308,
chronos_bolt,recalibrated,10,8,17.36238467501608,28.721002143439584,0.4115384615384615,0.7753846153846153,0.9484615384615385,
chronos_bolt,recalibrated,10,9,8.767629284591942,30.427017479742286,0.49,0.7953846153846154,0.9792307692307692,
chronos_bolt,recalibrated,12,1,67.0871811748454,73.72134534825891,0.4238461538461539,0.6746153846153846,0.8561538461538462,
chronos_bolt,recalibrated,12,2,42.40808002817631,37.4037902335014,0.36615384615384616,0.6284615384615385,0.8553846153846154,
chronos_bolt,recalibrated,12,3,27.49404487222627,63.40672580371622,0.4023076923076923,0.6384615384615384,0.8453846153846154,
chronos_bolt,recalibrated,12,6,9.300850223596491,19.93483498012028,0.5154716981132076,0.850566037735849,0.9615094339622642,
chronos_bolt,recalibrated,12,7,18.169721284407828,36.74996583484003,0.5307692307692308,0.786923076923077,0.9446153846153846,
chronos_bolt,recalibrated,12,8,18.680020099597055,30.4782672938866,0.40923076923076923,0.7769230769230769,0.9415384615384615,
chronos_bolt,recalibrated,12,9,8.999207089123399,28.995144926677053,0.5061538461538462,0.8161538461538461,0.9815384615384616,
climatology,conformal,1,1,87.7404992811022,100.98006257318026,0.17,0.3169230769230769,0.49846153846153846,
climatology,conformal,1,2,82.17614876712211,73.7734191059196,0.1646153846153846,0.40076923076923077,0.7738461538461539,
climatology,conformal,1,3,26.04319969515286,53.969155330545036,0.4107692307692308,0.7153846153846154,0.9130769230769231,
climatology,conformal,1,6,11.063910415704324,30.61790155815016,0.24528301886792453,0.5343396226415095,0.8784905660377359,
climatology,conformal,1,7,25.002990682632912,59.38980193043129,0.27076923076923076,0.5353846153846153,0.7746153846153846,
climatology,conformal,1,8,14.725244128805219,26.118506890600816,0.4523076923076923,0.7976923076923077,0.9661538461538461,
climatology,conformal,1,9,11.034436290558606,30.799732145204434,0.51,0.8184615384615385,0.9807692307692307,
climatology,conformal,2,1,87.7404992811022,100.98006257318026,0.17,0.3169230769230769,0.49846153846153846,
climatology,conformal,2,2,82.17614876712211,73.7734191059196,0.1646153846153846,0.40076923076923077,0.7738461538461539,
climatology,conformal,2,3,26.04319969515286,53.969155330545036,0.4107692307692308,0.7153846153846154,0.9130769230769231,
climatology,conformal,2,6,11.063910415704324,30.61790155815016,0.24528301886792453,0.5343396226415095,0.8784905660377359,
climatology,conformal,2,7,25.002990682632912,59.38980193043129,0.27076923076923076,0.5353846153846153,0.7746153846153846,
climatology,conformal,2,8,14.725244128805219,26.118506890600816,0.4523076923076923,0.7976923076923077,0.9661538461538461,
climatology,conformal,2,9,11.034436290558606,30.799732145204434,0.51,0.8184615384615385,0.9807692307692307,
climatology,conformal,3,1,87.7404992811022,100.98006257318026,0.17,0.3169230769230769,0.49846153846153846,
climatology,conformal,3,2,82.17614876712211,73.7734191059196,0.1646153846153846,0.40076923076923077,0.7738461538461539,
climatology,conformal,3,3,26.04319969515286,53.969155330545036,0.4107692307692308,0.7153846153846154,0.9130769230769231,
climatology,conformal,3,6,11.063910415704324,30.61790155815016,0.24528301886792453,0.5343396226415095,0.8784905660377359,
climatology,conformal,3,7,25.002990682632912,59.38980193043129,0.27076923076923076,0.5353846153846153,0.7746153846153846,
climatology,conformal,3,8,14.725244128805219,26.118506890600816,0.4523076923076923,0.7976923076923077,0.9661538461538461,
climatology,conformal,3,9,11.034436290558606,30.799732145204434,0.51,0.8184615384615385,0.9807692307692307,
climatology,conformal,4,1,87.7404992811022,100.98006257318026,0.17,0.3169230769230769,0.49846153846153846,
climatology,conformal,4,2,82.17614876712211,73.7734191059196,0.1646153846153846,0.40076923076923077,0.7738461538461539,
climatology,conformal,4,3,26.04319969515286,53.969155330545036,0.4107692307692308,0.7153846153846154,0.9130769230769231,
climatology,conformal,4,6,11.063910415704324,30.61790155815016,0.24528301886792453,0.5343396226415095,0.8784905660377359,
climatology,conformal,4,7,25.002990682632912,59.38980193043129,0.27076923076923076,0.5353846153846153,0.7746153846153846,
climatology,conformal,4,8,14.725244128805219,26.118506890600816,0.4523076923076923,0.7976923076923077,0.9661538461538461,
climatology,conformal,4,9,11.034436290558606,30.799732145204434,0.51,0.8184615384615385,0.9807692307692307,
climatology,conformal,6,1,87.7404992811022,100.98006257318026,0.17,0.3169230769230769,0.49846153846153846,
climatology,conformal,6,2,82.17614876712211,73.7734191059196,0.1646153846153846,0.40076923076923077,0.7738461538461539,
climatology,conformal,6,3,26.04319969515286,53.969155330545036,0.4107692307692308,0.7153846153846154,0.9130769230769231,
climatology,conformal,6,6,11.063910415704324,30.61790155815016,0.24528301886792453,0.5343396226415095,0.8784905660377359,
climatology,conformal,6,7,25.002990682632912,59.38980193043129,0.27076923076923076,0.5353846153846153,0.7746153846153846,
climatology,conformal,6,8,14.725244128805219,26.118506890600816,0.4523076923076923,0.7976923076923077,0.9661538461538461,
climatology,conformal,6,9,11.034436290558606,30.799732145204434,0.51,0.8184615384615385,0.9807692307692307,
climatology,conformal,8,1,87.7404992811022,100.98006257318026,0.17,0.3169230769230769,0.49846153846153846,
climatology,conformal,8,2,82.17614876712211,73.7734191059196,0.1646153846153846,0.40076923076923077,0.7738461538461539,
climatology,conformal,8,3,26.04319969515286,53.969155330545036,0.4107692307692308,0.7153846153846154,0.9130769230769231,
climatology,conformal,8,6,11.063910415704324,30.61790155815016,0.24528301886792453,0.5343396226415095,0.8784905660377359,
climatology,conformal,8,7,25.002990682632912,59.38980193043129,0.27076923076923076,0.5353846153846153,0.7746153846153846,
climatology,conformal,8,8,14.725244128805219,26.118506890600816,0.4523076923076923,0.7976923076923077,0.9661538461538461,
climatology,conformal,8,9,11.034436290558606,30.799732145204434,0.51,0.8184615384615385,0.9807692307692307,
climatology,conformal,10,1,87.7404992811022,100.98006257318026,0.17,0.3169230769230769,0.49846153846153846,
climatology,conformal,10,2,82.17614876712211,73.7734191059196,0.1646153846153846,0.40076923076923077,0.7738461538461539,
climatology,conformal,10,3,26.04319969515286,53.969155330545036,0.4107692307692308,0.7153846153846154,0.9130769230769231,
climatology,conformal,10,6,11.063910415704324,30.61790155815016,0.24528301886792453,0.5343396226415095,0.8784905660377359,
climatology,conformal,10,7,25.002990682632912,59.38980193043129,0.27076923076923076,0.5353846153846153,0.7746153846153846,
climatology,conformal,10,8,14.725244128805219,26.118506890600816,0.4523076923076923,0.7976923076923077,0.9661538461538461,
climatology,conformal,10,9,11.034436290558606,30.799732145204434,0.51,0.8184615384615385,0.9807692307692307,
climatology,conformal,12,1,87.7404992811022,100.98006257318026,0.17,0.3169230769230769,0.49846153846153846,
climatology,conformal,12,2,82.17614876712211,73.7734191059196,0.1646153846153846,0.40076923076923077,0.7738461538461539,
climatology,conformal,12,3,26.04319969515286,53.969155330545036,0.4107692307692308,0.7153846153846154,0.9130769230769231,
climatology,conformal,12,6,11.063910415704324,30.61790155815016,0.24528301886792453,0.5343396226415095,0.8784905660377359,
climatology,conformal,12,7,25.002990682632912,59.38980193043129,0.27076923076923076,0.5353846153846153,0.7746153846153846,
climatology,conformal,12,8,14.725244128805219,26.118506890600816,0.4523076923076923,0.7976923076923077,0.9661538461538461,
climatology,conformal,12,9,11.034436290558606,30.799732145204434,0.51,0.8184615384615385,0.9807692307692307,
ens_equal,conformal,1,1,24.218033917414154,26.868410246172687,0.6523076923076923,0.8907692307692308,0.9830769230769231,
ens_equal,conformal,1,2,6.822617709081239,10.80339078428267,0.4576923076923077,0.7784615384615384,0.9307692307692308,
ens_equal,conformal,1,3,10.205126380941888,20.481148049760495,0.5307692307692308,0.8107692307692308,0.9592307692307692,
ens_equal,conformal,1,6,7.0147704124131876,13.360013305017175,0.5366037735849056,0.7932075471698113,0.9109433962264151,
ens_equal,conformal,1,7,11.933404536510151,22.432037096255478,0.5784615384615385,0.86,0.9676923076923077,
ens_equal,conformal,1,8,6.067017402641069,13.077532718281287,0.5407692307692308,0.8576923076923076,0.9907692307692307,
ens_equal,conformal,1,9,5.039217040538636,11.856717556368631,0.5192307692307693,0.82,0.9561538461538461,
ens_equal,conformal,2,1,29.266230546847133,32.63744371863896,0.5946153846153847,0.8753846153846154,0.9784615384615385,
ens_equal,conformal,2,2,9.112346101606683,13.780717606031416,0.45615384615384613,0.7369230769230769,0.916923076923077,
ens_equal,conformal,2,3,11.661750964370972,24.17183330245862,0.5123076923076924,0.8376923076923077,0.9638461538461538,
ens_equal,conformal,2,6,7.4042792717233015,11.850577339369307,0.5479245283018868,0.7932075471698113,0.9147169811320754,
ens_equal,conformal,2,7,13.989253705420582,26.906185482855566,0.5638461538461539,0.85,0.9438461538461539,
ens_equal,conformal,2,8,7.1183697652974605,14.442635459981588,0.5776923076923077,0.8853846153846154,0.9976923076923077,
ens_equal,conformal,2,9,5.628175874960304,14.911618796509423,0.5107692307692308,0.8176923076923077,0.946923076923077,
ens_equal,conformal,3,1,33.6379211372683,37.67922448331658,0.5492307692307692,0.8269230769230769,0.9615384615384616,
ens_equal,conformal,3,2,11.415937244624516,16.63425227606401,0.4546153846153846,0.7684615384615384,0.9176923076923077,
ens_equal,conformal,3,3,13.46990494875538,28.474160056946904,0.5107692307692308,0.8015384615384615,0.9553846153846154,
ens_equal,conformal,3,6,7.883954021215918,12.94211641879518,0.5516981132075471,0.8022641509433962,0.9283018867924528,
ens_equal,conformal,3,7,15.95647680880902,31.90345529647266,0.5753846153846154,0.8276923076923077,0.9376923076923077,
ens_equal,conformal,3,8,8.212527851676596,17.50671556744957,0.5892307692307692,0.8946153846153846,0.9992307692307693,
ens_equal,conformal,3,9,6.166604323376833,17.71882786510311,0.4776923076923077,0.8053846153846154,0.946923076923077,
ens_equal,conformal,4,1,38.707712461565926,43.41319829880283,0.51,0.7707692307692308,0.9484615384615385,
ens_equal,conformal,4,2,16.163088011591707,22.000196145811174,0.4115384615384615,0.6753846153846154,0.9053846153846153,
ens_equal,conformal,4,3,15.065106056365419,32.270026816635905,0.5538461538461539,0.8138461538461539,0.95,
ens_equal,conformal,4,6,8.22726985826417,12.561280539589534,0.540377358490566,0.8188679245283019,0.9441509433962264,
ens_equal,conformal,4,7,17.257164565035918,35.41857726723838,0.56,0.8092307692307692,0.9292307692307692,
ens_equal,conformal,4,8,9.290023985572807,18.942592975409042,0.6146153846153846,0.8838461538461538,0.9984615384615385,
ens_equal,conformal,4,9,6.7228856595461535,20.09556067715612,0.46923076923076923,0.806923076923077,0.96,
ens_equal,conformal,6,1,49.49234306124164,55.640011531880695,0.4084615384615385,0.6684615384615384,0.88,
ens_equal,conformal,6,2,28.24531516678352,35.839045959112255,0.3484615384615385,0.6046153846153847,0.8630769230769231,
ens_equal,conformal,6,3,18.44105506688912,40.70158545034978,0.5546153846153846,0.8107692307692308,0.9338461538461539,
ens_equal,conformal,6,6,8.97575843655742,12.523474383984976,0.5645283018867925,0.8060377358490566,0.9433962264150944,
ens_equal,conformal,6,7,18.494836353225335,36.785108877804475,0.546923076923077,0.8176923076923077,0.926923076923077,
ens_equal,conformal,6,8,10.686712702394866,20.807380471826335,0.6061538461538462,0.8823076923076923,0.99,
ens_equal,conformal,6,9,7.8694071753666055,24.827436363035993,0.4776923076923077,0.8038461538461539,0.9669230769230769,
ens_equal,conformal,8,1,59.239476130359755,66.30553939715287,0.3630769230769231,0.5946153846153847,0.8092307692307692,
ens_equal,conformal,8,2,34.62071597441627,40.80413999015636,0.34,0.5984615384615385,0.9007692307692308,
ens_equal,conformal,8,3,22.42277919597217,51.11897466028038,0.47692307692307695,0.7669230769230769,0.9061538461538462,
ens_equal,conformal,8,6,9.431805588035385,14.711257797733605,0.5516981132075471,0.8271698113207547,0.9449056603773585,
ens_equal,conformal,8,7,18.5319170896487,34.15935451303338,0.5153846153846153,0.8253846153846154,0.9376923076923077,
ens_equal,conformal,8,8,11.026628808602975,25.632753274480155,0.6061538461538462,0.8692307692307693,0.9869230769230769,
ens_equal,conformal,8,9,9.165074153792206,26.81982067540819,0.52,0.8461538461538461,0.97,
ens_equal,conformal,10,1,68.43922360837037,77.26379609322542,0.32153846153846155,0.54,0.7384615384615385,
ens_equal,conformal,10,2,46.65232456943863,50.38127691440551,0.28384615384615386,0.5307692307692308,0.8307692307692308,
ens_equal,conformal,10,3,24.117519050954368,54.42884521743363,0.4930769230769231,0.7776923076923077,0.9261538461538461,
ens_equal,conformal,10,6,9.815123647609592,17.2918783280108,0.510188679245283,0.7947169811320755,0.9441509433962264,
ens_equal,conformal,10,7,19.386216394742682,33.76294371976942,0.5323076923076923,0.8138461538461539,0.9546153846153846,
ens_equal,conformal,10,8,11.842449141906462,28.18459847044322,0.5953846153846154,0.8792307692307693,0.9823076923076923,
ens_equal,conformal,10,9,9.896867190264233,27.210839241646287,0.5015384615384615,0.8392307692307692,0.9707692307692307,
ens_equal,conformal,12,1,72.41573020503773,81.68877176815968,0.30230769230769233,0.5238461538461539,0.73,
ens_equal,conformal,12,2,59.3855432250547,55.390693010513736,0.24384615384615385,0.47923076923076924,0.8107692307692308,
ens_equal,conformal,12,3,28.373869786077673,66.51896026880358,0.4461538461538462,0.7092307692307692,0.8715384615384615,
ens_equal,conformal,12,6,10.079555616123496,17.801705141628386,0.4807547169811321,0.8,0.9539622641509434,
ens_equal,conformal,12,7,19.46948769710879,32.90503202741017,0.5261538461538462,0.8207692307692308,0.9576923076923077,
ens_equal,conformal,12,8,12.400560669663962,27.326647487094657,0.6138461538461538,0.8853846153846154,0.9823076923076923,
ens_equal,conformal,12,9,10.02691262652919,27.43528649975498,0.48615384615384616,0.8284615384615385,0.98,
gcn_v2,conformal,1,1,27.030941807193113,29.949796661159194,0.6453846153846153,0.9161538461538462,0.9861538461538462,
gcn_v2,conformal,1,2,8.920190545742548,14.030043533623044,0.43538461538461537,0.7269230769230769,0.9176923076923077,
gcn_v2,conformal,1,3,11.577113275549934,23.073357556915788,0.5323076923076923,0.8261538461538461,0.9592307692307692,
gcn_v2,conformal,1,6,8.290367760851586,15.514881120501943,0.5411320754716981,0.7916981132075471,0.8966037735849056,
gcn_v2,conformal,1,7,13.903382419226858,25.49619283117951,0.5553846153846154,0.8646153846153846,0.9676923076923077,
gcn_v2,conformal,1,8,7.352606760057883,15.659796547040186,0.5338461538461539,0.8461538461538461,0.9892307692307692,
gcn_v2,conformal,1,9,5.737571473647442,12.185390730305231,0.5269230769230769,0.8138461538461539,0.9553846153846154,
gcn_v2,conformal,2,1,34.75621016434687,39.07130816019679,0.5023076923076923,0.8115384615384615,0.9807692307692307,
gcn_v2,conformal,2,2,17.601104665133626,26.865307562800425,0.29923076923076924,0.583076923076923,0.86,
gcn_v2,conformal,2,3,13.065608679054144,26.377915610747724,0.5423076923076923,0.8453846153846154,0.9715384615384616,
gcn_v2,conformal,2,6,9.098645219359952,13.305076323208528,0.5373584905660377,0.7954716981132075,0.8973584905660378,
gcn_v2,conformal,2,7,16.52509705752938,30.7197050387335,0.5553846153846154,0.8515384615384616,0.9569230769230769,
gcn_v2,conformal,2,8,8.117448828308815,16.185157544972956,0.553076923076923,0.8592307692307692,0.9953846153846154,
gcn_v2,conformal,2,9,6.487987444994688,15.470897999643928,0.5161538461538462,0.823076923076923,0.9569230769230769,
gcn_v2,conformal,3,1,35.27840026377893,39.69609911872867,0.5361538461538462,0.8353846153846154,0.9753846153846154,
gcn_v2,conformal,3,2,18.583333625510683,27.62038916270751,0.33,0.6130769230769231,0.8776923076923077,
gcn_v2,conformal,3,3,14.507490305685785,29.379587951460103,0.5515384615384615,0.8238461538461539,0.9584615384615385,
gcn_v2,conformal,3,6,10.252438465768048,14.84286883187932,0.5290566037735849,0.7939622641509434,0.9139622641509434,
gcn_v2,conformal,3,7,18.087740398297846,35.24445569468598,0.5607692307692308,0.8323076923076923,0.946923076923077,
gcn_v2,conformal,3,8,10.590928378277669,23.315163027852535,0.5538461538461539,0.8953846153846153,0.9969230769230769,
gcn_v2,conformal,3,9,7.390353671093144,19.60921127605369,0.5130769230769231,0.8123076923076923,0.9492307692307692,
gcn_v2,conformal,4,1,39.963533871712386,44.975920743396614,0.5076923076923077,0.8076923076923077,0.9723076923076923,
gcn_v2,conformal,4,2,21.892438481593903,30.447106852159024,0.34076923076923077,0.5938461538461538,0.8515384615384616,
gcn_v2,conformal,4,3,16.005067770605365,32.733457099488824,0.5738461538461539,0.8407692307692308,0.9692307692307692,
gcn_v2,conformal,4,6,10.73050237744174,15.190986864919072,0.5524528301886793,0.8083018867924529,0.9290566037735849,
gcn_v2,conformal,4,7,19.421646514776032,37.89100017932228,0.5715384615384616,0.8261538461538461,0.9446153846153846,
gcn_v2,conformal,4,8,12.376253260620334,27.476976487485956,0.5284615384615384,0.8669230769230769,0.9953846153846154,
gcn_v2,conformal,4,9,7.197344341693153,20.85165770996738,0.47384615384615386,0.806923076923077,0.9507692307692308,
gcn_v2,conformal,6,1,46.830878993800376,52.838069134688,0.4553846153846154,0.7415384615384616,0.9384615384615385,
gcn_v2,conformal,6,2,31.57625871426358,40.243534947593496,0.33153846153846156,0.5792307692307692,0.8415384615384616,
gcn_v2,conformal,6,3,18.806395213734028,39.34126112925322,0.563076923076923,0.8438461538461538,0.9592307692307692,
gcn_v2,conformal,6,6,12.36053525703358,15.381190089358647,0.5320754716981132,0.789433962264151,0.9147169811320754,
gcn_v2,conformal,6,7,21.117808987986024,38.81422752651184,0.5676923076923077,0.8515384615384616,0.9438461538461539,
gcn_v2,conformal,6,8,14.73824666195132,33.167858968998495,0.5638461538461539,0.8784615384615385,0.99,
gcn_v2,conformal,6,9,8.646129149319453,27.13198956412895,0.4946153846153846,0.8253846153846154,0.9507692307692308,
gcn_v2,conformal,8,1,55.47926933475831,62.579095785933276,0.39692307692307693,0.6638461538461539,0.9061538461538462,
gcn_v2,conformal,8,2,35.72945005989755,43.45994086945354,0.3515384615384615,0.6223076923076923,0.8546153846153847,
gcn_v2,conformal,8,3,21.171238301426555,44.98306561550785,0.5876923076923077,0.8430769230769231,0.9484615384615385,
gcn_v2,conformal,8,6,13.873664600994363,17.586672815877566,0.5305660377358491,0.789433962264151,0.9169811320754717,
gcn_v2,conformal,8,7,20.781267079064335,37.59096476916602,0.5661538461538461,0.8469230769230769,0.953076923076923,
gcn_v2,conformal,8,8,15.430230522790566,30.440610832546216,0.5323076923076923,0.8392307692307692,0.9823076923076923,
gcn_v2,conformal,8,9,10.21303882040452,32.85550121211819,0.52,0.8476923076923077,0.9615384615384616,
gcn_v2,conformal,10,1,66.86759134455107,76.1712754859162,0.3453846153846154,0.5923076923076923,0.8207692307692308,
gcn_v2,conformal,10,2,53.353612344973705,66.25052554052057,0.26461538461538464,0.5161538461538462,0.8046153846153846,
gcn_v2,conformal,10,3,23.62137928672355,50.08526541659717,0.5169230769230769,0.8023076923076923,0.9415384615384615,
gcn_v2,conformal,10,6,12.846500079974158,18.231941187951385,0.5350943396226415,0.7856603773584906,0.9388679245283019,
gcn_v2,conformal,10,7,22.874672815570953,38.18259921624066,0.55,0.8592307692307692,0.9515384615384616,
gcn_v2,conformal,10,8,17.330710978448373,35.11339368642212,0.5315384615384615,0.8469230769230769,0.9815384615384616,
gcn_v2,conformal,10,9,11.344363037787684,34.61776187270358,0.5107692307692308,0.8307692307692308,0.9676923076923077,
gcn_v2,conformal,12,1,70.8190383749232,80.79593226681945,0.32076923076923075,0.5723076923076923,0.7846153846153846,
gcn_v2,conformal,12,2,61.59390886467411,66.76325892247581,0.26076923076923075,0.5192307692307693,0.8284615384615385,
gcn_v2,conformal,12,3,24.775749461120125,53.07688648973098,0.5292307692307693,0.786923076923077,0.93,
gcn_v2,conformal,12,6,14.065799592685236,19.130559220252806,0.48452830188679247,0.7879245283018868,0.9373584905660377,
gcn_v2,conformal,12,7,22.006493712520204,36.6920807479266,0.5607692307692308,0.8376923076923077,0.9538461538461539,
gcn_v2,conformal,12,8,18.374446945699432,35.762715298104176,0.5507692307692308,0.85,0.98,
gcn_v2,conformal,12,9,12.397276493365487,32.81669623085657,0.5269230769230769,0.84,0.9661538461538461,
gru_v1,conformal,1,1,24.515257662175102,27.199542180698376,0.6661538461538462,0.8969230769230769,0.9838461538461538,
gru_v1,conformal,1,2,6.809635004566248,10.703913377845193,0.4876923076923077,0.7823076923076923,0.9384615384615385,
gru_v1,conformal,1,3,10.441943409266422,20.783066322241087,0.5238461538461539,0.813076923076923,0.9615384615384616,
gru_v1,conformal,1,6,7.640409755200231,14.533286720500715,0.539622641509434,0.7841509433962264,0.8973584905660378,
gru_v1,conformal,1,7,12.33989910855859,23.31417010903554,0.55,0.8638461538461538,0.9723076923076923,
gru_v1,conformal,1,8,6.726275486918477,14.418428804581742,0.55,0.8569230769230769,0.99,
gru_v1,conformal,1,9,5.24106269375189,12.19888968844568,0.5223076923076924,0.823076923076923,0.9515384615384616,
gru_v1,conformal,2,1,29.45232909719835,32.801662456042855,0.5807692307692308,0.8715384615384615,0.9792307692307692,
gru_v1,conformal,2,2,9.552490494950003,14.718927323793617,0.46153846153846156,0.7553846153846154,0.9215384615384615,
gru_v1,conformal,2,3,12.136086851877392,24.995631017367753,0.5076923076923077,0.8423076923076923,0.9746153846153847,
gru_v1,conformal,2,6,7.773059940180252,12.209920000222944,0.5532075471698114,0.8,0.910188679245283,
gru_v1,conformal,2,7,14.121831459099452,27.600677306196197,0.563076923076923,0.8392307692307692,0.9461538461538461,
gru_v1,conformal,2,8,7.578035422485423,15.173984584449324,0.55,0.8776923076923077,0.9976923076923077,
gru_v1,conformal,2,9,5.848398742893722,15.17592297996994,0.5307692307692308,0.8223076923076923,0.953076923076923,
gru_v1,conformal,3,1,33.22195973175335,36.98104533612209,0.5584615384615385,0.8515384615384616,0.9707692307692307,
gru_v1,conformal,3,2,11.607473903996453,17.423796776145345,0.4584615384615385,0.7846153846153846,0.9223076923076923,
gru_v1,conformal,3,3,13.968549831111863,29.485796886960348,0.5007692307692307,0.7976923076923077,0.9546153846153846,
gru_v1,conformal,3,6,8.818568397427962,13.502725593144547,0.5335849056603773,0.8090566037735849,0.9162264150943397,
gru_v1,conformal,3,7,15.790570210760421,32.16999937631753,0.5546153846153846,0.83,0.9415384615384615,
gru_v1,conformal,3,8,8.681041730273828,18.430873267894224,0.5476923076923077,0.88,0.9984615384615385,
gru_v1,conformal,3,9,6.54130363320583,17.589318866213386,0.5038461538461538,0.8084615384615385,0.9546153846153846,
gru_v1,conformal,4,1,38.94327307761501,43.596628756917376,0.5123076923076924,0.78,0.9492307692307692,
gru_v1,conformal,4,2,15.307542129183835,21.554031812549297,0.4346153846153846,0.7176923076923077,0.9315384615384615,
gru_v1,conformal,4,3,15.158912846178092,31.938957436583923,0.5407692307692308,0.8246153846153846,0.9661538461538461,
gru_v1,conformal,4,6,8.983887523061009,13.30969632226072,0.5441509433962264,0.8067924528301886,0.9283018867924528,
gru_v1,conformal,4,7,18.125056390942074,35.353556049266565,0.5546153846153846,0.8384615384615385,0.9453846153846154,
gru_v1,conformal,4,8,8.742164292737067,18.30563711584467,0.5815384615384616,0.9015384615384615,0.9984615384615385,
gru_v1,conformal,4,9,7.032743797474332,19.449847682316108,0.5053846153846154,0.8115384615384615,0.9569230769230769,
gru_v1,conformal,6,1,48.86617760489579,54.985855769117315,0.3992307692307692,0.6984615384615385,0.8769230769230769,
gru_v1,conformal,6,2,23.31913967786636,29.95868604578173,0.39615384615384613,0.7092307692307692,0.8969230769230769,
gru_v1,conformal,6,3,18.327471518151956,39.945783068455874,0.51,0.7823076923076923,0.9261538461538461,
gru_v1,conformal,6,6,10.110507979311617,12.297290044297027,0.5547169811320755,0.7924528301886793,0.9275471698113208,
gru_v1,conformal,6,7,19.936989421258666,37.964551324173044,0.5207692307692308,0.8261538461538461,0.9361538461538461,
gru_v1,conformal,6,8,10.699474114263083,21.446846437327924,0.6,0.8738461538461538,0.9930769230769231,
gru_v1,conformal,6,9,8.725830246115125,24.777818967640673,0.47384615384615386,0.803076923076923,0.9576923076923077,
gru_v1,conformal,8,1,52.75648615392675,58.87265171964279,0.3730769230769231,0.6561538461538462,0.86,
gru_v1,conformal,8,2,30.811158812700988,35.76602384981681,0.37384615384615383,0.6530769230769231,0.8861538461538462,
gru_v1,conformal,8,3,22.549324742450107,48.70000101005896,0.566923076923077,0.8176923076923077,0.9453846153846154,
gru_v1,conformal,8,6,10.96093572289349,13.898446857082616,0.5433962264150943,0.7962264150943397,0.9230188679245283,
gru_v1,conformal,8,7,19.718182194415174,36.57897116788462,0.4938461538461538,0.8238461538461539,0.9384615384615385,
gru_v1,conformal,8,8,11.911757067157605,24.31511762077656,0.5861538461538461,0.8661538461538462,0.9823076923076923,
gru_v1,conformal,8,9,10.510295615932582,26.763566401807932,0.5246153846153846,0.8307692307692308,0.9615384615384616,
gru_v1,conformal,10,1,55.481127012897005,62.456057277956575,0.3946153846153846,0.6507692307692308,0.8207692307692308,
gru_v1,conformal,10,2,36.271162585428876,38.96937822951386,0.3415384615384615,0.6430769230769231,0.8561538461538462,
gru_v1,conformal,10,3,24.18573642323414,51.3896608226467,0.5084615384615384,0.8061538461538461,0.9461538461538461,
gru_v1,conformal,10,6,11.683073725153735,15.87738510275788,0.5320754716981132,0.7615094339622641,0.9207547169811321,
gru_v1,conformal,10,7,23.361010331988584,38.42028935182121,0.5107692307692308,0.8315384615384616,0.963076923076923,
gru_v1,conformal,10,8,12.830541684200796,27.74040489436713,0.556923076923077,0.8869230769230769,0.9838461538461538,
gru_v1,conformal,10,9,12.21426840486395,28.72884406893323,0.51,0.8284615384615385,0.9638461538461538,
gru_v1,conformal,12,1,66.969794781067,76.37643577806783,0.28692307692307695,0.5315384615384615,0.73,
gru_v1,conformal,12,2,43.40610112606776,40.1337839185797,0.29846153846153844,0.583076923076923,0.8669230769230769,
gru_v1,conformal,12,3,26.65084333369266,57.93908336295648,0.4646153846153846,0.7715384615384615,0.9176923076923077,
gru_v1,conformal,12,6,12.315775626921509,17.25475148539867,0.4928301886792453,0.7705660377358491,0.9192452830188679,
gru_v1,conformal,12,7,21.675906884685947,35.85447469119458,0.5269230769230769,0.8392307692307692,0.9623076923076923,
gru_v1,conformal,12,8,13.929392326961374,29.172485585678167,0.556923076923077,0.8661538461538462,0.9830769230769231,
gru_v1,conformal,12,9,11.987838759981681,27.24709461613831,0.48615384615384616,0.8192307692307692,0.9715384615384616,
gru_v2,conformal,1,1,25.09512808944764,27.78535446605946,0.6553846153846153,0.8992307692307693,0.9830769230769231,
gru_v2,conformal,1,2,6.740182071238582,10.779869275171299,0.5123076923076924,0.79,0.9315384615384615,
gru_v2,conformal,1,3,10.549670898032593,21.281525450800643,0.5261538461538462,0.8107692307692308,0.9584615384615385,
gru_v2,conformal,1,6,7.23037166057925,13.692160300574336,0.5366037735849056,0.7773584905660378,0.9026415094339623,
gru_v2,conformal,1,7,12.09197960577899,22.974539173479144,0.6038461538461538,0.8638461538461538,0.9715384615384616,
gru_v2,conformal,1,8,6.278279242922279,13.297250298136758,0.5461538461538461,0.8638461538461538,0.9923076923076923,
gru_v2,conformal,1,9,5.099138712166938,12.266061117722048,0.5184615384615384,0.8046153846153846,0.953076923076923,
gru_v2,conformal,2,1,29.784413909423737,32.92421573735093,0.5769230769230769,0.8869230769230769,0.9792307692307692,
gru_v2,conformal,2,2,7.893916466071727,12.234661139945777,0.5430769230769231,0.7876923076923077,0.9253846153846154,
gru_v2,conformal,2,3,11.894887372566473,24.815605436835256,0.4723076923076923,0.8007692307692308,0.9669230769230769,
gru_v2,conformal,2,6,7.505116380739648,11.96289636865802,0.5320754716981132,0.7916981132075471,0.9116981132075471,
gru_v2,conformal,2,7,14.152616184465083,27.20999717819602,0.5792307692307692,0.86,0.9507692307692308,
gru_v2,conformal,2,8,6.9965572432267855,14.0865902846336,0.5915384615384616,0.8769230769230769,0.9976923076923077,
gru_v2,conformal,2,9,5.733892332471324,15.072417871823388,0.49615384615384617,0.8176923076923077,0.9523076923076923,
gru_v2,conformal,3,1,34.298811181316786,37.865491631205664,0.5553846153846154,0.8669230769230769,0.9715384615384616,
gru_v2,conformal,3,2,9.548836039524149,13.812502281360466,0.51,0.7930769230769231,0.9215384615384615,
gru_v2,conformal,3,3,13.720986164294537,29.080147368270158,0.4523076923076923,0.786923076923077,0.9446153846153846,
gru_v2,conformal,3,6,8.150638522791994,13.119690791770449,0.5298113207547169,0.8022641509433962,0.9275471698113208,
gru_v2,conformal,3,7,16.0290221144072,31.38630399151889,0.5907692307692308,0.8361538461538461,0.9492307692307692,
gru_v2,conformal,3,8,8.14314638571157,16.47043231066566,0.5592307692307692,0.88,0.9984615384615385,
gru_v2,conformal,3,9,6.287552465712299,17.81310869692468,0.48615384615384616,0.8,0.953076923076923,
gru_v2,conformal,4,1,37.758321856224136,41.96768070981012,0.5069230769230769,0.7984615384615384,0.9553846153846154,
gru_v2,conformal,4,2,13.021475004704078,17.520563419912197,0.45615384615384613,0.7438461538461538,0.9146153846153846,
gru_v2,conformal,4,3,15.519792898816208,33.43313640757826,0.4823076923076923,0.7861538461538462,0.9415384615384615,
gru_v2,conformal,4,6,8.588161965397473,12.838657160094183,0.5381132075471698,0.809811320754717,0.930566037735849,
gru_v2,conformal,4,7,17.525066124472897,34.93288567893318,0.57,0.8353846153846154,0.9407692307692308,
gru_v2,conformal,4,8,9.404487959054551,18.648380031721274,0.566923076923077,0.8638461538461538,0.9984615384615385,
gru_v2,conformal,4,9,6.859140484930234,20.191780346568542,0.4676923076923077,0.8138461538461539,0.9584615384615385,
gru_v2,conformal,6,1,50.72468347202506,57.29966515092928,0.4053846153846154,0.686923076923077,0.86,
gru_v2,conformal,6,2,30.262678494435402,38.65018458206662,0.3392307692307692,0.5553846153846154,0.8669230769230769,
gru_v2,conformal,6,3,18.800679750416016,41.76460445344124,0.5238461538461539,0.7769230769230769,0.9276923076923077,
gru_v2,conformal,6,6,9.830308897663011,11.873597026400192,0.5381132075471698,0.8,0.9215094339622641,
gru_v2,conformal,6,7,19.0377738153833,37.372473645231075,0.5453846153846154,0.816923076923077,0.9446153846153846,
gru_v2,conformal,6,8,11.67828550835679,21.912203864473593,0.58,0.8792307692307693,0.99,
gru_v2,conformal,6,9,7.918346094101004,24.714104203456625,0.48846153846153845,0.8092307692307692,0.9584615384615385,
gru_v2,conformal,8,1,60.779734495883,68.9380818904055,0.3707692307692308,0.6,0.7984615384615384,
gru_v2,conformal,8,2,33.09234383593648,39.55987385216719,0.3069230769230769,0.5923076923076923,0.8607692307692307,
gru_v2,conformal,8,3,22.458618146420495,50.821343188650545,0.4676923076923077,0.7569230769230769,0.9307692307692308,
gru_v2,conformal,8,6,10.41476976589609,14.079518446532505,0.5562264150943397,0.8218867924528301,0.9350943396226415,
gru_v2,conformal,8,7,19.460603252662445,34.60374659857241,0.5123076923076924,0.8361538461538461,0.9523076923076923,
gru_v2,conformal,8,8,11.09154523490759,24.858336987090297,0.6007692307692307,0.8807692307692307,0.9907692307692307,
gru_v2,conformal,8,9,10.068612692200904,25.073629940845386,0.5238461538461539,0.8161538461538461,0.9669230769230769,
gru_v2,conformal,10,1,78.09383431359433,89.4440200698485,0.2969230769230769,0.48923076923076925,0.6523076923076923,
gru_v2,conformal,10,2,50.152242085229474,55.03854272828995,0.25461538461538463,0.4807692307692308,0.7792307692307693,
gru_v2,conformal,10,3,23.85991119155489,52.064441950970895,0.4930769230769231,0.816923076923077,0.946923076923077,
gru_v2,conformal,10,6,11.306905434951128,16.28904691872724,0.510188679245283,0.7645283018867924,0.9222641509433962,
gru_v2,conformal,10,7,21.64080722835049,34.791144069319905,0.5246153846153846,0.83,0.9623076923076923,
gru_v2,conformal,10,8,12.484661367713905,27.779817055101944,0.5823076923076923,0.8961538461538462,0.9846153846153847,
gru_v2,conformal,10,9,10.808086814947508,26.84699088003388,0.5207692307692308,0.8215384615384616,0.9584615384615385,
gru_v2,conformal,12,1,72.29990921944089,82.35108082183142,0.3484615384615385,0.566923076923077,0.7146153846153847,
gru_v2,conformal,12,2,51.70724288472115,48.20863470588038,0.2323076923076923,0.5007692307692307,0.7530769230769231,
gru_v2,conformal,12,3,29.026802998458752,67.87774188678836,0.39153846153846156,0.7292307692307692,0.8946153846153846,
gru_v2,conformal,12,6,12.19836235925515,17.33747562963514,0.499622641509434,0.7841509433962264,0.9320754716981132,
gru_v2,conformal,12,7,21.05583482339038,34.05572992974351,0.5261538461538462,0.8223076923076923,0.9676923076923077,
gru_v2,conformal,12,8,13.91953723285471,26.433514809033028,0.59,0.8938461538461538,0.9869230769230769,
gru_v2,conformal,12,9,10.793295593322002,26.87923036170663,0.5061538461538462,0.8353846153846154,0.9638461538461538,
gru_v2_lw,conformal,1,1,26.710889101520543,29.51259843165111,0.6453846153846153,0.9176923076923077,0.9861538461538462,
gru_v2_lw,conformal,1,2,6.545813464628675,10.603464373159794,0.4907692307692308,0.7915384615384615,0.9261538461538461,
gru_v2_lw,conformal,1,3,10.507992779379764,21.072600696580203,0.5292307692307693,0.8015384615384615,0.9615384615384616,
gru_v2_lw,conformal,1,6,7.464046592146124,12.986763953845873,0.5215094339622641,0.7690566037735849,0.9086792452830189,
gru_v2_lw,conformal,1,7,11.972117214394714,22.49797490346516,0.5961538461538461,0.8615384615384616,0.9646153846153847,
gru_v2_lw,conformal,1,8,6.507740391007353,13.280573029219939,0.5161538461538462,0.8384615384615385,0.99,
gru_v2_lw,conformal,1,9,5.118090110318941,12.05099234578505,0.5253846153846153,0.8053846153846154,0.9484615384615385,
gru_v2_lw,conformal,2,1,31.140867045631882,34.31534071221193,0.57,0.88,0.9853846153846154,
gru_v2_lw,conformal,2,2,8.955068304727943,13.736093600008036,0.5084615384615384,0.7707692307692308,0.9246153846153846,
gru_v2_lw,conformal,2,3,12.397225850075952,25.93668599817566,0.4707692307692308,0.7946153846153846,0.9653846153846154,
gru_v2_lw,conformal,2,6,8.058154276051265,11.639615790366062,0.5290566037735849,0.7849056603773585,0.9049056603773585,
gru_v2_lw,conformal,2,7,14.264568242296658,27.151546271138304,0.5876923076923077,0.8515384615384616,0.9492307692307692,
gru_v2_lw,conformal,2,8,7.613429644652766,14.553774085219827,0.5523076923076923,0.8669230769230769,0.9953846153846154,
gru_v2_lw,conformal,2,9,5.828184348980852,15.428388434427706,0.5315384615384615,0.8046153846153846,0.9461538461538461,
gru_v2_lw,conformal,3,1,33.90695480171609,37.46931815589437,0.55,0.8661538461538462,0.9815384615384616,
gru_v2_lw,conformal,3,2,10.600027643493446,15.753093890741651,0.4907692307692308,0.8046153846153846,0.9307692307692308,
gru_v2_lw,conformal,3,3,13.902322169359568,29.534506468341302,0.46,0.7592307692307693,0.9392307692307692,
gru_v2_lw,conformal,3,6,8.697591014796606,12.627219098749746,0.5094339622641509,0.7909433962264151,0.9237735849056604,
gru_v2_lw,conformal,3,7,16.112920810298668,31.737335777243345,0.5776923076923077,0.83,0.9423076923076923,
gru_v2_lw,conformal,3,8,8.843480215100639,18.52188965721329,0.5684615384615385,0.8876923076923077,0.9992307692307693,
gru_v2_lw,conformal,3,9,6.39656007735774,17.20779466750503,0.5038461538461538,0.8115384615384615,0.953076923076923,
gru_v2_lw,conformal,4,1,38.949754767862046,43.009809029448725,0.49846153846153846,0.8092307692307692,0.9615384615384616,
gru_v2_lw,conformal,4,2,12.94528608573374,18.881261271370636,0.5123076923076924,0.8084615384615385,0.9261538461538461,
gru_v2_lw,conformal,4,3,15.292243361580796,32.27581573790652,0.47,0.7946153846153846,0.96,
gru_v2_lw,conformal,4,6,9.499718408647942,12.811135484824668,0.5169811320754717,0.820377358490566,0.9335849056603773,
gru_v2_lw,conformal,4,7,18.25181661066484,36.46186181249606,0.5807692307692308,0.8246153846153846,0.9438461538461539,
gru_v2_lw,conformal,4,8,9.784119083604024,19.943006317657236,0.5953846153846154,0.89,0.9992307692307693,
gru_v2_lw,conformal,4,9,7.234777285292145,19.603486339826716,0.4907692307692308,0.8046153846153846,0.9569230769230769,
gru_v2_lw,conformal,6,1,46.89389127514182,51.770830775132225,0.41923076923076924,0.7553846153846154,0.9138461538461539,
gru_v2_lw,conformal,6,2,21.798406064248255,30.310472920127303,0.4807692307692308,0.7723076923076924,0.9307692307692308,
gru_v2_lw,conformal,6,3,18.73887424029852,41.71553596476425,0.4369230769230769,0.76,0.9207692307692308,
gru_v2_lw,conformal,6,6,10.613093804811912,12.034061691243078,0.5343396226415095,0.7954716981132075,0.9237735849056604,
gru_v2_lw,conformal,6,7,20.009322077238036,38.24527586987367,0.5261538461538462,0.8276923076923077,0.9415384615384615,
gru_v2_lw,conformal,6,8,11.238170005773233,21.70077657276813,0.6038461538461538,0.9138461538461539,0.9930769230769231,
gru_v2_lw,conformal,6,9,8.129280086168686,23.334599177769537,0.5107692307692308,0.81,0.9584615384615385,
gru_v2_lw,conformal,8,1,56.22540789021378,62.64923895838931,0.3823076923076923,0.6361538461538462,0.8723076923076923,
gru_v2_lw,conformal,8,2,28.396999808729138,35.63509417338279,0.4246153846153846,0.7330769230769231,0.9207692307692308,
gru_v2_lw,conformal,8,3,21.43894096043419,47.99146024019854,0.4707692307692308,0.7538461538461538,0.9161538461538462,
gru_v2_lw,conformal,8,6,12.198056482009132,14.231869161108483,0.5124528301886793,0.8015094339622642,0.9132075471698113,
gru_v2_lw,conformal,8,7,20.223084365758496,36.093892943857014,0.4969230769230769,0.8384615384615385,0.9461538461538461,
gru_v2_lw,conformal,8,8,12.876977641870013,25.55624380704297,0.5823076923076923,0.8869230769230769,0.9861538461538462,
gru_v2_lw,conformal,8,9,9.072229158865804,25.5688104539545,0.553076923076923,0.8492307692307692,0.9707692307692307,
gru_v2_lw,conformal,10,1,63.7604265891756,71.62909170681614,0.37153846153846154,0.5884615384615385,0.8138461538461539,
gru_v2_lw,conformal,10,2,34.6423097596366,41.8803580071183,0.39076923076923076,0.6792307692307692,0.9,
gru_v2_lw,conformal,10,3,23.073514391969365,50.08659784478085,0.4823076923076923,0.7753846153846153,0.9338461538461539,
gru_v2_lw,conformal,10,6,11.12832493364992,16.75655084720117,0.4950943396226415,0.7788679245283019,0.930566037735849,
gru_v2_lw,conformal,10,7,22.504060615749328,35.987828676685126,0.5407692307692308,0.8515384615384616,0.9584615384615385,
gru_v2_lw,conformal,10,8,13.039986351778232,29.289821224274192,0.6023076923076923,0.8823076923076923,0.9815384615384616,
gru_v2_lw,conformal,10,9,11.226519677084951,26.5610513166617,0.4907692307692308,0.8353846153846154,0.9607692307692308,
gru_v2_lw,conformal,12,1,69.22304841297503,78.48437736220252,0.31846153846153846,0.5707692307692308,0.7592307692307693,
gru_v2_lw,conformal,12,2,44.777895859547414,45.338745154752296,0.32153846153846155,0.6123076923076923,0.8546153846153847,
gru_v2_lw,conformal,12,3,25.677096266273455,56.827168473754185,0.48,0.7730769230769231,0.9207692307692308,
gru_v2_lw,conformal,12,6,12.216973102645515,17.846199243294098,0.46867924528301885,0.7879245283018868,0.9320754716981132,
gru_v2_lw,conformal,12,7,22.07248398141169,34.550846235349155,0.53,0.8476923076923077,0.9676923076923077,
gru_v2_lw,conformal,12,8,13.044256838560537,27.287335833306503,0.6076923076923076,0.8784615384615385,0.98,
gru_v2_lw,conformal,12,9,11.72767677713001,25.311651661027575,0.48923076923076925,0.8261538461538461,0.97,
gru_v2_quantile,conformal,1,1,26.717607859643024,29.469411948005988,0.6530769230769231,0.9107692307692308,0.9861538461538462,
gru_v2_quantile,conformal,1,2,6.165054008969827,10.505452288817988,0.5215384615384615,0.8092307692307692,0.9376923076923077,
gru_v2_quantile,conformal,1,3,10.409443360995828,20.959726353369465,0.5284615384615384,0.803076923076923,0.9592307692307692,
gru_v2_quantile,conformal,1,6,7.440892632949616,13.639487163308175,0.5260377358490566,0.7781132075471698,0.9011320754716982,
gru_v2_quantile,conformal,1,7,12.510259734218895,23.14785175522869,0.59,0.87,0.9669230769230769,
gru_v2_quantile,conformal,1,8,6.123257168223215,13.386593699286701,0.5392307692307692,0.8576923076923076,0.99,
gru_v2_quantile,conformal,1,9,5.1307838115538775,11.9129721204857,0.5153846153846153,0.8161538461538461,0.9492307692307692,
gru_v2_quantile,conformal,2,1,32.38796863610318,35.54221344770688,0.56,0.8915384615384615,0.9876923076923076,
gru_v2_quantile,conformal,2,2,7.425475264505999,12.347209110761572,0.55,0.7961538461538461,0.9353846153846154,
gru_v2_quantile,conformal,2,3,12.010763428764298,24.95366134254552,0.5,0.8238461538461539,0.9623076923076923,
gru_v2_quantile,conformal,2,6,7.935738579683689,11.560953836321463,0.5388679245283019,0.8015094339622642,0.9169811320754717,
gru_v2_quantile,conformal,2,7,14.203736957432803,27.574387528446024,0.556923076923077,0.8507692307692307,0.946923076923077,
gru_v2_quantile,conformal,2,8,7.5014335510677315,14.33891287652964,0.5638461538461539,0.8815384615384615,0.9969230769230769,
gru_v2_quantile,conformal,2,9,5.768246520194973,14.962615211569602,0.5130769230769231,0.8146153846153846,0.9546153846153846,
gru_v2_quantile,conformal,3,1,36.643765182983714,40.25538802664824,0.5515384615384615,0.8653846153846154,0.9761538461538461,
gru_v2_quantile,conformal,3,2,9.736494773479675,15.237667192565766,0.5223076923076924,0.8215384615384616,0.9346153846153846,
gru_v2_quantile,conformal,3,3,14.0210690143348,29.158520901291233,0.5092307692307693,0.83,0.9669230769230769,
gru_v2_quantile,conformal,3,6,8.642948497486936,12.876359583177862,0.540377358490566,0.8015094339622642,0.9222641509433962,
gru_v2_quantile,conformal,3,7,16.2038526108301,32.4383838834378,0.5761538461538461,0.8284615384615385,0.9353846153846154,
gru_v2_quantile,conformal,3,8,8.794143920621984,18.297429221303293,0.5661538461538461,0.8876923076923077,0.9976923076923077,
gru_v2_quantile,conformal,3,9,6.46087843821929,17.716328444308527,0.4969230769230769,0.7984615384615384,0.9546153846153846,
gru_v2_quantile,conformal,4,1,36.94027453193703,40.75754117445962,0.5215384615384615,0.83,0.9646153846153847,
gru_v2_quantile,conformal,4,2,13.200961697625456,18.960398750821845,0.4461538461538462,0.7423076923076923,0.9138461538461539,
gru_v2_quantile,conformal,4,3,16.29753933208789,34.237381382044454,0.6007692307692307,0.8384615384615385,0.9761538461538461,
gru_v2_quantile,conformal,4,6,9.133289204275417,12.466661522194947,0.5411320754716981,0.8143396226415094,0.930566037735849,
gru_v2_quantile,conformal,4,7,17.73131016766185,36.23266507006807,0.5453846153846154,0.8192307692307692,0.936923076923077,
gru_v2_quantile,conformal,4,8,9.480826037732843,18.909429736155953,0.5876923076923077,0.8715384615384615,0.9984615384615385,
gru_v2_quantile,conformal,4,9,7.087068288795104,19.704106056758707,0.4823076923076923,0.8153846153846154,0.9669230769230769,
gru_v2_quantile,conformal,6,1,45.080708607836314,49.97689367668985,0.42923076923076925,0.7546153846153846,0.9176923076923077,
gru_v2_quantile,conformal,6,2,19.878942212195668,25.77692358254463,0.4423076923076923,0.7169230769230769,0.8961538461538462,
gru_v2_quantile,conformal,6,3,18.588108374119326,40.23167718854783,0.5607692307692308,0.8146153846153846,0.9453846153846154,
gru_v2_quantile,conformal,6,6,10.02337768548179,12.163933353558496,0.5630188679245283,0.809811320754717,0.9237735849056604,
gru_v2_quantile,conformal,6,7,19.942510347964607,37.73436839983873,0.5353846153846153,0.8338461538461538,0.9446153846153846,
gru_v2_quantile,conformal,6,8,10.387116965990247,20.150916206795227,0.6176923076923077,0.8938461538461538,0.9938461538461538,
gru_v2_quantile,conformal,6,9,8.91853165989422,24.216615525960442,0.4823076923076923,0.8107692307692308,0.9546153846153846,
gru_v2_quantile,conformal,8,1,56.005921703884134,63.02738009326677,0.37153846153846154,0.6230769230769231,0.8038461538461539,
gru_v2_quantile,conformal,8,2,27.239146618566373,31.093118526291168,0.39076923076923076,0.6507692307692308,0.8792307692307693,
gru_v2_quantile,conformal,8,3,22.79210481718452,50.88147142447584,0.4623076923076923,0.7646153846153846,0.93,
gru_v2_quantile,conformal,8,6,10.686505808540403,14.101952400667951,0.5486792452830188,0.8090566037735849,0.9245283018867925,
gru_v2_quantile,conformal,8,7,21.1099452621424,36.19708804303466,0.5123076923076924,0.8384615384615385,0.9507692307692308,
gru_v2_quantile,conformal,8,8,11.74219603699613,24.82122670264991,0.5992307692307692,0.8884615384615384,0.9892307692307692,
gru_v2_quantile,conformal,8,9,9.904493008456264,25.825652762398004,0.54,0.8392307692307692,0.9638461538461538,
gru_v2_quantile,conformal,10,1,63.6097059519194,72.20647103073864,0.3484615384615385,0.5938461538461538,0.7592307692307693,
gru_v2_quantile,conformal,10,2,38.52959507090022,40.50123798522424,0.2876923076923077,0.5746153846153846,0.8053846153846154,
gru_v2_quantile,conformal,10,3,26.259571981232085,60.0605720792645,0.40076923076923077,0.7246153846153847,0.9215384615384615,
gru_v2_quantile,conformal,10,6,11.554190981728555,16.85968815202849,0.5139622641509434,0.7743396226415095,0.9320754716981132,
gru_v2_quantile,conformal,10,7,22.46784550607098,35.6304906734079,0.5169230769230769,0.8461538461538461,0.9576923076923077,
gru_v2_quantile,conformal,10,8,12.894411397878738,28.926248973907335,0.5930769230769231,0.9076923076923077,0.9869230769230769,
gru_v2_quantile,conformal,10,9,10.920391073507739,27.10417134518095,0.5184615384615384,0.8346153846153846,0.9623076923076923,
gru_v2_quantile,conformal,12,1,77.70291731646834,88.94000798167484,0.28615384615384615,0.49923076923076926,0.6453846153846153,
gru_v2_quantile,conformal,12,2,58.90838005741544,54.08685832054155,0.2053846153846154,0.4684615384615385,0.7169230769230769,
gru_v2_quantile,conformal,12,3,27.651891349503988,62.8205473639158,0.42230769230769233,0.7369230769230769,0.9076923076923077,
gru_v2_quantile,conformal,12,6,11.903191989080353,17.640744591879486,0.4641509433962264,0.7977358490566038,0.940377358490566,
gru_v2_quantile,conformal,12,7,21.369935128901247,34.81432765492143,0.5430769230769231,0.8238461538461539,0.9576923076923077,
gru_v2_quantile,conformal,12,8,13.934084684167152,29.575802536183488,0.5723076923076923,0.8876923076923077,0.9884615384615385,
gru_v2_quantile,conformal,12,9,10.960140018929309,26.130040793080557,0.48846153846153845,0.8076923076923077,0.9684615384615385,
gru_v2_quantile,native,1,1,22.82535519556747,25.3217733887072,0.6238461538461538,0.9115384615384615,0.9823076923076923,
gru_v2_quantile,native,1,2,5.961072500956838,10.238002988780654,0.6161538461538462,0.91,0.9838461538461538,
gru_v2_quantile,native,1,3,9.574335188926433,18.874226401207142,0.5638461538461539,0.87,0.9769230769230769,
gru_v2_quantile,native,1,6,6.988507665489012,13.953459525401497,0.5086792452830189,0.7683018867924528,0.8913207547169811,
gru_v2_quantile,native,1,7,10.67531270153744,20.063787405156056,0.5507692307692308,0.8384615384615385,0.9476923076923077,
gru_v2_quantile,native,1,8,5.301250773918379,11.954901219556852,0.57,0.8930769230769231,0.9776923076923076,
gru_v2_quantile,native,1,9,4.858147385617743,10.888744984833773,0.5707692307692308,0.8723076923076923,0.9807692307692307,
gru_v2_quantile,native,2,1,27.61595980578383,30.653009428441255,0.5653846153846154,0.8715384615384615,0.9738461538461538,
gru_v2_quantile,native,2,2,7.822697878990576,13.004945904656227,0.6361538461538462,0.9069230769230769,0.9869230769230769,
gru_v2_quantile,native,2,3,11.52071415630739,23.753937519431403,0.5230769230769231,0.8484615384615385,0.9807692307692307,
gru_v2_quantile,native,2,6,7.376598079773902,12.15392774576291,0.5011320754716981,0.769811320754717,0.900377358490566,
gru_v2_quantile,native,2,7,13.017969467700437,25.65734713908339,0.51,0.8107692307692308,0.9276923076923077,
gru_v2_quantile,native,2,8,5.770138067137658,11.068796119798856,0.5861538461538461,0.8884615384615384,0.9807692307692307,
gru_v2_quantile,native,2,9,5.6490308863435015,14.311540587884135,0.5707692307692308,0.8776923076923077,0.9853846153846154,
gru_v2_quantile,native,3,1,32.46952175922186,36.25119767027076,0.5423076923076923,0.8461538461538461,0.9646153846153847,
gru_v2_quantile,native,3,2,9.677229779114557,15.929675011136691,0.6430769230769231,0.8984615384615384,0.9861538461538462,
gru_v2_quantile,native,3,3,13.546824645585522,28.086477387621468,0.5292307692307693,0.84,0.9661538461538461,
gru_v2_quantile,native,3,6,7.889094836128617,13.660438372935237,0.45962264150943394,0.7675471698113208,0.9011320754716982,
gru_v2_quantile,native,3,7,15.141335720207845,31.07628252799381,0.5392307692307692,0.8007692307692308,0.926923076923077,
gru_v2_quantile,native,3,8,6.715986479710097,14.929451331519845,0.6153846153846154,0.8961538461538462,0.9884615384615385,
gru_v2_quantile,native,3,9,6.471364638557105,17.10534313125368,0.5776923076923077,0.8969230769230769,0.9861538461538462,
gru_v2_quantile,native,4,1,36.106778560447914,40.575343783525035,0.4807692307692308,0.7830769230769231,0.946923076923077,
gru_v2_quantile,native,4,2,11.456388751516254,18.640935326627616,0.5453846153846154,0.8946153846153846,0.9730769230769231,
gru_v2_quantile,native,4,3,16.595797167768715,36.0094926438794,0.5076923076923077,0.7930769230769231,0.9284615384615384,
gru_v2_quantile,native,4,6,8.311748854102843,13.26543331691041,0.4935849056603774,0.7826415094339623,0.9192452830188679,
gru_v2_quantile,native,4,7,16.89975276387938,35.33286705975801,0.5130769230769231,0.8023076923076923,0.9223076923076923,
gru_v2_quantile,native,4,8,7.13890601464347,15.354437053957817,0.6492307692307693,0.9015384615384615,0.9930769230769231,
gru_v2_quantile,native,4,9,7.351525532060037,19.53087346209291,0.5984615384615385,0.91,0.9884615384615385,
gru_v2_quantile,native,6,1,48.17945316070337,54.59402251725031,0.41384615384615386,0.6892307692307692,0.8623076923076923,
gru_v2_quantile,native,6,2,13.093927315716247,20.958457773620257,0.5653846153846154,0.8753846153846154,0.9784615384615385,
gru_v2_quantile,native,6,3,19.243206167572474,41.958048896654276,0.53,0.79,0.9453846153846154,
gru_v2_quantile,native,6,6,8.797999529741912,12.93348201373076,0.46641509433962264,0.7622641509433963,0.9245283018867925,
gru_v2_quantile,native,6,7,18.890120882846247,37.43918058263502,0.4753846153846154,0.7807692307692308,0.9261538461538461,
gru_v2_quantile,native,6,8,8.676298845583132,18.630564359066607,0.6261538461538462,0.9061538461538462,0.9946153846153846,
gru_v2_quantile,native,6,9,9.603676858593179,24.496860434058167,0.5938461538461538,0.9123076923076923,0.99,
gru_v2_quantile,native,8,1,58.392841500344055,66.2834378912387,0.3523076923076923,0.6161538461538462,0.8238461538461539,
gru_v2_quantile,native,8,2,13.62136642594293,21.454936478596295,0.5938461538461538,0.8907692307692308,0.9761538461538461,
gru_v2_quantile,native,8,3,23.73852171743228,52.874164418908684,0.49153846153846154,0.7538461538461538,0.9253846153846154,
gru_v2_quantile,native,8,6,9.720789460869737,15.697770251074735,0.45660377358490567,0.7313207547169811,0.9139622641509434,
gru_v2_quantile,native,8,7,19.772833925913186,36.24477502417832,0.5053846153846154,0.8138461538461539,0.94,
gru_v2_quantile,native,8,8,10.359370083257446,26.670954316133372,0.6115384615384616,0.9030769230769231,0.9876923076923076,
gru_v2_quantile,native,8,9,10.012181034908082,25.27389223067195,0.5823076923076923,0.8876923076923077,0.98,
gru_v2_quantile,native,10,1,64.92216892115069,74.17291940130673,0.3507692307692308,0.5969230769230769,0.7923076923076923,
gru_v2_quantile,native,10,2,15.030020010400753,23.19622745010195,0.5961538461538461,0.8807692307692307,0.9692307692307692,
gru_v2_quantile,native,10,3,25.483145155747255,56.022863790640244,0.5069230769230769,0.7623076923076924,0.943076923076923,
gru_v2_quantile,native,10,6,10.418895674997945,18.449832170366726,0.45660377358490567,0.7426415094339622,0.9245283018867925,
gru_v2_quantile,native,10,7,20.387660574108242,36.363437709018754,0.49846153846153846,0.7746153846153846,0.9407692307692308,
gru_v2_quantile,native,10,8,11.4586704469921,31.374841226723326,0.6230769230769231,0.9023076923076923,0.9853846153846154,
gru_v2_quantile,native,10,9,10.814434214843853,26.67867490060644,0.6069230769230769,0.8907692307692308,0.9876923076923076,
gru_v2_quantile,native,12,1,78.13510637742472,89.6956154679531,0.25461538461538463,0.47615384615384615,0.7038461538461539,
gru_v2_quantile,native,12,2,16.232651712002205,23.731600440920882,0.5946153846153847,0.8838461538461538,0.9723076923076923,
gru_v2_quantile,native,12,3,28.31485402474323,63.52643602889357,0.4969230769230769,0.7223076923076923,0.8953846153846153,
gru_v2_quantile,native,12,6,10.699158404850186,19.228285667934944,0.43245283018867925,0.7313207547169811,0.9147169811320754,
gru_v2_quantile,native,12,7,20.275711607616024,37.943558243327985,0.5238461538461539,0.7846153846153846,0.9446153846153846,
gru_v2_quantile,native,12,8,11.669374138368715,33.40527905960616,0.6553846153846153,0.9061538461538462,0.9892307692307692,
gru_v2_quantile,native,12,9,11.040174342140356,26.307397058788442,0.5907692307692308,0.9076923076923077,0.99,
gru_v2_quantile,recalibrated,1,1,24.12850116201831,26.62840032002128,0.67,0.9292307692307692,0.9853846153846154,
gru_v2_quantile,recalibrated,1,2,5.472588824876881,9.33846336981035,0.47307692307692306,0.78,0.933076923076923,
gru_v2_quantile,recalibrated,1,3,10.202880927758775,20.909884504836576,0.3823076923076923,0.6538461538461539,0.8846153846153846,
gru_v2_quantile,recalibrated,1,6,7.119119597773094,13.399381637748958,0.5592452830188679,0.7864150943396226,0.8935849056603774,
gru_v2_quantile,recalibrated,1,7,10.954111407227963,20.458380544797283,0.5276923076923077,0.8569230769230769,0.9738461538461538,
gru_v2_quantile,recalibrated,1,8,5.258096626656407,11.907117856356312,0.5115384615384615,0.8646153846153846,0.9776923076923076,
gru_v2_quantile,recalibrated,1,9,4.735157363040428,11.198122023604038,0.4930769230769231,0.7761538461538462,0.9523076923076923,
gru_v2_quantile,recalibrated,2,1,29.978954103976704,32.938885653285986,0.5969230769230769,0.9207692307692308,0.9838461538461538,
gru_v2_quantile,recalibrated,2,2,7.575728497065686,12.067573904568132,0.5615384615384615,0.8476923076923077,0.9384615384615385,
gru_v2_quantile,recalibrated,2,3,14.975035678967643,33.44402192122186,0.30923076923076925,0.573076923076923,0.7292307692307692,
gru_v2_quantile,recalibrated,2,6,7.546916609222123,11.660527824922212,0.5592452830188679,0.7841509433962264,0.9079245283018867,
gru_v2_quantile,recalibrated,2,7,13.128542171400156,25.83156882573263,0.5192307692307693,0.8369230769230769,0.9561538461538461,
gru_v2_quantile,recalibrated,2,8,6.061707517248133,11.105688083895616,0.546923076923077,0.8892307692307693,0.99,
gru_v2_quantile,recalibrated,2,9,5.417649143478568,14.72164234764494,0.47923076923076924,0.7815384615384615,0.9638461538461538,
gru_v2_quantile,recalibrated,3,1,35.41296749512455,38.97575357075977,0.6184615384615385,0.8984615384615384,0.9738461538461538,
gru_v2_quantile,recalibrated,3,2,10.337853671042229,15.84418709758476,0.54,0.8453846153846154,0.9392307692307692,
gru_v2_quantile,recalibrated,3,3,17.25377992801202,38.74875219514846,0.2953846153846154,0.563076923076923,0.7653846153846153,
gru_v2_quantile,recalibrated,3,6,8.35013308126082,12.66739166719458,0.5728301886792453,0.8015094339622642,0.9230188679245283,
gru_v2_quantile,recalibrated,3,7,15.285771850449228,30.9371380756582,0.566923076923077,0.8223076923076923,0.9507692307692308,
gru_v2_quantile,recalibrated,3,8,7.154568131578174,14.92378184303848,0.5615384615384615,0.8861538461538462,0.9969230769230769,
gru_v2_quantile,recalibrated,3,9,6.139578100653653,17.246220098642297,0.4323076923076923,0.7753846153846153,0.963076923076923,
gru_v2_quantile,recalibrated,4,1,35.43980491299815,39.23262532453859,0.51,0.8484615384615385,0.9569230769230769,
gru_v2_quantile,recalibrated,4,2,14.977959864582663,21.585825096845067,0.48,0.8123076923076923,0.9053846153846153,
gru_v2_quantile,recalibrated,4,3,19.6531594716276,44.85366889160828,0.44076923076923075,0.5676923076923077,0.8369230769230769,
gru_v2_quantile,recalibrated,4,6,8.942521323884511,12.378247549240086,0.5901886792452831,0.8354716981132075,0.940377358490566,
gru_v2_quantile,recalibrated,4,7,16.927092066496083,35.07460629114654,0.5253846153846153,0.81,0.9446153846153846,
gru_v2_quantile,recalibrated,4,8,7.928057329316514,15.836956434675443,0.5961538461538461,0.8946153846153846,0.9976923076923077,
gru_v2_quantile,recalibrated,4,9,6.790093845595023,19.507912692601373,0.42230769230769233,0.7738461538461539,0.9761538461538461,
gru_v2_quantile,recalibrated,6,1,44.99277727103189,50.11366331512094,0.44846153846153847,0.7915384615384615,0.8923076923076924,
gru_v2_quantile,recalibrated,6,2,24.32474981341323,31.82654097940459,0.4623076923076923,0.7223076923076923,0.8646153846153846,
gru_v2_quantile,recalibrated,6,3,23.036926512282808,53.737531359463965,0.45,0.6338461538461538,0.7807692307692308,
gru_v2_quantile,recalibrated,6,6,9.697678170095012,11.94208847321319,0.5977358490566038,0.809811320754717,0.9479245283018868,
gru_v2_quantile,recalibrated,6,7,19.226118777794596,37.19498290128871,0.5053846153846154,0.82,0.9361538461538461,
gru_v2_quantile,recalibrated,6,8,9.74248081895593,19.00357276740202,0.6376923076923077,0.9130769230769231,0.9976923076923077,
gru_v2_quantile,recalibrated,6,9,8.629556627468022,24.177104857729116,0.4576923076923077,0.7876923076923077,0.97,
gru_v2_quantile,recalibrated,8,1,55.487241457102336,62.43593025218956,0.4276923076923077,0.6815384615384615,0.8261538461538461,
gru_v2_quantile,recalibrated,8,2,31.739359831069198,36.79022023436725,0.4015384615384615,0.6546153846153846,0.8423076923076923,
gru_v2_quantile,recalibrated,8,3,29.450445602271568,70.18472896045076,0.3638461538461538,0.5684615384615385,0.7076923076923077,
gru_v2_quantile,recalibrated,8,6,10.557247717701806,14.114846750688073,0.5743396226415094,0.8158490566037736,0.9456603773584905,
gru_v2_quantile,recalibrated,8,7,21.049943922707,36.09151194565732,0.5446153846153846,0.8638461538461538,0.9638461538461538,
gru_v2_quantile,recalibrated,8,8,10.99586422517908,24.81685422846552,0.5892307692307692,0.8807692307692307,0.9915384615384616,
gru_v2_quantile,recalibrated,8,9,9.460864198469656,25.551878315022787,0.4576923076923077,0.76,0.9646153846153847,
gru_v2_quantile,recalibrated,10,1,62.21999289076603,70.63207710169769,0.40923076923076923,0.6269230769230769,0.7830769230769231,
gru_v2_quantile,recalibrated,10,2,43.43231832207428,45.726389952064004,0.2823076923076923,0.5361538461538462,0.803076923076923,
gru_v2_quantile,recalibrated,10,3,30.586206868732468,72.4785136268776,0.3576923076923077,0.59,0.7838461538461539,
gru_v2_quantile,recalibrated,10,6,11.275049306234619,17.064926821098023,0.5516981132075471,0.8143396226415094,0.9569811320754718,
gru_v2_quantile,recalibrated,10,7,21.811942927389588,35.54943191591689,0.5176923076923077,0.8261538461538461,0.96,
gru_v2_quantile,recalibrated,10,8,12.459558061122394,28.25863008369741,0.6023076923076923,0.9038461538461539,0.9907692307692307,
gru_v2_quantile,recalibrated,10,9,10.408252164339393,27.033868402978676,0.4469230769230769,0.7438461538461538,0.9761538461538461,
gru_v2_quantile,recalibrated,12,1,74.2940176896001,84.94878143382037,0.33,0.5376923076923077,0.7069230769230769,
gru_v2_quantile,recalibrated,12,2,69.20036658631969,65.20921015708251,0.22076923076923077,0.41923076923076924,0.806923076923077,
gru_v2_quantile,recalibrated,12,3,34.669498078971216,83.23930565503181,0.31846153846153846,0.5692307692307692,0.71,
gru_v2_quantile,recalibrated,12,6,11.690827157474928,17.667004859480283,0.5350943396226415,0.820377358490566,0.9532075471698114,
gru_v2_quantile,recalibrated,12,7,21.18121826624332,35.0930455637172,0.5715384615384616,0.84,0.963076923076923,
gru_v2_quantile,recalibrated,12,8,13.028662046992741,29.200433551738193,0.5584615384615385,0.8692307692307693,0.9930769230769231,
gru_v2_quantile,recalibrated,12,9,10.536229604069508,26.775247459765044,0.43153846153846154,0.77,0.9838461538461538,
gru_v2_quantile_lw,conformal,1,1,28.170225969792103,31.00039398739664,0.6323076923076923,0.9084615384615384,0.9861538461538462,
gru_v2_quantile_lw,conformal,1,2,6.1387291271771725,10.300713634810954,0.5015384615384615,0.8,0.9353846153846154,
gru_v2_quantile_lw,conformal,1,3,10.490528905548768,21.070394348087014,0.5238461538461539,0.803076923076923,0.9607692307692308,
gru_v2_quantile_lw,conformal,1,6,7.803055430006467,12.910250923738758,0.49660377358490565,0.7652830188679245,0.8981132075471698,
gru_v2_quantile_lw,conformal,1,7,12.181189997857171,22.90039059476908,0.5946153846153847,0.8646153846153846,0.9615384615384616,
gru_v2_quantile_lw,conformal,1,8,6.433163890714126,13.563712719055191,0.5215384615384615,0.8546153846153847,0.9892307692307692,
gru_v2_quantile_lw,conformal,1,9,5.1838371948810344,11.862125744457824,0.5384615384615384,0.8146153846153846,0.943076923076923,
gru_v2_quantile_lw,conformal,2,1,31.54404181814138,34.694525526290455,0.5723076923076923,0.9,0.9876923076923076,
gru_v2_quantile_lw,conformal,2,2,7.736491008388397,12.71874991040508,0.5523076923076923,0.8176923076923077,0.9484615384615385,
gru_v2_quantile_lw,conformal,2,3,12.575222249642225,26.590244702967013,0.4492307692307692,0.7715384615384615,0.9646153846153847,
gru_v2_quantile_lw,conformal,2,6,8.83673917934692,11.477224510061259,0.49056603773584906,0.7833962264150943,0.9056603773584906,
gru_v2_quantile_lw,conformal,2,7,14.295428568761405,27.36601825889834,0.5646153846153846,0.8430769230769231,0.946923076923077,
gru_v2_quantile_lw,conformal,2,8,7.695243131806906,14.843857042925782,0.56,0.8684615384615385,0.9961538461538462,
gru_v2_quantile_lw,conformal,2,9,5.924877752941821,15.37005249802433,0.5253846153846153,0.8053846153846154,0.9476923076923077,
gru_v2_quantile_lw,conformal,3,1,34.44112008141651,37.80115264135263,0.55,0.8769230769230769,0.98,
gru_v2_quantile_lw,conformal,3,2,10.482235788795366,15.743968655797193,0.5069230769230769,0.8153846153846154,0.933076923076923,
gru_v2_quantile_lw,conformal,3,3,15.72759685458105,34.34966070294168,0.3992307692307692,0.7192307692307692,0.9238461538461539,
gru_v2_quantile_lw,conformal,3,6,9.479284625948912,12.83955215826035,0.5094339622641509,0.8060377358490566,0.929811320754717,
gru_v2_quantile_lw,conformal,3,7,16.531218964771448,32.91209757623149,0.573076923076923,0.823076923076923,0.943076923076923,
gru_v2_quantile_lw,conformal,3,8,9.641957836015147,20.174442419687697,0.5646153846153846,0.8861538461538462,0.9984615384615385,
gru_v2_quantile_lw,conformal,3,9,6.60565740908978,17.965617205276665,0.49230769230769234,0.8184615384615385,0.9553846153846154,
gru_v2_quantile_lw,conformal,4,1,38.50999939880067,42.32108210215971,0.5061538461538462,0.8261538461538461,0.9684615384615385,
gru_v2_quantile_lw,conformal,4,2,13.254770349000061,18.787821084473553,0.47615384615384615,0.7946153846153846,0.9107692307692308,
gru_v2_quantile_lw,conformal,4,3,17.92519154520269,39.8338462864008,0.38153846153846155,0.703076923076923,0.9292307692307692,
gru_v2_quantile_lw,conformal,4,6,9.979478996848592,12.908139661188645,0.5509433962264151,0.8362264150943396,0.940377358490566,
gru_v2_quantile_lw,conformal,4,7,18.220615144563887,37.1583767034859,0.5546153846153846,0.8092307692307692,0.9307692307692308,
gru_v2_quantile_lw,conformal,4,8,10.313972651982183,20.674601235117393,0.5953846153846154,0.8884615384615384,0.9984615384615385,
gru_v2_quantile_lw,conformal,4,9,7.2314188086598765,20.0536186535404,0.4846153846153846,0.8207692307692308,0.96,
gru_v2_quantile_lw,conformal,6,1,45.5627129326241,50.161966391684174,0.4453846153846154,0.7692307692307693,0.936923076923077,
gru_v2_quantile_lw,conformal,6,2,18.472044773359332,25.36455507598179,0.5007692307692307,0.8023076923076923,0.93,
gru_v2_quantile_lw,conformal,6,3,20.513285873587254,46.335109920257814,0.43615384615384617,0.7476923076923077,0.9246153846153846,
gru_v2_quantile_lw,conformal,6,6,10.995767410582378,12.421623457723342,0.5456603773584906,0.8090566037735849,0.9207547169811321,
gru_v2_quantile_lw,conformal,6,7,21.241984787679907,40.519403400425404,0.4807692307692308,0.806923076923077,0.9192307692307692,
gru_v2_quantile_lw,conformal,6,8,13.240191330046661,25.257709775835337,0.6461538461538462,0.9176923076923077,0.9953846153846154,
gru_v2_quantile_lw,conformal,6,9,8.863763440374012,24.085359230402233,0.5107692307692308,0.8269230769230769,0.9592307692307692,
gru_v2_quantile_lw,conformal,8,1,52.63345351210775,58.55893945686887,0.39384615384615385,0.6638461538461539,0.8930769230769231,
gru_v2_quantile_lw,conformal,8,2,28.249775423747774,35.68866717502881,0.4238461538461539,0.713076923076923,0.9076923076923077,
gru_v2_quantile_lw,conformal,8,3,21.8484090016656,47.698212113872074,0.49615384615384617,0.7569230769230769,0.9276923076923077,
gru_v2_quantile_lw,conformal,8,6,10.776690451062382,14.712458332910474,0.56,0.8271698113207547,0.9381132075471698,
gru_v2_quantile_lw,conformal,8,7,22.773038901833218,37.88341593488693,0.4653846153846154,0.8207692307692308,0.9438461538461539,
gru_v2_quantile_lw,conformal,8,8,12.134428939821348,26.537699192025695,0.6353846153846154,0.9084615384615384,0.9907692307692307,
gru_v2_quantile_lw,conformal,8,9,10.34506351790862,25.71860791025502,0.5192307692307693,0.8415384615384616,0.9676923076923077,
gru_v2_quantile_lw,conformal,10,1,59.99040431778975,67.31263049490639,0.36923076923076925,0.6261538461538462,0.8315384615384616,
gru_v2_quantile_lw,conformal,10,2,39.012526297716555,46.86777049566595,0.37153846153846154,0.6430769230769231,0.8569230769230769,
gru_v2_quantile_lw,conformal,10,3,24.868295081190798,54.71416453192304,0.4707692307692308,0.7615384615384615,0.9215384615384615,
gru_v2_quantile_lw,conformal,10,6,12.30995642605453,17.143026054445528,0.5094339622641509,0.7909433962264151,0.9267924528301886,
gru_v2_quantile_lw,conformal,10,7,23.47877351338862,38.02525582559251,0.5123076923076924,0.813076923076923,0.9423076923076923,
gru_v2_quantile_lw,conformal,10,8,14.993094947455651,29.648951384520828,0.6107692307692307,0.8946153846153846,0.9869230769230769,
gru_v2_quantile_lw,conformal,10,9,12.498455893439088,25.9241377524818,0.5284615384615384,0.8353846153846154,0.96,
gru_v2_quantile_lw,conformal,12,1,73.03177215110999,82.55807746203261,0.3223076923076923,0.5684615384615385,0.7461538461538462,
gru_v2_quantile_lw,conformal,12,2,55.22028153208126,58.594765077471216,0.29846153846153844,0.59,0.8223076923076923,
gru_v2_quantile_lw,conformal,12,3,26.173884024990972,58.811041407501264,0.47923076923076924,0.7546153846153846,0.9069230769230769,
gru_v2_quantile_lw,conformal,12,6,12.5995072320506,17.47642172582339,0.43471698113207546,0.759245283018868,0.9071698113207547,
gru_v2_quantile_lw,conformal,12,7,24.135930272143206,36.60238327916495,0.5269230769230769,0.85,0.9638461538461538,
gru_v2_quantile_lw,conformal,12,8,15.427009790396326,29.30527255827697,0.6215384615384615,0.8769230769230769,0.9869230769230769,
gru_v2_quantile_lw,conformal,12,9,11.54305809994761,24.818281866687286,0.49615384615384617,0.84,0.9684615384615385,
gru_v2_quantile_lw,native,1,1,21.399753752703518,23.65213694510411,0.5676923076923077,0.8676923076923077,0.9746153846153847,
gru_v2_quantile_lw,native,1,2,5.702717920793754,9.529748418471648,0.5915384615384616,0.8938461538461538,0.9838461538461538,
gru_v2_quantile_lw,native,1,3,9.443236597988205,18.544087264587652,0.5484615384615384,0.8507692307692307,0.9669230769230769,
gru_v2_quantile_lw,native,1,6,6.999011108239046,13.685383066299128,0.5154716981132076,0.7773584905660378,0.900377358490566,
gru_v2_quantile_lw,native,1,7,10.58717136150752,20.08729185524037,0.5484615384615384,0.8176923076923077,0.9407692307692308,
gru_v2_quantile_lw,native,1,8,5.281285975168145,11.914069885249647,0.5738461538461539,0.8823076923076923,0.9769230769230769,
gru_v2_quantile_lw,native,1,9,4.826128388768763,10.906032380328387,0.5769230769230769,0.8776923076923077,0.9830769230769231,
gru_v2_quantile_lw,native,2,1,26.280313202974057,29.2074961236592,0.5153846153846153,0.8346153846153846,0.9623076923076923,
gru_v2_quantile_lw,native,2,2,6.691040328594835,11.218337734341766,0.5984615384615385,0.8876923076923077,0.9861538461538462,
gru_v2_quantile_lw,native,2,3,12.011359016071793,25.282877441673005,0.5084615384615384,0.8053846153846154,0.9646153846153847,
gru_v2_quantile_lw,native,2,6,7.491461278850464,12.3483732834635,0.4935849056603774,0.780377358490566,0.8973584905660378,
gru_v2_quantile_lw,native,2,7,13.05525007827644,25.11482377353413,0.5492307692307692,0.8146153846153846,0.9315384615384615,
gru_v2_quantile_lw,native,2,8,5.829223477239717,11.235917767197574,0.6038461538461538,0.8953846153846153,0.9853846153846154,
gru_v2_quantile_lw,native,2,9,5.702351153892545,14.566991697566975,0.5453846153846154,0.8707692307692307,0.9846153846153847,
gru_v2_quantile_lw,native,3,1,31.88104573136339,35.76882533154741,0.48538461538461536,0.796923076923077,0.943076923076923,
gru_v2_quantile_lw,native,3,2,7.616212952490394,12.44083060627216,0.5992307692307692,0.8915384615384615,0.9776923076923076,
gru_v2_quantile_lw,native,3,3,15.17404247864092,32.99359223581479,0.4815384615384615,0.7815384615384615,0.9407692307692308,
gru_v2_quantile_lw,native,3,6,8.152699913445755,13.80491870221495,0.4649056603773585,0.7705660377358491,0.8966037735849056,
gru_v2_quantile_lw,native,3,7,15.123137741276402,31.556818431499263,0.5030769230769231,0.7830769230769231,0.9130769230769231,
gru_v2_quantile_lw,native,3,8,6.403451625430245,14.673522017351281,0.5976923076923077,0.8953846153846153,0.9838461538461538,
gru_v2_quantile_lw,native,3,9,6.400423186810626,17.322909878276484,0.563076923076923,0.8730769230769231,0.9815384615384616,
gru_v2_quantile_lw,native,4,1,35.462275536007276,39.74623738906741,0.4723076923076923,0.7715384615384615,0.93,
gru_v2_quantile_lw,native,4,2,8.3685531867996,13.307861768204402,0.56,0.8753846153846154,0.98,
gru_v2_quantile_lw,native,4,3,16.82825740997828,36.92656964523169,0.49923076923076926,0.7823076923076923,0.93,
gru_v2_quantile_lw,native,4,6,8.618253049269873,13.434748938611339,0.47924528301886793,0.7766037735849056,0.9026415094339623,
gru_v2_quantile_lw,native,4,7,17.390398033310003,36.85339559559215,0.5184615384615384,0.7930769230769231,0.9107692307692308,
gru_v2_quantile_lw,native,4,8,6.885917549919957,15.312292939020518,0.6192307692307693,0.8892307692307693,0.9846153846153847,
gru_v2_quantile_lw,native,4,9,7.074356649587319,19.523721975077013,0.5684615384615385,0.9,0.9876923076923076,
gru_v2_quantile_lw,native,6,1,49.0842338317779,55.55272925399883,0.37538461538461537,0.6646153846153846,0.8546153846153847,
gru_v2_quantile_lw,native,6,2,10.308306672286006,17.571495450207202,0.5976923076923077,0.8815384615384615,0.9753846153846154,
gru_v2_quantile_lw,native,6,3,22.185534113657955,50.80698172158313,0.45076923076923076,0.7407692307692307,0.8876923076923077,
gru_v2_quantile_lw,native,6,6,9.304865893810112,13.31711580654207,0.45811320754716983,0.7403773584905661,0.9033962264150943,
gru_v2_quantile_lw,native,6,7,21.03292415158706,42.41150792934946,0.4823076923076923,0.786923076923077,0.8961538461538462,
gru_v2_quantile_lw,native,6,8,8.148631615572373,18.45963395051332,0.5969230769230769,0.8946153846153846,0.9884615384615385,
gru_v2_quantile_lw,native,6,9,8.659820972438778,23.674828762854048,0.5761538461538461,0.8992307692307693,0.9853846153846154,
gru_v2_quantile_lw,native,8,1,59.75630479524497,67.97890456270532,0.3346153846153846,0.5723076923076923,0.79,
gru_v2_quantile_lw,native,8,2,11.9032015436532,19.879184291664778,0.5961538461538461,0.88,0.9761538461538461,
gru_v2_quantile_lw,native,8,3,23.678636373991502,52.42154103050586,0.5107692307692308,0.7561538461538462,0.9230769230769231,
gru_v2_quantile_lw,native,8,6,9.5425746566246,16.66078155322982,0.4649056603773585,0.7320754716981132,0.9109433962264151,
gru_v2_quantile_lw,native,8,7,20.313263376365633,38.0248841080573,0.5053846153846154,0.7884615384615384,0.9253846153846154,
gru_v2_quantile_lw,native,8,8,9.854019799875209,27.675874695341133,0.5961538461538461,0.8761538461538462,0.9815384615384616,
gru_v2_quantile_lw,native,8,9,10.225621271277449,25.805851941558124,0.6092307692307692,0.9084615384615384,0.9846153846153847,
gru_v2_quantile_lw,native,10,1,68.28045713204892,78.06325346929576,0.3038461538461538,0.5315384615384615,0.7223076923076923,
gru_v2_quantile_lw,native,10,2,13.622277186735339,23.303561848972862,0.5861538461538461,0.8623076923076923,0.9684615384615385,
gru_v2_quantile_lw,native,10,3,26.616616432320924,59.46323038277797,0.47692307692307695,0.7346153846153847,0.9076923076923077,
gru_v2_quantile_lw,native,10,6,10.313606243849902,19.214971155050804,0.4490566037735849,0.7373584905660377,0.9230188679245283,
gru_v2_quantile_lw,native,10,7,21.686539294518713,40.07734234873197,0.5230769230769231,0.7769230769230769,0.9215384615384615,
gru_v2_quantile_lw,native,10,8,11.376609038719739,35.868043591184765,0.5276923076923077,0.8507692307692307,0.9584615384615385,
gru_v2_quantile_lw,native,10,9,11.018066681439688,25.876930174388793,0.6169230769230769,0.9184615384615384,0.99,
gru_v2_quantile_lw,native,12,1,79.96277757007483,91.60582645864982,0.26615384615384613,0.47384615384615386,0.6738461538461539,
gru_v2_quantile_lw,native,12,2,14.512278315620653,24.345459439062935,0.5707692307692308,0.8684615384615385,0.9753846153846154,
gru_v2_quantile_lw,native,12,3,27.91156440378768,62.717549680118594,0.5115384615384615,0.7438461538461538,0.9115384615384615,
gru_v2_quantile_lw,native,12,6,11.184963356340093,19.170537230505474,0.4211320754716981,0.699622641509434,0.9237735849056604,
gru_v2_quantile_lw,native,12,7,21.77827175025709,38.94516431165115,0.4907692307692308,0.7776923076923077,0.9453846153846154,
gru_v2_quantile_lw,native,12,8,11.422341714313273,33.928956793647494,0.5861538461538461,0.8692307692307693,0.9715384615384616,
gru_v2_quantile_lw,native,12,9,11.024418207457341,25.255228466926926,0.6053846153846154,0.9130769230769231,0.9915384615384616,
gru_v2_quantile_lw,recalibrated,1,1,23.646051875864377,25.94847269346831,0.6053846153846154,0.8992307692307693,0.9830769230769231,
gru_v2_quantile_lw,recalibrated,1,2,5.4939750140713794,9.059208509303076,0.5130769230769231,0.8092307692307692,0.9446153846153846,
gru_v2_quantile_lw,recalibrated,1,3,9.891025188235837,20.11748629475229,0.43,0.6823076923076923,0.9138461538461539,
gru_v2_quantile_lw,recalibrated,1,6,7.243486072895162,12.917749690259821,0.5841509433962264,0.8045283018867925,0.9018867924528302,
gru_v2_quantile_lw,recalibrated,1,7,10.760019954898683,20.27176715250822,0.5315384615384615,0.8384615384615385,0.9653846153846154,
gru_v2_quantile_lw,recalibrated,1,8,5.4593695551608485,11.694648448413448,0.5069230769230769,0.8615384615384616,0.9861538461538462,
gru_v2_quantile_lw,recalibrated,1,9,4.672372734541046,11.010964829177077,0.5023076923076923,0.786923076923077,0.9669230769230769,
gru_v2_quantile_lw,recalibrated,2,1,28.392932124629645,31.208973917234196,0.5653846153846154,0.89,0.9846153846153847,
gru_v2_quantile_lw,recalibrated,2,2,7.076883298527368,11.254100218594994,0.5592307692307692,0.8238461538461539,0.94,
gru_v2_quantile_lw,recalibrated,2,3,14.702997249054139,32.81886232319136,0.34692307692307695,0.6069230769230769,0.8307692307692308,
gru_v2_quantile_lw,recalibrated,2,6,7.992861823024579,11.570434916440833,0.5735849056603773,0.8037735849056604,0.8950943396226415,
gru_v2_quantile_lw,recalibrated,2,7,13.21892657519058,25.455817679371737,0.55,0.8284615384615385,0.9538461538461539,
gru_v2_quantile_lw,recalibrated,2,8,6.3117358532087176,11.539164394452213,0.5269230769230769,0.8992307692307693,0.9930769230769231,
gru_v2_quantile_lw,recalibrated,2,9,5.48605953776993,15.148316156497836,0.41923076923076924,0.7353846153846154,0.9576923076923077,
gru_v2_quantile_lw,recalibrated,3,1,31.954103366692294,35.10310259905565,0.556923076923077,0.8892307692307693,0.9730769230769231,
gru_v2_quantile_lw,recalibrated,3,2,9.652866024501868,14.06857209868811,0.5315384615384615,0.8284615384615385,0.9346153846153846,
gru_v2_quantile_lw,recalibrated,3,3,19.962451396075075,45.918874284149,0.31153846153846154,0.58,0.7561538461538462,
gru_v2_quantile_lw,recalibrated,3,6,8.794858158506239,12.651445183583041,0.5856603773584905,0.8083018867924529,0.9147169811320754,
gru_v2_quantile_lw,recalibrated,3,7,15.332083716491567,31.180060043406964,0.54,0.8138461538461539,0.9453846153846154,
gru_v2_quantile_lw,recalibrated,3,8,7.596603562525567,15.451585513129327,0.5707692307692308,0.8853846153846154,0.9953846153846154,
gru_v2_quantile_lw,recalibrated,3,9,6.237557219906573,17.720817518362907,0.43,0.7392307692307692,0.96,
gru_v2_quantile_lw,recalibrated,4,1,36.09020698028651,39.68958532985699,0.49538461538461537,0.8415384615384616,0.9623076923076923,
gru_v2_quantile_lw,recalibrated,4,2,11.848027232436523,16.408484269827138,0.4930769230769231,0.8276923076923077,0.9284615384615384,
gru_v2_quantile_lw,recalibrated,4,3,21.8214302610802,50.57571740724543,0.3346153846153846,0.6130769230769231,0.7946153846153846,
gru_v2_quantile_lw,recalibrated,4,6,9.60555309906043,12.4559168222858,0.6067924528301887,0.8332075471698113,0.9441509433962264,
gru_v2_quantile_lw,recalibrated,4,7,17.56400074025451,36.427799371499376,0.5415384615384615,0.8115384615384615,0.9407692307692308,
gru_v2_quantile_lw,recalibrated,4,8,8.400079862166013,16.734242827381134,0.57,0.8807692307692307,0.9969230769230769,
gru_v2_quantile_lw,recalibrated,4,9,6.8695825016896395,19.51607298251582,0.45076923076923076,0.7884615384615384,0.9807692307692307,
gru_v2_quantile_lw,recalibrated,6,1,44.84745346583044,49.63027578903035,0.4469230769230769,0.7776923076923077,0.933076923076923,
gru_v2_quantile_lw,recalibrated,6,2,19.003293114729964,26.197751916761735,0.5276923076923077,0.8276923076923077,0.9284615384615384,
gru_v2_quantile_lw,recalibrated,6,3,24.808524273895404,58.433936280241426,0.3353846153846154,0.6023076923076923,0.8261538461538461,
gru_v2_quantile_lw,recalibrated,6,6,10.61819876553766,12.144432996793103,0.6188679245283019,0.8233962264150944,0.9343396226415094,
gru_v2_quantile_lw,recalibrated,6,7,21.994774752570894,41.25785067655324,0.5153846153846153,0.8346153846153846,0.9353846153846154,
gru_v2_quantile_lw,recalibrated,6,8,11.290849514760467,21.181782745505394,0.6061538461538462,0.8738461538461538,0.9976923076923077,
gru_v2_quantile_lw,recalibrated,6,9,8.461130719712811,23.85282080168339,0.4676923076923077,0.7807692307692308,0.9669230769230769,
gru_v2_quantile_lw,recalibrated,8,1,52.36364946872795,58.48279126104612,0.3992307692307692,0.6861538461538461,0.8892307692307693,
gru_v2_quantile_lw,recalibrated,8,2,29.11583793847901,36.3054936389721,0.4576923076923077,0.7376923076923076,0.9238461538461539,
gru_v2_quantile_lw,recalibrated,8,3,24.73602507084365,56.23430352638305,0.41384615384615386,0.6723076923076923,0.8584615384615385,
gru_v2_quantile_lw,recalibrated,8,6,10.692604697368678,14.588217467588965,0.6166037735849057,0.8437735849056603,0.940377358490566,
gru_v2_quantile_lw,recalibrated,8,7,22.469239847925547,37.63043694545758,0.5215384615384615,0.84,0.9484615384615385,
gru_v2_quantile_lw,recalibrated,8,8,11.120822223554393,25.46594626841122,0.5615384615384615,0.8907692307692308,0.9930769230769231,
gru_v2_quantile_lw,recalibrated,8,9,10.114274973183987,25.930961489794534,0.5107692307692308,0.8115384615384615,0.9807692307692307,
gru_v2_quantile_lw,recalibrated,10,1,60.414847197797755,68.01026208693226,0.3723076923076923,0.6438461538461538,0.8061538461538461,
gru_v2_quantile_lw,recalibrated,10,2,41.24684570826672,49.12572421416882,0.4084615384615385,0.7046153846153846,0.8930769230769231,
gru_v2_quantile_lw,recalibrated,10,3,27.644396016899833,63.15353363818448,0.40076923076923077,0.6492307692307693,0.8738461538461538,
gru_v2_quantile_lw,recalibrated,10,6,12.306667843968096,17.599127653667008,0.6150943396226415,0.8445283018867924,0.9562264150943396,
gru_v2_quantile_lw,recalibrated,10,7,23.982706917366443,38.320395200291834,0.5492307692307692,0.8346153846153846,0.9507692307692308,
gru_v2_quantile_lw,recalibrated,10,8,12.918261431459861,29.651107703088112,0.5076923076923077,0.8184615384615385,0.9830769230769231,
gru_v2_quantile_lw,recalibrated,10,9,12.261473459055171,25.70082838933018,0.5646153846153846,0.8584615384615385,0.9915384615384616,
gru_v2_quantile_lw,recalibrated,12,1,71.23991630163977,80.60434921583932,0.3607692307692308,0.6130769230769231,0.7646153846153846,
gru_v2_quantile_lw,recalibrated,12,2,56.927064784061784,59.477154409585985,0.3169230769230769,0.5869230769230769,0.8715384615384615,
gru_v2_quantile_lw,recalibrated,12,3,29.126409581928865,67.24924318856792,0.42153846153846153,0.6815384615384615,0.8546153846153847,
gru_v2_quantile_lw,recalibrated,12,6,12.945170832218817,17.749841975021575,0.5358490566037736,0.8135849056603773,0.9607547169811321,
gru_v2_quantile_lw,recalibrated,12,7,24.83848543877237,36.23982623182087,0.573076923076923,0.8684615384615385,0.9638461538461538,
gru_v2_quantile_lw,recalibrated,12,8,13.352439710756768,28.97660846694283,0.56,0.8461538461538461,0.9823076923076923,
gru_v2_quantile_lw,recalibrated,12,9,11.123295918477648,24.917867513341974,0.5238461538461539,0.83,0.9915384615384616,
gru_v2_shuffled,conformal,1,1,25.090587305786713,27.715315390488325,0.6676923076923077,0.9115384615384615,0.9807692307692307,
gru_v2_shuffled,conformal,1,2,6.405426029343817,10.456155984903386,0.4823076923076923,0.7823076923076923,0.9338461538461539,
gru_v2_shuffled,conformal,1,3,10.724435470308379,21.66555800562947,0.5138461538461538,0.8123076923076923,0.9546153846153846,
gru_v2_shuffled,conformal,1,6,7.266300656809173,14.135143116997584,0.5230188679245283,0.7758490566037736,0.900377358490566,
gru_v2_shuffled,conformal,1,7,12.146212388177474,22.961986853335837,0.5969230769230769,0.8623076923076923,0.97,
gru_v2_shuffled,conformal,1,8,6.729134341305943,14.582606668743992,0.5192307692307693,0.8615384615384616,0.9923076923076923,
gru_v2_shuffled,conformal,1,9,5.096700371217658,12.25609625287718,0.5076923076923077,0.7976923076923077,0.9561538461538461,
gru_v2_shuffled,conformal,2,1,31.391696047128924,34.78342913674643,0.5892307692307692,0.8784615384615385,0.9792307692307692,
gru_v2_shuffled,conformal,2,2,8.668944728019564,13.274045285984307,0.5061538461538462,0.7746153846153846,0.926923076923077,
gru_v2_shuffled,conformal,2,3,12.862759480477754,27.161555460279875,0.4776923076923077,0.8,0.9561538461538461,
gru_v2_shuffled,conformal,2,6,7.602226817097484,11.910162348995247,0.5283018867924528,0.7947169811320755,0.9154716981132075,
gru_v2_shuffled,conformal,2,7,14.091683108671303,27.585332051400965,0.5607692307692308,0.8538461538461538,0.9476923076923077,
gru_v2_shuffled,conformal,2,8,7.869833307322583,16.408616440203946,0.5892307692307692,0.87,0.9969230769230769,
gru_v2_shuffled,conformal,2,9,5.806966425128022,16.072556877203418,0.49538461538461537,0.7915384615384615,0.9523076923076923,
gru_v2_shuffled,conformal,3,1,35.28599265104657,39.43942545035141,0.546923076923077,0.8561538461538462,0.9676923076923077,
gru_v2_shuffled,conformal,3,2,11.866905862468117,16.146280690411878,0.4469230769230769,0.7546153846153846,0.9076923076923077,
gru_v2_shuffled,conformal,3,3,16.183084651294884,35.549155739618016,0.47,0.76,0.933076923076923,
gru_v2_shuffled,conformal,3,6,8.112879910694204,12.689312956782864,0.5267924528301887,0.8045283018867925,0.9366037735849057,
gru_v2_shuffled,conformal,3,7,15.85240888427599,32.84822679920698,0.5553846153846154,0.8192307692307692,0.9323076923076923,
gru_v2_shuffled,conformal,3,8,9.067724045775543,19.5473502111407,0.5638461538461539,0.8707692307692307,0.9976923076923077,
gru_v2_shuffled,conformal,3,9,6.613043258392495,19.63870472650616,0.44384615384615383,0.7823076923076923,0.9423076923076923,
gru_v2_shuffled,conformal,4,1,41.26143979691413,46.151673095609404,0.4592307692307692,0.7776923076923077,0.9476923076923077,
gru_v2_shuffled,conformal,4,2,17.31729599753654,22.633299517921387,0.40615384615384614,0.6715384615384615,0.8784615384615385,
gru_v2_shuffled,conformal,4,3,17.22774231729087,37.05956235205857,0.5461538461538461,0.8123076923076923,0.96,
gru_v2_shuffled,conformal,4,6,8.443799657773702,13.05001424563342,0.5418867924528302,0.7984905660377358,0.939622641509434,
gru_v2_shuffled,conformal,4,7,17.29871063666112,36.52755425939755,0.5407692307692308,0.81,0.9376923076923077,
gru_v2_shuffled,conformal,4,8,10.028990228803053,21.069644833850603,0.5807692307692308,0.8769230769230769,0.9953846153846154,
gru_v2_shuffled,conformal,4,9,7.491425161649304,23.355734301230168,0.3984615384615385,0.7461538461538462,0.9407692307692308,
gru_v2_shuffled,conformal,6,1,51.4098172986962,58.06770635750188,0.4146153846153846,0.6823076923076923,0.8746153846153846,
gru_v2_shuffled,conformal,6,2,31.11005115260971,36.9447615298132,0.3576923076923077,0.5815384615384616,0.8115384615384615,
gru_v2_shuffled,conformal,6,3,20.8427800286532,45.964120559792285,0.56,0.8207692307692308,0.933076923076923,
gru_v2_shuffled,conformal,6,6,9.459914891429541,12.29865427856742,0.5516981132075471,0.7909433962264151,0.9275471698113208,
gru_v2_shuffled,conformal,6,7,18.855648957282042,38.49155613124126,0.5276923076923077,0.806923076923077,0.9376923076923077,
gru_v2_shuffled,conformal,6,8,11.44386170183496,23.02278967411128,0.5861538461538461,0.8807692307692307,0.99,
gru_v2_shuffled,conformal,6,9,8.940189567141976,28.373661609638777,0.41615384615384615,0.7315384615384616,0.9492307692307692,
gru_v2_shuffled,conformal,8,1,65.69449050166011,74.11903682256715,0.38076923076923075,0.6315384615384615,0.8,
gru_v2_shuffled,conformal,8,2,51.20065079736276,56.75757327500955,0.3376923076923077,0.5315384615384615,0.7423076923076923,
gru_v2_shuffled,conformal,8,3,24.106937241447895,53.56602077977381,0.5361538461538462,0.8084615384615385,0.9338461538461539,
gru_v2_shuffled,conformal,8,6,9.57552211825307,14.772964172624958,0.539622641509434,0.8060377358490566,0.9343396226415094,
gru_v2_shuffled,conformal,8,7,18.89717459611116,36.25264344011106,0.5169230769230769,0.8084615384615385,0.9423076923076923,
gru_v2_shuffled,conformal,8,8,13.358194213723134,26.056381363840323,0.5276923076923077,0.8369230769230769,0.9823076923076923,
gru_v2_shuffled,conformal,8,9,9.990733094306144,31.82828436647131,0.4676923076923077,0.8015384615384615,0.9692307692307692,
gru_v2_shuffled,conformal,10,1,81.83524843294612,93.80955548654723,0.3423076923076923,0.5407692307692308,0.6630769230769231,
gru_v2_shuffled,conformal,10,2,86.19929153332448,85.35977169459824,0.23153846153846153,0.4046153846153846,0.6030769230769231,
gru_v2_shuffled,conformal,10,3,27.691373755039017,62.597419602326845,0.5123076923076924,0.7646153846153846,0.9407692307692308,
gru_v2_shuffled,conformal,10,6,9.76572880692579,17.51993734669875,0.510188679245283,0.7924528301886793,0.9335849056603773,
gru_v2_shuffled,conformal,10,7,20.41075991420772,35.376390446943944,0.5423076923076923,0.833076923076923,0.9561538461538461,
gru_v2_shuffled,conformal,10,8,14.191247045671771,28.573820315289307,0.5546153846153846,0.8284615384615385,0.9807692307692307,
gru_v2_shuffled,conformal,10,9,10.75429704398128,33.57439643312177,0.47615384615384615,0.8146153846153846,0.9746153846153847,
gru_v2_shuffled,conformal,12,1,83.29451371286771,95.2494475573484,0.3130769230769231,0.5076923076923077,0.6438461538461538,
gru_v2_shuffled,conformal,12,2,104.95753062218724,94.27143931384252,0.18461538461538463,0.3669230769230769,0.5715384615384616,
gru_v2_shuffled,conformal,12,3,30.323845751047138,69.7456320717895,0.46307692307692305,0.7461538461538462,0.9076923076923077,
gru_v2_shuffled,conformal,12,6,9.789632052720604,19.829814198977008,0.4573584905660377,0.7962264150943397,0.9449056603773585,
gru_v2_shuffled,conformal,12,7,21.09964083799952,33.93597512955366,0.5276923076923077,0.8376923076923077,0.9561538461538461,
gru_v2_shuffled,conformal,12,8,14.453208665215453,29.78529926597241,0.583076923076923,0.8384615384615385,0.9807692307692307,
gru_v2_shuffled,conformal,12,9,11.190557708343562,34.652351342035864,0.46384615384615385,0.8192307692307692,0.9730769230769231,
lgbm_v2,conformal,1,1,24.777999199508216,27.675623123927913,0.6,0.8430769230769231,0.9669230769230769,
lgbm_v2,conformal,1,2,7.876178303294039,12.182534924434016,0.43153846153846154,0.7461538461538462,0.9353846153846154,
lgbm_v2,conformal,1,3,10.487440499873639,20.956607822510644,0.56,0.8207692307692308,0.9638461538461538,
lgbm_v2,conformal,1,6,6.883936693916654,13.175360677420528,0.5486792452830188,0.790188679245283,0.9064150943396226,
lgbm_v2,conformal,1,7,12.094007044844124,22.58638150959923,0.5692307692307692,0.8584615384615385,0.9661538461538461,
lgbm_v2,conformal,1,8,5.958650404986993,13.228783572248913,0.5523076923076923,0.8715384615384615,0.9923076923076923,
lgbm_v2,conformal,1,9,5.230775579424084,12.175450394406544,0.5138461538461538,0.8061538461538461,0.9561538461538461,
lgbm_v2,conformal,2,1,31.617850426910444,35.64734697840887,0.5169230769230769,0.816923076923077,0.9576923076923077,
lgbm_v2,conformal,2,2,12.779863823035859,19.134632323264068,0.3707692307692308,0.6630769230769231,0.8907692307692308,
lgbm_v2,conformal,2,3,12.125979519784433,24.771082345033236,0.5430769230769231,0.8315384615384616,0.9753846153846154,
lgbm_v2,conformal,2,6,7.384312900082672,11.870537075063021,0.5532075471698114,0.7916981132075471,0.9162264150943397,
lgbm_v2,conformal,2,7,14.456492362435293,27.828015048399887,0.5553846153846154,0.8507692307692307,0.9453846153846154,
lgbm_v2,conformal,2,8,6.936444252384301,14.835814320380052,0.5846153846153846,0.8838461538461538,0.9969230769230769,
lgbm_v2,conformal,2,9,5.850172737377636,15.744167070871352,0.5,0.813076923076923,0.9538461538461539,
lgbm_v2,conformal,3,1,37.026115519368325,41.98681425008839,0.48615384615384616,0.7323076923076923,0.93,
lgbm_v2,conformal,3,2,16.592954890006776,24.188952016042872,0.3630769230769231,0.64,0.8776923076923077,
lgbm_v2,conformal,3,3,13.903754984583736,28.799361971509267,0.5653846153846154,0.8338461538461538,0.9653846153846154,
lgbm_v2,conformal,3,6,7.90627566402489,13.271298078889876,0.5358490566037736,0.7977358490566038,0.9245283018867925,
lgbm_v2,conformal,3,7,16.88194163277177,34.556729256099814,0.5538461538461539,0.8053846153846154,0.9338461538461539,
lgbm_v2,conformal,3,8,8.40238775774783,19.260694855332986,0.6138461538461538,0.9107692307692308,1.0,
lgbm_v2,conformal,3,9,6.504755527168236,18.053103252624993,0.4807692307692308,0.81,0.9615384615384616,
lgbm_v2,conformal,4,1,43.82326054002003,49.72589502497116,0.40307692307692305,0.6876923076923077,0.8784615384615385,
lgbm_v2,conformal,4,2,26.336674002257357,35.995342645838534,0.29846153846153844,0.5192307692307693,0.7930769230769231,
lgbm_v2,conformal,4,3,15.476836715182861,32.495940724583306,0.5938461538461538,0.8415384615384616,0.9730769230769231,
lgbm_v2,conformal,4,6,8.32766594948873,13.122051983421542,0.5154716981132076,0.8181132075471698,0.9335849056603773,
lgbm_v2,conformal,4,7,18.196292808821582,37.58417761316919,0.5638461538461539,0.7953846153846154,0.9261538461538461,
lgbm_v2,conformal,4,8,9.291119587911615,19.561953915747313,0.6369230769230769,0.8838461538461538,0.9984615384615385,
lgbm_v2,conformal,4,9,7.307961129383916,20.95194349676044,0.4776923076923077,0.8269230769230769,0.9723076923076923,
lgbm_v2,conformal,6,1,56.78630327304906,64.58138060134476,0.3346153846153846,0.556923076923077,0.8023076923076923,
lgbm_v2,conformal,6,2,40.2045257056319,51.546935121523475,0.31153846153846154,0.5115384615384615,0.79,
lgbm_v2,conformal,6,3,19.219261397825235,41.45326675570599,0.5538461538461539,0.82,0.9461538461538461,
lgbm_v2,conformal,6,6,9.072121688337955,13.67346327299815,0.5335849056603773,0.7909433962264151,0.9358490566037736,
lgbm_v2,conformal,6,7,19.596112078878622,38.997130411747996,0.5176923076923077,0.816923076923077,0.93,
lgbm_v2,conformal,6,8,10.60056817737731,21.399287912308708,0.6384615384615384,0.9107692307692308,0.9930769230769231,
lgbm_v2,conformal,6,9,8.965654835309827,26.564247737121125,0.4715384615384615,0.83,0.9715384615384616,
lgbm_v2,conformal,8,1,68.86100959086997,77.98181495421446,0.30153846153846153,0.5161538461538462,0.7084615384615385,
lgbm_v2,conformal,8,2,56.203299924842476,64.14247375589707,0.2907692307692308,0.5176923076923077,0.7784615384615384,
lgbm_v2,conformal,8,3,23.73085664421937,52.49203270900241,0.5107692307692308,0.7923076923076923,0.926923076923077,
lgbm_v2,conformal,8,6,9.553294822302078,15.994979140059423,0.5207547169811321,0.779622641509434,0.939622641509434,
lgbm_v2,conformal,8,7,19.52749289472949,35.65379131474042,0.5184615384615384,0.8153846153846154,0.9461538461538461,
lgbm_v2,conformal,8,8,10.9757810436245,28.342471894642628,0.6153846153846154,0.88,0.9838461538461538,
lgbm_v2,conformal,8,9,10.475478991758344,29.756778172397905,0.52,0.8515384615384616,0.97,
lgbm_v2,conformal,10,1,73.59722314276705,83.66953163594943,0.2692307692307692,0.4876923076923077,0.6592307692307692,
lgbm_v2,conformal,10,2,65.65610028170683,69.30259008717934,0.26,0.4807692307692308,0.7215384615384616,
lgbm_v2,conformal,10,3,26.564541044638368,59.32307596305529,0.48923076923076925,0.7546153846153846,0.936923076923077,
lgbm_v2,conformal,10,6,9.848254774199615,19.092470733492597,0.4762264150943396,0.7720754716981132,0.9245283018867925,
lgbm_v2,conformal,10,7,20.19624975474136,34.76765801853404,0.5176923076923077,0.8307692307692308,0.9623076923076923,
lgbm_v2,conformal,10,8,11.428579650291173,30.033862199185858,0.6076923076923076,0.8676923076923077,0.9769230769230769,
lgbm_v2,conformal,10,9,11.941454099295738,30.49961536974847,0.5384615384615384,0.8238461538461539,0.9653846153846154,
lgbm_v2,conformal,12,1,83.4773835080689,95.32473311296687,0.22153846153846155,0.41307692307692306,0.6176923076923077,
lgbm_v2,conformal,12,2,108.37750583676133,98.84500996444505,0.1776923076923077,0.36846153846153845,0.6030769230769231,
lgbm_v2,conformal,12,3,29.822965916863122,68.34781839938891,0.44153846153846155,0.7369230769230769,0.8992307692307693,
lgbm_v2,conformal,12,6,10.227498212610717,19.26295336865927,0.41358490566037737,0.7660377358490567,0.9441509433962264,
lgbm_v2,conformal,12,7,21.36267352251685,35.964631923306904,0.48923076923076925,0.8092307692307692,0.9507692307692308,
lgbm_v2,conformal,12,8,11.462241762843204,26.702089334276963,0.6469230769230769,0.8846153846153846,0.9830769230769231,
lgbm_v2,conformal,12,9,12.287399580506266,29.838163362183447,0.49846153846153846,0.8215384615384616,0.9723076923076923,
lgbm_v2_noclimate,conformal,1,1,26.12212624988184,29.321446603356296,0.52,0.8292307692307692,0.9669230769230769,
lgbm_v2_noclimate,conformal,1,2,8.489938187942576,13.05657327981636,0.4230769230769231,0.7430769230769231,0.9353846153846154,
lgbm_v2_noclimate,conformal,1,3,10.559763038948137,21.138099524732368,0.5492307692307692,0.8253846153846154,0.9646153846153847,
lgbm_v2_noclimate,conformal,1,6,6.8950259303407115,13.36040271204981,0.5245283018867924,0.7886792452830189,0.8996226415094339,
lgbm_v2_noclimate,conformal,1,7,12.212540392399147,22.90295635424114,0.5838461538461538,0.8553846153846154,0.963076923076923,
lgbm_v2_noclimate,conformal,1,8,6.156569107905902,13.860962099606848,0.553076923076923,0.8669230769230769,0.9907692307692307,
lgbm_v2_noclimate,conformal,1,9,5.248510854671235,12.353666043377014,0.5415384615384615,0.7976923076923077,0.96,
lgbm_v2_noclimate,conformal,2,1,33.73893196805213,38.20852016559185,0.4946153846153846,0.7715384615384615,0.9476923076923077,
lgbm_v2_noclimate,conformal,2,2,14.340205077562254,21.451623107596173,0.3476923076923077,0.6269230769230769,0.9007692307692308,
lgbm_v2_noclimate,conformal,2,3,12.575000447519042,25.801134190978875,0.5253846153846153,0.84,0.9784615384615385,
lgbm_v2_noclimate,conformal,2,6,7.378709104514885,12.155553548934945,0.5305660377358491,0.7856603773584906,0.9162264150943397,
lgbm_v2_noclimate,conformal,2,7,14.732822256342754,28.74486494384117,0.5538461538461539,0.8369230769230769,0.9446153846153846,
lgbm_v2_noclimate,conformal,2,8,7.196869182331544,15.776651095074048,0.5838461538461538,0.8846153846153846,0.9969230769230769,
lgbm_v2_noclimate,conformal,2,9,5.849679448888692,16.03902462615996,0.5030769230769231,0.806923076923077,0.9507692307692308,
lgbm_v2_noclimate,conformal,3,1,38.33688535970941,43.47929579272873,0.48384615384615387,0.7430769230769231,0.933076923076923,
lgbm_v2_noclimate,conformal,3,2,16.54347818969192,24.24398748731484,0.38384615384615384,0.6653846153846154,0.8876923076923077,
lgbm_v2_noclimate,conformal,3,3,14.568424431263038,30.059275841126194,0.5484615384615384,0.8184615384615385,0.9584615384615385,
lgbm_v2_noclimate,conformal,3,6,7.880125428001624,13.183892016779739,0.5177358490566037,0.7909433962264151,0.9245283018867925,
lgbm_v2_noclimate,conformal,3,7,17.442495756623646,35.827492683126685,0.54,0.8153846153846154,0.93,
lgbm_v2_noclimate,conformal,3,8,8.393669413333527,18.733576981302104,0.6230769230769231,0.9223076923076923,0.9984615384615385,
lgbm_v2_noclimate,conformal,3,9,6.49704641334451,18.71526471758298,0.5069230769230769,0.8261538461538461,0.9523076923076923,
lgbm_v2_noclimate,conformal,4,1,44.85995015062906,50.907701461229436,0.4076923076923077,0.6923076923076923,0.8784615384615385,
lgbm_v2_noclimate,conformal,4,2,25.257924457967768,34.80516091713497,0.3230769230769231,0.5615384615384615,0.8338461538461538,
lgbm_v2_noclimate,conformal,4,3,16.561029425124744,34.85137085808064,0.5776923076923077,0.8384615384615385,0.9653846153846154,
lgbm_v2_noclimate,conformal,4,6,8.272998832974094,12.970421441108408,0.5147169811320754,0.7977358490566038,0.9418867924528301,
lgbm_v2_noclimate,conformal,4,7,18.578313197179526,39.10913368389967,0.5415384615384615,0.8053846153846154,0.9130769230769231,
lgbm_v2_noclimate,conformal,4,8,9.142131011702105,19.786935640322007,0.63,0.9038461538461539,0.9976923076923077,
lgbm_v2_noclimate,conformal,4,9,7.145689278455826,21.153173261953615,0.5023076923076923,0.8253846153846154,0.9715384615384616,
lgbm_v2_noclimate,conformal,6,1,57.88654926485055,65.68629026368691,0.3269230769230769,0.5838461538461538,0.7907692307692308,
lgbm_v2_noclimate,conformal,6,2,43.588873997396675,55.68359535103319,0.3192307692307692,0.5038461538461538,0.8046153846153846,
lgbm_v2_noclimate,conformal,6,3,20.98866107518791,45.40864797601243,0.5323076923076923,0.8076923076923077,0.9376923076923077,
lgbm_v2_noclimate,conformal,6,6,8.986211856978864,13.707706590428446,0.539622641509434,0.7773584905660378,0.939622641509434,
lgbm_v2_noclimate,conformal,6,7,19.64859389495182,39.64337435388602,0.5169230769230769,0.816923076923077,0.9284615384615384,
lgbm_v2_noclimate,conformal,6,8,10.711258805533408,21.76141503638277,0.6692307692307692,0.9023076923076923,0.99,
lgbm_v2_noclimate,conformal,6,9,9.136087822344106,27.243416928373286,0.47615384615384615,0.8,0.9607692307692308,
lgbm_v2_noclimate,conformal,8,1,67.16062338805014,75.86233061456863,0.3130769230769231,0.5307692307692308,0.7092307692307692,
lgbm_v2_noclimate,conformal,8,2,59.82681086667538,67.77685725506633,0.28615384615384615,0.49615384615384617,0.7561538461538462,
lgbm_v2_noclimate,conformal,8,3,25.463795646999106,56.49214974658547,0.49230769230769234,0.79,0.916923076923077,
lgbm_v2_noclimate,conformal,8,6,9.56703322211043,15.799008862716063,0.5139622641509434,0.7856603773584906,0.9343396226415094,
lgbm_v2_noclimate,conformal,8,7,19.506460822476104,37.88573374491301,0.49923076923076926,0.8092307692307692,0.9415384615384615,
lgbm_v2_noclimate,conformal,8,8,11.150635113568088,27.263753048529196,0.6338461538461538,0.8976923076923077,0.9861538461538462,
lgbm_v2_noclimate,conformal,8,9,10.93704149994161,29.762971786739385,0.5107692307692308,0.8223076923076923,0.97,
lgbm_v2_noclimate,conformal,10,1,74.88177894932655,85.07356241380084,0.27384615384615385,0.4684615384615385,0.6461538461538462,
lgbm_v2_noclimate,conformal,10,2,79.94123044542813,83.27673891364981,0.2246153846153846,0.42153846153846153,0.6684615384615384,
lgbm_v2_noclimate,conformal,10,3,28.168795532135263,62.33883438427317,0.4715384615384615,0.7407692307692307,0.9276923076923077,
lgbm_v2_noclimate,conformal,10,6,9.743936839729189,19.08635646572308,0.4528301886792453,0.7841509433962264,0.9366037735849057,
lgbm_v2_noclimate,conformal,10,7,20.703907330275424,36.92123679382074,0.49923076923076926,0.8223076923076923,0.9607692307692308,
lgbm_v2_noclimate,conformal,10,8,12.031524252119413,30.667434433282857,0.6384615384615384,0.8884615384615384,0.9761538461538461,
lgbm_v2_noclimate,conformal,10,9,11.587409919801946,31.43538210021189,0.5430769230769231,0.8346153846153846,0.9715384615384616,
lgbm_v2_noclimate,conformal,12,1,82.81293457650271,94.32497648592538,0.23076923076923078,0.4307692307692308,0.6415384615384615,
lgbm_v2_noclimate,conformal,12,2,114.14272907381854,105.33236003802652,0.1646153846153846,0.3446153846153846,0.6169230769230769,
lgbm_v2_noclimate,conformal,12,3,31.072468535288063,70.59532692965017,0.42615384615384616,0.7246153846153847,0.8876923076923077,
lgbm_v2_noclimate,conformal,12,6,9.767136366598512,19.082412524677007,0.43849056603773584,0.7939622641509434,0.9577358490566038,
lgbm_v2_noclimate,conformal,12,7,22.092770155393044,38.05297453906511,0.46615384615384614,0.7692307692307693,0.9384615384615385,
lgbm_v2_noclimate,conformal,12,8,12.324055967532084,32.62612720951875,0.6692307692307692,0.8892307692307693,0.9815384615384616,
lgbm_v2_noclimate,conformal,12,9,13.009595777223467,30.272383314154833,0.4907692307692308,0.8392307692307692,0.97,
persistence,conformal,1,1,31.39714538082306,34.708087571849816,0.6892307692307692,0.93,0.9915384615384616,
persistence,conformal,1,2,6.694868492238756,11.236848953520663,0.45692307692307693,0.7915384615384615,0.936923076923077,
persistence,conformal,1,3,12.13369188313919,23.71035795432328,0.546923076923077,0.8138461538461539,0.9484615384615385,
persistence,conformal,1,6,8.699603268663344,16.341368784140414,0.5335849056603773,0.7720754716981132,0.889811320754717,
persistence,conformal,1,7,14.9557017441209,26.264040625530278,0.5823076923076923,0.8692307692307693,0.9723076923076923,
persistence,conformal,1,8,7.62643162492265,17.112597301275574,0.5061538461538462,0.8361538461538461,0.9876923076923076,
persistence,conformal,1,9,6.071859914485568,12.244496001888804,0.5169230769230769,0.8153846153846154,0.9653846153846154,
persistence,conformal,2,1,38.81880983658399,43.02438892176327,0.6646153846153846,0.9323076923076923,0.9946153846153846,
persistence,conformal,2,2,8.14161726468808,13.714757424484677,0.4707692307692308,0.7830769230769231,0.9284615384615384,
persistence,conformal,2,3,13.525018107960507,26.9173793086179,0.5492307692307692,0.8423076923076923,0.9707692307692307,
persistence,conformal,2,6,9.373374540053208,14.161969555546257,0.5275471698113208,0.8060377358490566,0.8981132075471698,
persistence,conformal,2,7,17.210433022034152,30.767195287238014,0.5607692307692308,0.8538461538461538,0.9584615384615385,
persistence,conformal,2,8,9.591115171381581,20.93233613243706,0.5430769230769231,0.8523076923076923,0.99,
persistence,conformal,2,9,6.82721168781113,14.769490042333763,0.5392307692307692,0.8469230769230769,0.963076923076923,
persistence,conformal,3,1,46.34589808591545,51.54753328076519,0.6576923076923077,0.9084615384615384,0.9915384615384616,
persistence,conformal,3,2,9.961946935119544,16.435138945124034,0.5046153846153846,0.806923076923077,0.9484615384615385,
persistence,conformal,3,3,15.567957084613699,31.3522661303211,0.5538461538461539,0.83,0.9538461538461539,
persistence,conformal,3,6,10.290346375432566,15.723944993965654,0.5667924528301886,0.8045283018867925,0.9207547169811321,
persistence,conformal,3,7,19.457392980581062,36.210933041330286,0.5761538461538461,0.8384615384615385,0.9415384615384615,
persistence,conformal,3,8,12.822163111859174,31.381614786048164,0.5415384615384615,0.87,0.9923076923076923,
persistence,conformal,3,9,7.536615269590956,18.089177720285754,0.4869230769230769,0.8284615384615385,0.9615384615384616,
persistence,conformal,4,1,52.3729253818313,58.0323034256228,0.6476923076923077,0.8776923076923077,0.9861538461538462,
persistence,conformal,4,2,12.182083024902862,19.15781516861054,0.46923076923076923,0.8338461538461538,0.9638461538461538,
persistence,conformal,4,3,17.89723876277655,36.422058828547534,0.6038461538461538,0.84,0.9584615384615385,
persistence,conformal,4,6,10.739858794470006,16.192690711328172,0.5547169811320755,0.7992452830188679,0.9426415094339623,
persistence,conformal,4,7,21.13775698063388,40.50381811445768,0.5384615384615384,0.8369230769230769,0.94,
persistence,conformal,4,8,15.122429461897186,37.25077048811339,0.5846153846153846,0.8638461538461538,0.99,
persistence,conformal,4,9,8.132961049143397,20.70027542040741,0.5007692307692307,0.8392307692307692,0.9653846153846154,
persistence,conformal,6,1,62.91911480281236,68.22379141056346,0.5653846153846154,0.8453846153846154,0.9838461538461538,
persistence,conformal,6,2,16.752895975528983,24.012655051944684,0.4930769230769231,0.8507692307692307,0.9738461538461538,
persistence,conformal,6,3,21.34015155880492,43.8233459571534,0.5946153846153847,0.8438461538461538,0.936923076923077,
persistence,conformal,6,6,12.142697653865348,15.385048303665814,0.5547169811320755,0.8083018867924529,0.939622641509434,
persistence,conformal,6,7,23.352436180071138,43.17283698334526,0.5076923076923077,0.8123076923076923,0.9246153846153846,
persistence,conformal,6,8,19.941244897145683,43.84308384208331,0.5623076923076923,0.8569230769230769,0.97,
persistence,conformal,6,9,9.788144301070382,26.55350798727713,0.5130769230769231,0.8053846153846154,0.9707692307692307,
persistence,conformal,8,1,73.30225685380486,77.56283503170566,0.5330769230769231,0.8123076923076923,0.9661538461538461,
persistence,conformal,8,2,21.918496467441724,28.472252389209018,0.49230769230769234,0.8692307692307693,0.9746153846153847,
persistence,conformal,8,3,24.72692718887836,51.1732779424417,0.5946153846153847,0.8246153846153846,0.9238461538461539,
persistence,conformal,8,6,13.449722593807822,17.01734430967983,0.5464150943396227,0.8143396226415094,0.9335849056603773,
persistence,conformal,8,7,24.55919171264392,41.88503650015896,0.5330769230769231,0.806923076923077,0.936923076923077,
persistence,conformal,8,8,22.656160395229367,42.38122396207361,0.5623076923076923,0.8253846153846154,0.9576923076923077,
persistence,conformal,8,9,11.660323975612354,29.846911106518963,0.5361538461538462,0.8769230769230769,0.9838461538461538,
persistence,conformal,10,1,79.13541140342488,82.71482681467786,0.5115384615384615,0.8146153846153846,0.9592307692307692,
persistence,conformal,10,2,27.775036318423798,32.71388275201427,0.5169230769230769,0.8523076923076923,0.9669230769230769,
persistence,conformal,10,3,26.84596659206089,55.220306462196675,0.5607692307692308,0.813076923076923,0.9392307692307692,
persistence,conformal,10,6,14.681813378129604,18.60658709395552,0.5139622641509434,0.8113207547169812,0.9366037735849057,
persistence,conformal,10,7,26.675445046478032,42.59251055815445,0.5192307692307693,0.7961538461538461,0.9461538461538461,
persistence,conformal,10,8,26.01807993398244,43.45917728329745,0.5361538461538462,0.7953846153846154,0.9523076923076923,
persistence,conformal,10,9,13.568887643525523,31.524882225611314,0.5684615384615385,0.8915384615384615,0.99,
persistence,conformal,12,1,85.26598712527127,88.32236727585615,0.47384615384615386,0.7853846153846153,0.9461538461538461,
persistence,conformal,12,2,34.0885850405209,35.97907852627647,0.5007692307692307,0.85,0.9761538461538461,
persistence,conformal,12,3,28.4524081278157,59.35768900793064,0.5192307692307693,0.796923076923077,0.9069230769230769,
persistence,conformal,12,6,14.691739483691613,18.63232996471069,0.48150943396226414,0.7766037735849056,0.9366037735849057,
persistence,conformal,12,7,28.6158914964855,41.9455822817477,0.5046153846153846,0.796923076923077,0.9523076923076923,
persistence,conformal,12,8,28.3689091941038,41.43873329397646,0.5284615384615384,0.79,0.95,
persistence,conformal,12,9,14.767745025631376,31.636973990207593,0.573076923076923,0.9123076923076923,0.9961538461538462,
ridge_v2,conformal,1,1,25.291520078323632,28.053323457929675,0.6238461538461538,0.8953846153846153,0.9830769230769231,
ridge_v2,conformal,1,2,6.642932583840546,10.19376429485387,0.4938461538461538,0.7838461538461539,0.9361538461538461,
ridge_v2,conformal,1,3,11.06473262017815,23.005801030051412,0.5061538461538462,0.7815384615384615,0.963076923076923,
ridge_v2,conformal,1,6,6.989328750984072,14.764845308837312,0.489811320754717,0.7622641509433963,0.8996226415094339,
ridge_v2,conformal,1,7,12.681567841580142,24.674059683884014,0.6284615384615385,0.8584615384615385,0.9623076923076923,
ridge_v2,conformal,1,8,6.327595160201288,13.828192235532564,0.5461538461538461,0.8753846153846154,0.9915384615384616,
ridge_v2,conformal,1,9,5.221545787474408,14.090379291242295,0.5284615384615384,0.816923076923077,0.946923076923077,
ridge_v2,conformal,2,1,30.23641186665853,33.78792111959509,0.5707692307692308,0.8623076923076923,0.9784615384615385,
ridge_v2,conformal,2,2,8.469918704129451,12.058608970722656,0.45384615384615384,0.7861538461538462,0.9261538461538461,
ridge_v2,conformal,2,3,12.75304287257744,27.140546548747846,0.48538461538461536,0.7946153846153846,0.946923076923077,
ridge_v2,conformal,2,6,7.298001061500642,14.106307511627316,0.4920754716981132,0.7667924528301887,0.9177358490566038,
ridge_v2,conformal,2,7,14.942403416390666,29.93265703218833,0.5861538461538461,0.8453846153846154,0.9361538461538461,
ridge_v2,conformal,2,8,7.336246139531761,15.834346301688903,0.5930769230769231,0.8946153846153846,0.9969230769230769,
ridge_v2,conformal,2,9,5.8618180836821905,17.26772683963371,0.5030769230769231,0.806923076923077,0.9476923076923077,
ridge_v2,conformal,3,1,34.72580508105135,38.964322292506424,0.5446153846153846,0.816923076923077,0.9584615384615385,
ridge_v2,conformal,3,2,10.267511417139026,13.706331223504495,0.4461538461538462,0.7653846153846153,0.92,
ridge_v2,conformal,3,3,14.790956136983773,31.99221269736476,0.47846153846153844,0.7876923076923077,0.9376923076923077,
ridge_v2,conformal,3,6,7.957351812791859,15.188549831955738,0.47547169811320755,0.7833962264150943,0.9320754716981132,
ridge_v2,conformal,3,7,16.687285667060774,34.80605950787013,0.5884615384615385,0.8261538461538461,0.9323076923076923,
ridge_v2,conformal,3,8,8.706575969160799,19.61741986689245,0.6015384615384616,0.9015384615384615,0.9969230769230769,
ridge_v2,conformal,3,9,6.590051169002886,20.44230929606052,0.4938461538461538,0.8115384615384615,0.943076923076923,
ridge_v2,conformal,4,1,39.17809786917379,44.01932874843074,0.5123076923076924,0.7892307692307692,0.9407692307692308,
ridge_v2,conformal,4,2,12.669589697074686,15.408742746899257,0.41307692307692306,0.7207692307692307,0.91,
ridge_v2,conformal,4,3,16.365415642473817,35.814793898638456,0.5023076923076923,0.7953846153846154,0.9315384615384615,
ridge_v2,conformal,4,6,8.251759807101406,15.258349475415764,0.5116981132075472,0.7932075471698113,0.9486792452830188,
ridge_v2,conformal,4,7,17.940426682890944,38.40711983449088,0.5676923076923077,0.81,0.9284615384615384,
ridge_v2,conformal,4,8,9.650221392542587,20.98743489992626,0.6038461538461538,0.8938461538461538,0.9969230769230769,
ridge_v2,conformal,4,9,7.155855218833232,22.75758957917002,0.46615384615384614,0.8053846153846154,0.9538461538461539,
ridge_v2,conformal,6,1,48.82792844209799,55.14075261510777,0.4084615384615385,0.69,0.8892307692307693,
ridge_v2,conformal,6,2,17.459283881516274,19.130545950911355,0.36923076923076925,0.6961538461538461,0.89,
ridge_v2,conformal,6,3,19.772683013755678,44.31969620837484,0.48384615384615387,0.7661538461538462,0.916923076923077,
ridge_v2,conformal,6,6,8.856873345286845,15.933268933497422,0.5305660377358491,0.7864150943396226,0.9426415094339623,
ridge_v2,conformal,6,7,18.9672805913768,40.76197721515119,0.5323076923076923,0.8053846153846154,0.92,
ridge_v2,conformal,6,8,10.661961690941345,22.0059415526028,0.5938461538461538,0.8861538461538462,0.9930769230769231,
ridge_v2,conformal,6,9,8.31338461048221,27.191974399379003,0.4707692307692308,0.8046153846153846,0.9553846153846154,
ridge_v2,conformal,8,1,57.725000435951316,65.59032431567788,0.3376923076923077,0.6161538461538462,0.796923076923077,
ridge_v2,conformal,8,2,23.147895274878444,23.127786803714994,0.3161538461538462,0.6176923076923077,0.8884615384615384,
ridge_v2,conformal,8,3,22.885671824431768,51.70096318476927,0.4453846153846154,0.7523076923076923,0.9084615384615384,
ridge_v2,conformal,8,6,9.343560236333742,18.618310504186724,0.5026415094339622,0.8,0.9373584905660377,
ridge_v2,conformal,8,7,18.761798736229867,38.85249483043211,0.5207692307692308,0.8007692307692308,0.94,
ridge_v2,conformal,8,8,11.51780078642237,29.527190781042982,0.6092307692307692,0.8684615384615385,0.9861538461538462,
ridge_v2,conformal,8,9,9.31458549207531,28.51831920318196,0.4976923076923077,0.8292307692307692,0.97,
ridge_v2,conformal,10,1,63.66106575471002,72.67854276775206,0.31461538461538463,0.5461538461538461,0.7492307692307693,
ridge_v2,conformal,10,2,27.649162205139536,25.287928189777443,0.26384615384615384,0.5407692307692308,0.8423076923076923,
ridge_v2,conformal,10,3,25.59458666946126,57.984573752797935,0.4084615384615385,0.7169230769230769,0.9046153846153846,
ridge_v2,conformal,10,6,9.710620343616773,21.227745748898442,0.45811320754716983,0.7660377358490567,0.9411320754716981,
ridge_v2,conformal,10,7,19.249269288510536,39.97102914409521,0.5076923076923077,0.8015384615384615,0.95,
ridge_v2,conformal,10,8,11.988613642297112,33.78582220195294,0.6115384615384616,0.8746153846153846,0.9853846153846154,
ridge_v2,conformal,10,9,9.957339124487197,29.044853938261873,0.5023076923076923,0.8453846153846154,0.963076923076923,
ridge_v2,conformal,12,1,69.03862289825797,79.07799588529598,0.31153846153846154,0.5292307692307693,0.74,
ridge_v2,conformal,12,2,30.184097935347225,25.477168487444608,0.2684615384615385,0.5592307692307692,0.8315384615384616,
ridge_v2,conformal,12,3,27.704218550038203,62.72375344426898,0.3946153846153846,0.693076923076923,0.8946153846153846,
ridge_v2,conformal,12,6,10.00429919881686,22.344553829179553,0.4037735849056604,0.7683018867924528,0.9509433962264151,
ridge_v2,conformal,12,7,19.71133349534679,40.90951791472219,0.5053846153846154,0.7830769230769231,0.95,
ridge_v2,conformal,12,8,11.926032023824247,34.46428027457235,0.5930769230769231,0.8953846153846153,0.9853846153846154,
ridge_v2,conformal,12,9,10.196379139899086,29.345546181606235,0.49615384615384617,0.8223076923076923,0.9607692307692308,
seasonal_naive,conformal,1,1,67.48805693033158,75.92237655306688,0.2969230769230769,0.57,0.8369230769230769,
seasonal_naive,conformal,1,2,420.93341241819405,505.8382161759866,0.052307692307692305,0.14692307692307693,0.32153846153846155,
seasonal_naive,conformal,1,3,42.050990136785884,97.29034688705073,0.22153846153846155,0.4869230769230769,0.7692307692307693,
seasonal_naive,conformal,1,6,14.398703163563937,25.1533826676779,0.519245283018868,0.8188679245283019,0.9479245283018868,
seasonal_naive,conformal,1,7,30.997500011071708,47.385337646433406,0.5184615384615384,0.8346153846153846,0.9676923076923077,
seasonal_naive,conformal,1,8,51.73218128939686,36.051941695062816,0.31461538461538463,0.5861538461538461,0.8807692307692307,
seasonal_naive,conformal,1,9,14.006001021068167,30.881412787652756,0.5446153846153846,0.8715384615384615,0.9869230769230769,
seasonal_naive,conformal,2,1,67.48805693033158,75.92237655306688,0.2969230769230769,0.57,0.8369230769230769,
seasonal_naive,conformal,2,2,420.93341241819405,505.8382161759866,0.052307692307692305,0.14692307692307693,0.32153846153846155,
seasonal_naive,conformal,2,3,42.050990136785884,97.29034688705073,0.22153846153846155,0.4869230769230769,0.7692307692307693,
seasonal_naive,conformal,2,6,14.398703163563937,25.1533826676779,0.519245283018868,0.8188679245283019,0.9479245283018868,
seasonal_naive,conformal,2,7,30.997500011071708,47.385337646433406,0.5184615384615384,0.8346153846153846,0.9676923076923077,
seasonal_naive,conformal,2,8,51.73218128939686,36.051941695062816,0.31461538461538463,0.5861538461538461,0.8807692307692307,
seasonal_naive,conformal,2,9,14.006001021068167,30.881412787652756,0.5446153846153846,0.8715384615384615,0.9869230769230769,
seasonal_naive,conformal,3,1,67.48805693033158,75.92237655306688,0.2969230769230769,0.57,0.8369230769230769,
seasonal_naive,conformal,3,2,420.93341241819405,505.8382161759866,0.052307692307692305,0.14692307692307693,0.32153846153846155,
seasonal_naive,conformal,3,3,42.050990136785884,97.29034688705073,0.22153846153846155,0.4869230769230769,0.7692307692307693,
seasonal_naive,conformal,3,6,14.398703163563937,25.1533826676779,0.519245283018868,0.8188679245283019,0.9479245283018868,
seasonal_naive,conformal,3,7,30.997500011071708,47.385337646433406,0.5184615384615384,0.8346153846153846,0.9676923076923077,
seasonal_naive,conformal,3,8,51.73218128939686,36.051941695062816,0.31461538461538463,0.5861538461538461,0.8807692307692307,
seasonal_naive,conformal,3,9,14.006001021068167,30.881412787652756,0.5446153846153846,0.8715384615384615,0.9869230769230769,
seasonal_naive,conformal,4,1,67.48805693033158,75.92237655306688,0.2969230769230769,0.57,0.8369230769230769,
seasonal_naive,conformal,4,2,420.93341241819405,505.8382161759866,0.052307692307692305,0.14692307692307693,0.32153846153846155,
seasonal_naive,conformal,4,3,42.050990136785884,97.29034688705073,0.22153846153846155,0.4869230769230769,0.7692307692307693,
seasonal_naive,conformal,4,6,14.398703163563937,25.1533826676779,0.519245283018868,0.8188679245283019,0.9479245283018868,
seasonal_naive,conformal,4,7,30.997500011071708,47.385337646433406,0.5184615384615384,0.8346153846153846,0.9676923076923077,
seasonal_naive,conformal,4,8,51.73218128939686,36.051941695062816,0.31461538461538463,0.5861538461538461,0.8807692307692307,
seasonal_naive,conformal,4,9,14.006001021068167,30.881412787652756,0.5446153846153846,0.8715384615384615,0.9869230769230769,
seasonal_naive,conformal,6,1,67.48805693033158,75.92237655306688,0.2969230769230769,0.57,0.8369230769230769,
seasonal_naive,conformal,6,2,420.93341241819405,505.8382161759866,0.052307692307692305,0.14692307692307693,0.32153846153846155,
seasonal_naive,conformal,6,3,42.050990136785884,97.29034688705073,0.22153846153846155,0.4869230769230769,0.7692307692307693,
seasonal_naive,conformal,6,6,14.398703163563937,25.1533826676779,0.519245283018868,0.8188679245283019,0.9479245283018868,
seasonal_naive,conformal,6,7,30.997500011071708,47.385337646433406,0.5184615384615384,0.8346153846153846,0.9676923076923077,
seasonal_naive,conformal,6,8,51.73218128939686,36.051941695062816,0.31461538461538463,0.5861538461538461,0.8807692307692307,
seasonal_naive,conformal,6,9,14.006001021068167,30.881412787652756,0.5446153846153846,0.8715384615384615,0.9869230769230769,
seasonal_naive,conformal,8,1,67.48805693033158,75.92237655306688,0.2969230769230769,0.57,0.8369230769230769,
seasonal_naive,conformal,8,2,420.93341241819405,505.8382161759866,0.052307692307692305,0.14692307692307693,0.32153846153846155,
seasonal_naive,conformal,8,3,42.050990136785884,97.29034688705073,0.22153846153846155,0.4869230769230769,0.7692307692307693,
seasonal_naive,conformal,8,6,14.398703163563937,25.1533826676779,0.519245283018868,0.8188679245283019,0.9479245283018868,
seasonal_naive,conformal,8,7,30.997500011071708,47.385337646433406,0.5184615384615384,0.8346153846153846,0.9676923076923077,
seasonal_naive,conformal,8,8,51.73218128939686,36.051941695062816,0.31461538461538463,0.5861538461538461,0.8807692307692307,
seasonal_naive,conformal,8,9,14.006001021068167,30.881412787652756,0.5446153846153846,0.8715384615384615,0.9869230769230769,
seasonal_naive,conformal,10,1,67.48805693033158,75.92237655306688,0.2969230769230769,0.57,0.8369230769230769,
seasonal_naive,conformal,10,2,420.93341241819405,505.8382161759866,0.052307692307692305,0.14692307692307693,0.32153846153846155,
seasonal_naive,conformal,10,3,42.050990136785884,97.29034688705073,0.22153846153846155,0.4869230769230769,0.7692307692307693,
seasonal_naive,conformal,10,6,14.398703163563937,25.1533826676779,0.519245283018868,0.8188679245283019,0.9479245283018868,
seasonal_naive,conformal,10,7,30.997500011071708,47.385337646433406,0.5184615384615384,0.8346153846153846,0.9676923076923077,
seasonal_naive,conformal,10,8,51.73218128939686,36.051941695062816,0.31461538461538463,0.5861538461538461,0.8807692307692307,
seasonal_naive,conformal,10,9,14.006001021068167,30.881412787652756,0.5446153846153846,0.8715384615384615,0.9869230769230769,
seasonal_naive,conformal,12,1,67.48805693033158,75.92237655306688,0.2969230769230769,0.57,0.8369230769230769,
seasonal_naive,conformal,12,2,420.93341241819405,505.8382161759866,0.052307692307692305,0.14692307692307693,0.32153846153846155,
seasonal_naive,conformal,12,3,42.050990136785884,97.29034688705073,0.22153846153846155,0.4869230769230769,0.7692307692307693,
seasonal_naive,conformal,12,6,14.398703163563937,25.1533826676779,0.519245283018868,0.8188679245283019,0.9479245283018868,
seasonal_naive,conformal,12,7,30.997500011071708,47.385337646433406,0.5184615384615384,0.8346153846153846,0.9676923076923077,
seasonal_naive,conformal,12,8,51.73218128939686,36.051941695062816,0.31461538461538463,0.5861538461538461,0.8807692307692307,
seasonal_naive,conformal,12,9,14.006001021068167,30.881412787652756,0.5446153846153846,0.8715384615384615,0.9869230769230769,
seasonal_persistence,conformal,1,1,41.337891923600374,45.99895363264953,0.6276923076923077,0.9076923076923077,0.9884615384615385,
seasonal_persistence,conformal,1,2,9.122786908555913,15.939912455389182,0.5030769230769231,0.7846153846153846,0.943076923076923,
seasonal_persistence,conformal,1,3,16.083366407605766,31.063901115578883,0.55,0.8207692307692308,0.9507692307692308,
seasonal_persistence,conformal,1,6,9.11011120335754,17.349892311610443,0.5245283018867924,0.7788679245283019,0.8920754716981132,
seasonal_persistence,conformal,1,7,17.44256467753122,30.509470722724025,0.5330769230769231,0.8630769230769231,0.97,
seasonal_persistence,conformal,1,8,9.762690941069048,19.83752209934649,0.5153846153846153,0.7946153846153846,0.9761538461538461,
seasonal_persistence,conformal,1,9,8.808588285522179,20.634691423389082,0.5261538461538462,0.8292307692307692,0.9538461538461539,
seasonal_persistence,conformal,2,1,49.150108230405614,54.782624299005974,0.6092307692307692,0.9061538461538462,0.9876923076923076,
seasonal_persistence,conformal,2,2,10.458940812740671,18.475032198413576,0.5115384615384615,0.7861538461538462,0.9384615384615385,
seasonal_persistence,conformal,2,3,17.12278095510516,33.37221484486209,0.5615384615384615,0.8284615384615385,0.953076923076923,
seasonal_persistence,conformal,2,6,9.862798307444457,15.881295379743158,0.5026415094339622,0.7954716981132075,0.8943396226415095,
seasonal_persistence,conformal,2,7,18.982135290095705,32.90670429452043,0.5292307692307693,0.8507692307692307,0.9576923076923077,
seasonal_persistence,conformal,2,8,11.200486994696895,23.264157507027033,0.5130769230769231,0.8392307692307692,0.9907692307692307,
seasonal_persistence,conformal,2,9,9.073453749767946,21.801615163339537,0.546923076923077,0.8153846153846154,0.9546153846153846,
seasonal_persistence,conformal,3,1,56.12826209236225,62.88323949265259,0.5861538461538461,0.89,0.9861538461538462,
seasonal_persistence,conformal,3,2,11.841621420465895,21.812956576742792,0.5515384615384615,0.8253846153846154,0.9576923076923077,
seasonal_persistence,conformal,3,3,18.455828365766703,36.14186177112886,0.5169230769230769,0.81,0.9446153846153846,
seasonal_persistence,conformal,3,6,10.924759403290892,17.692264799169443,0.5056603773584906,0.790188679245283,0.9056603773584906,
seasonal_persistence,conformal,3,7,21.73900720417694,40.00613461587528,0.5261538461538462,0.8238461538461539,0.9546153846153846,
seasonal_persistence,conformal,3,8,14.885864324032944,33.61346259401221,0.5338461538461539,0.8676923076923077,0.9884615384615385,
seasonal_persistence,conformal,3,9,10.107978323202364,26.065332095047125,0.5176923076923077,0.7992307692307692,0.9576923076923077,
seasonal_persistence,conformal,4,1,60.59482128142537,67.68472128810073,0.56,0.8538461538461538,0.9753846153846154,
seasonal_persistence,conformal,4,2,14.575009838671903,27.889614966369617,0.5584615384615385,0.8269230769230769,0.9561538461538461,
seasonal_persistence,conformal,4,3,19.97810889315866,39.79707782655667,0.4938461538461538,0.8153846153846154,0.9553846153846154,
seasonal_persistence,conformal,4,6,11.958048252794667,18.42971071063102,0.5479245283018868,0.7939622641509434,0.9290566037735849,
seasonal_persistence,conformal,4,7,23.406257749292518,43.065708421381295,0.5069230769230769,0.806923076923077,0.943076923076923,
seasonal_persistence,conformal,4,8,16.938731367034375,37.047898518499736,0.5607692307692308,0.87,0.9846153846153847,
seasonal_persistence,conformal,4,9,10.506390238328805,29.33565519125939,0.4969230769230769,0.8153846153846154,0.9646153846153847,
seasonal_persistence,conformal,6,1,71.70070612776523,79.86462441043203,0.5269230769230769,0.8115384615384615,0.9676923076923077,
seasonal_persistence,conformal,6,2,18.65611613509797,32.50562591154607,0.6,0.8723076923076923,0.97,
seasonal_persistence,conformal,6,3,22.06961998610901,45.01012303857277,0.46384615384615385,0.7923076923076923,0.9492307692307692,
seasonal_persistence,conformal,6,6,13.888467424964984,19.14190401135235,0.5343396226415095,0.7947169811320755,0.9343396226415094,
seasonal_persistence,conformal,6,7,24.714645677726242,45.79341517979075,0.49230769230769234,0.8253846153846154,0.9361538461538461,
seasonal_persistence,conformal,6,8,19.213317840955106,38.294682432590385,0.5615384615384615,0.8423076923076923,0.9815384615384616,
seasonal_persistence,conformal,6,9,11.544310286496627,31.212016700279168,0.48307692307692307,0.8176923076923077,0.9561538461538461,
seasonal_persistence,conformal,8,1,83.00656349830842,90.6643855301245,0.48615384615384616,0.7476923076923077,0.9392307692307692,
seasonal_persistence,conformal,8,2,25.955548263992096,43.947737656363664,0.6261538461538462,0.8776923076923077,0.9769230769230769,
seasonal_persistence,conformal,8,3,24.260237588331798,48.56890400519706,0.45692307692307693,0.75,0.9446153846153846,
seasonal_persistence,conformal,8,6,15.50611053071728,22.643190232875263,0.5328301886792453,0.8045283018867925,0.9245283018867925,
seasonal_persistence,conformal,8,7,25.49698720964123,45.54887873283495,0.4930769230769231,0.8307692307692308,0.94,
seasonal_persistence,conformal,8,8,19.914775554164038,32.79821201247813,0.5230769230769231,0.8392307692307692,0.9707692307692307,
seasonal_persistence,conformal,8,9,12.900290244495208,36.76158226525412,0.5507692307692308,0.8661538461538462,0.9669230769230769,
seasonal_persistence,conformal,10,1,87.59698008142826,95.85564612865147,0.46076923076923076,0.7407692307692307,0.9130769230769231,
seasonal_persistence,conformal,10,2,33.03206123274682,51.12529821120421,0.5907692307692308,0.8823076923076923,0.9746153846153847,
seasonal_persistence,conformal,10,3,25.724779315951942,52.08933199642244,0.4553846153846154,0.7307692307692307,0.95,
seasonal_persistence,conformal,10,6,17.272966228297086,23.872426540502417,0.5381132075471698,0.8060377358490566,0.939622641509434,
seasonal_persistence,conformal,10,7,27.16737638461082,44.9632498908295,0.5092307692307693,0.8246153846153846,0.9484615384615385,
seasonal_persistence,conformal,10,8,22.472246547456862,36.37734980902881,0.5069230769230769,0.81,0.9692307692307692,
seasonal_persistence,conformal,10,9,14.51679367467369,39.916057085283356,0.5323076923076923,0.8607692307692307,0.9907692307692307,
seasonal_persistence,conformal,12,1,96.50341445161607,105.46611659991532,0.41615384615384615,0.6961538461538461,0.8976923076923077,
seasonal_persistence,conformal,12,2,43.079891725572324,62.56227408155078,0.6238461538461538,0.8892307692307693,0.9746153846153847,
seasonal_persistence,conformal,12,3,27.353844162754395,56.79359740822939,0.39692307692307693,0.7061538461538461,0.8992307692307693,
seasonal_persistence,conformal,12,6,17.94303228300427,22.394040113109103,0.5056603773584906,0.8030188679245283,0.9411320754716981,
seasonal_persistence,conformal,12,7,27.942289013227303,43.396728681617056,0.5246153846153846,0.8138461538461539,0.9515384615384616,
seasonal_persistence,conformal,12,8,24.848995268446725,39.53778307406956,0.5007692307692307,0.7992307692307692,0.9584615384615385,
seasonal_persistence,conformal,12,9,14.86028081587376,37.14090786274841,0.5338461538461539,0.8915384615384615,0.9861538461538462,
