method,variant,horizon,wis,peak_wis,cov50,cov80,cov95,width80,width95
adaptive_v2,conformal,1,10.94958437043916,18.23249309356786,0.5380136844287787,0.8307816711590297,0.9550901928260418,85.1557431042766,179.30615713148214
adaptive_v2,conformal,2,17.912396331039293,28.279556266532996,0.4572133526850508,0.7433817126269957,0.9204602944225586,93.67897231050183,208.37929659167995
adaptive_v2,conformal,3,16.60293370717255,27.54828550837849,0.497310802405142,0.7920796184947128,0.9448807795977607,101.97659219176556,248.98626050673002
adaptive_v2,conformal,4,17.768366649434107,29.567389644170444,0.5151938627410325,0.8069832054737714,0.9541385030064274,116.08853067826178,297.28152608133666
adaptive_v2,conformal,6,23.25944847782108,37.398661411944694,0.48609371760315156,0.7766639021356002,0.9316027368857558,140.3230164918488,325.77611563983595
adaptive_v2,conformal,8,26.685530617730024,40.87859268367287,0.4947480821065727,0.7752374041053286,0.933701015965167,156.6343609301405,360.67335714493026
adaptive_v2,conformal,10,28.142997046414184,42.17713900531241,0.4845946506323865,0.7682376114451586,0.9363321584076301,168.59352432481728,411.2352833246723
adaptive_v2,conformal,12,33.81280744497762,48.27864384844873,0.46311631764461947,0.7445946506323865,0.9163819199668256,192.2244454539991,462.8862458679732
chronos2,conformal,1,10.688009298009906,17.497980276064858,0.555355587808418,0.8354260833506116,0.9583682355380468,86.60711856768147,174.3431016007436
chronos2,conformal,2,12.657438072256918,20.450645642036722,0.5542877876840141,0.8328716566452415,0.957022600041468,97.93316541856954,196.77526971166938
chronos2,conformal,3,14.783903616808349,24.326288159064887,0.5393593199253577,0.8304001658718639,0.9556686709516898,107.10442195028999,215.17751441522884
chronos2,conformal,4,16.686265908193395,27.22944899121208,0.5328364088741447,0.8178374455732946,0.9569438109060749,114.4526130903554,240.355004738712
chronos2,conformal,6,19.952182503212804,31.457396176506403,0.5191747874766742,0.8114969935724653,0.9508957080655194,128.68784133224258,266.838902772737
chronos2,conformal,8,23.014866902308714,35.48629333442821,0.5046630727762803,0.8027762803234502,0.9426705370101597,144.2785995077982,285.336308468587
chronos2,conformal,10,25.85983816393866,38.65645576294933,0.4783392079618495,0.7808293593199254,0.9387061994609164,154.24767474074423,317.8689968703447
chronos2,conformal,12,28.363922268603428,40.952568789638484,0.46127928675098484,0.7696288617043334,0.9292535766120672,164.56130793369314,345.68189571284876
chronos2,native,1,9.297765458379263,15.77548891909824,0.4780821065726726,0.7867406178726933,0.9556209827907941,48.88743448181462,103.2196196258542
chronos2,native,2,11.249958604286997,18.932092341840594,0.4984428778768401,0.7955090192826042,0.9540389798880364,57.201701328147706,119.06671248022535
chronos2,native,3,13.46870012948509,23.02788706801415,0.5031121708480198,0.7956748911465893,0.9521356002488078,65.2779883852549,136.71065028642076
chronos2,native,4,15.37406860194407,26.308360206440085,0.5015861496993572,0.7963031308314328,0.9494733568318473,72.50540790846819,153.1947663273881
chronos2,native,6,18.276423051016746,31.07002080800283,0.4789736678415924,0.7763031308314327,0.9409952311839104,80.37005188887109,170.95957392819224
chronos2,native,8,20.53474437812349,35.57011254255418,0.4722620775450964,0.7698175409496164,0.9345075679037943,87.78485382655731,196.43438959005024
chronos2,native,10,22.358039195984208,38.551262932275435,0.46791208791208794,0.7634169603980924,0.9262658096620361,90.67653324609009,207.35655266890294
chronos2,native,12,23.958598401412846,40.23851312820149,0.4720796184947128,0.764144723201327,0.9246091644204852,96.78327920732953,246.56976337299434
chronos2,recalibrated,1,9.437247694479584,15.745110030919637,0.5116711590296495,0.8112046444121915,0.9483868961227452,55.79585428393643,109.96885001000817
chronos2,recalibrated,2,11.533761773222267,19.227758225496874,0.5140016587186399,0.8066265809662035,0.944611237818785,65.50880036637804,131.9905459759025
chronos2,recalibrated,3,13.99798280764041,23.74476352434322,0.5116027368857557,0.801289653742484,0.9385133734190337,78.55275163876638,155.09809025502952
chronos2,recalibrated,4,16.202407430713148,27.34297802557951,0.5049201741654572,0.7942069251503214,0.9382624922247563,88.95584298292212,184.85510492841
chronos2,recalibrated,6,19.702736359452103,32.33594225307598,0.5011714700393946,0.7820899854862119,0.9300020733982999,106.3154223074312,220.13078446338932
chronos2,recalibrated,8,22.893454335055825,36.945199071385716,0.483099730458221,0.7697843665768194,0.9311922040223928,121.95008552850847,266.96203649087676
chronos2,recalibrated,10,25.850927659494907,40.533602070090176,0.4635040431266847,0.7516566452415508,0.920978643997512,130.80575074677273,301.9777949054283
chronos2,recalibrated,12,28.89170925191046,43.580147085413735,0.4441302094132283,0.7416462782500518,0.909877669500311,144.815719803338,365.6243685999372
chronos2_climate,conformal,1,10.706731905252992,17.661930435987145,0.5451689819614348,0.830943396226415,0.9551959361393323,83.79308559750959,166.67730218600968
chronos2_climate,conformal,2,12.430019249343134,20.214352018543195,0.5454281567489115,0.8278415923698942,0.9540659340659341,92.3818933554193,190.61559385606742
chronos2_climate,conformal,3,14.315397068827632,23.83131122174081,0.534833091436865,0.8259071117561684,0.9530416753058262,99.77403952760076,201.99158189978635
chronos2_climate,conformal,4,15.967777082118127,26.260801514488485,0.5248289446402653,0.8160087082728592,0.9549865229110512,104.94391802106544,215.30678737885208
chronos2_climate,conformal,6,19.10057384178508,30.737846799284828,0.5046298984034833,0.7964399751192204,0.9460584698320548,111.72780344169497,222.80689254813927
chronos2_climate,conformal,8,22.17640814696899,35.05486755671655,0.4887476674269127,0.7841571635911259,0.9344142649803028,123.11617766551834,233.20122627295655
chronos2_climate,conformal,10,24.73211500877695,38.34780688822799,0.4618266639021356,0.767178104913954,0.9244370723616007,129.71201819534699,251.56526327469996
chronos2_climate,conformal,12,26.675610214867365,40.56914812877583,0.44907733775658304,0.7498299813394153,0.9193593199253576,133.794349246777,271.70841563141
chronos2_climate,native,1,9.550285368649787,16.24623839617501,0.46912502591747873,0.7747646692929712,0.9478726933443914,46.87350202816435,91.3864572284762
chronos2_climate,native,2,11.263447681139022,18.930569922160238,0.5032614555256065,0.7896143479162347,0.9533070702882024,55.203643927686066,106.22983825048173
chronos2_climate,native,3,13.15496532062692,22.509926325080666,0.5208977814638193,0.8051565415716359,0.953066556085424,62.76502712594719,119.37256089110737
chronos2_climate,native,4,14.73068645497115,25.119725203004684,0.5277565830396019,0.8087455940286129,0.9535745386688783,69.41898019369454,133.0584994246138
chronos2_climate,native,6,17.548230075189483,30.06475732642491,0.5163611859838275,0.7952187435206303,0.9493530997304582,75.38151402446049,147.34905097232533
chronos2_climate,native,8,19.832905996588227,34.438357633695,0.5140161725067386,0.7909351026332159,0.9421936554012026,80.22301758922261,159.59176194940432
chronos2_climate,native,10,21.661736090560094,37.82364126988097,0.507810491395397,0.7838627410325524,0.9368961227451793,81.18450576573461,164.6628201330932
chronos2_climate,native,12,22.852975333352358,39.86963537712796,0.505088119427742,0.7821003524777109,0.9336035662450757,82.59647294399217,175.11305148506105
chronos2_climate,recalibrated,1,9.544553853281728,15.836472538172403,0.518200290275762,0.8178851337341904,0.9511009744972009,57.54208644861574,100.68923799581732
chronos2_climate,recalibrated,2,11.329029984309232,18.62787463155016,0.5175844909807173,0.8088699979266016,0.9498507153224134,65.39207315652924,119.14553095471533
chronos2_climate,recalibrated,3,13.432619954984697,22.532509197808736,0.5042649803027162,0.8039207961849472,0.9467551316607921,72.55004042868657,136.12063356964933
chronos2_climate,recalibrated,4,15.249915572416667,25.377164271957895,0.5096413020941323,0.7924424631971803,0.9446278250051835,79.9646616751852,149.9665345798867
chronos2_climate,recalibrated,6,18.739932526445166,30.967460214913796,0.48892805307899645,0.7774953348538254,0.9330852166701222,91.05620785420969,166.6158446603725
chronos2_climate,recalibrated,8,21.91523863271612,35.537474639862786,0.47497408252125234,0.7641281360149285,0.9259236989425669,103.27736014707213,183.88720611459053
chronos2_climate,recalibrated,10,24.82267662701367,39.473799165024886,0.4503877254820651,0.750422973253162,0.9122807381297947,111.51954681841077,203.4191716789647
chronos2_climate,recalibrated,12,26.983303961220678,42.17142154332986,0.4363010574331329,0.7326290690441634,0.9063528923906282,118.56939422090791,226.89788610817976
chronos2_ft,conformal,1,11.328996670706688,18.67964520673475,0.5077171884719054,0.8032448683392079,0.9483972631142442,73.1379941866479,141.1172414142511
chronos2_ft,conformal,2,12.951882934945809,21.091644466527217,0.5063259382127306,0.8041385030064275,0.9456272029856935,80.3108680641875,156.73616466423985
chronos2_ft,conformal,3,14.859488867464961,24.453828788474958,0.49955629276383995,0.7949740825212525,0.9410781671159031,87.6705079555428,172.5997051981351
chronos2_ft,conformal,4,16.621360830705992,27.1279690350434,0.4922164627825005,0.78266639021356,0.9343499896330085,94.25646287867616,181.74247615283846
chronos2_ft,conformal,6,19.790266292747567,31.537327460510248,0.4697014306448269,0.767810491395397,0.9289301264772963,103.44113995162014,199.72575736377786
chronos2_ft,conformal,8,22.352643562168645,35.656206815860905,0.45319095998341286,0.7508915612689198,0.9196039809247356,110.44545075844847,215.1252634670142
chronos2_ft,conformal,10,24.653538995104903,38.284531242981835,0.4339954385237404,0.7352850922662243,0.9100580551523948,114.84704002992521,233.77005848260623
chronos2_ft,conformal,12,26.56529123436764,40.36992856510011,0.4184988596309351,0.720354551109268,0.9022081691893012,121.64689858381685,247.50953543921463
chronos2_ft,native,1,10.733543029360037,18.47274684882428,0.5007588637777317,0.8001637984656852,0.9571635911258553,52.34044015350328,108.7532926073405
chronos2_ft,native,2,12.249718805467769,20.66598303776104,0.5318536180800332,0.8261911673232428,0.9621749948165043,62.98456515057811,132.79988378231153
chronos2_ft,native,3,13.916418004666388,23.695427067384248,0.5500165871863986,0.8368173336097865,0.9657495334853825,72.85222030336463,155.00680329613667
chronos2_ft,native,4,15.430636048681322,26.169010259200746,0.5612419655815882,0.8453390006220195,0.9668235538046858,82.03348605251274,181.23021090249244
chronos2_ft,native,6,17.948982464111957,30.41777116479171,0.5644370723616007,0.839711797636326,0.9641550901928261,93.01792991010188,214.14863998747254
chronos2_ft,native,8,19.808335133863352,33.71522062348479,0.5731411984242173,0.8406531204644413,0.9646775865643791,101.07852099748523,246.22708220249947
chronos2_ft,native,10,21.18360039249915,35.47323231059489,0.5696620360771304,0.8424549035869789,0.9641074020319303,107.13650567887989,266.3177137776951
chronos2_ft,native,12,22.49440219964035,37.31559571857791,0.569010989010989,0.8416545718432511,0.9629981339415302,109.62799110690615,288.0945824568918
chronos2_ft,recalibrated,1,10.927868840044903,18.179382394784543,0.469477503628447,0.7727016379846569,0.9432573087290068,56.27378954776675,109.56868926024957
chronos2_ft,recalibrated,2,12.650166599205376,20.943576128236803,0.47547169811320755,0.7658801575782708,0.9412606261662866,62.94405557163225,127.7003789439351
chronos2_ft,recalibrated,3,14.56565173566349,24.441144392176597,0.4757101389176861,0.7609786439975119,0.9336367406178727,73.05550086222165,141.62216310524371
chronos2_ft,recalibrated,4,16.44059328798105,27.361945893752676,0.4730105743313291,0.7526041882645657,0.9372050590918516,80.70351975639608,165.08150594928733
chronos2_ft,recalibrated,6,19.60660139236766,32.18234531008911,0.44887621812150114,0.7417354343769438,0.9252913124611238,94.3448870226264,193.22000932370022
chronos2_ft,recalibrated,8,22.08875885595061,36.33492075204278,0.43253161932407214,0.7334605017623886,0.9235724652705785,103.52299368053711,219.56760064982177
chronos2_ft,recalibrated,10,24.477676135876703,39.24140378820027,0.41816918930126473,0.7150279908770475,0.9203213767364711,108.38093078425199,241.2719943387858
chronos2_ft,recalibrated,12,26.715905909622524,41.691149328032,0.4144536595479992,0.7030396019075263,0.9185569147833299,116.87463691020726,274.2434371891138
chronos2_joint,conformal,1,10.266672868817206,17.032748618010263,0.5422081691893013,0.837277628032345,0.9598196143479163,81.09678004383251,158.96311655010408
chronos2_joint,conformal,2,12.094352571847988,19.923282678062826,0.5451793489529339,0.8309226622434169,0.9580095376321791,89.59419362872245,179.82802122208452
chronos2_joint,conformal,3,14.00546778916079,23.499213314141002,0.5379701430644827,0.8271241965581588,0.9565540120257101,96.98274673589273,193.35260838126516
chronos2_joint,conformal,4,15.782397421674839,26.398859363624744,0.5254281567489115,0.8165540120257101,0.9548745594028613,103.49989987755045,202.21384811618245
chronos2_joint,conformal,6,18.935741505121793,30.66535564909958,0.512044370723616,0.7998424217292142,0.943522703711383,112.77714146532375,219.57755841375743
chronos2_joint,conformal,8,21.98646668142072,34.682502285483366,0.48920174165457186,0.7807961849471283,0.9344308521667013,122.12819673538556,243.08921988538972
chronos2_joint,conformal,10,24.939788350583733,37.970652754140055,0.4593842007049554,0.7578519593613934,0.919477503628447,128.46644624397211,270.15716084905154
chronos2_joint,conformal,12,27.28169639594704,40.367283992760484,0.45040431266846365,0.7311652498444952,0.9111175616835994,133.6548899773075,286.51880391986913
chronos2_joint,native,1,9.080827775753887,15.575591651031376,0.47858386896122745,0.78277835372175,0.9528716566452415,47.36363571843665,93.20580653991853
chronos2_joint,native,2,10.950116776639348,18.811815000016985,0.4971179763632594,0.7941385030064276,0.9573356831847397,55.65664770656347,108.17400338129012
chronos2_joint,native,3,12.993114757905557,22.730469480160135,0.5020215633423181,0.7963238648144308,0.9535849056603773,62.74603569108363,120.52918771182975
chronos2_joint,native,4,14.738632497732391,25.929577464008503,0.496410947543023,0.7949906697076509,0.951789342732739,67.99954730669852,132.7214234985684
chronos2_joint,native,6,17.369383420616597,30.441086987142402,0.48126269956458634,0.7858511300020734,0.9451648351648352,75.36181415083016,150.5183906298046
chronos2_joint,native,8,19.53992221167316,34.66129721224694,0.4699875596102011,0.7737424839311632,0.9420733982998134,80.25291613323238,163.36730437077395
chronos2_joint,native,10,21.375461038406232,37.609772038706716,0.46380053908355795,0.7647190545303753,0.9324300228073813,82.50905913786912,168.88953933554558
chronos2_joint,native,12,22.73667637844873,39.47563157280457,0.47322206095791003,0.7695189715944434,0.9317582417582418,85.24990348286208,181.93327605632277
chronos2_joint,recalibrated,1,9.161193229813232,15.575585957248311,0.5036802819821687,0.7935600248807796,0.9419925357661206,49.996539527811215,91.0962739393487
chronos2_joint,recalibrated,2,11.17639449383339,19.083897932603673,0.5108521667012232,0.7962450756790379,0.939966825627203,58.933314681711316,105.15602066458634
chronos2_joint,recalibrated,3,13.423123316700144,23.27671259754531,0.5043105950653121,0.7872029856935516,0.9344391457599005,67.50398546357577,122.54731525590208
chronos2_joint,recalibrated,4,15.451312958258983,26.726075699877402,0.4986730250881194,0.7878187849885964,0.9363839933651255,76.02038472097277,139.64884624135186
chronos2_joint,recalibrated,6,18.802745628301405,31.65883866258762,0.48563342318059294,0.7720443707236161,0.9223989218328841,90.7654237603994,162.24795949524827
chronos2_joint,recalibrated,8,21.773763627015633,35.980998092951616,0.45692722371967653,0.743688575575368,0.9163363052042298,99.25798007483762,181.6596964346827
chronos2_joint,recalibrated,10,24.88986998521937,39.72164467709678,0.4414783329877669,0.7244432925565001,0.9020526643168153,107.54725394478001,207.2605021407018
chronos2_joint,recalibrated,12,27.433402200176776,42.246671066775434,0.436255442670537,0.7031183910429194,0.8943603566245075,114.27448529082427,242.213652342042
chronos2_joint_ft,conformal,1,10.495927228480287,17.406681015479506,0.5352954592577234,0.8250051834957495,0.9548745594028613,74.6707384004652,142.18049572035181
chronos2_joint_ft,conformal,2,12.132903220837331,20.1020079352752,0.5409081484553183,0.8181028405556707,0.9520733982998133,82.11152899794978,155.29140733863474
chronos2_joint_ft,conformal,3,13.907077981441725,23.31933262037737,0.5265871863985072,0.8112150114036906,0.9522475637569977,87.7259882693043,167.80207075342926
chronos2_joint_ft,conformal,4,15.72798376520545,26.366580248480354,0.5205681111341489,0.8058200290275762,0.9455421936554013,93.37687980732449,179.10178303116476
chronos2_joint_ft,conformal,6,18.87157302527635,30.722787110697606,0.4963508189923284,0.7872589674476467,0.9383661621397471,103.41579942516114,196.6138928004038
chronos2_joint_ft,conformal,8,21.901381179036584,34.91339193461367,0.47567281774828946,0.7689508604602944,0.9274911880572257,111.1892185085185,215.541415677827
chronos2_joint_ft,conformal,10,24.891798081511386,38.60134814314183,0.44926809040016585,0.7462989840348332,0.9160688368235538,117.37437773856557,243.25202572703668
chronos2_joint_ft,conformal,12,27.337140005835533,41.35461290522834,0.4304644412191582,0.7286502177068215,0.9045054945054946,124.96876049182607,258.1690690083771
chronos2_joint_ft,native,1,9.95072739296457,16.98410358300462,0.4876860874974082,0.7896578892805308,0.9541633837860253,48.60585266770812,96.60104763823598
chronos2_joint_ft,native,2,11.55062442570136,19.70798592087752,0.5125710138917686,0.8035620982790794,0.959732531619324,56.765720693994766,111.86159395868349
chronos2_joint_ft,native,3,13.267352280213808,22.862675618111258,0.5184055567074435,0.8130188679245283,0.9576280323450135,63.907765026287684,126.3122966731711
chronos2_joint_ft,native,4,14.890954000787943,25.891428261158943,0.5164254613311218,0.8113539290897781,0.9587020526643169,69.88804276347086,140.45386123597694
chronos2_joint_ft,native,6,17.359122054199812,29.91635276499306,0.5137507775243624,0.806823553804686,0.954932614555256,78.71273096387425,166.36696724875463
chronos2_joint_ft,native,8,19.338561101851102,33.45316879171488,0.5101679452622848,0.8034065934065934,0.9513974704540742,84.84401421463544,178.9109308747767
chronos2_joint_ft,native,10,20.952366743347348,35.64830731121253,0.5122496371552975,0.8037839518971595,0.9489674476466929,89.45798916121451,190.74631599777106
chronos2_joint_ft,native,12,22.276470201742562,37.50053940734692,0.5173916649388347,0.8030313083143271,0.9476695003110097,92.77328086530163,206.3177778037154
chronos2_joint_ft,recalibrated,1,10.047827322694175,17.01948850158349,0.48806137258967447,0.7822517105535974,0.9365083972631142,51.068330460367406,92.00390197208625
chronos2_joint_ft,recalibrated,2,11.78553566835308,20.064782683149748,0.48833713456354966,0.7833278042712005,0.9395148247978437,58.51979291453848,105.6773404155888
chronos2_joint_ft,recalibrated,3,13.753636419955908,23.661889851318215,0.49107816711590296,0.7824051420277834,0.9351150736056396,67.19996971504771,124.21583628551498
chronos2_joint_ft,recalibrated,4,15.6641323443631,27.064051539251313,0.48463404520008296,0.7728094546962472,0.9324362430022807,74.20943953367495,138.3157698053079
chronos2_joint_ft,recalibrated,6,18.818675021578997,31.834215301536158,0.4633775658303961,0.7601244038979889,0.9260563964337549,87.156344646483,163.4295222812145
chronos2_joint_ft,recalibrated,8,21.784303090324947,36.210002034455684,0.4463363052042297,0.7401948994401825,0.9240286128965375,96.96243425215755,179.01480158203722
chronos2_joint_ft,recalibrated,10,24.691013195599364,39.97116316358978,0.421210864607091,0.7073025088119428,0.9104271200497616,101.50902169532628,204.05191490600768
chronos2_joint_ft,recalibrated,12,27.28980334979235,42.81537078635169,0.4112544059713871,0.687466307277628,0.9025316193240721,110.08609445897271,240.012512976336
chronos_bolt,conformal,1,11.30132140553153,18.63677483311434,0.5441530167945262,0.8320588845117147,0.9600269541778976,91.38650003901243,192.36826081943352
chronos_bolt,conformal,2,13.224866424594149,21.55306485119376,0.5465374248393117,0.8289653742483931,0.9583433547584491,102.06770509534542,207.66455626992914
chronos_bolt,conformal,3,15.395149022235072,25.20592027539646,0.5427078581795562,0.8243852374041054,0.9555587808417998,110.53863360244956,230.8110179402682
chronos_bolt,conformal,4,17.262591038402224,28.067257315167147,0.5342919344806137,0.8177068214804064,0.9563010574331329,122.24075804701015,245.53827458879246
chronos_bolt,conformal,6,20.30545957457041,31.96096716161001,0.5177980510055982,0.8065560854240099,0.9458490566037735,132.1484670483389,262.51476603924755
chronos_bolt,conformal,8,22.96305904798913,35.19394022138522,0.5109205888451172,0.7936657681940701,0.9430914368650217,139.6670211161727,290.54059624283366
chronos_bolt,conformal,10,25.498050233195972,37.991077071004995,0.4890711175616836,0.783400373211694,0.9414617458013684,150.31358389147724,318.3408733176071
chronos_bolt,conformal,12,27.64856731421162,39.91555122663271,0.4750694588430437,0.7680510055981754,0.9361745801368444,158.39038198171528,345.9620702285438
chronos_bolt,native,1,9.731178805454812,17.2175956338108,0.5197325316193241,0.8161808003317438,0.8161808003317438,60.9497791479096,60.9497791479096
chronos_bolt,native,2,11.682660108341741,20.668155541378344,0.5362181215011403,0.8363052042297326,0.8363052042297326,70.86211636602422,70.86211636602422
chronos_bolt,native,3,13.87066663939593,24.909916000514897,0.5379597760729836,0.8332179141613104,0.8332179141613104,76.61161814142952,76.61161814142952
chronos_bolt,native,4,15.650036423857411,28.296210229950905,0.5385859423595273,0.8299709724238026,0.8299709724238026,81.57531475759832,81.57531475759832
chronos_bolt,native,6,18.67798164972992,34.03665762862642,0.5239954385237404,0.8141509433962264,0.8141509433962264,88.26128791080028,88.2612879756894
chronos_bolt,native,8,21.002611734781418,39.3344984048601,0.5163031308314328,0.8045925772340867,0.8045925772340867,92.20973849681675,92.20973849681675
chronos_bolt,native,10,22.708795478483136,42.184077626376016,0.514256686709517,0.8057453866887829,0.8057453866887829,97.89966281418351,97.89966281418351
chronos_bolt,native,12,24.12290654690369,44.564654534207804,0.5191893012647729,0.8060605432303546,0.8060605432303546,100.37775304847946,100.37775304847946
chronos_bolt,recalibrated,1,10.011435458751112,16.998297599392647,0.5125689404934688,0.7990980717395811,0.9496786232635289,63.710410188615235,128.56041231873894
chronos_bolt,recalibrated,2,11.98080343296132,20.215303023421654,0.5102405142027784,0.7921749948165042,0.9482065104706614,72.0973088738335,142.78715119557083
chronos_bolt,recalibrated,3,14.263003148469549,24.262055450233223,0.5054716981132076,0.7893717603151565,0.9401409910843873,81.58185043373912,157.48034106648396
chronos_bolt,recalibrated,4,16.156923302622925,27.287839707201755,0.504866265809662,0.7875637569977193,0.9377939042089986,92.3261864473241,174.4257453640694
chronos_bolt,recalibrated,6,19.395115658798,31.84643566925225,0.49339829981339417,0.7764441219158201,0.9373315363881402,107.68096208382404,207.06260732944403
chronos_bolt,recalibrated,8,22.18282665024372,35.654799113933926,0.48203607713041674,0.7633775658303961,0.9291188057225793,120.89677170045483,229.6114889414626
chronos_bolt,recalibrated,10,25.09134499915465,39.11761294595193,0.468521667012233,0.7527057847812565,0.921210864607091,132.49781311714506,262.6303598553203
chronos_bolt,recalibrated,12,27.448044463039093,41.52770381582791,0.4506717810491395,0.7388720713249015,0.9123035455110927,142.75086144621295,292.2540029010519
climatology,conformal,1,36.82663275158261,53.66408279057594,0.31767779390420897,0.5884221438938421,0.8264876632801161,145.9317176113299,265.23856253532705
climatology,conformal,2,36.82663275158261,53.66408279057594,0.31767779390420897,0.5884221438938421,0.8264876632801161,145.9317176113299,265.23856253532705
climatology,conformal,3,36.82663275158261,53.66408279057594,0.31767779390420897,0.5884221438938421,0.8264876632801161,145.9317176113299,265.23856253532705
climatology,conformal,4,36.82663275158261,53.66408279057594,0.31767779390420897,0.5884221438938421,0.8264876632801161,145.9317176113299,265.23856253532705
climatology,conformal,6,36.82663275158261,53.66408279057594,0.31767779390420897,0.5884221438938421,0.8264876632801161,145.9317176113299,265.23856253532705
climatology,conformal,8,36.82663275158261,53.66408279057594,0.31767779390420897,0.5884221438938421,0.8264876632801161,145.9317176113299,265.23856253532705
climatology,conformal,10,36.82663275158261,53.66408279057594,0.31767779390420897,0.5884221438938421,0.8264876632801161,145.9317176113299,265.23856253532705
climatology,conformal,12,36.82663275158261,53.66408279057594,0.31767779390420897,0.5884221438938421,0.8264876632801161,145.9317176113299,265.23856253532705
ens_equal,conformal,1,10.18574275703878,16.982697142488746,0.5452291105121294,0.8301285506945885,0.9569479577026747,79.13023559975541,156.39216114913808
ens_equal,conformal,2,12.025863560550748,19.81446672026103,0.5376155919552146,0.8280406386066764,0.9517727555463404,86.66950570854341,174.24819457567037
ens_equal,conformal,3,13.82053738264258,23.265703273331763,0.5299129172714078,0.8181256479369686,0.9495376321791416,92.31084524550091,186.30935824564207
ens_equal,conformal,4,15.918881272243514,26.385790575703055,0.5228011611030479,0.7969811320754717,0.947955629276384,99.54238556838689,204.06479439962186
ens_equal,conformal,6,20.315055909733523,32.44632865918244,0.5009765705992121,0.770532863363052,0.929166493883475,112.57342982336411,226.95832899233483
ens_equal,conformal,8,23.490922336971256,37.07836493796346,0.4818909392494298,0.7610242587601078,0.9222392701637985,120.22671404525295,240.58931348098992
ens_equal,conformal,10,27.16409295043889,41.217296223430886,0.4625544267053701,0.7392452830188679,0.9067468380675928,133.1004309750572,275.1396889217893
ens_equal,conformal,12,30.307488090080508,44.152625977209006,0.4429628861704334,0.720989010989011,0.8980385652083765,146.43605800367368,314.8164281601349
ens_equal,conformal_aci,1,9.858569210741146,16.69748889169181,0.5028944640265395,0.8062450756790379,0.9524528301886793,71.90214659030117,150.94602170009162
ens_equal,conformal_aci,2,11.945604851151783,20.329325340462066,0.5032863363052043,0.8050321376736471,0.9518909392494298,83.16947703653848,181.9062996538234
ens_equal,conformal_aci,3,14.198585794452814,25.337564164997534,0.5011756168359942,0.8033381712626996,0.9514430852166702,96.46488424204544,235.74173763526986
ens_equal,conformal_aci,4,16.753131465596493,30.13687107673395,0.5031183910429193,0.8028758034418412,0.9516483516483517,111.72854122170006,330.15117679251347
ens_equal,conformal_aci,6,21.293810620245388,34.69861301500801,0.5028654364503421,0.8009931577856106,0.9499647522289031,153.94575969355702,395.6930129298777
ens_equal,conformal_aci,8,28.05218142480427,43.36824667909143,0.49852581380883265,0.7972050590918516,0.9461185983827493,260.35358435521465,529.3984956154857
ens_equal,conformal_aci,10,36.08346572395658,53.207738796784334,0.4958117354343769,0.7921169396641095,0.9473066556085424,398.34425913982244,676.8902680039649
ens_equal,conformal_aci,12,43.547871892351914,60.07133415326266,0.4909765705992121,0.7844059713871034,0.9458905245697699,505.6022013813478,791.87431185263
ens_equal,conformal_rolling,1,9.97234644602797,16.78770509916766,0.5234252539912917,0.8171532241343561,0.954488907319096,75.4748398401199,146.13264198820468
ens_equal,conformal_rolling,2,11.950252371386156,19.88106722878741,0.5200953763217914,0.8179183081069874,0.9528260418826456,83.99499959376645,171.4175642743347
ens_equal,conformal_rolling,3,13.865711480162428,23.588099061057324,0.514043126684636,0.8085506945884304,0.9514824797843665,92.98552193928433,194.78644238460888
ens_equal,conformal_rolling,4,15.722327272005334,26.520035852848423,0.506354965788928,0.8040140991084387,0.9497076508397263,102.88388015219948,208.3626295417931
ens_equal,conformal_rolling,6,19.471881275347492,31.98461827310846,0.501154882852996,0.7889840348330914,0.9418847190545304,120.83989463125684,249.12227535452948
ens_equal,conformal_rolling,8,22.675083948822056,36.970588090539174,0.48512958739373835,0.7736740617872694,0.9319095998341281,132.09241059827647,274.80009484901456
ens_equal,conformal_rolling,10,25.976813007323727,41.11509748930866,0.47518556914783333,0.758455318266639,0.9225834542815675,147.6560459464843,311.34128475888485
ens_equal,conformal_rolling,12,28.84345309202614,43.86407271730167,0.4635040431266847,0.748455318266639,0.9134729421521873,159.19444844489962,350.07569403901914
gcn_v2,conformal,1,11.830310577467051,19.415636997246416,0.5386232635289239,0.8265063238648144,0.9531411984242173,93.33175654429992,222.96221357681748
gcn_v2,conformal,2,15.093157436961066,23.99933832004341,0.5008314327182252,0.7956168359941945,0.9455567074435,98.75027275957461,233.40831457760297
gcn_v2,conformal,3,16.384383586916012,27.10111072333826,0.5106344598797429,0.8008957080655195,0.9455110926809039,106.7764984708627,256.03433016189615
gcn_v2,conformal,4,18.226683802634703,29.938157990962736,0.5069438109060751,0.7929442255857351,0.944700393945677,115.14189037672091,295.4574967099742
gcn_v2,conformal,6,22.010893282584053,35.27401876579038,0.5011756168359942,0.7870619946091644,0.9340804478540328,136.94139119563582,317.53316752564234
gcn_v2,conformal,8,24.6683083884766,38.49940741437181,0.4978830603358905,0.7789301264772963,0.9318764254613311,142.17128526227367,327.4499835085577
gcn_v2,conformal,10,29.7484042697185,45.521823200907384,0.4649035869790587,0.747621812150114,0.9152228903172299,165.38454875723747,374.2412078805275
gcn_v2,conformal,12,32.00467334928397,46.43401845373806,0.4619655815882231,0.742011196350819,0.9114907733775659,175.67931132225863,402.0049349497864
gru_v1,conformal,1,10.53064044577671,17.59304245762119,0.5485175202156335,0.8314721127928675,0.9564358283226209,80.5748716131498,164.20538818323374
gru_v1,conformal,2,12.351747429812084,20.382389381148947,0.5352933858594237,0.8297802197802199,0.9546423387932822,88.95137649606993,175.39293065287208
gru_v1,conformal,3,14.089923919789957,23.654793728971068,0.5224901513580759,0.8230520422973253,0.9512191582002902,93.83691155625516,192.23587923850553
gru_v1,conformal,4,16.041940008170204,26.215479310819806,0.5247688160895708,0.8115198009537633,0.9537134563549657,101.59997528449176,209.97212470291606
gru_v1,conformal,6,19.997941508837517,31.62526166525623,0.4935309973045822,0.7836471076093717,0.9306386066763425,114.35347644098468,231.9180053748358
gru_v1,conformal,8,22.74544861563953,34.98496837529576,0.4945511092680904,0.7777026746838068,0.9281235745386688,125.09370553179532,248.7062961591062
gru_v1,conformal,10,25.146702881109583,37.6545742497138,0.4791975948579722,0.7726332158407629,0.9220858386896122,139.6157885013381,291.37079307885614
gru_v1,conformal,12,28.133664691339703,40.568301348287676,0.4446900269541779,0.7401907526435829,0.907254820651047,138.84277251770487,310.4003205169206
gru_v2,conformal,1,10.440678611452325,17.439537154563386,0.5569873522703711,0.8299523118391043,0.9560916442048518,80.72443020038439,161.1713081036963
gru_v2,conformal,2,11.99448569842354,19.75805485963471,0.5416151772755546,0.8316711590296496,0.9548579722164627,88.31575002682202,175.37057763800163
gru_v2,conformal,3,13.739856124822648,22.792525295959422,0.5262367820858387,0.8236201534314741,0.9522869583246942,95.17520402441151,196.6265069904808
gru_v2,conformal,4,15.525206613371367,25.647583393516822,0.5125876010781671,0.8073356831847398,0.9485424009952312,99.37609799528597,202.85111984517184
gru_v2,conformal,6,21.178965147482938,33.36954756085695,0.4886315571221232,0.7606593406593406,0.9241716773792245,116.46626305839071,235.610053590046
gru_v2,conformal,8,23.90946106055814,36.84779012918055,0.47693344391457604,0.7577420692515032,0.9192991913746631,120.9955032696912,247.7377068691121
gru_v2,conformal,10,29.763778348048817,43.17914338175604,0.4546423387932822,0.7284490980717396,0.8865871863985071,144.91337907860822,298.8338758942111
gru_v2,conformal,12,30.14299787306329,43.30620116351692,0.44203400373211693,0.7332303545511093,0.8875492432096206,147.3333680865381,322.598853047065
gru_v2,conformal_aci,1,10.153201264535184,17.25389596822596,0.5043582832262078,0.8048185776487663,0.9525689404934689,72.22556481993007,162.3153928630436
gru_v2,conformal_aci,2,11.900093546128739,20.1758892820369,0.5000062201948994,0.8037134563549658,0.951677379224549,82.07782069070736,179.43439949971412
gru_v2,conformal_aci,3,14.054803188262298,24.739796535377394,0.5010698735227037,0.8021314534522082,0.9513435620982792,92.93831195433303,237.12158856905418
gru_v2,conformal_aci,4,16.165855135172695,28.931663783598964,0.5033423180592992,0.803199253576612,0.9517603151565416,105.79173966030298,285.8002632953463
gru_v2,conformal_aci,6,21.6789055563408,34.92234837993008,0.5047190545303752,0.8007650839726311,0.951399543852374,156.5798758148706,396.06648212691744
gru_v2,conformal_aci,8,27.278386901448652,41.58040897848957,0.500499688990255,0.7973211693966411,0.949966825627203,237.24585881541677,536.3661529064618
gru_v2,conformal_aci,10,40.01494844181552,57.542323519551694,0.4986958324694174,0.7950196972838482,0.9540099523118392,439.87939806164553,875.0760291001952
gru_v2,conformal_aci,12,43.13017387078521,59.14422643615427,0.49326560232220606,0.7925482065104708,0.9527202985693551,492.7753045855679,925.8917697367502
gru_v2,conformal_rolling,1,10.232804759876768,17.28646305630132,0.5242255857350197,0.8168525813808832,0.9549409081484553,76.63851199260634,150.79334985769302
gru_v2,conformal_rolling,2,11.939546327503164,19.885959397732798,0.5126373626373627,0.8157225793074849,0.9520754716981132,84.56589416929559,171.73187577412423
gru_v2,conformal_rolling,3,13.751789058840796,23.175415270110086,0.5153804685880158,0.8088720713249015,0.9500704955421936,93.10331307673485,192.95841302381638
gru_v2,conformal_rolling,4,15.50195630902731,25.888373137854465,0.5053638814016173,0.8048082106572673,0.9484200704955422,100.76524434467376,210.65853797625348
gru_v2,conformal_rolling,6,19.923828663117234,32.33958250425504,0.4929255650010367,0.7846962471490774,0.939288824383164,121.53822383685632,253.62054545874338
gru_v2,conformal_rolling,8,22.558225117427746,35.88585559825295,0.48466307277628035,0.7781816296910636,0.9360937176031515,130.39341854409818,275.44976740644074
gru_v2,conformal_rolling,10,27.794966734789806,42.35088577013648,0.4759319925357661,0.7593945676964545,0.9199606054323036,156.52272617738797,335.14288576110437
gru_v2,conformal_rolling,12,28.816702246856995,43.06322169995134,0.4716172506738544,0.7551047066141406,0.914055567074435,156.75412631403847,354.3266373265373
gru_v2_climatology,conformal,1,10.537374662694791,17.54686472361634,0.5479929504457807,0.8266867095168982,0.9559610201119636,79.8912222484691,157.48413012568352
gru_v2_climatology,conformal,2,12.554317609504048,20.67327075905792,0.5254654779183081,0.8178415923698942,0.9497885133734191,88.14078233085972,175.7559393483059
gru_v2_climatology,conformal,3,14.898561730909893,25.295719023230998,0.5130188679245283,0.8026352892390628,0.9452291105121294,96.6680636195222,195.71327514781885
gru_v2_climatology,conformal,4,16.592701700359328,27.797269836664643,0.5000248807795977,0.7840410532863363,0.9344391457599005,100.38965273101478,196.82492794307637
gru_v2_climatology,conformal,6,21.875892355419555,34.941173439468564,0.4768131868131868,0.7499875596102011,0.910410532863363,121.70326728586839,238.05005882026794
gru_v2_climatology,conformal,8,26.940829139900845,40.922248276044186,0.4753721749948165,0.7400352477710969,0.8985361808003318,137.4173089113157,272.4272636290283
gru_v2_climatology,conformal,10,29.75448264486186,44.32142371921775,0.441200497615592,0.7211756168359942,0.8805162761766535,146.72414564804308,298.7005716698394
gru_v2_climatology,conformal,12,33.39784090806079,49.143349353962776,0.4212461123781878,0.6873170226000415,0.8536678415923699,157.696550377126,326.4547332821332
gru_v2_lw,conformal,1,10.689527093342303,17.429281104815306,0.5463694795770268,0.8264586357039188,0.9550860460294422,86.25401604049163,178.1686020354101
gru_v2_lw,conformal,2,12.60821395891676,20.39449212736393,0.535689404934688,0.8219095998341281,0.9530085009330292,93.53178724620766,198.30932040513852
gru_v2_lw,conformal,3,14.06569381887468,23.26445110224125,0.5228861704333403,0.8214534522081692,0.9528467758656438,99.35112021701032,222.1784466307254
gru_v2_lw,conformal,4,15.99395937191222,26.14091085621865,0.5235247771096828,0.8217022600041467,0.9544681733360978,106.38143735190017,244.87904473399894
gru_v2_lw,conformal,6,19.631576793382923,31.301650424525455,0.5017188471905454,0.8049574953348538,0.9403193033381713,120.22602401833664,256.0787308000723
gru_v2_lw,conformal,8,22.918813758268648,35.38951567684766,0.4889218328840971,0.785600248807796,0.9322164627825006,126.61261127056908,265.70173555428113
gru_v2_lw,conformal,10,25.625020331292003,38.88447137479107,0.48193655401202573,0.7701679452622849,0.9255753680281983,136.82535158470725,303.09942227209064
gru_v2_lw,conformal,12,28.39134731979195,40.80661770909804,0.45937176031515653,0.7566265809662036,0.9120547377151151,146.12664960799847,329.53093942217856
gru_v2_nb,conformal,1,10.32694149017814,17.12371006431633,0.5397035040431267,0.8288637777317023,0.9557453866887828,81.33782392555358,159.58285508788381
gru_v2_nb,conformal,2,12.097736846049864,19.719926642351442,0.5255069458843044,0.824300228073813,0.9543935309973046,87.49557841216927,177.21324641233517
gru_v2_nb,conformal,3,14.32461960170231,23.916472500433596,0.5127057847812565,0.8159195521459672,0.9474352063031308,97.52936143237541,191.1649655655931
gru_v2_nb,conformal,4,15.619590345695451,25.892973617510272,0.5243105950653121,0.8183184739788514,0.9516089570806552,102.30590052913601,206.16988040440455
gru_v2_nb,conformal,6,18.982390729616434,30.211880259299058,0.5168297739995854,0.8064669292971179,0.9406448268712421,116.93407556090644,237.8845457666085
gru_v2_nb,conformal,8,21.009916404462498,32.15909004001726,0.5162989840348331,0.7982583454281568,0.9340845946506323,127.7913429176745,260.8745408603014
gru_v2_nb,conformal,10,28.587341203751357,41.268106888077504,0.4562533692722372,0.7385299606054323,0.8998755961020112,154.87146292353242,335.1920455871208
gru_v2_nb,conformal,12,38.58199156091673,51.51697473748906,0.4009599834128136,0.6915218743520631,0.8576674269127099,193.67268861088309,474.32529064142193
gru_v2_nb,native,1,9.274590988496204,15.589476037167726,0.6178706199460916,0.882689197594858,0.9637383371345635,63.58307484451274,98.65226491724607
gru_v2_nb,native,2,11.145497740687231,18.42228390958446,0.6211756168359942,0.8756354965788928,0.9610989010989011,71.44460577723429,111.36761076711112
gru_v2_nb,native,3,13.112626841763115,22.260858375410184,0.6111009744972009,0.8621438938420071,0.9500248807795978,77.34128827786745,121.17842839625034
gru_v2_nb,native,4,15.00563306412665,25.3861798939601,0.6017416545718433,0.8553390006220195,0.9430831432718225,78.77208855782001,124.00970131307
gru_v2_nb,native,6,18.584256613675365,31.198857453266886,0.5807899647522289,0.835388762181215,0.9262450756790379,87.73264698871738,140.603758255522
gru_v2_nb,native,8,19.612637315122942,33.18588084876221,0.5823014721127928,0.8344038979888035,0.9305909185154467,90.06520841298412,144.93502792466893
gru_v2_nb,native,10,23.522463199725383,39.12780615183947,0.5727265187642546,0.8257640472734813,0.918299813394153,105.64340105457923,174.55808413367208
gru_v2_nb,native,12,26.355493586407526,42.55659651930545,0.5619842421729214,0.8052125233257309,0.906410947543023,118.48061157532607,199.55624176674456
gru_v2_nb,recalibrated,1,9.44031576963985,15.969138750293954,0.5268795355587809,0.8151834957495334,0.9510864607091022,59.309641509970156,102.46605919285166
gru_v2_nb,recalibrated,2,11.781879051681386,19.840765175714512,0.5173170226000414,0.8024196558158823,0.9398755961020112,67.98279230489901,124.55947576763901
gru_v2_nb,recalibrated,3,14.39175481485338,24.89169528168765,0.5093219987559611,0.7916421314534522,0.926255442670537,80.61015663498583,152.10192073878878
gru_v2_nb,recalibrated,4,15.975837023666875,27.34744559757084,0.5186377773170225,0.7992245490358698,0.9306261662865437,84.13571421826774,159.4040829545344
gru_v2_nb,recalibrated,6,20.72856918611102,34.80426043110052,0.5052747252747253,0.7720609579100145,0.9129836201534315,110.98118639649692,219.7041054668405
gru_v2_nb,recalibrated,8,21.509028108695883,34.362182605794914,0.5038938420070496,0.7805142027783537,0.9355753680281982,114.73704456267369,228.1380497301395
gru_v2_nb,recalibrated,10,30.985102037776176,46.979603354913934,0.4454323035455111,0.7317188471905453,0.8992846775865644,172.77901571612423,403.80981804788865
gru_v2_nb,recalibrated,12,41.39805898177405,58.06729213955355,0.391611030478955,0.6891582002902757,0.8750964130209413,236.6344522947896,607.3928487228193
gru_v2_nb_mean,conformal,1,10.095819167288301,17.09885844478682,0.5338026124818578,0.8204893219987559,0.9523429400787891,74.45458309023749,137.77086620462714
gru_v2_nb_mean,conformal,2,12.005747800034202,20.168174362867283,0.5217727555463404,0.8151482479784367,0.947032967032967,80.42389273195381,151.6555769020901
gru_v2_nb_mean,conformal,3,14.411129493038302,24.716110350789112,0.5006987352270371,0.7961289653742484,0.93755546340452,89.59178090796588,177.78268473435315
gru_v2_nb_mean,conformal,4,15.878607056776065,26.910521149321877,0.5093344391457599,0.7957495334853826,0.9368836823553804,93.30647684705816,182.20479385275596
gru_v2_nb_mean,conformal,6,20.323602867863013,33.21060304580883,0.48610823139125026,0.7665581588223098,0.9183371345635497,111.64916672033516,217.26780494351604
gru_v2_nb_mean,conformal,8,21.476931242076983,34.0030279136189,0.4825212523325731,0.7684179970972423,0.9248704126062616,116.62479581616492,233.35992782029052
gru_v2_nb_mean,conformal,10,32.40103307200085,47.036005901425064,0.4269583246941737,0.6989861082313913,0.8713249015135808,159.11533778924715,348.7079988543042
gru_v2_nb_mean,conformal,12,45.09936418415199,59.66649842664622,0.3840286128965374,0.6492950445780634,0.8217644619531412,208.94336347429234,504.7783318449751
gru_v2_noclimate,conformal,1,10.437328080078425,17.4958683014637,0.5445801368442879,0.8290856313497823,0.9569686916856729,79.7250107947475,156.91195191982493
gru_v2_noclimate,conformal,2,12.5251330133674,20.82666274122305,0.5174538668878291,0.8123512336719884,0.9465042504665145,85.95973451584283,171.70554134214845
gru_v2_noclimate,conformal,3,14.817423214297845,25.25135364119123,0.5139871449305412,0.8042857142857143,0.945021770682148,93.96184484756009,190.05469508115513
gru_v2_noclimate,conformal,4,16.969882733017297,28.480687797198165,0.5026933443914576,0.7878291519800954,0.9412647729628861,100.60689370387391,204.4867082615602
gru_v2_noclimate,conformal,6,22.832004769147414,36.432813158995145,0.48015965166908564,0.7453846153846154,0.9062595894671367,122.52785472544277,241.61903107007606
gru_v2_noclimate,conformal,8,28.07747964569254,42.876830582131426,0.4748724860045615,0.7402156334231805,0.8897677793904208,141.44906313499717,270.4040477198299
gru_v2_noclimate,conformal,10,30.89035739701675,45.5781282194911,0.460833506116525,0.7269645448890731,0.8845987974289862,154.16125888951206,308.08397891330435
gru_v2_noclimate,conformal,12,35.92581059617959,51.13487792999875,0.42805307899647527,0.7092971179763633,0.8569935724652706,174.00582452397603,362.9772233334743
gru_v2_quantile,conformal,1,10.64247122522204,17.574499332643246,0.5533900062201949,0.8350051834957496,0.955766120671781,84.61084342502878,172.65922973816507
gru_v2_quantile,conformal,2,12.461908991107524,20.182850479125815,0.5403877254820652,0.8371387103462575,0.9572610408459464,94.42439380753451,193.74103157524547
gru_v2_quantile,conformal,3,14.357593205422358,23.711439607533244,0.5375264358283226,0.8332925565001037,0.955378395189716,102.66080742164768,222.0780657236633
gru_v2_quantile,conformal,4,15.695895608587941,25.8954548132148,0.5321397470454075,0.8187518142235123,0.955355587808418,105.79215970719,226.48957116940795
gru_v2_quantile,conformal,6,18.974185121926023,30.03590399056217,0.5186730250881194,0.8049181007671573,0.9394401824590505,122.00059800634551,245.12790772072444
gru_v2_quantile,conformal,8,22.782901893681462,35.135412850397756,0.4892618702052664,0.7733817126269956,0.9202073398299814,122.60730424791787,251.8514508948768
gru_v2_quantile,conformal,10,26.60510170903396,40.18412574853601,0.4541924113622227,0.7508397263114244,0.9035931992535767,137.61614327148763,285.7572086494666
gru_v2_quantile,conformal,12,31.77579150635226,44.8583327488853,0.425977607298362,0.7173688575575368,0.8749989633008501,156.70850944693444,344.4678547896854
gru_v2_quantile,native,1,9.454854458093232,15.899270662209789,0.5720091229525192,0.8662409288824383,0.9629359319925357,66.86587680203695,115.48884148383127
gru_v2_quantile,native,2,11.253301196171678,18.65764338603341,0.5560957910014513,0.8533796392286959,0.9622517105535974,74.96781435699302,132.95170789043374
gru_v2_quantile,native,3,13.130194026249402,22.434123847088166,0.558077959776073,0.8494298154675513,0.9599419448476052,82.58774942698975,154.5252000580306
gru_v2_quantile,native,4,14.837271105985746,25.529911766500504,0.5411714700393946,0.8381795562927639,0.9530789964752229,84.84194374825874,161.49004854266303
gru_v2_quantile,native,6,18.069240342147797,30.14437357804032,0.524432925565001,0.8165871863985072,0.9459216255442671,93.5535153045153,182.4888847878151
gru_v2_quantile,native,8,20.80255776505,34.92856145541212,0.5133609786439975,0.7995293385859423,0.9352913124611238,94.0923994070705,194.724585131369
gru_v2_quantile,native,10,22.644999373181907,38.03697103635342,0.519844495127514,0.7929048310180385,0.9347128343354758,97.32849137041171,202.84912089392068
gru_v2_quantile,native,12,25.1952901043902,41.976881728856775,0.5069438109060751,0.7731557122123159,0.9157287995023845,91.83900703960451,199.53137542597287
gru_v2_quantile,recalibrated,1,9.695779471342165,16.26282145738956,0.5167053701015966,0.8067406178726932,0.9429297117976363,63.220791067026674,113.71034865873331
gru_v2_quantile,recalibrated,2,12.097790300364617,20.252843281503655,0.5103317437279701,0.8047688160895708,0.9242089985486212,74.95275365213665,133.1215937509596
gru_v2_quantile,recalibrated,3,14.276378715508935,24.19188952730396,0.5124922247563758,0.7988969521044993,0.930321376736471,87.81121695126976,163.05804271417315
gru_v2_quantile,recalibrated,4,15.808384254305983,26.92426340569761,0.5092577234086668,0.7917706821480407,0.936867095168982,92.39819717437352,174.25400183809955
gru_v2_quantile,recalibrated,6,19.950041188151683,32.570783772471316,0.5084677586564379,0.7826104084594651,0.9127804271200498,120.6456753333465,227.65701932576692
gru_v2_quantile,recalibrated,8,24.105853126043208,38.5694256281469,0.47985071532241347,0.7464399751192204,0.8916877462160481,125.91869302484577,269.4692447439958
gru_v2_quantile,recalibrated,10,27.45618856218203,42.391976654652865,0.45255027990877045,0.7201803856520838,0.8934148869997927,140.55538655756132,311.25644822117965
gru_v2_quantile,recalibrated,12,33.514401819659525,48.87614625862823,0.4236947957702674,0.6893945676964545,0.8717769023429401,166.71851933776202,421.6443168443538
gru_v2_quantile_lw,conformal,1,10.914390073710978,17.658283136045064,0.5441302094132283,0.8300953763217914,0.953466721957288,88.05089757819044,185.56245602808653
gru_v2_quantile_lw,conformal,2,12.658291958432724,20.437238921367463,0.5306303130831432,0.8270785817955629,0.9567426912709932,95.7046779007508,204.9569957732069
gru_v2_quantile_lw,conformal,3,14.701295937231174,24.54092733707824,0.513655401202571,0.8207526435828323,0.9519510678001245,102.97115005034735,235.25789681483516
gru_v2_quantile_lw,conformal,4,16.490778127865422,27.391069389480915,0.5070578478125648,0.8112191582002903,0.9482956665975534,109.0221074214512,253.5578298488496
gru_v2_quantile_lw,conformal,6,19.841392935464807,32.02081817890144,0.5093800539083558,0.8114036906489737,0.9408770474808211,124.92768437983837,271.74452373664445
gru_v2_quantile_lw,conformal,8,22.680122821163813,35.25685715940684,0.49912087912087916,0.7902550279908771,0.9384117769023429,134.587776642917,284.77975615803354
gru_v2_quantile_lw,conformal,10,26.735929496719283,39.94799093421943,0.4817872693344391,0.7663985071532241,0.9180033174372797,150.59830374917334,334.5917887213621
gru_v2_quantile_lw,conformal,12,31.161634728959996,44.0237490538511,0.45419033796392283,0.7484636118598382,0.900255027990877,167.18780508360865,383.96181464779437
gru_v2_quantile_lw,native,1,9.177043626902316,15.474107133555057,0.5603421107194693,0.8524797843665768,0.960933029234916,59.532616061054014,102.38938308010327
gru_v2_quantile_lw,native,2,11.008714088453372,18.42497394879914,0.5449077337756583,0.8412626995645863,0.9588534107402032,67.21277172459659,116.82839704165717
gru_v2_quantile_lw,native,3,12.96443053135383,22.651631038729484,0.5278436657681941,0.8274434998963301,0.9480862533692722,67.84765028758687,119.73264673238252
gru_v2_quantile_lw,native,4,14.375430243799602,25.014975355436793,0.5309910843873108,0.8268774621604811,0.9465312046444122,74.54723297937963,130.34994579426115
gru_v2_quantile_lw,native,6,18.38918811862965,31.684899000012347,0.5053348538254199,0.8011528094546962,0.9272983620153432,81.46155848084827,154.89768336853385
gru_v2_quantile_lw,native,8,20.753374560148263,35.49243191796674,0.516744764669293,0.7876591333195107,0.9273875181422352,85.39934635466871,168.64360861308265
gru_v2_quantile_lw,native,10,23.27345311976486,40.26676180459613,0.49766742691270993,0.7731391250259174,0.9130686294837238,88.53780209332372,178.69234522288113
gru_v2_quantile_lw,native,12,25.399516459700095,42.28124595406432,0.4931287580344184,0.7636823553804686,0.9132863363052043,89.17545673676385,188.7974863029802
gru_v2_quantile_lw,recalibrated,1,9.595185854711909,15.860042380138532,0.5247688160895708,0.8117458013684429,0.9516981132075472,60.205923068983125,111.70700877230912
gru_v2_quantile_lw,recalibrated,2,11.883199718003697,19.85652532713158,0.5058967447646693,0.7982313912502592,0.9364420485175202,70.97095840759641,137.68789889328855
gru_v2_quantile_lw,recalibrated,3,14.218645743248233,24.584921236972445,0.5037756583039602,0.7920651047066142,0.9256189093924944,78.42697852519665,150.54240423975315
gru_v2_quantile_lw,recalibrated,4,16.02841129022862,27.4011165144839,0.49888243831640056,0.7994692100352478,0.9354281567489114,88.52562089281969,177.97596168781533
gru_v2_quantile_lw,recalibrated,6,20.146317498543862,33.24269276474002,0.5025855276798673,0.7886170433340245,0.9317188471905453,112.83272589478308,238.23695238588405
gru_v2_quantile_lw,recalibrated,8,22.944635738495972,36.37687783265405,0.4973170226000415,0.783176446195314,0.9334605017623885,125.06743577443297,267.6645229364994
gru_v2_quantile_lw,recalibrated,10,27.253599677317045,41.65156827913621,0.48831018038565205,0.7648227244453659,0.9220982790794111,145.08417579082925,341.2062851799878
gru_v2_quantile_lw,recalibrated,12,31.364683391796436,45.03069918619827,0.47028612896537425,0.7485341074020319,0.9127451793489529,168.22720601870168,387.5881520729626
gru_v2_shuffled,conformal,1,10.494113794707022,17.681837467567966,0.5443873108024052,0.8290773377565831,0.9554385237404105,82.241012449535,162.0090471930434
gru_v2_shuffled,conformal,2,12.613444273406518,21.02795680011631,0.5352519178934273,0.823311217084802,0.9535289239062824,90.09962189145078,185.22826844852767
gru_v2_shuffled,conformal,3,14.711719894849685,25.12263665343114,0.5076736471076094,0.806800746423388,0.9453390006220195,93.81840936286731,192.25015276689484
gru_v2_shuffled,conformal,4,17.009914828089816,28.54964037224301,0.4962036077130417,0.7847294215218744,0.9428032345013477,104.49173531393168,212.77048107130204
gru_v2_shuffled,conformal,6,21.72318051394966,34.7376071629523,0.4877151150736056,0.7563985071532241,0.9176715737093095,120.35395044155301,234.6720556477833
gru_v2_shuffled,conformal,8,27.546243223266323,41.907557745771165,0.4723636740617873,0.746357039187228,0.9006199460916442,145.98973370399884,289.5133752006076
gru_v2_shuffled,conformal,10,35.8354209331566,50.9730416179323,0.4527742069251503,0.7112295251917893,0.864578063445988,182.633133180187,361.42979143169805
gru_v2_shuffled,conformal,12,39.301275621483036,53.92427983993134,0.4275347294215219,0.7017686087497408,0.8539975119220402,208.69221688025866,440.96136056453184
lgbm_v2,conformal,1,10.472712532263964,17.425820289221114,0.5393717603151565,0.8194775036284471,0.9553120464441218,76.4606173864336,149.0932577281803
lgbm_v2,conformal,2,13.021588003144377,21.40451359448864,0.517710968277006,0.8072755546340452,0.9480323450134771,87.03351325858135,173.95875987709556
lgbm_v2,conformal,3,15.316883710810222,25.730993382941172,0.5141322828115281,0.7900062201948995,0.9418556914783329,91.80493969241492,188.02834177254155
lgbm_v2,conformal,4,18.3942586761523,29.9196150577845,0.4984739788513374,0.767532656023222,0.9250176238855484,105.24100051716461,211.69515463016464
lgbm_v2,conformal,6,23.492078165201413,36.88795883039289,0.48018245905038354,0.7481567489114659,0.9098465685258138,120.19405735192268,244.93562553631028
lgbm_v2,conformal,8,28.475316273192316,43.480620277279186,0.4682396848434584,0.736099937798051,0.8933526850507982,138.72429072818153,271.29684912982583
lgbm_v2,conformal,10,31.318914678234304,46.669829143877855,0.45121915820029024,0.7167800124403898,0.8781194277420692,148.56745978460228,301.10659439214413
lgbm_v2,conformal,12,39.573952620024336,53.46934278074678,0.4127099315778561,0.6856976985278872,0.8529006842214389,192.47733874770293,404.06200040392474
lgbm_v2,conformal_aci,1,10.225155255662843,17.182439886618845,0.5035620982790794,0.8031702260004147,0.9521273066556085,73.55051374175926,155.06130350970156
lgbm_v2,conformal_aci,2,12.816888370307783,21.811977182833825,0.5032884097035041,0.8058055152394774,0.9528799502384409,91.73623789380508,194.37951968973383
lgbm_v2,conformal_aci,3,15.25836472623996,27.541615701304668,0.5041571635911258,0.8043313290483102,0.9514451586149699,105.16513823656344,248.31703149869548
lgbm_v2,conformal_aci,4,18.866677460261123,33.685027523019414,0.503810906075057,0.80388762181215,0.9517706821480407,132.89491609279236,402.26842677868206
lgbm_v2,conformal_aci,6,26.0421573503675,41.20276102287418,0.5037611445158615,0.8011362222682977,0.950756790379432,236.06898225192455,487.20963121241164
lgbm_v2,conformal_aci,8,34.2670553494194,52.686643061054596,0.5002840555670744,0.8006012855069459,0.9476695003110097,362.9363292507236,601.7124785747393
lgbm_v2,conformal_aci,10,41.04497280499345,59.908156867934544,0.49963300850093306,0.7959672403068628,0.9480924735641717,457.5461355184493,775.8028868122145
lgbm_v2,conformal_aci,12,59.93403517854138,77.44848870071516,0.4922807381297947,0.7891457599004769,0.9540472734812357,734.154696754653,1143.1650923529482
lgbm_v2,conformal_rolling,1,10.285143174816914,17.19383360888572,0.5189135392908978,0.8137590711175617,0.9530624092888244,75.85876833257065,147.05784140543986
lgbm_v2,conformal_rolling,2,12.674415982576493,21.008538362424222,0.5150342110719469,0.8085776487663281,0.9514057640472735,87.78119170939344,173.48576263121615
lgbm_v2,conformal_rolling,3,14.782883623806189,25.293567644014136,0.5070391872278665,0.8047128343354758,0.950066348745594,97.13432502138429,197.19067406856126
lgbm_v2,conformal_rolling,4,17.234838752625738,28.82002045207822,0.5021127928675099,0.7965498652291105,0.9447791830810699,113.20144490437619,225.9145887432093
lgbm_v2,conformal_rolling,6,21.75972856225051,35.49923684567601,0.4950259174787477,0.785722579307485,0.9344474393530998,133.3414866604726,273.1751077330156
lgbm_v2,conformal_rolling,8,26.54355273609195,42.520169883393415,0.4822952519178934,0.7709724238026124,0.9209309558366162,154.8405847573887,310.80534490709425
lgbm_v2,conformal_rolling,10,29.08541884187621,45.690700881682254,0.47949616421314534,0.7552021563342317,0.916344598797429,165.03186967527307,342.2182616793617
lgbm_v2,conformal_rolling,12,35.563225359303715,51.28184275064766,0.4622226829774,0.741922040223927,0.8995168981961434,203.86493118291764,435.63896703471664
lgbm_v2_climatology,conformal,1,10.652934835119357,17.739477313593866,0.5350860460294423,0.8201409910843873,0.9553203400373211,77.57040425326697,153.7535403722197
lgbm_v2_climatology,conformal,2,13.396843724963688,22.183943378660782,0.5144349989633009,0.8012502591747875,0.9476964544889074,87.53275618888574,178.94079448361688
lgbm_v2_climatology,conformal,3,15.552121000654457,26.172967395811778,0.5186564379017209,0.7953099730458221,0.9407692307692308,96.16666527336567,190.20913609872633
lgbm_v2_climatology,conformal,4,18.174821060698562,30.0451455109295,0.5051689819614348,0.7747252747252747,0.9310408459465063,106.77011405332827,210.74276448148024
lgbm_v2_climatology,conformal,6,23.806815226258816,37.55677504158799,0.4808355795148248,0.7500186605846982,0.912801161103048,123.68781330181824,247.4385224839015
lgbm_v2_climatology,conformal,8,29.099473389259753,44.628838978768876,0.46408044785403274,0.731789342732739,0.8876591333195106,147.27038615205427,278.20751137265114
lgbm_v2_climatology,conformal,10,33.214681529939995,48.95475067634438,0.44094546962471487,0.7096910636533279,0.870410532863363,154.82649481696672,312.83881300512587
lgbm_v2_climatology,conformal,12,39.59906098417702,54.39912633842949,0.4155484138503006,0.6920920588845118,0.8562989840348331,188.2418984507197,410.4365416949232
lgbm_v2_noclimate,conformal,1,10.812067680298508,17.99915808816855,0.527899647522289,0.8151959361393324,0.9543416960398092,76.79456719699876,151.24347119877552
lgbm_v2_noclimate,conformal,2,13.68745964074447,22.596767382596717,0.5055753680281982,0.7932262077545096,0.947922454903587,87.62207206668857,179.55240934765905
lgbm_v2_noclimate,conformal,3,15.666017855995383,26.320397931423038,0.5148413850300643,0.7973875181422352,0.9406469002695418,96.08478817331424,189.40054207181382
lgbm_v2_noclimate,conformal,4,18.545433764861876,30.51198532338982,0.49957495334853824,0.7749512751399543,0.9288409703504044,107.08257168347147,207.99945406998788
lgbm_v2_noclimate,conformal,6,24.42089095960619,38.447778071400435,0.4829131246112378,0.7417105535973461,0.9074186191167323,126.17256074984526,255.46355800399232
lgbm_v2_noclimate,conformal,8,29.08748579426012,44.40611500844544,0.46419241136222267,0.7331163176446196,0.8877628032345014,145.23224084311025,281.67628069934295
lgbm_v2_noclimate,conformal,10,33.86551189554513,49.82850650068034,0.44337134563549657,0.7086149699357246,0.8696247149077337,159.14055151182055,328.81869434360857
lgbm_v2_noclimate,conformal,12,40.74595577890806,55.75522300585968,0.412311839104292,0.684522081691893,0.8562699564586358,196.39420996050714,421.90767971722573
mix_nb_chronos,conformal,1,10.205836793580072,16.891793415019286,0.5454032759693137,0.8324797843665769,0.9569790586771719,80.17788853409589,164.34266305265336
mix_nb_chronos,conformal,2,11.876061741327737,19.37823243446641,0.5449948165042505,0.8317831225378395,0.9547501555048725,88.42435429153586,175.94324011992973
mix_nb_chronos,conformal,3,13.813183786229748,23.03485226927739,0.5342629069044164,0.8222952519178934,0.9543624300228074,94.2625738943703,190.67839411780758
mix_nb_chronos,conformal,4,15.564639619691658,25.74845170117353,0.5196827700601285,0.8119718017831224,0.9498569355173129,100.04906781641479,196.29537219087342
mix_nb_chronos,conformal,6,18.790629679768415,30.113656101212978,0.502521252332573,0.7922931785195936,0.9352311839104291,108.79563769981738,212.0803433704443
mix_nb_chronos,conformal,8,21.731043241666942,34.1068423234205,0.48527679867302503,0.7679597760729837,0.9264379017209207,114.54125069996368,227.94895813537133
mix_nb_chronos,conformal,10,24.438745226673593,37.528695210770756,0.46066763425253987,0.7522931785195937,0.9105038357868546,121.89644635034298,252.51740367422138
mix_nb_chronos,conformal,12,26.55325393340654,39.80675884763294,0.4496330085009331,0.7400953763217915,0.9054302301472112,129.2235950460782,282.95482899674863
mix_nb_chronos,native,1,9.293832167066038,15.78673698652591,0.5668235538046859,0.8424341696039809,0.936311424424632,62.16574263846288,109.2645434599132
mix_nb_chronos,native,2,11.063444716975619,18.54708985331366,0.5696993572465271,0.837455940286129,0.9348476052249638,68.5823391488675,121.04364356831057
mix_nb_chronos,native,3,13.059869957797673,22.34751567683034,0.5658614969935725,0.833599419448476,0.9294588430437487,73.82762756412724,130.89062376913395
mix_nb_chronos,native,4,14.727419119566104,25.21001308778039,0.5609807173958117,0.8272382334646486,0.9283309143686501,78.35551520263407,141.1628216137768
mix_nb_chronos,native,6,17.405730937664796,29.644515549869396,0.5509682770060128,0.8180883267675721,0.9210470661414057,85.16950031849434,157.3301458203345
mix_nb_chronos,native,8,19.42678555059933,33.52609653387055,0.5461040845946507,0.8097242380261248,0.9170723616006634,90.26999833640403,170.26058899959307
mix_nb_chronos,native,10,21.15719594462781,36.51571095405415,0.5393427327389592,0.8047356417167738,0.9119137466307278,93.65669322419856,178.4164237100322
mix_nb_chronos,native,12,22.39770499001126,38.372127335202954,0.5449492017416546,0.805256064690027,0.9107132490151358,97.31095888322216,189.4642894229284
mix_nb_chronos,recalibrated,1,9.279452746853762,15.84636610186651,0.5193572465270578,0.7932116939664109,0.9341903379639228,54.531760525355885,100.05776769963961
mix_nb_chronos,recalibrated,2,11.243179907569756,18.900331755780325,0.5104789550072569,0.7911880572257931,0.9343686502177068,63.10198889556154,115.24131639691862
mix_nb_chronos,recalibrated,3,13.588869036109253,23.294282352737515,0.5015529753265603,0.785977607298362,0.9286377773170226,69.68478326271025,130.9236638907805
mix_nb_chronos,recalibrated,4,15.6310226240038,26.442661951012905,0.5031577856106157,0.7858532034003732,0.9278250051834958,78.4292037928554,145.45543280548685
mix_nb_chronos,recalibrated,6,19.133615906356333,31.7378739571326,0.4746381919966826,0.7674580136844288,0.9191125855276798,92.7807897079736,170.3646679809833
mix_nb_chronos,recalibrated,8,21.912671537019968,35.81166678255987,0.46543023014721124,0.7493282189508604,0.913732116939664,104.38195092508057,189.604849436952
mix_nb_chronos,recalibrated,10,24.807843335858927,39.76582706058007,0.44043956043956045,0.7320422973253162,0.8972423802612483,113.65783280814085,211.82898279056204
mix_nb_chronos,recalibrated,12,26.98610020498095,42.51175572455152,0.43388969521044995,0.7202571013891769,0.8925274725274726,119.88139001823133,247.7855022632044
nb_shared_v2,conformal,1,10.595223690797921,17.35729642460274,0.5472278664731495,0.8341094754302301,0.956632801161103,83.81749296882013,177.26256125170815
nb_shared_v2,conformal,2,12.280279673055096,19.649653046940355,0.5420899854862119,0.8265042504665147,0.9543168152602115,90.46072448467832,190.37594286650418
nb_shared_v2,conformal,3,14.38334343882576,23.558109125769338,0.5345739166493884,0.8177088948787061,0.9499771926187021,97.97210234109447,197.91132592950575
nb_shared_v2,conformal,4,16.370261001527428,26.4736674212992,0.5193634667219572,0.8078872071324901,0.9500787891353929,105.95959378307039,209.71075576375577
nb_shared_v2,conformal,6,20.082400455720173,31.450887851996782,0.5069210035247771,0.7814389384200705,0.9267924528301886,116.52027208498588,234.23068299080265
nb_shared_v2,conformal,8,23.225514898258304,35.265501570367164,0.4930271615177276,0.7690959983412814,0.9186792452830189,126.05035863212163,260.28267723345385
nb_shared_v2,conformal,10,25.834227797741228,38.50260595132968,0.47898818162969103,0.7564130209413228,0.9060315156541572,140.65584034808393,289.85231880115
nb_shared_v2,conformal,12,27.797978464443023,40.48934628824386,0.4614306448268712,0.7526498030271614,0.9041260626166286,148.07470749298358,320.13416747504783
nb_shared_v2,native,1,9.968737705171465,16.785177605140653,0.6502736885755754,0.8858055152394775,0.961387103462575,69.02304653410438,107.78328074746555
nb_shared_v2,native,2,11.754826779376085,19.36351442571384,0.6317540949616421,0.8727244453659547,0.9555463404520008,73.16092686168132,114.76490783061318
nb_shared_v2,native,3,13.927310200425822,23.588435595512788,0.6116898196143479,0.8584345842836408,0.9442276591333195,75.71896321189865,119.23406183499773
nb_shared_v2,native,4,15.784013549471954,26.6351682206416,0.6027244453659548,0.8475699771926186,0.9358635703918722,78.50872477833893,124.15704891785477
nb_shared_v2,native,6,18.85557156065904,31.541305738256284,0.575289239062824,0.829854862119013,0.925822102425876,83.33014855890576,132.96366029786935
nb_shared_v2,native,8,21.073361647626992,35.72894112466855,0.5616296910636533,0.8184408044785404,0.9188782915198009,87.4949719790155,140.9001824636956
nb_shared_v2,native,10,22.734546711876924,38.86022577228919,0.5539975119220403,0.8123823346464857,0.9141260626166287,91.7573039547686,149.00965080386808
nb_shared_v2,native,12,23.78849303712867,40.44429261855556,0.5561683599419449,0.8128032345013477,0.9181795562927639,96.03743590083052,157.18911956668964
nb_shared_v2,recalibrated,1,10.036121680348147,16.78267274641115,0.5241467965996268,0.7754385237404106,0.9395044578063445,61.297847676041776,118.33980045855631
nb_shared_v2,recalibrated,2,12.170640667313519,20.112400859946767,0.5159755339000622,0.7848641924113622,0.9343976777939041,69.39820437804354,135.152299185113
nb_shared_v2,recalibrated,3,14.826649292578173,25.2268354890914,0.5118598382749326,0.7795355587808418,0.9245987974289861,77.6690303155267,153.911371166647
nb_shared_v2,recalibrated,4,16.9175527535866,28.35015511651614,0.50633423180593,0.7828198216877462,0.9273211693966411,86.09104965645724,171.07464184198352
nb_shared_v2,recalibrated,6,21.030604514048314,34.36381421999389,0.49356209827907943,0.7736699149906697,0.919010989010989,104.39193446169244,205.5902436005762
nb_shared_v2,recalibrated,8,24.01927017183215,38.48628910020029,0.48629069044163387,0.7634335475844909,0.920099523118391,119.51858206549738,234.94618715110968
nb_shared_v2,recalibrated,10,26.685716391269608,41.98798556722984,0.470400165871864,0.7471490773377566,0.9129255650010367,133.49082241411034,275.2163781878808
nb_shared_v2,recalibrated,12,28.128606379546458,43.33560126668913,0.45679245283018866,0.7456852581380884,0.9095251917893428,139.1974210360006,286.84145865070434
nb_shared_v2_climatology,conformal,1,10.62162441440756,17.402422204984056,0.5471200497615591,0.8289715944432926,0.9568442877876839,82.28401028885875,169.6737078115166
nb_shared_v2_climatology,conformal,2,12.526755698737816,20.22271373839926,0.5305556707443501,0.8239954385237404,0.955266431681526,89.13942157392106,183.81918103774927
nb_shared_v2_climatology,conformal,3,14.867953102514695,24.690690080848167,0.5212730665560854,0.8051917893427328,0.9484159236989426,96.24772688305441,196.83338927360705
nb_shared_v2_climatology,conformal,4,17.07460052510619,28.075046393845845,0.5023947750362845,0.7931785195936139,0.9457640472734813,104.64159821358457,214.03412467015755
nb_shared_v2_climatology,conformal,6,21.37736759106856,34.123938372937474,0.4812751399543852,0.7674704540742276,0.9149056603773584,118.24039836371446,236.5335386079999
nb_shared_v2_climatology,conformal,8,25.125729024206716,38.724801941113945,0.4674020319303338,0.7456479369686917,0.9038254198631558,130.98571900117858,260.7440961001481
nb_shared_v2_climatology,conformal,10,28.56487238695766,42.72800881847825,0.4560563964337549,0.7290794111548828,0.8820568111134149,144.96685454305162,302.6289022200172
nb_shared_v2_climatology,conformal,12,31.079993128257886,45.45465718210989,0.43817748289446407,0.7243603566245076,0.8696413020941323,157.04736687112177,332.0594580817137
nb_shared_v2_climatology,native,1,10.011422703939045,16.807197752140254,0.6353535144101182,0.8808355795148248,0.9594857972216462,66.17036969858886,103.06751612638287
nb_shared_v2_climatology,native,2,12.128692622599901,20.04541186453008,0.6173439767779391,0.86533278042712,0.9498963300850093,69.92071740713557,109.3667544885386
nb_shared_v2_climatology,native,3,14.597288396101435,24.707844443105476,0.6030541156956251,0.8459921210864607,0.9365726726104084,72.5650452797169,113.98891703598484
nb_shared_v2_climatology,native,4,16.70752094187333,28.28665244028801,0.590588845117147,0.8363072776280324,0.9254592577234086,75.53036010752415,119.18594589309156
nb_shared_v2_climatology,native,6,20.310021568339387,34.06712838522502,0.5712253783951897,0.8209973045822102,0.9141965581588224,80.2528807004496,127.88316741086742
nb_shared_v2_climatology,native,8,22.87669415155268,38.61710385447936,0.557155297532656,0.8030624092888244,0.90311217084802,84.02721052381541,135.2524037821273
nb_shared_v2_climatology,native,10,24.657374574295556,41.782508494467876,0.5470599212108647,0.7956043956043956,0.8987103462575161,87.65955493483557,142.3843154577868
nb_shared_v2_climatology,native,12,25.563138625103484,43.16912662572883,0.5486833920796185,0.8034750155504872,0.9012295251917893,91.81990323548777,150.60926604391602
nb_shared_v2_climatology,recalibrated,1,10.228469620703091,17.290479323640646,0.5332324279494091,0.7846568525813808,0.9333153638814017,59.40340688839739,113.00856834197268
nb_shared_v2_climatology,recalibrated,2,12.778497759041429,21.629581417951023,0.5120277835372175,0.7829483723823347,0.918322620775451,68.65505060224747,130.54305617997952
nb_shared_v2_climatology,recalibrated,3,15.560569434339055,26.91553549682903,0.5043956043956044,0.7769956458635704,0.9187269334439145,78.76119559724921,151.93995843855546
nb_shared_v2_climatology,recalibrated,4,17.976379335949726,30.728538991922505,0.49874144723201325,0.7754302301472114,0.920344184117769,89.5515778920993,171.97766587779685
nb_shared_v2_climatology,recalibrated,6,22.647150044810854,37.42072504610784,0.48021356002488075,0.7626601700186606,0.9134791623470868,107.92336295126812,211.6583356805614
nb_shared_v2_climatology,recalibrated,8,26.467067162512915,42.58362152859552,0.4574621604810284,0.7418598382749326,0.9024009952311839,125.57030562065155,252.24202420603683
nb_shared_v2_climatology,recalibrated,10,29.59782927181965,46.47684329003738,0.4455878084179971,0.7310926809040017,0.8979763632593821,140.0594798257973,294.7574412010983
nb_shared_v2_climatology,recalibrated,12,31.759171975133604,48.7433819222789,0.43541571635911264,0.7251254405971387,0.890400165871864,152.06854562501115,329.2086440185912
nb_shared_v2_climatology_mean,conformal,1,10.597989749600002,17.81909766441103,0.538121501140369,0.8162243416960397,0.9521169396641095,75.40736827612234,144.95295922352375
nb_shared_v2_climatology_mean,conformal,2,12.74085562887,21.108410984227017,0.512944225585735,0.8038503006427534,0.9429691063653328,81.44819009054235,157.40312306565562
nb_shared_v2_climatology_mean,conformal,3,15.38704036172131,26.081588418138683,0.49427534729421524,0.7781360149284678,0.933589052456977,88.25306568172398,175.45416357596102
nb_shared_v2_climatology_mean,conformal,4,17.737608026425004,29.6303969865347,0.47664731494920176,0.7697677793904208,0.9229069044163384,98.04030206601396,185.63943731209068
nb_shared_v2_climatology_mean,conformal,6,22.509273490231028,36.35423538889014,0.45692307692307693,0.7392121086460709,0.8954426705370101,111.10120331204205,218.03942425070528
nb_shared_v2_climatology_mean,conformal,8,26.501273386720097,41.50855143432583,0.44,0.7154343769438108,0.8768981961434792,124.73698625063206,245.57621175259922
nb_shared_v2_climatology_mean,conformal,10,29.957711576638882,45.673447752130755,0.4302757619738752,0.7007588637777317,0.853933236574746,139.50630921192314,274.9956158628085
nb_shared_v2_climatology_mean,conformal,12,32.24599476950005,48.139546274667126,0.42371345635496577,0.6993012647729628,0.8464461953141198,150.49205545768413,316.4557199327809
nb_shared_v2_mean,conformal,1,10.508354281874501,17.63763365765373,0.5395355587808418,0.8205909185154469,0.9543437694381091,76.65305882212853,151.46401164432334
nb_shared_v2_mean,conformal,2,12.385103037894071,20.368489580060082,0.5169811320754717,0.8081505287165666,0.9491499066970766,81.77248347709367,162.8856587662163
nb_shared_v2_mean,conformal,3,14.793749987436485,24.85137003578298,0.5043707236160067,0.7896578892805308,0.9400953763217915,87.80344078143882,176.63377119233343
nb_shared_v2_mean,conformal,4,16.82237418541039,27.8146244839458,0.49458843043748707,0.7810678001244039,0.9352477710968277,95.54811129036769,185.800736640605
nb_shared_v2_mean,conformal,6,20.89727000301638,33.481234850930065,0.4729276383993365,0.7523097657059922,0.9091146589259796,108.44326387265038,211.36922788216336
nb_shared_v2_mean,conformal,8,24.17234853140723,37.74969428493996,0.45733360978643994,0.7372340866680489,0.8969292971179764,117.8830933023097,235.30731409530594
nb_shared_v2_mean,conformal,10,26.877148807377274,41.101341873131,0.44568111134148874,0.7256541571635912,0.8894298154675513,131.15887902889298,270.0677318554468
nb_shared_v2_mean,conformal,12,28.570698859287283,42.98485037852997,0.4421542608335061,0.7273750777524361,0.883155712212316,139.47498885869126,292.20356560440854
nb_shared_v2_noclimate,conformal,1,10.864514709756962,17.803036946040013,0.546232635289239,0.8301720920588844,0.9555318266639021,81.74071609615909,169.32225783805234
nb_shared_v2_noclimate,conformal,2,12.858274346692992,20.678018066848296,0.5253431474186191,0.8254385237404105,0.9532034003732116,88.89917362356836,184.248271160219
nb_shared_v2_noclimate,conformal,3,15.307242441635305,25.239163851426692,0.5139705577441427,0.8085942359527264,0.9474434998963301,97.7201276057815,192.63670583628274
nb_shared_v2_noclimate,conformal,4,18.017528661315218,29.152238293287336,0.5018909392494298,0.7845137880986938,0.9365540120257101,103.73872287934464,210.82094590025326
nb_shared_v2_noclimate,conformal,6,23.36138552189362,36.24058485703316,0.477578270785818,0.7573916649388348,0.9089798880364918,120.69546947044826,240.67160452819166
nb_shared_v2_noclimate,conformal,8,28.442924452210057,42.60052565409395,0.47115280945469623,0.7369127099315779,0.8894339622641511,140.41042346699118,279.2133813794939
nb_shared_v2_noclimate,conformal,10,33.53080266595476,48.27534156832162,0.4565063238648145,0.7153949823761144,0.8660356624507567,168.51512861286076,331.8043050317729
nb_shared_v2_noclimate,conformal,12,37.31624601219102,51.79828575953411,0.4422164627825005,0.7019572879950238,0.8601700186605846,188.3712183601549,400.0283058046892
nb_shared_v2_noclimate,native,1,10.791184699630595,17.907694983858914,0.6477462160481028,0.8827825005183495,0.959923284262907,68.31284330910557,106.83503909379917
nb_shared_v2_noclimate,native,2,13.030390901923692,21.249399944758817,0.6284449512751399,0.8692535766120671,0.9541613103877254,72.37571496771562,113.71933567357131
nb_shared_v2_noclimate,native,3,15.681883254488739,26.150041424498433,0.6122268297739996,0.8513435620982791,0.9407484967862326,75.0315730521967,118.45137388724028
nb_shared_v2_noclimate,native,4,18.02809325212365,29.83233043997216,0.6007588637777317,0.8408957080655194,0.9291934480613726,77.72889141238122,123.3333803802542
nb_shared_v2_noclimate,native,6,21.848446933287732,35.81994461436667,0.5860377358490566,0.8204167530582624,0.9135372174994816,82.80493752088081,132.7843624678958
nb_shared_v2_noclimate,native,8,24.58525761572741,40.54763572739266,0.5710636533278043,0.8103213767364711,0.9047460087082728,87.21673778217665,141.2927092504771
nb_shared_v2_noclimate,native,10,26.51912314418866,43.766660446867924,0.5616753058262492,0.8049201741654571,0.9021065726726104,91.06386341791237,148.84850573692188
nb_shared_v2_noclimate,native,12,27.47971771489469,45.04194820081518,0.5611880572257931,0.8098299813394153,0.9036533278042712,95.13399545311415,156.96530170667828
nb_shared_v2_noclimate,recalibrated,1,10.706250981907115,17.749717852949928,0.519966825627203,0.777476674269127,0.9478063445987974,60.24224754503109,118.4978218598608
nb_shared_v2_noclimate,recalibrated,2,13.021788417342055,21.55809180710589,0.5022745179348953,0.7822682977399958,0.9367717188471906,71.18145702313727,134.79909968397143
nb_shared_v2_noclimate,recalibrated,3,16.09382550036284,27.35583070722195,0.5010346257516068,0.7716068836823553,0.9208169189301264,81.17103006681641,155.35905323309356
nb_shared_v2_noclimate,recalibrated,4,18.938491177790524,31.594269805604686,0.4947418619116733,0.7705805515239478,0.9203400373211694,92.30696413896446,177.99387095170442
nb_shared_v2_noclimate,recalibrated,6,24.601559986805885,39.613626146616795,0.4732282811528094,0.7514368650217707,0.9051337341903379,117.07816738928962,218.6952531500621
nb_shared_v2_noclimate,recalibrated,8,29.552033539397968,46.215562072258535,0.4684843458428364,0.7380385652083765,0.9027306655608542,139.13801438560964,271.8972218530497
nb_shared_v2_noclimate,recalibrated,10,33.957655511632105,51.17054674410927,0.4568567281774829,0.7227389591540535,0.8902944225585736,160.86754336449968,328.81349540114616
nb_shared_v2_noclimate,recalibrated,12,36.483739084881826,53.66330316351705,0.43766120671781045,0.7094422558573502,0.8898465685258138,167.52381162179253,342.7552241950918
nb_shared_v2_noclimate_mean,conformal,1,10.881180924924374,18.13408174598132,0.5300642753472943,0.8113829566659756,0.9528073812979473,73.65173876312235,146.32507843145274
nb_shared_v2_noclimate_mean,conformal,2,13.165659361591368,21.58605950512294,0.5084387310802405,0.8033278042712004,0.9447480821065727,81.58023228922038,159.6850796105777
nb_shared_v2_noclimate_mean,conformal,3,16.07634530831066,26.89262257344763,0.48807588637777316,0.7722123159859009,0.9330499688990255,88.31584607389281,173.45480386751223
nb_shared_v2_noclimate_mean,conformal,4,19.003266780310895,31.064241718483714,0.46348952933858595,0.7552850922662244,0.9188741447232013,97.58187625333274,184.97640069052596
nb_shared_v2_noclimate_mean,conformal,6,24.987461232970446,39.18974326926067,0.45377151150736056,0.7215612689197595,0.8821604810284055,115.80063869699676,221.45247885714213
nb_shared_v2_noclimate_mean,conformal,8,30.30192371476127,45.81145188016155,0.4447460087082729,0.7009682770060129,0.8589031722993986,134.6926636074751,258.8485486799724
nb_shared_v2_noclimate_mean,conformal,10,35.17824480203073,51.12698768790263,0.4266846361185984,0.6857184325108854,0.8427493261455525,159.02909507426574,312.2340157757623
nb_shared_v2_noclimate_mean,conformal,12,37.813417661185,53.767316359880006,0.4217540949616421,0.6761268919759486,0.8338026124818577,167.97618555113345,360.690827668822
nb_shared_v2_shuffled,conformal,1,10.690664955601564,17.54218094853223,0.5360957910014513,0.8266493883475016,0.9562865436450342,82.23903252443463,166.926391469091
nb_shared_v2_shuffled,conformal,2,12.691429853834597,20.503436242097166,0.520601285506946,0.819599834128136,0.9536160066348746,87.57244848193132,181.10218409212888
nb_shared_v2_shuffled,conformal,3,15.192992414598097,25.046577993820666,0.5155795148247978,0.799189301264773,0.9452270371138295,95.85309165985073,194.32430728991292
nb_shared_v2_shuffled,conformal,4,17.631932715445323,28.72404712645754,0.49570391872278663,0.7781256479369686,0.9416089570806552,103.90308032752513,212.4079763656754
nb_shared_v2_shuffled,conformal,6,22.615949519536844,35.32477422583217,0.46465063238648147,0.7499979266017002,0.9097346050176238,117.98945375119388,237.54628139353693
nb_shared_v2_shuffled,conformal,8,27.355785784023077,41.065968624113445,0.46664731494920175,0.726133112170848,0.8903047895500726,135.4191985299113,271.95887280627824
nb_shared_v2_shuffled,conformal,10,31.64861949846558,45.81967915250397,0.4445158614969936,0.7048019904623678,0.8690856313497823,154.4988399388081,303.4205759757812
nb_shared_v2_shuffled,conformal,12,34.56571454992747,48.88539988518561,0.42460916442048513,0.6962305618909392,0.8602488077959777,167.33314213040768,353.7840508448706
nb_shared_v2_shuffled,native,1,10.237502928026762,17.169942946203903,0.6472631142442463,0.8856665975533901,0.9612461123781878,66.55420632755549,103.76174090623638
nb_shared_v2_shuffled,native,2,12.544355180531241,20.663561183261688,0.627076508397263,0.8697180178312254,0.9531868131868132,70.21850715082901,110.01323643919184
nb_shared_v2_shuffled,native,3,15.14390765446313,25.439583293004638,0.6111652498444952,0.8498341281360149,0.9385589881816296,73.05501628070841,114.99190411471606
nb_shared_v2_shuffled,native,4,17.46658025773511,29.241106495281606,0.5923304996889902,0.8366307277628032,0.9262201948994402,75.46928808732754,119.4002675013944
nb_shared_v2_shuffled,native,6,21.347655472555854,35.31991168996304,0.5799149906697076,0.8197802197802198,0.9119966825627203,80.47912780207665,128.74792729556754
nb_shared_v2_shuffled,native,8,24.146514383152294,40.143918543132884,0.5713020941322828,0.808011611030479,0.9032987766950031,84.60717326433023,136.89791146504913
nb_shared_v2_shuffled,native,10,26.107441473735452,43.41668239321732,0.5630064275347294,0.8044681733360978,0.8992307692307692,88.81758868487486,145.23467560541567
nb_shared_v2_shuffled,native,12,27.000552771487524,44.83866495330109,0.5732407215426083,0.8125647936968692,0.9045054945054946,94.0899558004921,155.6182501034811
nb_shared_v2_shuffled,recalibrated,1,10.299828776814419,17.40278518088511,0.5242318059299191,0.7871843251088534,0.9316690856313498,58.51710343405333,112.03777487919156
nb_shared_v2_shuffled,recalibrated,2,12.77112828571661,21.363845526101866,0.5113622226829774,0.7875699771926187,0.9280053908355795,69.05124293416982,132.88847182293168
nb_shared_v2_shuffled,recalibrated,3,15.72489699931098,26.849106112045092,0.5028343354758449,0.7780116110304789,0.9235662450756791,78.16346807055092,147.87214902614463
nb_shared_v2_shuffled,recalibrated,4,18.360831390087885,30.76728625990132,0.49215633423180594,0.7778643997511921,0.9234190337963923,89.26771583477353,165.88045286029728
nb_shared_v2_shuffled,recalibrated,6,23.7456805847969,38.28656220201445,0.46884926394360354,0.7568484345842836,0.9112813601492846,109.7752799248404,212.78513530449342
nb_shared_v2_shuffled,recalibrated,8,28.36636096095027,44.390090685894066,0.46005598175409496,0.7384760522496371,0.9014990669707651,129.5450933387945,258.72746122706405
nb_shared_v2_shuffled,recalibrated,10,32.2913740446555,48.9783790228438,0.44205473771511505,0.7176757205059092,0.8892805307899648,146.92724258392468,287.98806682078765
nb_shared_v2_shuffled,recalibrated,12,34.27900620567509,50.96258722675059,0.43070910221853614,0.7093116317644619,0.8953182666390214,151.74200396787109,307.30164438555784
nb_shared_v2_shuffled_mean,conformal,1,10.714846140421793,17.98878391449404,0.5219469210035248,0.8079742898610823,0.9496102011196351,74.04342742608516,143.0716184600986
nb_shared_v2_shuffled_mean,conformal,2,12.952411952011122,21.376174093592976,0.4979120879120879,0.7968256272029857,0.9433941530167945,80.44273672482787,156.74100178390867
nb_shared_v2_shuffled_mean,conformal,3,15.697845574658189,26.365954849408286,0.4877814638191997,0.7681484553182667,0.9330437487041261,87.24991659250095,172.5585044822382
nb_shared_v2_shuffled_mean,conformal,4,18.299136203195662,30.1719459352856,0.4701679452622849,0.7552581380883268,0.922266224341696,96.10997559418357,186.35308300125234
nb_shared_v2_shuffled_mean,conformal,6,23.808909891904246,37.54906167436526,0.4462741032552353,0.7184511714700393,0.8893945676964545,111.86725823362202,218.3466670754356
nb_shared_v2_shuffled_mean,conformal,8,28.713397760205247,43.74082846548995,0.43921832884097034,0.6944536595479992,0.8670060128550695,127.75533366418115,249.10426210456328
nb_shared_v2_shuffled_mean,conformal,10,33.011679474558186,48.424719634727914,0.42107402031930335,0.6790690441633839,0.8455732946298984,146.89777198988833,281.1487776566301
nb_shared_v2_shuffled_mean,conformal,12,35.223900284654,50.90058335425037,0.4153472942152187,0.67455525606469,0.8425793074849679,155.05961542454423,308.76962183732854
nb_shared_v2_wxlag1,conformal,1,10.541491914526452,17.170745048521002,0.5487414472320132,0.8311465892597968,0.9564047273481237,83.86514835614557,174.2091533426669
nb_shared_v2_wxlag1,conformal,2,12.266454043693287,19.59136589124945,0.536833920796185,0.825077752436243,0.9552975326560232,89.43084607285174,188.19778284710148
nb_shared_v2_wxlag1,conformal,3,14.481532347219005,23.58727075206166,0.5257433132904831,0.8163549657889281,0.9501824590503836,97.10187222569198,199.43235493934753
nb_shared_v2_wxlag1,conformal,4,16.55486399809338,26.677216112492818,0.5094422558573501,0.8042815674891147,0.9463425253991291,105.52121727464898,211.4312404360817
nb_shared_v2_wxlag1,conformal,6,20.526202467035596,31.906420566120083,0.4988948787061994,0.7722454903586978,0.9265705992121086,116.92131279540074,236.08377733379362
nb_shared_v2_wxlag1,conformal,8,23.890198537383448,36.01102180519346,0.4884532448683392,0.7654716981132076,0.9164731494920174,132.7640147778114,275.53473478647805
nb_shared_v2_wxlag1,conformal,10,26.671063978769695,39.320288797302034,0.4775388762181215,0.759811320754717,0.9042649803027161,147.30782123896898,308.97135014355706
nb_shared_v2_wxlag1,conformal,12,28.913150534459188,41.54067558999683,0.46242587601078167,0.752566867095169,0.9002944225585735,156.53358966230184,349.3124126905285
nb_shared_v2_wxlag1,native,1,9.90031510049595,16.693534827563234,0.6495065312046444,0.8837030893634668,0.9612626995645863,67.11903581099325,104.74604055757959
nb_shared_v2_wxlag1,native,2,11.825845140851754,19.553771276471164,0.623734190337964,0.8709537632179141,0.9543313290483102,70.83511644677363,111.03437415161254
nb_shared_v2_wxlag1,native,3,14.083802009091936,23.830672257541835,0.6043313290483102,0.8499854862119013,0.9415799295044579,73.19435070823738,115.1668644027479
nb_shared_v2_wxlag1,native,4,15.964000178598594,26.987452145759285,0.5934957495334855,0.8412979473356831,0.9335413642960813,75.88258484134597,119.86526498782642
nb_shared_v2_wxlag1,native,6,19.203885426375923,32.05081602185998,0.568577648766328,0.8199709724238026,0.9194464026539498,80.3388589492405,128.02263113132958
nb_shared_v2_wxlag1,native,8,21.421041675514623,36.28156651251705,0.5616213974704541,0.8085610615799296,0.9114078374455733,84.06999997273913,135.15657408178342
nb_shared_v2_wxlag1,native,10,23.03780345694491,39.31540038662274,0.5532034003732117,0.8018536180800331,0.9098424217292143,88.13997652619075,142.8651724425829
nb_shared_v2_wxlag1,native,12,24.06215642204624,40.8713159090674,0.5559568733153639,0.8051295873937383,0.9121459672403069,92.35717750229696,150.89374463041938
nb_shared_v2_wxlag1,recalibrated,1,9.941420794544518,16.502926445889525,0.5265312046444122,0.7829919137466307,0.9434439145759901,59.99710265529294,114.51367430691612
nb_shared_v2_wxlag1,recalibrated,2,12.213972962256227,20.2433689917285,0.5199315778561061,0.7861662865436451,0.931098901098901,67.6133911370071,128.2260182216289
nb_shared_v2_wxlag1,recalibrated,3,14.96524883473243,25.372092933681465,0.5112170848019905,0.7841467965996268,0.9248165042504665,76.85016545276743,146.93787858488037
nb_shared_v2_wxlag1,recalibrated,4,17.197358830881615,28.785523937642086,0.5041364296081278,0.7811714700393946,0.9258843043748703,85.85410298906636,167.6580338703665
nb_shared_v2_wxlag1,recalibrated,6,21.470162468074133,34.737204773922734,0.49224756375699774,0.7677254820651047,0.9215426083350612,105.46024752351242,208.30296712358904
nb_shared_v2_wxlag1,recalibrated,8,24.725954096654373,39.17447067303686,0.4864731494920175,0.755977607298362,0.9198735227037114,120.23122959077311,252.4617016120467
nb_shared_v2_wxlag1,recalibrated,10,27.23032595327954,42.365316271944884,0.4721791416131039,0.7494609164420485,0.9143499896330086,137.32132317104967,281.47327758822684
nb_shared_v2_wxlag1,recalibrated,12,28.973545169696184,44.053622573905564,0.4625689404934688,0.7482376114451587,0.9119386274103255,145.05889237552444,294.2105589479105
nb_shared_v2_wxlag1_mean,conformal,1,10.474109507977728,17.47846537493694,0.539622641509434,0.8163093510263322,0.9530105743313291,75.8527842902139,146.31861845070475
nb_shared_v2_wxlag1_mean,conformal,2,12.433571526458797,20.392705439661565,0.5167924528301887,0.8053659547999171,0.9477192618702052,80.36125684209992,158.32350407727225
nb_shared_v2_wxlag1_mean,conformal,3,14.893989412159414,24.890958520146143,0.4991063653327804,0.7885569147833299,0.9409641302094132,87.6223191782143,172.88549627478898
nb_shared_v2_wxlag1_mean,conformal,4,17.1046527939007,28.146342442583123,0.4807630105743313,0.7721749948165043,0.9309579100145138,93.9467769227857,183.75903754093153
nb_shared_v2_wxlag1_mean,conformal,6,21.573437142810146,34.18646768366425,0.466688782915198,0.7441820443707235,0.9068007464233879,110.12922359986354,218.834538229683
nb_shared_v2_wxlag1_mean,conformal,8,24.850718679872166,38.38152266693218,0.4566950031100974,0.7329753265602322,0.8968194070080863,122.35187315297289,254.10676462495476
nb_shared_v2_wxlag1_mean,conformal,10,27.62702324078465,41.819719984001075,0.44124196558158824,0.7281733360978644,0.8844868339207962,136.4013338493641,284.8495134231403
nb_shared_v2_wxlag1_mean,conformal,12,29.51556864903865,43.8312832216831,0.43827493261455525,0.7245428156748911,0.8796392286958324,145.31580302353316,303.72888114957
nb_shared_v3,conformal,1,10.923585654008557,17.732009514000044,0.5258988181629691,0.8112461123781879,0.9553908355795148,80.87282518369143,169.7023862233728
nb_shared_v3,conformal,2,12.766747154435635,20.28178765176199,0.5139829981339415,0.8085859423595273,0.9495625129587394,86.52983841713441,176.52074594891818
nb_shared_v3,conformal,3,15.186811942479864,24.667339724223844,0.5068505079825835,0.7959900476881608,0.9379867302508812,94.17182079592172,190.99068746522724
nb_shared_v3,conformal,4,17.44225142922845,27.84895641279112,0.4899398714493054,0.7817271407837446,0.9351275139954386,102.35825467132949,205.853452050844
nb_shared_v3,conformal,6,21.964832323460417,33.96464433220162,0.47423595272651875,0.7571179763632594,0.9090918515446818,115.42332697620098,238.78331678236196
nb_shared_v3,conformal,8,25.548103647308007,38.33477420259173,0.45844909807173956,0.7387455940286128,0.9026145552560647,129.9257962294204,267.4999846169013
nb_shared_v3,conformal,10,28.208254160651247,41.27455616772168,0.4556520837652913,0.7293282189508605,0.8962201948994402,144.36984097235847,311.2053754213539
nb_shared_v3,conformal,12,29.57103701351415,42.098445128713216,0.44646278250051835,0.7309537632179142,0.890366991499067,148.57646233641626,340.7918833694577
nb_shared_v3,native,1,10.037420977966475,16.84221556287878,0.6331971801783123,0.8818847190545304,0.9592950445780634,65.55471424686243,102.2380296337927
nb_shared_v3,native,2,12.010640522918536,19.738277043739348,0.6107153224134356,0.8643085216670122,0.95366784159237,68.95282945868696,108.02375081704818
nb_shared_v3,native,3,14.305400446184425,24.035112223314943,0.5953535144101182,0.8449616421314534,0.939288824383164,71.20654989421898,111.98423173298306
nb_shared_v3,native,4,16.27766046398465,27.267466080301045,0.5833754924320962,0.8333692722371967,0.9317976363259383,73.1359852237239,115.48766348910182
nb_shared_v3,native,6,19.551142199299303,32.48463954142145,0.5621646278250052,0.8132282811528094,0.9176114451586149,77.50210656135391,123.36243692402626
nb_shared_v3,native,8,21.838464481507348,36.855666495805984,0.5498465685258138,0.79800124403898,0.907165664524155,80.78289173314111,129.5631169756031
nb_shared_v3,native,10,23.526417050085758,39.79079118953502,0.5405701845324486,0.7918432510885342,0.9014513788098694,84.0081685186638,135.74111551875424
nb_shared_v3,native,12,24.285810863048106,40.999863778446674,0.5417789757412399,0.7938088326767572,0.907032967032967,87.41010087990121,142.25264655486896
nb_shared_v3,recalibrated,1,10.4524083833707,17.55810812751476,0.5187849885963093,0.796566452415509,0.9421127928675099,60.139840896795455,115.69832886254237
nb_shared_v3,recalibrated,2,12.736582522915386,20.958486335512998,0.5064876632801161,0.7875243624300229,0.9385714285714286,68.85806154630053,129.77380884247046
nb_shared_v3,recalibrated,3,15.510017543964883,26.04156202316755,0.49641716773792244,0.7813000207339831,0.9240514202778354,77.86343354541827,145.7464167433022
nb_shared_v3,recalibrated,4,18.016003526127918,29.721832412619897,0.4926746838067593,0.7714182044370723,0.9185382541986316,86.89226823457442,162.94235565842197
nb_shared_v3,recalibrated,6,22.508622592074243,35.906592055808,0.47014099108438734,0.7445925772340866,0.9124424631971803,105.73249546296174,204.06836875145655
nb_shared_v3,recalibrated,8,25.83550522370539,40.174481927043075,0.463622226829774,0.7440286128965374,0.9101244038979888,123.78544248894836,240.24344206764906
nb_shared_v3,recalibrated,10,28.637077597776397,43.446292146044286,0.4490959983412814,0.7269977192618702,0.9032821895086046,136.2800661305672,287.7281566374546
nb_shared_v3,recalibrated,12,29.353986899844717,43.557700491373886,0.4441219158200291,0.7346713663694795,0.9108480199046236,139.24679646475823,295.0431705967941
nb_shared_v3_mean,conformal,1,10.939386667043895,18.223224685605768,0.5202819821687746,0.7979742898610823,0.9447708894878707,73.46930428944908,143.2175342896109
nb_shared_v3_mean,conformal,2,12.989813200831788,21.205604512680484,0.506010781671159,0.7850715322413436,0.9415363881401617,79.3713975411413,153.48846025531256
nb_shared_v3_mean,conformal,3,15.567317552103578,25.77810290603635,0.4843624300228074,0.771511507360564,0.9277710968277005,86.52398898096295,169.59017603329244
nb_shared_v3_mean,conformal,4,17.947871621571085,29.125615580257946,0.47788928053078994,0.7605142027783537,0.9199523118391043,92.93961909790518,184.15105857759136
nb_shared_v3_mean,conformal,6,22.686861840102562,35.408830456678245,0.4582355380468588,0.7323761144515861,0.8993924942981547,109.35418162987557,224.04571131061448
nb_shared_v3_mean,conformal,8,26.040338798464767,39.71244816142071,0.4423159859008915,0.7220132697491187,0.891845324486834,124.72152451043499,248.4829841065551
nb_shared_v3_mean,conformal,10,28.98903634266225,43.13831792782328,0.43581588223097656,0.7089964752228903,0.8843375492432096,136.4214514896267,289.98399426131886
nb_shared_v3_mean,conformal,12,29.78537680054416,43.490317227235316,0.4323533070702882,0.720466514617458,0.8809143686502178,139.7692773049751,315.13922504858175
nb_shared_v4,conformal,1,10.783518378664214,17.565627273790557,0.5320733982998134,0.8212544059713871,0.9558635703918723,80.41225516221392,170.5971667939566
nb_shared_v4,conformal,2,12.711809446227576,20.151293986065266,0.5181629691063653,0.8119199668256272,0.9504540742276592,86.08743158634515,178.8168970301328
nb_shared_v4,conformal,3,15.184117634920662,24.522406817881564,0.49901720920588843,0.7977814638191997,0.9418370308936347,92.79006488160698,191.09453253235475
nb_shared_v4,conformal,4,17.557692394356497,27.83419159328424,0.48760729836201533,0.7771138295666598,0.9345676964544889,100.14649827851501,199.38392262836578
nb_shared_v4,conformal,6,22.41561657633586,34.28111028808489,0.4615094339622642,0.7449263943603566,0.9048144308521667,115.69947351900693,227.41803277914283
nb_shared_v4,conformal,8,26.333575145767377,39.10522716228631,0.45308521667012236,0.7278809869375907,0.8987766950031101,130.46382294219993,269.77201943890225
nb_shared_v4,conformal,10,29.381081319617806,42.6054115148874,0.4391312461123782,0.7184656852581381,0.8950238440804478,146.3718094882602,313.96796238665513
nb_shared_v4,conformal,12,31.179585546017048,44.25504446929153,0.4310512129380054,0.7178955007256894,0.8935600248807797,156.03303199430974,339.63381650823413
nb_shared_v4,native,1,10.178192079479219,17.01774308128323,0.6455421936554012,0.8843769438109061,0.9620340037321169,67.60687670085295,105.47218608324233
nb_shared_v4,native,2,12.204899328951736,19.80994768130738,0.6239601907526435,0.8698714493054115,0.953678208583869,70.53211206947455,110.50943875740036
nb_shared_v4,native,3,14.557926355974972,24.119681383689535,0.6034294007878913,0.852844702467344,0.9408086253369273,72.5375105107299,114.08149416323242
nb_shared_v4,native,4,16.583564683496324,27.32313882587843,0.591521874352063,0.8404354136429608,0.9316794526228488,74.86967035348796,118.2426277007499
nb_shared_v4,native,6,19.93500376425532,32.36052497624875,0.5670391872278665,0.8190089156126892,0.9176923076923077,79.05166561400998,125.86871244011932
nb_shared_v4,native,8,22.21302982495819,36.54924021973695,0.5527306655608543,0.8028529960605432,0.91033381712627,82.40179762883055,132.23236924499489
nb_shared_v4,native,10,23.807709050637897,39.61695969702383,0.5397159444329256,0.7941882645656231,0.9056956251295875,85.83041400987894,138.75924039769853
nb_shared_v4,native,12,24.650763143035118,41.19153584051147,0.5423636740617873,0.7963591125855276,0.909421521874352,89.40619874451798,145.5948648601093
nb_shared_v4,recalibrated,1,10.449300746839947,17.58590173219148,0.5172340866680489,0.7892971179763633,0.933020941322828,59.68267515700352,117.86721209109218
nb_shared_v4,recalibrated,2,12.884351462368032,21.216058004500756,0.5009599834128136,0.7732075471698112,0.9322060957910016,67.33969605048857,131.45400548401486
nb_shared_v4,recalibrated,3,15.74317042408189,26.364642719868808,0.48674891146589255,0.7664586357039188,0.9190918515446818,75.14067544875215,145.05625631922487
nb_shared_v4,recalibrated,4,18.226185093493793,29.898350875837203,0.47945054945054943,0.7584304374870412,0.9116089570806551,84.71809504316575,163.98371417272514
nb_shared_v4,recalibrated,6,23.240419704734965,36.8096865374182,0.46060335890524573,0.7318183703089363,0.8989135392908978,105.74592692120038,209.2903234242614
nb_shared_v4,recalibrated,8,26.90948030523793,41.65094558844118,0.4465374248393116,0.7141198424217292,0.9005432303545512,124.7326489749413,251.19178133002228
nb_shared_v4,recalibrated,10,29.70395290744798,45.09708279256098,0.43388969521044995,0.7062077545096414,0.8968919759485797,135.7881993531608,288.4490477607034
nb_shared_v4,recalibrated,12,30.80075590260501,45.89743945357317,0.4228384822724446,0.7127659133319509,0.8992950445780635,140.25248693811085,291.68213186263097
nb_shared_v4_mean,conformal,1,10.863713184162359,18.152931197867968,0.5216193240721543,0.8034729421521875,0.9498196143479163,73.82704135111753,144.2678963498535
nb_shared_v4_mean,conformal,2,13.059391783789142,21.185353083364344,0.5017686087497408,0.7902218536180801,0.9431080240514202,78.68238367728149,156.4111342414224
nb_shared_v4_mean,conformal,3,15.719829660401391,25.890055092679876,0.4799647522289031,0.7672216462782501,0.9325108853410741,84.43001395245457,170.1904477465091
nb_shared_v4_mean,conformal,4,18.199350004773454,29.327578469814277,0.46677793904209,0.7561206717810492,0.923466721957288,92.34440560144856,181.9406696590074
nb_shared_v4_mean,conformal,6,23.361300390973827,36.26440968578461,0.44209620568111135,0.7209330292349161,0.8963300850093303,109.57702744608046,212.3231891313392
nb_shared_v4_mean,conformal,8,27.168972349523937,41.18708105030057,0.427466307277628,0.7032593821273067,0.8898590089156126,124.92217698690955,250.89630922023338
nb_shared_v4_mean,conformal,10,29.95506484322424,44.662116588826095,0.4207402031930334,0.6975803441841179,0.8880924735641716,136.8576961924389,292.403691055068
nb_shared_v4_mean,conformal,12,30.874123475788032,45.51607271326946,0.4113124611237819,0.7018162969106365,0.8902633215840764,142.20423977363,299.17077688341953
nb_shared_v4_t26,conformal,1,10.796245982622,17.55286787870861,0.5319738751814224,0.8188451171470039,0.9547605224963716,82.23333746436042,173.2867099738717
nb_shared_v4_t26,conformal,2,12.595815205246305,19.946979509356815,0.5177918308106987,0.8094837238233464,0.9507982583454282,86.37807528015648,185.86138994340686
nb_shared_v4_t26,conformal,3,14.892983120471746,24.027327161291403,0.5058739373833714,0.8013871034625752,0.9449160273688575,94.85038245456433,196.78531481540867
nb_shared_v4_t26,conformal,4,17.096875714564995,27.108412130683828,0.4923159859008916,0.7939187227866473,0.9369894256686708,104.03603222161878,207.82997350475907
nb_shared_v4_t26,conformal,6,21.50170864240484,32.83466159485307,0.47809662036077133,0.7611693966410947,0.9133879328218951,117.52075680894609,229.0600342595624
nb_shared_v4_t26,conformal,8,25.281777569674315,37.3833217202764,0.4710159651669086,0.7462201948994401,0.9080053908355795,132.93384080711766,271.39588187196557
nb_shared_v4_t26,conformal,10,28.355950097871332,40.73554676632608,0.46101389176860874,0.7335309973045822,0.8980966203607713,148.95250293753756,312.8705264222789
nb_shared_v4_t26,conformal,12,30.19385905654799,42.28810624316346,0.45367198838896955,0.7343852374041054,0.8920215633423181,158.59344361368318,336.73774545586394
nb_shared_v4_t26,native,1,10.07726189233883,16.854483186960756,0.6452809454696248,0.8855670744349989,0.96377773170226,68.41771513325314,106.79328487321268
nb_shared_v4_t26,native,2,11.932575708759979,19.468871922437962,0.6202964959568733,0.8705017623885548,0.9555380468588016,71.48103319447064,112.0554032742107
nb_shared_v4_t26,native,3,14.071492252377725,23.44006023928131,0.6072444536595479,0.8543603566245076,0.945088119427742,73.82178184468137,116.17698942429608
nb_shared_v4_t26,native,4,16.043149213221206,26.625446908003827,0.5919282604188264,0.8444806137258968,0.9355131660792039,75.92232096291616,119.98485098646812
nb_shared_v4_t26,native,6,19.19167440326177,31.453062215228055,0.5687704748082106,0.8266576819407009,0.9219593613933237,80.1772575365674,127.69220409385369
nb_shared_v4_t26,native,8,21.442058313544617,35.6151248126267,0.5584470246734398,0.8082168774621605,0.9159257723408667,83.52829082697599,134.06460570554063
nb_shared_v4_t26,native,10,23.075595995064322,38.55992732946115,0.5518992328426291,0.802266224341696,0.9095314119842423,86.95454209698778,140.5763003520538
nb_shared_v4_t26,native,12,23.952091952774918,39.92906385268236,0.5490296495956873,0.8032656023222061,0.9144598797428987,90.32178109047678,147.0521045336718
nb_shared_v4_t26,recalibrated,1,10.379044261939796,17.46290491365756,0.5223574538668878,0.794544889073191,0.9325523533070703,60.81395259253056,119.25063282476347
nb_shared_v4_t26,recalibrated,2,12.644335391453849,20.897092120269512,0.5122579307484968,0.7837404105328634,0.9343956043956043,68.25288652739579,132.55643576915807
nb_shared_v4_t26,recalibrated,3,15.25248211406146,25.580765985229924,0.49516068836823557,0.7797263114244247,0.9235911258552768,77.27403290631091,144.91565720961668
nb_shared_v4_t26,recalibrated,4,17.596124555451322,28.937466831607868,0.4878726933443915,0.7753348538254199,0.9201741654571843,86.01178418163701,164.81966606777578
nb_shared_v4_t26,recalibrated,6,22.034835393875785,34.979928300840996,0.47300850093302926,0.7547543023014721,0.9120816918930127,106.14385541205323,197.39181084078777
nb_shared_v4_t26,recalibrated,8,25.586160998392113,39.658675759877546,0.46013684428778767,0.7389467136636948,0.9116317644619532,123.57795330015499,238.56859183597862
nb_shared_v4_t26,recalibrated,10,28.37553788693496,42.88727018334726,0.45616628654364505,0.7240908148455318,0.9062201948994402,133.98370237295086,283.32520805815335
nb_shared_v4_t26,recalibrated,12,29.552901631364513,43.607358777660004,0.4487435206303131,0.7374787476674269,0.9080821065726726,141.610087803034,286.190005670216
nb_shared_v4_t26_mean,conformal,1,10.84336143555455,18.055278357798066,0.522510885341074,0.802054737715115,0.9501430644826871,74.93839524745373,147.49013861974683
nb_shared_v4_t26_mean,conformal,2,12.884523321337378,20.90088207350042,0.5025191789342732,0.7913311217084802,0.9441011818370308,79.78273811852468,159.83319274633007
nb_shared_v4_t26_mean,conformal,3,15.325555056344205,25.246513104092806,0.483244868339208,0.7762284884926395,0.9338274932614555,86.39948689904288,172.4304216777678
nb_shared_v4_t26_mean,conformal,4,17.669699785304065,28.490799107349734,0.4695500725689405,0.7643437694381091,0.9247812564793697,93.97450873072059,184.08641839582768
nb_shared_v4_t26_mean,conformal,6,22.306909753358184,34.6112793543664,0.4541696039809247,0.7346734397677794,0.9011714700393946,109.93277765249836,213.77993175066862
nb_shared_v4_t26_mean,conformal,8,25.941125802758716,39.34845870890644,0.43879950238440807,0.7169914990669708,0.893599419448476,125.39378528271152,245.365102595
nb_shared_v4_t26_mean,conformal,10,28.932950004438233,42.722607460120074,0.43578892805307895,0.7111009744972009,0.8880841799709724,137.47625980425795,297.04585796526766
nb_shared_v4_t26_mean,conformal,12,29.994478431160665,43.65796278782746,0.43250881194277424,0.7172050590918515,0.8871884719054531,145.0545422136308,303.0911184914532
nb_shared_v4_t27,conformal,1,10.835437480754157,17.635950405263863,0.5337134563549658,0.8169603980924736,0.9544370723616007,80.0924529422256,172.54945313211337
nb_shared_v4_t27,conformal,2,12.764549052212079,20.208808005989887,0.5126290690441634,0.810145137880987,0.9499191374663073,86.4914682982659,181.93390632363793
nb_shared_v4_t27,conformal,3,15.160166501290268,24.43106364444927,0.5048538254198631,0.7987621812150113,0.9430416753058263,94.17899604360643,193.86782771120056
nb_shared_v4_t27,conformal,4,17.525346527644796,27.732941931163243,0.4910947543023015,0.7824984449512752,0.9347874766742691,102.83890757072461,205.65444211680014
nb_shared_v4_t27,conformal,6,22.311618299215638,33.99168880529784,0.4662243416960398,0.7571096827700601,0.9071221231598591,117.18376930957504,228.26337756680442
nb_shared_v4_t27,conformal,8,26.3900666731844,38.887171537657785,0.46562512958739377,0.737099315778561,0.903387932821895,133.42365343300978,272.14700589111106
nb_shared_v4_t27,conformal,10,29.663327765739666,42.52678237802883,0.4538399336512544,0.7254924320962057,0.8922724445365955,149.95802158196315,317.3990668410079
nb_shared_v4_t27,conformal,12,31.302756985820498,43.76091128840891,0.44455318266639016,0.7218536180800331,0.8887248600456148,157.23698484416195,342.31435514010116
nb_shared_v4_t27,native,1,10.186909204973052,17.070937672274283,0.6441032552353307,0.8841426498030271,0.9621376736471076,68.21283157840584,106.49585660418572
nb_shared_v4_t27,native,2,12.09885341917053,19.713083912741123,0.6228467758656439,0.8690939249429815,0.9530105743313291,71.32496577082581,111.83760727621369
nb_shared_v4_t27,native,3,14.32627705785242,23.875037863232404,0.605732946298984,0.8526269956458635,0.9419054530375285,73.2331846388847,115.2763909558637
nb_shared_v4_t27,native,4,16.30821488624507,27.067351431836833,0.5907298362015343,0.8416607920381506,0.9331059506531204,75.4354620180881,119.26101737096594
nb_shared_v4_t27,native,6,19.585035879656903,32.16671477708073,0.5662803234501348,0.822944225585735,0.91900062201949,79.05000480364349,125.95522834648088
nb_shared_v4_t27,native,8,21.9065124975091,36.53329801679912,0.5541799709724238,0.803833713456355,0.9102135600248807,81.93448402802004,131.60206368410036
nb_shared_v4_t27,native,10,23.555917070713065,39.71364704765843,0.5434542815674891,0.8002944225585734,0.9073377565830396,85.03538531698089,137.6492514128086
nb_shared_v4_t27,native,12,24.421123514728375,41.11218307482701,0.5466058469832055,0.7994235952726518,0.9101824590503835,88.47813674220518,144.30789349978664
nb_shared_v4_t27,recalibrated,1,10.538773362212027,17.755266355489805,0.5198465685258138,0.7878478125647936,0.9301430644826871,60.28829091447603,117.99071969790236
nb_shared_v4_t27,recalibrated,2,12.88247514269057,21.213112725519956,0.5029069044163383,0.7751834957495335,0.9286792452830188,67.66621031476966,133.94681647718238
nb_shared_v4_t27,recalibrated,3,15.642831479917222,26.17514696366729,0.4895479991706407,0.7697491188057226,0.9183205473771512,76.4496191153037,146.88488233211623
nb_shared_v4_t27,recalibrated,4,18.085011841224688,29.6437657415475,0.47974497200912297,0.7622724445365955,0.9135849056603773,85.64057069855589,165.36542979195852
nb_shared_v4_t27,recalibrated,6,22.874925866750775,36.13813859927961,0.4691644204851752,0.7381712626995646,0.9023118391042919,105.95779019640472,203.83386062482674
nb_shared_v4_t27,recalibrated,8,26.695016043950613,41.18646799417913,0.4518059299191375,0.7189508604602944,0.9045967240306864,124.40747574907037,245.41635325530314
nb_shared_v4_t27,recalibrated,10,29.591996566972593,44.63956482776781,0.44331536388140164,0.7122289031722994,0.8993033381712626,136.28806061596035,286.38639251456954
nb_shared_v4_t27,recalibrated,12,30.725319691437328,45.154993841839975,0.43873730043541365,0.7210055981754095,0.9054468173336099,139.09837717144913,286.08829089279305
nb_shared_v4_t27_mean,conformal,1,10.947716321276216,18.268767112677995,0.5206199460916442,0.7974165457184325,0.9489404934687953,73.42800956410856,147.11497733638177
nb_shared_v4_t27_mean,conformal,2,13.098140330587501,21.224194965509945,0.4963591125855277,0.7838689612274518,0.9420174165457185,78.54913261314381,159.85300171372086
nb_shared_v4_t27_mean,conformal,3,15.732883694122787,25.89639084144639,0.4779825834542816,0.7683267675720505,0.930532863363052,85.1435885684916,171.89769342219606
nb_shared_v4_t27_mean,conformal,4,18.160613799321325,29.232858048346593,0.465345220816919,0.7574414264980304,0.9227037113829566,93.71168008499406,185.29407501283748
nb_shared_v4_t27_mean,conformal,6,23.17581456945959,35.84366829869295,0.44968484345842835,0.728855484138503,0.8975388762181215,110.29256646778722,212.90638789744318
nb_shared_v4_t27_mean,conformal,8,27.0596221395332,40.89211134675203,0.4319883889695211,0.7118142235123368,0.8921708480199045,125.05747353275497,254.9272199868876
nb_shared_v4_t27_mean,conformal,10,29.890248084641918,44.20305212842351,0.4319013062409289,0.7041716773792245,0.8893012647729629,138.08671126731937,297.80201007136924
nb_shared_v4_t27_mean,conformal,12,30.86775609497003,45.02155834936502,0.4257972216462783,0.7123678208583869,0.8869728384822724,141.56890894239837,304.3480800802927
nb_shared_v4_t29,conformal,1,10.71104122286287,17.439123058451397,0.529676549865229,0.8227970143064482,0.9560833506116525,80.68894478872782,169.59520916386356
nb_shared_v4_t29,conformal,2,12.623653170600576,20.050575654728583,0.5168422143893842,0.8090607505701846,0.9514451586149699,85.69082654941379,179.67011294328248
nb_shared_v4_t29,conformal,3,14.948345440543624,24.23044883045713,0.5086875388762181,0.8006469002695418,0.9454592577234087,93.05481252411836,192.50340629686434
nb_shared_v4_t29,conformal,4,17.28761967451134,27.538611820182542,0.4925357661206718,0.7834791623470868,0.9376425461331122,100.05740127939205,202.70390686005007
nb_shared_v4_t29,conformal,6,21.868755615237834,33.70397639886562,0.4683101803856521,0.7580074642338792,0.9087642546133112,116.07375616827699,232.27227807191684
nb_shared_v4_t29,conformal,8,25.578446536348086,38.118372615754474,0.4643686502177068,0.7422682977399958,0.9021770682148041,131.20159909642865,267.95799813976106
nb_shared_v4_t29,conformal,10,28.636699671010444,41.56727207750021,0.4493302923491603,0.7288036491810076,0.8915011403690648,143.62027258790255,310.652702740746
nb_shared_v4_t29,conformal,12,30.293493225508872,43.0124708664296,0.44228695832469417,0.7259174787476674,0.8898071739581174,151.83828142039684,332.2275078777606
nb_shared_v4_t29,native,1,10.120535540004123,17.023083229758544,0.646976985278872,0.8848165042504664,0.9621418204437072,67.80981685058188,105.79024593811367
nb_shared_v4_t29,native,2,12.076712634859536,19.768936778861587,0.6179286750984865,0.8693282189508604,0.9533547584490981,70.83711721038809,110.98818230826672
nb_shared_v4_t29,native,3,14.325708979392632,23.939468404466783,0.6042172921418204,0.8527306655608543,0.9401472112792868,73.07979063645706,114.93011197069033
nb_shared_v4_t29,native,4,16.357929164118655,27.16967036816323,0.5917582417582418,0.8398901098901099,0.9309247356417167,75.49217158889043,119.22001316141055
nb_shared_v4_t29,native,6,19.6086181243377,32.25597264218542,0.5674704540742277,0.8212025710138917,0.9178042712004977,79.64935657110603,126.80953898096168
nb_shared_v4_t29,native,8,21.82380426719202,36.3846882167556,0.5529753265602323,0.8027679867302508,0.9115405349367613,82.91635979281182,133.01662931135525
nb_shared_v4_t29,native,10,23.41336031642572,39.28559934530184,0.5459713871034626,0.7987829151980096,0.9085527679867302,86.17634735639224,139.2650640635836
nb_shared_v4_t29,native,12,24.284117014593214,40.67837825130202,0.551322828115281,0.8009516898196143,0.9106178726933444,89.68656852324844,145.9327486360945
nb_shared_v4_t29,recalibrated,1,10.346190397322157,17.407184272209214,0.5205432303545511,0.7984242172921417,0.9356520837652914,60.80277982473275,118.42920931667508
nb_shared_v4_t29,recalibrated,2,12.719799856235374,20.945683750257547,0.5087912087912088,0.7817914161310389,0.9349595687331537,67.69196207550554,132.9051697425851
nb_shared_v4_t29,recalibrated,3,15.454892455404321,25.955118176103202,0.5009102218536181,0.7753618080033174,0.9228301886792453,76.48685007264471,148.40562690268763
nb_shared_v4_t29,recalibrated,4,17.888723822995285,29.444743217263312,0.4934190337963923,0.7687684014099109,0.9187601078167116,85.6352121174145,168.55565269955062
nb_shared_v4_t29,recalibrated,6,22.730014586988062,36.17562110548435,0.47304167530582625,0.7448932199875596,0.903423180592992,107.49984190768677,208.9012158088107
nb_shared_v4_t29,recalibrated,8,26.13845008262485,40.610692489825695,0.4571967654986523,0.7280883267675721,0.9043873108024051,124.07541719699726,251.8027845223414
nb_shared_v4_t29,recalibrated,10,28.84883462978109,43.83849664356759,0.4439829981339415,0.7158801575782708,0.8999647522289032,135.15103586479174,288.1302953014982
nb_shared_v4_t29,recalibrated,12,30.15458312399565,44.65931116490333,0.4362533692722372,0.7222268297739997,0.904244246319718,141.23821296657604,298.58766298384955
nb_shared_v4_t29_mean,conformal,1,10.799118834286086,18.053021972894076,0.5227099315778562,0.8061103047895501,0.9502633215840763,73.94612292246002,147.0250463660712
nb_shared_v4_t29_mean,conformal,2,12.911574544331982,21.00261524010467,0.501644204851752,0.7935185569147833,0.9451876425461332,77.90554793874553,156.08119363834206
nb_shared_v4_t29_mean,conformal,3,15.474144986548852,25.566011621968695,0.4878602529545926,0.7749160273688576,0.934267053701016,85.8898553140199,172.8925708226786
nb_shared_v4_t29_mean,conformal,4,17.934410907409312,28.9786488477959,0.47239062823968486,0.7631577856106159,0.924233879328219,92.75730448938262,186.271630135051
nb_shared_v4_t29_mean,conformal,6,22.799985047509875,35.61880690745898,0.4498030271615177,0.7325710138917686,0.9011611030478955,110.18814045376295,214.01763490057846
nb_shared_v4_t29_mean,conformal,8,26.329146762322697,40.09624392850744,0.4352747252747253,0.7153431474186192,0.8916234708687539,125.23504926008634,252.1897554982166
nb_shared_v4_t29_mean,conformal,10,29.180307225438064,43.49014643410442,0.42961642131453454,0.7048289446402654,0.8881961434791624,137.00529962066005,296.6518289538689
nb_shared_v4_t29_mean,conformal,12,30.225120276306736,44.343884846446954,0.4258200290275762,0.7123802612481859,0.8890524569769853,142.49860057789644,302.8422474191028
nb_shared_v4_t30,conformal,1,10.64396708628848,17.348185286359865,0.5363487455940287,0.8218162969106365,0.9544515861496993,80.43634545086081,168.88693696855162
nb_shared_v4_t30,conformal,2,12.489053819948676,19.804968282039233,0.521233671988389,0.8167302508811943,0.9513394153016794,85.32305405658485,178.33573660311453
nb_shared_v4_t30,conformal,3,14.799649135160326,23.916335031411798,0.5198258345428156,0.8049346879535558,0.9454716981132075,92.7220795001567,191.85811174198196
nb_shared_v4_t30,conformal,4,17.081037120706384,27.165498542713998,0.4968318473978851,0.7909413228281154,0.9379805100559818,99.19992464092455,202.20649980926848
nb_shared_v4_t30,conformal,6,21.685435853907617,33.19031874034405,0.4746091644204852,0.7599979266017003,0.9121625544267055,115.53956368296181,228.48457185714355
nb_shared_v4_t30,conformal,8,25.4064650032452,37.591215703980424,0.4649865229110512,0.7437010159651669,0.909100145137881,130.94904246789187,269.4957003881863
nb_shared_v4_t30,conformal,10,28.47707888017385,41.10468285772375,0.4536118598382749,0.7323242794940908,0.8986522911051213,146.70176066882163,315.9319616581712
nb_shared_v4_t30,conformal,12,30.074534959624994,42.38786975617467,0.44503628447024673,0.7269396641094754,0.8979597760729836,154.9514808544489,343.30103144455296
nb_shared_v4_t30,native,1,10.069201980905422,16.898878715630527,0.6476135185569147,0.8840431266846361,0.9626850507982584,67.40784573454543,105.16422828448627
nb_shared_v4_t30,native,2,12.010219989230745,19.571048977258897,0.6207422765913332,0.8716131038772549,0.9533402446609994,70.3276902512434,110.17769231050849
nb_shared_v4_t30,native,3,14.227403629832493,23.686774121825156,0.6080240514202778,0.8541488699979266,0.9412419655815881,72.5356181913149,114.05256131622646
nb_shared_v4_t30,native,4,16.21599583574488,26.809030908223374,0.5942587601078168,0.8433837860252955,0.9329960605432304,74.86815606169816,118.21396222430235
nb_shared_v4_t30,native,6,19.447291378138278,31.730954404474755,0.5718432510885341,0.8252083765291313,0.9191167323242795,79.1746347525085,126.0225986726329
nb_shared_v4_t30,native,8,21.680396621785842,35.85449770368937,0.5572921418204437,0.8050238440804478,0.9125233257308728,82.53593614115245,132.37704689835795
nb_shared_v4_t30,native,10,23.276642131538843,38.77887660819395,0.5488803649181008,0.7990773377565831,0.9117250673854447,85.91200290931351,138.79506609087875
nb_shared_v4_t30,native,12,24.158272496212305,40.21430959061337,0.5492266224341696,0.8011569562512959,0.9130292349160273,89.42053769192384,145.44354424560197
nb_shared_v4_t30,recalibrated,1,10.223066404705024,17.11038458009394,0.5248476052249637,0.7965312046444122,0.936632801161103,59.2953804905574,117.03034826936987
nb_shared_v4_t30,recalibrated,2,12.566289494822456,20.550317008496982,0.5147439353099731,0.7849367613518556,0.9376923076923076,66.90943293926331,130.22629596084187
nb_shared_v4_t30,recalibrated,3,15.257851489466628,25.440104149345718,0.501743727970143,0.7802964959568733,0.9245822102425877,75.61758386027233,147.1345725290234
nb_shared_v4_t30,recalibrated,4,17.761149886483565,29.00818551814844,0.4937818784988596,0.7716027368857558,0.9151295873937383,84.61048800632166,164.45669774600537
nb_shared_v4_t30,recalibrated,6,22.651954883068434,35.71187301652315,0.4749616421314534,0.7428840970350404,0.9040742276591333,105.59113665239053,206.00603595303662
nb_shared_v4_t30,recalibrated,8,26.076746942910425,40.22858353188673,0.462788720713249,0.7267302508811943,0.9075699771926188,122.88778757990134,251.20741634343148
nb_shared_v4_t30,recalibrated,10,28.857212120221345,43.55425050269615,0.4503379639228696,0.7160501762388555,0.9007277628032345,134.8570236467377,294.480730986586
nb_shared_v4_t30,recalibrated,12,30.103767319650235,44.22516661102086,0.4453659547999171,0.7254737715115073,0.9050072568940494,141.05035920510787,297.8271160661101
nb_shared_v4_t30_mean,conformal,1,10.756925488317746,17.964077875619015,0.526010781671159,0.8083060335890524,0.9516918930126478,74.0390516152822,146.81523878703993
nb_shared_v4_t30_mean,conformal,2,12.816404991729582,20.765356263660237,0.5049346879535559,0.7941986315571221,0.9448704126062617,77.95240171468322,158.41924391617414
nb_shared_v4_t30_mean,conformal,3,15.347607796238453,25.250419665154386,0.4866846361185984,0.7760335890524569,0.9352581380883268,84.92311739217564,171.30249227186934
nb_shared_v4_t30_mean,conformal,4,17.748049563699634,28.56647584928583,0.47513580758863777,0.7652498444951276,0.923367198838897,92.41548696790197,183.5198644016198
nb_shared_v4_t30_mean,conformal,6,22.752182028054506,35.202387852370244,0.45104499274310594,0.7332676757205059,0.9021584076301057,109.64341930647079,216.24507947518865
nb_shared_v4_t30_mean,conformal,8,26.33677110381197,39.82875974388963,0.4351047066141406,0.7148289446402654,0.8924092888243831,124.73701608376506,251.53621876788492
nb_shared_v4_t30_mean,conformal,10,29.199956114463966,43.22240774264361,0.4276612067178105,0.7057681940700808,0.8904271200497617,137.4302613572488,295.21218387264037
nb_shared_v4_t30_mean,conformal,12,30.30333116151875,44.020233243557804,0.42485382541986316,0.714177897574124,0.8923698942566868,143.5890115737106,314.48291639794314
nb_shared_v4_tsel,conformal,1,10.782508774243894,17.50105401817086,0.5310760937176031,0.8201596516690856,0.9538959154053493,81.77880507602747,168.5950419130616
nb_shared_v4_tsel,conformal,2,12.600117692009901,19.98510133092925,0.5159630935102634,0.8095853203400374,0.9503400373211693,86.11880299543748,177.59096529487348
nb_shared_v4_tsel,conformal,3,14.998301957701534,24.250643469498762,0.5047750362844703,0.7978934273273895,0.945676964544889,93.54216657561619,194.90141414640115
nb_shared_v4_tsel,conformal,4,17.29582279698327,27.521221289013265,0.4889342732738959,0.78655608542401,0.93566659755339,100.96784517204789,203.51949455483503
nb_shared_v4_tsel,conformal,6,21.82963229099229,33.60259909122074,0.4703172299398715,0.7541820443707236,0.9103960190752644,116.72374736588725,226.44530614205038
nb_shared_v4_tsel,conformal,8,25.627739477667358,38.28087864211698,0.464422558573502,0.7421501140369066,0.9037134563549658,131.97238302412396,268.7619447960731
nb_shared_v4_tsel,conformal,10,28.73552147332442,41.578737094811075,0.45589052456976986,0.7259589467136637,0.8943603566245075,146.88471287040474,310.6611953287825
nb_shared_v4_tsel,conformal,12,30.508635760044534,42.99480092946292,0.44711175616835996,0.729122952519179,0.8887269334439145,156.92492827539058,336.8501533386414
nb_shared_v4_tsel,native,1,10.068092582156911,16.833716698145583,0.6451088534107402,0.8850362844702467,0.9633506116524985,68.29179486804043,106.5851543889261
nb_shared_v4_tsel,native,2,11.944632577299634,19.50894221001224,0.6163902135600249,0.8674600870827286,0.9545635496578893,71.2491685333395,111.67184532253847
nb_shared_v4_tsel,native,3,14.130214468462244,23.58917873052036,0.6020194899440182,0.8527306655608543,0.9436636947957703,73.48136572418515,115.62784084875022
nb_shared_v4_tsel,native,4,16.154276100531103,26.88678560972399,0.5873626373626373,0.8404395604395605,0.9330126477296289,75.50360025798547,119.30206438117716
nb_shared_v4_tsel,native,6,19.4242405675173,32.1205000050418,0.5642836408874145,0.8208729006842214,0.918243831640058,79.43543713442986,126.4783668444545
nb_shared_v4_tsel,native,8,21.71573493858301,36.486808250867874,0.5515467551316607,0.7993613933236575,0.9105515239477503,82.5977150915006,132.53109818780945
nb_shared_v4_tsel,native,10,23.333912652925445,39.38600056238774,0.5481691893012648,0.7979037943188887,0.9051461745801369,85.70997369865084,138.52436800595873
nb_shared_v4_tsel,native,12,24.16555447773216,40.570507020101054,0.5481360149284678,0.7987538876218121,0.9117167737922455,89.15807038568792,145.11025785288845
nb_shared_v4_tsel,recalibrated,1,10.392606983459432,17.45172041902195,0.5245469624714908,0.7923719676549865,0.9311403690648973,60.138767124857516,118.08350149931185
nb_shared_v4_tsel,recalibrated,2,12.733494177181282,21.05251711977242,0.5105079825834543,0.7835309973045822,0.9324258760107816,68.04759072773494,130.48379503665137
nb_shared_v4_tsel,recalibrated,3,15.437963716119771,25.96935729611008,0.4968214804063861,0.7755753680281982,0.9205224963715529,76.16586120646721,145.07882061040866
nb_shared_v4_tsel,recalibrated,4,17.89992813293806,29.54552693035162,0.4871138295666598,0.7691934480613726,0.9153535144101183,85.0118107225608,163.88919045587596
nb_shared_v4_tsel,recalibrated,6,22.51589981103026,36.00922679002186,0.4681754094961642,0.746533278042712,0.9039684843458428,105.48618528703902,195.65683496879697
nb_shared_v4_tsel,recalibrated,8,26.02560111856361,40.72030034136646,0.4587974289861082,0.7325751606883683,0.9063611859838275,123.24902981583749,239.65587210677214
nb_shared_v4_tsel,recalibrated,10,28.826696057351203,43.90165764028556,0.4522641509433963,0.7172900684221438,0.9027057847812564,133.7014738659066,285.90150159810895
nb_shared_v4_tsel,recalibrated,12,29.967183190675993,44.413445949397506,0.4404602944225586,0.7331681526021149,0.9048932199875596,141.4088923020339,286.2615624604995
persistence,conformal,1,12.511328901199066,20.231113884646977,0.5474352063031308,0.8326041882645656,0.9560170018660585,110.69583706843127,282.44259469505704
persistence,conformal,2,14.783939947216092,23.469645238917277,0.5507484967862327,0.8452581380883267,0.9576425461331122,126.69391086288519,338.45697194757315
persistence,conformal,3,17.426045691873206,28.6772298425486,0.5553659547999171,0.840976570599212,0.9585693551731288,140.25726670609734,384.4593176355316
persistence,conformal,4,19.65503620795074,32.60853316529822,0.5570474808210657,0.8415405349367614,0.9637839518971595,149.7717855141052,426.74853196560116
persistence,conformal,6,23.74809790989983,37.859181362290435,0.5415529753265602,0.8318453244868339,0.957088948787062,180.10536206119747,472.81741025715036
persistence,conformal,8,27.467582741059772,41.19126874882682,0.5425647936968693,0.8328177482894464,0.9538088326767572,203.87820461075398,537.3905140872196
persistence,conformal,10,30.67152004514645,43.83316759855823,0.5324341696039809,0.8249139539705578,0.9557785610615799,228.51154564313615,587.1454087122551
persistence,conformal,12,33.464466499074305,45.33039347724367,0.511644204851752,0.8154488907319096,0.9520422973253162,245.11621186177368,640.3965073392259
persistence,conformal_aci,1,11.539750418395156,18.930337447230407,0.5030541156956251,0.8035309973045822,0.9513622226829774,88.80136195799913,256.7826933656374
persistence,conformal_aci,2,14.205220267417744,24.02562130222314,0.503344391457599,0.804511714700394,0.9525689404934689,102.91274717147927,358.8956166912653
persistence,conformal_aci,3,19.478074370100934,42.2503557213534,0.5028571428571429,0.8037258967447647,0.9524507567903794,128.47716966673428,709.6752361382511
persistence,conformal_aci,4,27.3269599861903,67.62908207177857,0.5018805722579308,0.805088119427742,0.9523201326974912,145.49523067485026,1474.486349780035
persistence,conformal_aci,6,29.748839329236393,48.62086699347584,0.5025461331121709,0.8026663902135601,0.9504312668463611,196.07937191219125,1142.5463011666802
persistence,conformal_aci,8,35.43604583628771,49.182443771413844,0.5025171055359735,0.8019386274103255,0.9488948787061995,252.10444576464948,1261.656528563739
persistence,conformal_aci,10,44.18333442550773,52.067204413739496,0.49758863777731704,0.7972133526850509,0.9483267675720507,417.7893584927079,1419.9872161928881
persistence,conformal_aci,12,47.91299950547979,56.47700209264283,0.4960792038150529,0.7915135807588637,0.9459133319510677,418.0004999294692,1549.3563499084578
persistence,conformal_rolling,1,11.871540646768379,19.365484808160893,0.5260812772133526,0.8212544059713871,0.9553804685880157,98.29681714378708,253.50974270479992
persistence,conformal_rolling,2,14.075177429134758,22.728212596182193,0.526622434169604,0.8268069666182873,0.9553701015965167,112.67574216809687,294.2947303892137
persistence,conformal_rolling,3,17.004025170654227,28.45432052304461,0.5264503421107195,0.8234998963300849,0.9537010159651669,129.8942105674844,354.37245277518747
persistence,conformal_rolling,4,19.642918485889258,32.87545403229611,0.521799709724238,0.8211756168359942,0.9558594235952727,142.62798118824213,415.74031293792467
persistence,conformal_rolling,6,24.58016602763896,38.88881819715961,0.5231163176446195,0.8146858801575784,0.9500290275761973,182.69848450564675,485.79688056510605
persistence,conformal_rolling,8,29.20979648522345,43.712809779280455,0.5193717603151565,0.8085195936139333,0.9446589259796807,212.62711037058915,577.333845469066
persistence,conformal_rolling,10,33.26644787247769,47.23828787549145,0.5097615591955215,0.8009620568111134,0.9414866265809662,242.2867541810427,650.6994582202979
persistence,conformal_rolling,12,37.55849233034057,50.16180668288375,0.49796599626788307,0.7911300020733983,0.9421729214182044,263.17621817252046,808.701354003971
qavg_nb_chronos,conformal,1,10.220548575270358,16.85792496055058,0.5491499066970765,0.8329255650010366,0.9570868753887621,80.72669669106497,164.27785330513504
qavg_nb_chronos,conformal,2,11.852978701409043,19.286328471202985,0.5469583246941737,0.833655401202571,0.955411569562513,88.1344569905764,173.12662408679034
qavg_nb_chronos,conformal,3,13.806339136529003,22.953961508392574,0.536344598797429,0.8244972009122952,0.9535911258552768,94.04180854545515,187.94658908636902
qavg_nb_chronos,conformal,4,15.588437359859537,25.713840755721158,0.5214990669707651,0.8084656852581381,0.9494090814845533,99.81736580917759,195.01946667930525
qavg_nb_chronos,conformal,6,18.836461729906524,30.13117263484793,0.5028405556707444,0.7937134563549658,0.9361020111963507,109.08221940549147,210.7620782432278
qavg_nb_chronos,conformal,8,21.687990578034515,34.01955537767305,0.4872506738544474,0.7704789550072569,0.927545096413021,116.21468282126717,229.1395864462532
qavg_nb_chronos,conformal,10,24.362277278980997,37.34253817911284,0.4651565415716359,0.7532697491188057,0.9145676964544889,122.86747587333932,253.32344951617924
qavg_nb_chronos,conformal,12,26.56151496529461,39.73126712029682,0.4508314327182252,0.7429525191789342,0.9059713871034626,129.97953843341966,285.5824939115644
qavg_nb_chronos,native,1,9.234315113119731,15.749890170975013,0.5747397885133735,0.8433879328218951,0.9589467136636948,58.02445028652506,99.65002686799544
qavg_nb_chronos,native,2,11.014471472108834,18.50458803852887,0.5740742276591334,0.8396205681111342,0.9594464026539499,64.07189189236607,110.1534340499638
qavg_nb_chronos,native,3,13.030304316247262,22.33232774682377,0.567055774414265,0.837511922040224,0.9546153846153846,68.61474968327515,117.75600465547288
qavg_nb_chronos,native,4,14.728962339724294,25.26877527289374,0.5594277420692515,0.8313414886999793,0.9494318888658511,72.31317058609649,125.43401227334616
qavg_nb_chronos,native,6,17.454146902662224,29.827297373927404,0.5422973253161932,0.8202322206095791,0.9443105950653121,77.70060821112898,136.92378994742336
qavg_nb_chronos,native,8,19.548133018916953,34.003092484162465,0.5360190752643582,0.8094256686709517,0.937256894049347,81.53812936580724,145.53733909770156
qavg_nb_chronos,native,10,21.25586322751375,37.10108278159106,0.5241032552353307,0.801710553597346,0.9307816711590297,84.39468949476647,151.6226704831022
qavg_nb_chronos,native,12,22.412736800258262,38.948625952428834,0.5315695625129587,0.803655401202571,0.9318764254613311,87.62278022810521,161.1916484295198
qavg_nb_chronos,recalibrated,1,9.253185640086915,15.72439128525299,0.5206365332780427,0.7923595272651877,0.9466348745594029,53.63237363027799,99.36385220555475
qavg_nb_chronos,recalibrated,2,11.21642789615882,18.861313211689247,0.5125523533070703,0.7949098071739582,0.9435061165249845,61.88995340984223,112.16100187038793
qavg_nb_chronos,recalibrated,3,13.549682315505054,23.24379404278776,0.5058241758241758,0.7847667426912711,0.9351378809869376,68.6878498177397,129.33366236638633
qavg_nb_chronos,recalibrated,4,15.552943934893465,26.430032778596352,0.5008314327182252,0.7844038979888036,0.9331038772548207,76.71541817953005,142.36595278827542
qavg_nb_chronos,recalibrated,6,19.114787976732487,31.80036740272686,0.4769500311009745,0.7669064897366784,0.9249139539705578,90.72623378856838,163.9133908048179
qavg_nb_chronos,recalibrated,8,21.953701793053504,36.06517479592302,0.4648932199875596,0.7551192204022392,0.9233692722371968,101.3798635982641,186.5285798173558
qavg_nb_chronos,recalibrated,10,24.688033681831847,39.83962237265781,0.4429732531619324,0.7376176653535145,0.9087476674269127,109.9492619616656,206.9010957226945
qavg_nb_chronos,recalibrated,12,26.759481041848737,42.38018681486592,0.43651461745801373,0.7239518971594443,0.900843873108024,116.74291050555084,235.7877348424756
ridge_v2,conformal,1,10.602746117511748,18.37290932890445,0.5452477710968278,0.8248289446402655,0.9546713663694796,76.32574119522178,146.24496260447324
ridge_v2,conformal,2,12.413977449210098,21.446873474886267,0.5263404520008294,0.8223989218328841,0.9500062201948994,81.9913345972008,156.992673065563
ridge_v2,conformal,3,14.246505321884353,24.95960067373636,0.5183640887414472,0.8132324279494091,0.9457910014513787,86.36104776965941,169.69121657063798
ridge_v2,conformal,4,15.88733804429864,27.521908454710196,0.511011818370309,0.8011175616835995,0.9443168152602114,91.13088659755114,181.4098040708101
ridge_v2,conformal,6,18.979913653636736,32.069165267860626,0.4841467965996268,0.776410947543023,0.9296081277213354,96.9443319566518,185.07709576533537
ridge_v2,conformal,8,21.813758969474687,36.56219851757227,0.46136636947957704,0.7549450549450549,0.9181940700808625,98.26275347812575,193.0291553784759
ridge_v2,conformal,10,23.972951004031778,39.99721367764799,0.4380821065726726,0.7273460501762389,0.9051067800124404,99.49386111064129,202.71998329631984
ridge_v2,conformal,12,25.537854748790057,42.048973716727126,0.4247149077337757,0.7215156541571636,0.9018930126477296,101.99114110866932,214.86400064917967
seasonal_naive,conformal,1,91.6581207100589,116.93185920184729,0.35252954592577235,0.6164316815260211,0.8158573501969728,543.2661757661396,1784.4101292445193
seasonal_naive,conformal,2,91.6581207100589,116.93185920184729,0.35252954592577235,0.6164316815260211,0.8158573501969728,543.2661757661396,1784.4101292445193
seasonal_naive,conformal,3,91.6581207100589,116.93185920184729,0.35252954592577235,0.6164316815260211,0.8158573501969728,543.2661757661396,1784.4101292445193
seasonal_naive,conformal,4,91.6581207100589,116.93185920184729,0.35252954592577235,0.6164316815260211,0.8158573501969728,543.2661757661396,1784.4101292445193
seasonal_naive,conformal,6,91.6581207100589,116.93185920184729,0.35252954592577235,0.6164316815260211,0.8158573501969728,543.2661757661396,1784.4101292445193
seasonal_naive,conformal,8,91.6581207100589,116.93185920184729,0.35252954592577235,0.6164316815260211,0.8158573501969728,543.2661757661396,1784.4101292445193
seasonal_naive,conformal,10,91.6581207100589,116.93185920184729,0.35252954592577235,0.6164316815260211,0.8158573501969728,543.2661757661396,1784.4101292445193
seasonal_naive,conformal,12,91.6581207100589,116.93185920184729,0.35252954592577235,0.6164316815260211,0.8158573501969728,543.2661757661396,1784.4101292445193
seasonal_persistence,conformal,1,15.952571478177434,25.904906251526803,0.5399875596102011,0.8255525606469003,0.9534833091436864,132.87315293000918,325.0822889964632
seasonal_persistence,conformal,2,17.978672048608065,28.64052052670169,0.5391685672817749,0.8316607920381506,0.9538067592784574,148.92220480152758,366.15476444637915
seasonal_persistence,conformal,3,20.583331590471143,34.030750277804046,0.5339954385237404,0.8294775036284471,0.9564130209413229,165.1329032162018,423.8483863636522
seasonal_persistence,conformal,4,22.56533823152947,37.60719813182835,0.5321210864607091,0.8260605432303546,0.9583267675720506,176.43838477683295,478.48654954969163
seasonal_persistence,conformal,6,25.969597639873598,41.68891309779479,0.5231474186191167,0.822322206095791,0.9564441219158201,204.49123580174935,539.2705079630725
seasonal_persistence,conformal,8,29.577216127092868,45.84755577644682,0.5241405764047273,0.8165809662036078,0.951855691478333,230.095142927378,566.2896448501443
seasonal_persistence,conformal,10,32.540457637880785,49.171337094560315,0.5133568318473979,0.8078955007256894,0.95511092680904,252.2017945310666,616.6600847607584
seasonal_persistence,conformal,12,36.075963960070695,52.47020683160566,0.5002591747874766,0.7998818162969107,0.9441177690234294,277.20769390863035,688.7410962364864
